DATETIME,price
1978-05-31 23:00:00,-24.206125000000057
1978-06-01 23:00:00,-24.018525000000054
1978-06-02 23:00:00,-23.643525000000054
1978-06-05 23:00:00,-23.549825000000055
1978-06-06 23:00:00,-23.393525000000054
1978-06-07 23:00:00,-23.237325000000055
1978-06-08 23:00:00,-23.424825000000055
1978-06-09 23:00:00,-23.518525000000054
1978-06-12 23:00:00,-23.612325000000055
1978-06-13 23:00:00,-23.612325000000055
1978-06-14 23:00:00,-23.331125000000057
1978-06-15 23:00:00,-23.393525000000054
1978-06-16 23:00:00,-23.643525000000054
1978-06-19 23:00:00,-23.768525000000054
1978-06-20 23:00:00,-24.049825000000055
1978-06-21 23:00:00,-24.362325000000055
1978-06-22 23:00:00,-24.237325000000055
1978-06-23 23:00:00,-24.549825000000055
1978-06-26 23:00:00,-24.768525000000054
1978-06-27 23:00:00,-24.581125000000057
1978-06-28 23:00:00,-24.456125000000057
1978-06-29 23:00:00,-24.581125000000057
1978-06-30 23:00:00,-24.862325000000055
1978-07-03 23:00:00,-24.768525000000054
1978-07-05 23:00:00,-24.987325000000055
1978-07-06 23:00:00,-24.862325000000055
1978-07-07 23:00:00,-25.299825000000055
1978-07-10 23:00:00,-25.674825000000055
1978-07-11 23:00:00,-25.518525000000054
1978-07-12 23:00:00,-25.706125000000057
1978-07-13 23:00:00,-25.706125000000057
1978-07-14 23:00:00,-25.487325000000055
1978-07-17 23:00:00,-25.143525000000054
1978-07-18 23:00:00,-25.112325000000055
1978-07-19 23:00:00,-24.956125000000057
1978-07-20 23:00:00,-25.299825000000055
1978-07-21 23:00:00,-25.331125000000057
1978-07-24 23:00:00,-25.456125000000057
1978-07-25 23:00:00,-25.299825000000055
1978-07-26 23:00:00,-25.081125000000057
1978-07-27 23:00:00,-24.549825000000055
1978-07-28 23:00:00,-24.112325000000055
1978-07-31 23:00:00,-24.299825000000055
1978-08-01 23:00:00,-24.112325000000055
1978-08-02 23:00:00,-23.362325000000055
1978-08-03 23:00:00,-22.612325000000055
1978-08-04 23:00:00,-22.549825000000055
1978-08-07 23:00:00,-22.299825000000055
1978-08-08 23:00:00,-22.081125000000057
1978-08-09 23:00:00,-22.081125000000057
1978-08-10 23:00:00,-22.831125000000057
1978-08-11 23:00:00,-22.862325000000055
1978-08-14 23:00:00,-23.362325000000055
1978-08-15 23:00:00,-23.237325000000055
1978-08-16 23:00:00,-23.987325000000055
1978-08-17 23:00:00,-23.549825000000055
1978-08-18 23:00:00,-23.268525000000054
1978-08-21 23:00:00,-22.799825000000055
1978-08-22 23:00:00,-22.987325000000055
1978-08-23 23:00:00,-22.237325000000055
1978-08-24 23:00:00,-22.456125000000057
1978-08-25 23:00:00,-22.081125000000057
1978-08-28 23:00:00,-22.331125000000057
1978-08-29 23:00:00,-22.424825000000055
1978-08-30 23:00:00,-22.643625000000057
1978-08-31 23:00:00,-22.299825000000055
1978-09-01 23:00:00,-22.36242500000006
1978-09-05 23:00:00,-21.799825000000055
1978-09-06 23:00:00,-21.799825000000055
1978-09-07 23:00:00,-21.893625000000057
1978-09-08 23:00:00,-21.73742500000006
1978-09-11 23:00:00,-21.456125000000057
1978-09-12 23:00:00,-21.393625000000057
1978-09-13 23:00:00,-21.61242500000006
1978-09-14 23:00:00,-21.674825000000055
1978-09-15 23:00:00,-21.831125000000057
1978-09-18 23:00:00,-22.206125000000057
1978-09-19 23:00:00,-22.48742500000006
1978-09-20 23:00:00,-23.143625000000057
1978-09-21 23:00:00,-23.331125000000057
1978-09-22 23:00:00,-23.831125000000057
1978-09-25 23:00:00,-23.924825000000055
1978-09-26 23:00:00,-23.581125000000057
1978-09-27 23:00:00,-24.018625000000057
1978-09-28 23:00:00,-23.924825000000055
1978-09-29 23:00:00,-24.206125000000057
1978-10-02 23:00:00,-24.456125000000057
1978-10-03 23:00:00,-24.174825000000055
1978-10-04 23:00:00,-24.456125000000057
1978-10-05 23:00:00,-24.424825000000055
1978-10-06 23:00:00,-23.98742500000006
1978-10-09 23:00:00,-23.956125000000057
1978-10-10 23:00:00,-23.831125000000057
1978-10-11 23:00:00,-23.893625000000057
1978-10-12 23:00:00,-23.73742500000006
1978-10-13 23:00:00,-23.98742500000006
1978-10-16 23:00:00,-24.424825000000055
1978-10-17 23:00:00,-24.456125000000057
1978-10-18 23:00:00,-24.831125000000057
1978-10-19 23:00:00,-24.98742500000006
1978-10-20 23:00:00,-25.174825000000055
1978-10-23 23:00:00,-24.706125000000057
1978-10-24 23:00:00,-24.768625000000057
1978-10-25 23:00:00,-24.924825000000055
1978-10-26 23:00:00,-25.424825000000055
1978-10-27 23:00:00,-25.768625000000057
1978-10-30 23:00:00,-26.23742500000006
1978-10-31 23:00:00,-26.36242500000006
1978-11-01 23:00:00,-25.61242500000006
1978-11-02 23:00:00,-24.86242500000006
1978-11-03 23:00:00,-25.549825000000055
1978-11-06 23:00:00,-25.393625000000057
1978-11-08 23:00:00,-25.48742500000006
1978-11-09 23:00:00,-25.61242500000006
1978-11-10 23:00:00,-25.206125000000057
1978-11-13 23:00:00,-25.049825000000055
1978-11-14 23:00:00,-24.674825000000055
1978-11-15 23:00:00,-24.206125000000057
1978-11-16 23:00:00,-24.36242500000006
1978-11-17 23:00:00,-24.268625000000057
1978-11-20 23:00:00,-24.299825000000055
1978-11-21 23:00:00,-24.768625000000057
1978-11-22 23:00:00,-24.549825000000055
1978-11-24 23:00:00,-25.299825000000055
1978-11-27 23:00:00,-25.331125000000057
1978-11-28 23:00:00,-25.36242500000006
1978-11-29 23:00:00,-25.299825000000055
1978-11-30 23:00:00,-25.049825000000055
1978-12-01 23:00:00,-24.643625000000057
1978-12-04 23:00:00,-25.143625000000057
1978-12-05 23:00:00,-25.268625000000057
1978-12-06 23:00:00,-25.174825000000055
1978-12-07 23:00:00,-25.424825000000055
1978-12-08 23:00:00,-25.456125000000057
1978-12-11 23:00:00,-25.456125000000057
1978-12-12 23:00:00,-25.643625000000057
1978-12-13 23:00:00,-26.268625000000057
1978-12-14 23:00:00,-26.11242500000006
1978-12-15 23:00:00,-26.456125000000057
1978-12-18 23:00:00,-27.206125000000057
1978-12-19 23:00:00,-27.206125000000057
1978-12-20 23:00:00,-27.331125000000057
1978-12-21 23:00:00,-27.174825000000055
1978-12-22 23:00:00,-26.73742500000006
1978-12-26 23:00:00,-26.924825000000055
1978-12-27 23:00:00,-26.956125000000057
1978-12-28 23:00:00,-27.456125000000057
1978-12-29 23:00:00,-27.299825000000055
1979-01-02 23:00:00,-27.643625000000057
1979-01-03 23:00:00,-27.206125000000057
1979-01-04 23:00:00,-26.956125000000057
1979-01-05 23:00:00,-27.268625000000057
1979-01-08 23:00:00,-27.61242500000006
1979-01-09 23:00:00,-27.799825000000055
1979-01-10 23:00:00,-27.73742500000006
1979-01-11 23:00:00,-27.393625000000057
1979-01-12 23:00:00,-27.23742500000006
1979-01-15 23:00:00,-27.331125000000057
1979-01-16 23:00:00,-27.518625000000057
1979-01-17 23:00:00,-27.48742500000006
1979-01-18 23:00:00,-27.518625000000057
1979-01-19 23:00:00,-27.174825000000055
1979-01-22 23:00:00,-26.924825000000055
1979-01-23 23:00:00,-27.049825000000055
1979-01-24 23:00:00,-26.518625000000057
1979-01-25 23:00:00,-25.956125000000057
1979-01-26 23:00:00,-25.799825000000055
1979-01-29 23:00:00,-26.331125000000057
1979-01-30 23:00:00,-26.081125000000057
1979-01-31 23:00:00,-26.143625000000057
1979-02-01 23:00:00,-25.924825000000055
1979-02-02 23:00:00,-25.956125000000057
1979-02-05 23:00:00,-26.456125000000057
1979-02-06 23:00:00,-26.86242500000006
1979-02-07 23:00:00,-27.393625000000057
1979-02-08 23:00:00,-27.331125000000057
1979-02-09 23:00:00,-27.549825000000055
1979-02-12 23:00:00,-27.831125000000057
1979-02-13 23:00:00,-27.36242500000006
1979-02-14 23:00:00,-27.48742500000006
1979-02-15 23:00:00,-27.393625000000057
1979-02-16 23:00:00,-27.331125000000057
1979-02-20 23:00:00,-27.706125000000057
1979-02-21 23:00:00,-28.081125000000057
1979-02-22 23:00:00,-28.143625000000057
1979-02-23 23:00:00,-28.331125000000057
1979-02-26 23:00:00,-28.206125000000057
1979-02-27 23:00:00,-27.956125000000057
1979-02-28 23:00:00,-28.206125000000057
1979-03-01 23:00:00,-28.237325000000055
1979-03-02 23:00:00,-28.112325000000055
1979-03-05 23:00:00,-27.424825000000055
1979-03-06 23:00:00,-27.737325000000055
1979-03-07 23:00:00,-27.549825000000055
1979-03-08 23:00:00,-27.424825000000055
1979-03-09 23:00:00,-27.831125000000057
1979-03-12 23:00:00,-27.549825000000055
1979-03-13 23:00:00,-27.643525000000054
1979-03-14 23:00:00,-27.987325000000055
1979-03-15 23:00:00,-27.862325000000055
1979-03-16 23:00:00,-27.706125000000057
1979-03-19 23:00:00,-27.674825000000055
1979-03-20 23:00:00,-27.706125000000057
1979-03-21 23:00:00,-27.799825000000055
1979-03-22 23:00:00,-27.674825000000055
1979-03-23 23:00:00,-27.549825000000055
1979-03-26 23:00:00,-27.674825000000055
1979-03-27 23:00:00,-27.487325000000055
1979-03-28 23:00:00,-27.174825000000055
1979-03-29 23:00:00,-27.362325000000055
1979-03-30 23:00:00,-27.706125000000057
1979-04-02 23:00:00,-27.643525000000054
1979-04-03 23:00:00,-27.456125000000057
1979-04-04 23:00:00,-27.424825000000055
1979-04-05 23:00:00,-27.424825000000055
1979-04-06 23:00:00,-27.674825000000055
1979-04-09 23:00:00,-27.893525000000054
1979-04-10 23:00:00,-28.299825000000055
1979-04-11 23:00:00,-28.393525000000054
1979-04-12 23:00:00,-28.487325000000055
1979-04-16 23:00:00,-28.393525000000054
1979-04-17 23:00:00,-28.112325000000055
1979-04-18 23:00:00,-28.143525000000054
1979-04-19 23:00:00,-28.143525000000054
1979-04-20 23:00:00,-28.674825000000055
1979-04-23 23:00:00,-29.049825000000055
1979-04-24 23:00:00,-29.018525000000054
1979-04-25 23:00:00,-28.862325000000055
1979-04-26 23:00:00,-29.268525000000054
1979-04-27 23:00:00,-29.174825000000055
1979-04-30 23:00:00,-29.674825000000055
1979-05-01 23:00:00,-29.518525000000054
1979-05-02 23:00:00,-29.518525000000054
1979-05-03 23:00:00,-30.081125000000057
1979-05-04 23:00:00,-30.081125000000057
1979-05-07 23:00:00,-30.049825000000055
1979-05-08 23:00:00,-29.956125000000057
1979-05-09 23:00:00,-29.674825000000055
1979-05-10 23:00:00,-29.893525000000054
1979-05-11 23:00:00,-29.518525000000054
1979-05-14 23:00:00,-29.487325000000055
1979-05-15 23:00:00,-29.706125000000057
1979-05-16 23:00:00,-29.331125000000057
1979-05-17 23:00:00,-29.018525000000054
1979-05-18 23:00:00,-29.049825000000055
1979-05-21 23:00:00,-29.362325000000055
1979-05-22 23:00:00,-28.612325000000055
1979-05-23 23:00:00,-28.268525000000054
1979-05-24 23:00:00,-28.049825000000055
1979-05-25 23:00:00,-27.643525000000054
1979-05-29 23:00:00,-27.612325000000055
1979-05-30 23:00:00,-27.831025000000054
1979-05-31 23:00:00,-28.174725000000052
1979-06-01 23:00:00,-28.049725000000052
1979-06-04 23:00:00,-28.143525000000054
1979-06-05 23:00:00,-27.862325000000055
1979-06-06 23:00:00,-27.081025000000054
1979-06-07 23:00:00,-26.612325000000055
1979-06-08 23:00:00,-26.862325000000055
1979-06-11 23:00:00,-27.112325000000055
1979-06-12 23:00:00,-26.112325000000055
1979-06-13 23:00:00,-26.206025000000054
1979-06-14 23:00:00,-26.456025000000054
1979-06-15 23:00:00,-27.081025000000054
1979-06-18 23:00:00,-26.893525000000054
1979-06-19 23:00:00,-27.081025000000054
1979-06-20 23:00:00,-26.956025000000054
1979-06-21 23:00:00,-26.987325000000055
1979-06-22 23:00:00,-27.174725000000052
1979-06-25 23:00:00,-26.737325000000055
1979-06-26 23:00:00,-26.049725000000052
1979-06-27 23:00:00,-25.987325000000055
1979-06-28 23:00:00,-25.956025000000054
1979-06-29 23:00:00,-26.174725000000052
1979-07-02 23:00:00,-25.737325000000055
1979-07-03 23:00:00,-25.956025000000054
1979-07-05 23:00:00,-26.143525000000054
1979-07-06 23:00:00,-25.987325000000055
1979-07-09 23:00:00,-26.393525000000054
1979-07-10 23:00:00,-26.831025000000054
1979-07-11 23:00:00,-27.174725000000052
1979-07-12 23:00:00,-26.987325000000055
1979-07-13 23:00:00,-26.924725000000052
1979-07-16 23:00:00,-27.518525000000054
1979-07-17 23:00:00,-27.674725000000052
1979-07-18 23:00:00,-27.956025000000054
1979-07-19 23:00:00,-27.893525000000054
1979-07-20 23:00:00,-27.331025000000054
1979-07-23 23:00:00,-27.799725000000052
1979-07-24 23:00:00,-28.174725000000052
1979-07-25 23:00:00,-27.643525000000054
1979-07-26 23:00:00,-27.362325000000055
1979-07-27 23:00:00,-27.862325000000055
1979-07-30 23:00:00,-27.612325000000055
1979-07-31 23:00:00,-27.487325000000055
1979-08-01 23:00:00,-27.299725000000052
1979-08-02 23:00:00,-26.831025000000054
1979-08-03 23:00:00,-27.018525000000054
1979-08-06 23:00:00,-26.768525000000054
1979-08-07 23:00:00,-26.643525000000054
1979-08-08 23:00:00,-26.831025000000054
1979-08-09 23:00:00,-27.268525000000054
1979-08-10 23:00:00,-27.299725000000052
1979-08-13 23:00:00,-27.331025000000054
1979-08-14 23:00:00,-27.081025000000054
1979-08-15 23:00:00,-27.143525000000054
1979-08-16 23:00:00,-27.143525000000054
1979-08-17 23:00:00,-27.081025000000054
1979-08-20 23:00:00,-27.206025000000054
1979-08-21 23:00:00,-27.424725000000052
1979-08-22 23:00:00,-27.518525000000054
1979-08-23 23:00:00,-27.612325000000055
1979-08-24 23:00:00,-28.049725000000052
1979-08-27 23:00:00,-27.893525000000054
1979-08-28 23:00:00,-27.924725000000052
1979-08-29 23:00:00,-27.86212500000005
1979-08-30 23:00:00,-28.26842500000005
1979-08-31 23:00:00,-28.48712500000005
1979-09-04 23:00:00,-28.89342500000005
1979-09-05 23:00:00,-29.23712500000005
1979-09-06 23:00:00,-29.049725000000052
1979-09-07 23:00:00,-29.299725000000052
1979-09-10 23:00:00,-29.674725000000052
1979-09-11 23:00:00,-28.799725000000052
1979-09-12 23:00:00,-29.20592500000005
1979-09-13 23:00:00,-29.36212500000005
1979-09-14 23:00:00,-29.049725000000052
1979-09-17 23:00:00,-29.64342500000005
1979-09-18 23:00:00,-29.45592500000005
1979-09-19 23:00:00,-29.11212500000005
1979-09-20 23:00:00,-28.86212500000005
1979-09-21 23:00:00,-28.64342500000005
1979-09-24 23:00:00,-29.36212500000005
1979-09-25 23:00:00,-29.11212500000005
1979-09-26 23:00:00,-29.58092500000005
1979-09-27 23:00:00,-30.36212500000005
1979-09-28 23:00:00,-30.049725000000052
1979-10-01 23:00:00,-30.83092500000005
1979-10-02 23:00:00,-30.39342500000005
1979-10-03 23:00:00,-30.64342500000005
1979-10-04 23:00:00,-31.08092500000005
1979-10-05 23:00:00,-31.299725000000052
1979-10-08 23:00:00,-32.29972500000005
1979-10-09 23:00:00,-33.29972500000005
1979-10-10 23:00:00,-34.20592500000005
1979-10-11 23:00:00,-34.70592500000005
1979-10-12 23:00:00,-34.39342500000005
1979-10-15 23:00:00,-35.29972500000005
1979-10-16 23:00:00,-34.95592500000005
1979-10-17 23:00:00,-34.33092500000005
1979-10-18 23:00:00,-35.33092500000005
1979-10-19 23:00:00,-36.33092500000005
1979-10-22 23:00:00,-37.33092500000005
1979-10-23 23:00:00,-38.79972500000005
1979-10-24 23:00:00,-37.89342500000005
1979-10-25 23:00:00,-38.54972500000005
1979-10-26 23:00:00,-36.89342500000005
1979-10-29 23:00:00,-37.79972500000005
1979-10-30 23:00:00,-37.42472500000005
1979-10-31 23:00:00,-37.89342500000005
1979-11-01 23:00:00,-37.98712500000005
1979-11-02 23:00:00,-38.83092500000005
1979-11-05 23:00:00,-38.64342500000005
1979-11-06 23:00:00,-38.83092500000005
1979-11-07 23:00:00,-39.64342500000005
1979-11-08 23:00:00,-39.58092500000005
1979-11-09 23:00:00,-37.92472500000005
1979-11-12 23:00:00,-36.58092500000005
1979-11-13 23:00:00,-37.58092500000005
1979-11-14 23:00:00,-38.26842500000005
1979-11-15 23:00:00,-37.70592500000005
1979-11-16 23:00:00,-38.67472500000005
1979-11-19 23:00:00,-38.67472500000005
1979-11-20 23:00:00,-38.48712500000005
1979-11-21 23:00:00,-38.14342500000005
1979-11-23 23:00:00,-36.95592500000005
1979-11-26 23:00:00,-35.70592500000005
1979-11-27 23:00:00,-35.33092500000005
1979-11-28 23:00:00,-36.04972500000005
1979-11-29 23:00:00,-35.768525000000054
1979-11-30 23:00:00,-36.268525000000054
1979-12-03 23:00:00,-36.33092500000005
1979-12-04 23:00:00,-35.67472500000005
1979-12-05 23:00:00,-35.393525000000054
1979-12-06 23:00:00,-34.33092500000005
1979-12-07 23:00:00,-35.79972500000005
1979-12-10 23:00:00,-35.73722500000005
1979-12-11 23:00:00,-37.20592500000005
1979-12-12 23:00:00,-37.98722500000005
1979-12-13 23:00:00,-37.54972500000005
1979-12-14 23:00:00,-37.23722500000005
1979-12-17 23:00:00,-36.70592500000005
1979-12-18 23:00:00,-36.518525000000054
1979-12-19 23:00:00,-36.268525000000054
1979-12-20 23:00:00,-36.73722500000005
1979-12-21 23:00:00,-36.92472500000005
1979-12-26 23:00:00,-37.48722500000005
1979-12-27 23:00:00,-37.08092500000005
1979-12-28 23:00:00,-36.95592500000005
1979-12-31 23:00:00,-36.48722500000005
1980-01-02 23:00:00,-37.79972500000005
1980-01-03 23:00:00,-38.17472500000005
1980-01-04 23:00:00,-38.54972500000005
1980-01-07 23:00:00,-38.42472500000005
1980-01-08 23:00:00,-37.893525000000054
1980-01-09 23:00:00,-38.04972500000005
1980-01-10 23:00:00,-37.643525000000054
1980-01-11 23:00:00,-38.768525000000054
1980-01-14 23:00:00,-39.04972500000005
1980-01-15 23:00:00,-38.86222500000005
1980-01-16 23:00:00,-38.893525000000054
1980-01-17 23:00:00,-39.643525000000054
1980-01-18 23:00:00,-40.518525000000054
1980-01-21 23:00:00,-41.98722500000005
1980-01-22 23:00:00,-41.11222500000005
1980-01-23 23:00:00,-41.17472500000005
1980-01-24 23:00:00,-42.768525000000054
1980-01-25 23:00:00,-43.61222500000005
1980-01-28 23:00:00,-43.893525000000054
1980-01-29 23:00:00,-44.643525000000054
1980-01-30 23:00:00,-44.42472500000005
1980-01-31 23:00:00,-44.17472500000005
1980-02-01 23:00:00,-44.86222500000005
1980-02-04 23:00:00,-45.643525000000054
1980-02-05 23:00:00,-47.58092500000005
1980-02-06 23:00:00,-48.36222500000005
1980-02-07 23:00:00,-47.42472500000005
1980-02-08 23:00:00,-47.23722500000005
1980-02-11 23:00:00,-49.08092500000005
1980-02-12 23:00:00,-49.643525000000054
1980-02-13 23:00:00,-48.48722500000005
1980-02-14 23:00:00,-48.768525000000054
1980-02-15 23:00:00,-50.36222500000005
1980-02-19 23:00:00,-52.36222500000005
1980-02-20 23:00:00,-52.86222500000005
1980-02-21 23:00:00,-54.268525000000054
1980-02-22 23:00:00,-52.268525000000054
1980-02-25 23:00:00,-53.33092500000005
1980-02-26 23:00:00,-53.45592500000005
1980-02-27 23:00:00,-53.48722500000005
1980-02-28 23:00:00,-51.48722500000005
1980-02-29 23:00:00,-50.39342500000005
1980-03-03 23:00:00,-51.54962500000005
1980-03-04 23:00:00,-51.17462500000005
1980-03-05 23:00:00,-51.70592500000005
1980-03-06 23:00:00,-53.20592500000005
1980-03-07 23:00:00,-52.01842500000005
1980-03-10 23:00:00,-50.01842500000005
1980-03-11 23:00:00,-49.33092500000005
1980-03-12 23:00:00,-51.04962500000005
1980-03-13 23:00:00,-50.14342500000005
1980-03-14 23:00:00,-50.29962500000005
1980-03-17 23:00:00,-49.54962500000005
1980-03-18 23:00:00,-49.17462500000005
1980-03-19 23:00:00,-48.86222500000005
1980-03-20 23:00:00,-50.64342500000005
1980-03-21 23:00:00,-51.11222500000005
1980-03-24 23:00:00,-53.11222500000005
1980-03-25 23:00:00,-53.54962500000005
1980-03-26 23:00:00,-53.11222500000005
1980-03-27 23:00:00,-53.36222500000005
1980-03-28 23:00:00,-51.51842500000005
1980-03-31 23:00:00,-51.54962500000005
1980-04-01 23:00:00,-50.89342500000005
1980-04-02 23:00:00,-51.95592500000005
1980-04-03 23:00:00,-50.04962500000005
1980-04-07 23:00:00,-48.17462500000005
1980-04-08 23:00:00,-48.26842500000005
1980-04-09 23:00:00,-48.33092500000005
1980-04-10 23:00:00,-46.86222500000005
1980-04-11 23:00:00,-45.61222500000005
1980-04-14 23:00:00,-46.20592500000005
1980-04-15 23:00:00,-45.70592500000005
1980-04-16 23:00:00,-43.70592500000005
1980-04-17 23:00:00,-42.70592500000005
1980-04-18 23:00:00,-42.64342500000005
1980-04-21 23:00:00,-42.73722500000005
1980-04-22 23:00:00,-42.29962500000005
1980-04-23 23:00:00,-43.51842500000005
1980-04-24 23:00:00,-44.04962500000005
1980-04-25 23:00:00,-44.01842500000005
1980-04-28 23:00:00,-42.01842500000005
1980-04-29 23:00:00,-42.17462500000005
1980-04-30 23:00:00,-42.33092500000005
1980-05-01 23:00:00,-41.01842500000005
1980-05-02 23:00:00,-39.20592500000005
1980-05-05 23:00:00,-38.83092500000005
1980-05-06 23:00:00,-37.54962500000005
1980-05-07 23:00:00,-37.86222500000005
1980-05-08 23:00:00,-38.76842500000005
1980-05-09 23:00:00,-39.08092500000005
1980-05-12 23:00:00,-39.67462500000005
1980-05-13 23:00:00,-39.01842500000005
1980-05-14 23:00:00,-38.64342500000005
1980-05-15 23:00:00,-40.64342500000005
1980-05-16 23:00:00,-41.17462500000005
1980-05-19 23:00:00,-42.29962500000005
1980-05-20 23:00:00,-40.29962500000005
1980-05-21 23:00:00,-39.20592500000005
1980-05-22 23:00:00,-39.45592500000005
1980-05-23 23:00:00,-37.48722500000005
1980-05-27 23:00:00,-38.01842500000005
1980-05-28 23:00:00,-38.70592500000005
1980-05-29 23:00:00,-39.61222500000005
1980-05-30 23:00:00,-39.95592500000005
1980-06-02 23:00:00,-40.86222500000005
1980-06-03 23:00:00,-39.14342500000005
1980-06-04 23:00:00,-38.54962500000005
1980-06-05 23:00:00,-37.98722500000005
1980-06-06 23:00:00,-36.20592500000005
1980-06-09 23:00:00,-35.98722500000005
1980-06-10 23:00:00,-36.51842500000005
1980-06-11 23:00:00,-35.83092500000005
1980-06-12 23:00:00,-34.61222500000005
1980-06-13 23:00:00,-33.42462500000005
1980-06-16 23:00:00,-33.39342500000005
1980-06-17 23:00:00,-33.98722500000005
1980-06-18 23:00:00,-34.36222500000005
1980-06-19 23:00:00,-34.26842500000005
1980-06-20 23:00:00,-33.67462500000005
1980-06-23 23:00:00,-35.54962500000005
1980-06-24 23:00:00,-35.45592500000005
1980-06-25 23:00:00,-36.23722500000005
1980-06-26 23:00:00,-37.33092500000005
1980-06-27 23:00:00,-38.29962500000005
1980-06-30 23:00:00,-38.20592500000005
1980-07-01 23:00:00,-39.51842500000005
1980-07-02 23:00:00,-39.08092500000005
1980-07-03 23:00:00,-38.42462500000005
1980-07-07 23:00:00,-40.42462500000005
1980-07-08 23:00:00,-38.61222500000005
1980-07-09 23:00:00,-39.67462500000005
1980-07-10 23:00:00,-40.14342500000005
1980-07-11 23:00:00,-41.08092500000005
1980-07-14 23:00:00,-41.64342500000005
1980-07-15 23:00:00,-39.67462500000005
1980-07-16 23:00:00,-38.79962500000005
1980-07-17 23:00:00,-39.48722500000005
1980-07-18 23:00:00,-40.23722500000005
1980-07-21 23:00:00,-39.29962500000005
1980-07-22 23:00:00,-39.95592500000005
1980-07-23 23:00:00,-39.36222500000005
1980-07-24 23:00:00,-40.45592500000005
1980-07-25 23:00:00,-41.01842500000005
1980-07-28 23:00:00,-41.79962500000005
1980-07-29 23:00:00,-41.51842500000005
1980-07-30 23:00:00,-42.95592500000005
1980-07-31 23:00:00,-44.08092500000005
1980-08-01 23:00:00,-43.76842500000005
1980-08-04 23:00:00,-42.86222500000005
1980-08-05 23:00:00,-43.45592500000005
1980-08-06 23:00:00,-43.04962500000005
1980-08-07 23:00:00,-42.51842500000005
1980-08-08 23:00:00,-44.01842500000005
1980-08-11 23:00:00,-45.01842500000005
1980-08-12 23:00:00,-44.23722500000005
1980-08-13 23:00:00,-44.04962500000005
1980-08-14 23:00:00,-43.98722500000005
1980-08-15 23:00:00,-43.04962500000005
1980-08-18 23:00:00,-44.86222500000005
1980-08-19 23:00:00,-45.54962500000005
1980-08-20 23:00:00,-45.39342500000005
1980-08-21 23:00:00,-45.48722500000005
1980-08-22 23:00:00,-44.86222500000005
1980-08-25 23:00:00,-46.04962500000005
1980-08-26 23:00:00,-46.08092500000005
1980-08-27 23:00:00,-46.86222500000005
1980-08-28 23:00:00,-47.51842500000005
1980-08-29 23:00:00,-46.11222500000005
1980-09-02 23:00:00,-45.04962500000005
1980-09-03 23:00:00,-44.45592500000005
1980-09-04 23:00:00,-44.76842500000005
1980-09-05 23:00:00,-45.14342500000005
1980-09-08 23:00:00,-45.76842500000005
1980-09-09 23:00:00,-44.95592500000005
1980-09-10 23:00:00,-44.95592500000005
1980-09-11 23:00:00,-45.83092500000005
1980-09-12 23:00:00,-46.08092500000005
1980-09-15 23:00:00,-47.33092500000005
1980-09-16 23:00:00,-46.79962500000005
1980-09-17 23:00:00,-47.48722500000005
1980-09-18 23:00:00,-46.92462500000005
1980-09-19 23:00:00,-46.20592500000005
1980-09-22 23:00:00,-48.20592500000005
1980-09-23 23:00:00,-48.51842500000005
1980-09-24 23:00:00,-48.11222500000005
1980-09-25 23:00:00,-49.01842500000005
1980-09-26 23:00:00,-49.70592500000005
1980-09-29 23:00:00,-50.48722500000005
1980-09-30 23:00:00,-48.70592500000005
1980-10-01 23:00:00,-49.54882500000005
1980-10-02 23:00:00,-48.79972500000005
1980-10-03 23:00:00,-46.79962500000005
1980-10-06 23:00:00,-46.14342500000005
1980-10-07 23:00:00,-47.29882500000005
1980-10-08 23:00:00,-46.92472500000005
1980-10-09 23:00:00,-45.83002500000005
1980-10-10 23:00:00,-45.73722500000005
1980-10-13 23:00:00,-45.89342500000005
1980-10-14 23:00:00,-45.33092500000005
1980-10-15 23:00:00,-45.76752500000005
1980-10-16 23:00:00,-46.23722500000005
1980-10-17 23:00:00,-46.55052500000005
1980-10-20 23:00:00,-47.23722500000005
1980-10-21 23:00:00,-47.98722500000005
1980-10-22 23:00:00,-48.58092500000005
1980-10-23 23:00:00,-49.33002500000005
1980-10-24 23:00:00,-48.14342500000005
1980-10-27 23:00:00,-50.79882500000005
1980-10-28 23:00:00,-51.14342500000005
1980-10-29 23:00:00,-52.42382500000005
1980-10-30 23:00:00,-51.92472500000005
1980-10-31 23:00:00,-52.23632500000005
1980-11-02 23:00:00,-51.29972500000005
1980-11-03 23:00:00,-51.29972500000005
1980-11-05 23:00:00,-53.51752500000005
1980-11-06 23:00:00,-53.33092500000005
1980-11-07 23:00:00,-51.98722500000005
1980-11-10 23:00:00,-53.01842500000005
1980-11-11 23:00:00,-51.01842500000005
1980-11-12 23:00:00,-50.45592500000005
1980-11-13 23:00:00,-50.98632500000005
1980-11-14 23:00:00,-51.54972500000005
1980-11-17 23:00:00,-52.36222500000005
1980-11-18 23:00:00,-50.58092500000005
1980-11-19 23:00:00,-49.83092500000005
1980-11-20 23:00:00,-50.51842500000005
1980-11-21 23:00:00,-52.08002500000005
1980-11-24 23:00:00,-51.04972500000005
1980-11-25 23:00:00,-51.20592500000005
1980-11-26 23:00:00,-50.70592500000005
1980-11-28 23:00:00,-51.42472500000005
1980-12-01 23:00:00,-52.45592500000005
1980-12-02 23:00:00,-52.17472500000005
1980-12-03 23:00:00,-51.58092500000005
1980-12-04 23:00:00,-51.73722500000005
1980-12-05 23:00:00,-50.73722500000005
1980-12-08 23:00:00,-51.518525000000054
1980-12-09 23:00:00,-53.268525000000054
1980-12-10 23:00:00,-53.61222500000005
1980-12-11 23:00:00,-55.61222500000005
1980-12-12 23:00:00,-53.61222500000005
1980-12-15 23:00:00,-53.768525000000054
1980-12-16 23:00:00,-54.29972500000005
1980-12-17 23:00:00,-53.393525000000054
1980-12-18 23:00:00,-52.61222500000005
1980-12-19 23:00:00,-50.61222500000005
1980-12-22 23:00:00,-48.61222500000005
1980-12-23 23:00:00,-48.92472500000005
1980-12-24 23:00:00,-48.58092500000005
1980-12-29 23:00:00,-48.42472500000005
1980-12-30 23:00:00,-49.643525000000054
1980-12-31 23:00:00,-49.29972500000005
1981-01-02 23:00:00,-48.79972500000005
1981-01-05 23:00:00,-47.768525000000054
1981-01-06 23:00:00,-47.893525000000054
1981-01-07 23:00:00,-49.11222500000005
1981-01-08 23:00:00,-49.04972500000005
1981-01-09 23:00:00,-50.33092500000005
1981-01-12 23:00:00,-50.42472500000005
1981-01-13 23:00:00,-49.893525000000054
1981-01-14 23:00:00,-50.36222500000005
1981-01-15 23:00:00,-51.11222500000005
1981-01-16 23:00:00,-50.29972500000005
1981-01-19 23:00:00,-51.23722500000005
1981-01-20 23:00:00,-50.17472500000005
1981-01-21 23:00:00,-51.768525000000054
1981-01-22 23:00:00,-52.33092500000005
1981-01-23 23:00:00,-52.11222500000005
1981-01-26 23:00:00,-51.268525000000054
1981-01-27 23:00:00,-51.58092500000005
1981-01-28 23:00:00,-51.768525000000054
1981-01-29 23:00:00,-52.143525000000054
1981-01-30 23:00:00,-51.393525000000054
1981-02-02 23:00:00,-52.768525000000054
1981-02-03 23:00:00,-53.42472500000005
1981-02-04 23:00:00,-52.58092500000005
1981-02-05 23:00:00,-53.518525000000054
1981-02-06 23:00:00,-54.04972500000005
1981-02-09 23:00:00,-54.54972500000005
1981-02-10 23:00:00,-55.17472500000005
1981-02-11 23:00:00,-55.73722500000005
1981-02-12 23:00:00,-56.518525000000054
1981-02-13 23:00:00,-56.73722500000005
1981-02-17 23:00:00,-55.20592500000005
1981-02-18 23:00:00,-54.98722500000005
1981-02-19 23:00:00,-54.08092500000005
1981-02-20 23:00:00,-53.36222500000005
1981-02-23 23:00:00,-54.95592500000005
1981-02-24 23:00:00,-54.79972500000005
1981-02-25 23:00:00,-55.29972500000005
1981-02-26 23:00:00,-55.70592500000005
1981-02-27 23:00:00,-55.70592500000005
1981-03-02 23:00:00,-56.893525000000054
1981-03-03 23:00:00,-55.70592500000005
1981-03-04 23:00:00,-55.893525000000054
1981-03-05 23:00:00,-55.42472500000005
1981-03-06 23:00:00,-54.393525000000054
1981-03-09 23:00:00,-54.11222500000005
1981-03-10 23:00:00,-54.36222500000005
1981-03-11 23:00:00,-54.58092500000005
1981-03-12 23:00:00,-53.67472500000005
1981-03-13 23:00:00,-52.79972500000005
1981-03-16 23:00:00,-52.92472500000005
1981-03-17 23:00:00,-52.04972500000005
1981-03-18 23:00:00,-51.73722500000005
1981-03-19 23:00:00,-52.48722500000005
1981-03-20 23:00:00,-52.83092500000005
1981-03-23 23:00:00,-54.83092500000005
1981-03-24 23:00:00,-55.61222500000005
1981-03-25 23:00:00,-55.17472500000005
1981-03-26 23:00:00,-56.018525000000054
1981-03-27 23:00:00,-56.143525000000054
1981-03-30 23:00:00,-54.95592500000005
1981-03-31 23:00:00,-54.61222500000005
1981-04-01 23:00:00,-54.643525000000054
1981-04-02 23:00:00,-55.48722500000005
1981-04-03 23:00:00,-56.11222500000005
1981-04-06 23:00:00,-57.83092500000005
1981-04-07 23:00:00,-56.29972500000005
1981-04-08 23:00:00,-57.17472500000005
1981-04-09 23:00:00,-56.42472500000005
1981-04-10 23:00:00,-57.17472500000005
1981-04-13 23:00:00,-57.48722500000005
1981-04-14 23:00:00,-56.98722500000005
1981-04-15 23:00:00,-57.893525000000054
1981-04-16 23:00:00,-58.143525000000054
1981-04-20 23:00:00,-57.17472500000005
1981-04-21 23:00:00,-57.518525000000054
1981-04-22 23:00:00,-57.70592500000005
1981-04-23 23:00:00,-57.79972500000005
1981-04-24 23:00:00,-58.17472500000005
1981-04-27 23:00:00,-58.393525000000054
1981-04-28 23:00:00,-58.29972500000005
1981-04-29 23:00:00,-59.11222500000005
1981-04-30 23:00:00,-59.79972500000005
1981-05-01 23:00:00,-59.36222500000005
1981-05-04 23:00:00,-61.268525000000054
1981-05-05 23:00:00,-61.70592500000005
1981-05-06 23:00:00,-61.29972500000005
1981-05-07 23:00:00,-60.04972500000005
1981-05-08 23:00:00,-59.92472500000005
1981-05-11 23:00:00,-60.86222500000005
1981-05-12 23:00:00,-60.92472500000005
1981-05-13 23:00:00,-60.98722500000005
1981-05-14 23:00:00,-59.42472500000005
1981-05-15 23:00:00,-59.268525000000054
1981-05-18 23:00:00,-57.83092500000005
1981-05-19 23:00:00,-58.70592500000005
1981-05-20 23:00:00,-58.48722500000005
1981-05-21 23:00:00,-59.08092500000005
1981-05-22 23:00:00,-58.17472500000005
1981-05-26 23:00:00,-57.58092500000005
1981-05-27 23:00:00,-57.768525000000054
1981-05-28 23:00:00,-57.018525000000054
1981-05-29 23:00:00,-57.049825000000055
1981-06-01 23:00:00,-57.018525000000054
1981-06-02 23:00:00,-57.33112500000006
1981-06-03 23:00:00,-56.83112500000006
1981-06-04 23:00:00,-56.612325000000055
1981-06-05 23:00:00,-57.268525000000054
1981-06-08 23:00:00,-55.893525000000054
1981-06-09 23:00:00,-56.174825000000055
1981-06-10 23:00:00,-55.83112500000006
1981-06-11 23:00:00,-55.83112500000006
1981-06-12 23:00:00,-55.83112500000006
1981-06-15 23:00:00,-54.768525000000054
1981-06-16 23:00:00,-54.612325000000055
1981-06-17 23:00:00,-55.362325000000055
1981-06-18 23:00:00,-56.768525000000054
1981-06-19 23:00:00,-56.33112500000006
1981-06-22 23:00:00,-56.08112500000006
1981-06-23 23:00:00,-56.924825000000055
1981-06-24 23:00:00,-57.393525000000054
1981-06-25 23:00:00,-57.612325000000055
1981-06-26 23:00:00,-57.70612500000006
1981-06-29 23:00:00,-57.424825000000055
1981-06-30 23:00:00,-58.487325000000055
1981-07-01 23:00:00,-59.143525000000054
1981-07-02 23:00:00,-58.58112500000006
1981-07-06 23:00:00,-57.83112500000006
1981-07-07 23:00:00,-59.08112500000006
1981-07-08 23:00:00,-58.893525000000054
1981-07-09 23:00:00,-59.362325000000055
1981-07-10 23:00:00,-58.143525000000054
1981-07-13 23:00:00,-58.58112500000006
1981-07-14 23:00:00,-59.45612500000006
1981-07-15 23:00:00,-58.83112500000006
1981-07-16 23:00:00,-59.237325000000055
1981-07-17 23:00:00,-59.08112500000006
1981-07-20 23:00:00,-61.08112500000006
1981-07-21 23:00:00,-60.987325000000055
1981-07-22 23:00:00,-61.393525000000054
1981-07-23 23:00:00,-61.049825000000055
1981-07-24 23:00:00,-60.237325000000055
1981-07-27 23:00:00,-60.862325000000055
1981-07-28 23:00:00,-60.95612500000006
1981-07-29 23:00:00,-61.70612500000006
1981-07-30 23:00:00,-61.70612500000006
1981-07-31 23:00:00,-61.83112500000006
1981-08-03 23:00:00,-63.20612500000006
1981-08-04 23:00:00,-62.70612500000006
1981-08-05 23:00:00,-62.58112500000006
1981-08-06 23:00:00,-62.58112500000006
1981-08-07 23:00:00,-62.393525000000054
1981-08-10 23:00:00,-61.393525000000054
1981-08-11 23:00:00,-60.393525000000054
1981-08-12 23:00:00,-61.20612500000006
1981-08-13 23:00:00,-61.362325000000055
1981-08-14 23:00:00,-61.95612500000006
1981-08-17 23:00:00,-61.612325000000055
1981-08-18 23:00:00,-62.018525000000054
1981-08-19 23:00:00,-61.924825000000055
1981-08-20 23:00:00,-62.518525000000054
1981-08-21 23:00:00,-62.768525000000054
1981-08-24 23:00:00,-64.67482500000006
1981-08-25 23:00:00,-64.89352500000005
1981-08-26 23:00:00,-64.92482500000006
1981-08-27 23:00:00,-64.51852500000005
1981-08-28 23:00:00,-64.39352500000005
1981-08-31 23:00:00,-65.54972500000005
1981-09-01 23:00:00,-65.17472500000005
1981-09-02 23:00:00,-65.20592500000005
1981-09-03 23:00:00,-65.92472500000005
1981-09-04 23:00:00,-65.89352500000005
1981-09-08 23:00:00,-66.45592500000005
1981-09-09 23:00:00,-65.86222500000005
1981-09-10 23:00:00,-65.17472500000005
1981-09-11 23:00:00,-64.20592500000005
1981-09-14 23:00:00,-64.76852500000005
1981-09-15 23:00:00,-64.45592500000005
1981-09-16 23:00:00,-64.51852500000005
1981-09-17 23:00:00,-63.73722500000005
1981-09-18 23:00:00,-63.61222500000005
1981-09-21 23:00:00,-63.04972500000005
1981-09-22 23:00:00,-64.39352500000005
1981-09-23 23:00:00,-65.29972500000005
1981-09-24 23:00:00,-65.76852500000005
1981-09-25 23:00:00,-67.48722500000005
1981-09-28 23:00:00,-66.92472500000005
1981-09-29 23:00:00,-67.98722500000005
1981-09-30 23:00:00,-67.79972500000005
1981-10-01 23:00:00,-67.64352500000005
1981-10-02 23:00:00,-66.11222500000005
1981-10-05 23:00:00,-65.83092500000005
1981-10-06 23:00:00,-65.61222500000005
1981-10-07 23:00:00,-65.20592500000005
1981-10-08 23:00:00,-65.11222500000005
1981-10-09 23:00:00,-64.26852500000005
1981-10-12 23:00:00,-63.67472500000005
1981-10-13 23:00:00,-64.92472500000005
1981-10-14 23:00:00,-65.20592500000005
1981-10-15 23:00:00,-64.86222500000005
1981-10-16 23:00:00,-65.45592500000005
1981-10-19 23:00:00,-65.17472500000005
1981-10-20 23:00:00,-65.98722500000005
1981-10-21 23:00:00,-67.11222500000005
1981-10-22 23:00:00,-67.14352500000005
1981-10-23 23:00:00,-66.42472500000005
1981-10-26 23:00:00,-67.95592500000005
1981-10-27 23:00:00,-67.58092500000005
1981-10-28 23:00:00,-67.51852500000005
1981-10-29 23:00:00,-66.14352500000005
1981-10-30 23:00:00,-65.11222500000005
1981-11-02 23:00:00,-65.17472500000005
1981-11-03 23:00:00,-64.26852500000005
1981-11-04 23:00:00,-63.11222500000005
1981-11-05 23:00:00,-63.393525000000054
1981-11-06 23:00:00,-62.643525000000054
1981-11-09 23:00:00,-61.33092500000005
1981-11-10 23:00:00,-61.33092500000005
1981-11-11 23:00:00,-60.08092500000005
1981-11-12 23:00:00,-59.768525000000054
1981-11-13 23:00:00,-59.95592500000005
1981-11-16 23:00:00,-59.143525000000054
1981-11-17 23:00:00,-59.86222500000005
1981-11-18 23:00:00,-58.92472500000005
1981-11-19 23:00:00,-59.29972500000005
1981-11-20 23:00:00,-59.11222500000005
1981-11-23 23:00:00,-60.73722500000005
1981-11-24 23:00:00,-58.73722500000005
1981-11-25 23:00:00,-57.92472500000005
1981-11-27 23:00:00,-57.45592500000005
1981-11-30 23:00:00,-58.26842500000005
1981-12-01 23:00:00,-58.98722500000005
1981-12-02 23:00:00,-60.20592500000005
1981-12-03 23:00:00,-59.51842500000005
1981-12-04 23:00:00,-58.39342500000005
1981-12-07 23:00:00,-60.26842500000005
1981-12-08 23:00:00,-59.92462500000005
1981-12-09 23:00:00,-60.89342500000005
1981-12-10 23:00:00,-61.73722500000005
1981-12-11 23:00:00,-61.73722500000005
1981-12-14 23:00:00,-60.45592500000005
1981-12-15 23:00:00,-60.36222500000005
1981-12-16 23:00:00,-60.54962500000005
1981-12-17 23:00:00,-61.20592500000005
1981-12-18 23:00:00,-60.17462500000005
1981-12-21 23:00:00,-61.61222500000005
1981-12-22 23:00:00,-62.11222500000005
1981-12-23 23:00:00,-63.11222500000005
1981-12-24 23:00:00,-62.64342500000005
1981-12-28 23:00:00,-62.51842500000005
1981-12-29 23:00:00,-63.26842500000005
1981-12-30 23:00:00,-63.08092500000005
1981-12-31 23:00:00,-61.98722500000005
1982-01-04 23:00:00,-63.17462500000005
1982-01-05 23:00:00,-64.36222500000005
1982-01-06 23:00:00,-65.20592500000005
1982-01-07 23:00:00,-65.04962500000005
1982-01-08 23:00:00,-64.39342500000005
1982-01-11 23:00:00,-65.73722500000005
1982-01-12 23:00:00,-64.92462500000005
1982-01-13 23:00:00,-65.67462500000005
1982-01-14 23:00:00,-65.08092500000005
1982-01-15 23:00:00,-65.36222500000005
1982-01-18 23:00:00,-64.86222500000005
1982-01-19 23:00:00,-65.36222500000005
1982-01-20 23:00:00,-65.08092500000005
1982-01-21 23:00:00,-64.48722500000005
1982-01-22 23:00:00,-64.79962500000005
1982-01-25 23:00:00,-64.42462500000005
1982-01-26 23:00:00,-64.39342500000005
1982-01-27 23:00:00,-64.42462500000005
1982-01-28 23:00:00,-63.23722500000005
1982-01-29 23:00:00,-63.17462500000005
1982-02-01 23:00:00,-65.11222500000005
1982-02-02 23:00:00,-64.76842500000005
1982-02-03 23:00:00,-65.33092500000005
1982-02-04 23:00:00,-65.54962500000005
1982-02-05 23:00:00,-65.11222500000005
1982-02-08 23:00:00,-66.61222500000005
1982-02-09 23:00:00,-66.79962500000005
1982-02-10 23:00:00,-66.14342500000005
1982-02-11 23:00:00,-65.45592500000005
1982-02-12 23:00:00,-65.76842500000005
1982-02-16 23:00:00,-64.76842500000005
1982-02-17 23:00:00,-64.76842500000005
1982-02-18 23:00:00,-63.76842500000005
1982-02-19 23:00:00,-63.58092500000005
1982-02-22 23:00:00,-61.89342500000005
1982-02-23 23:00:00,-62.23722500000005
1982-02-24 23:00:00,-61.64342500000005
1982-02-25 23:00:00,-62.29972500000005
1982-02-26 23:00:00,-62.79972500000005
1982-03-01 23:00:00,-61.76842500000005
1982-03-02 23:00:00,-60.98722500000005
1982-03-03 23:00:00,-60.706025000000054
1982-03-04 23:00:00,-60.48722500000005
1982-03-05 23:00:00,-60.61222500000005
1982-03-08 23:00:00,-61.42472500000005
1982-03-09 23:00:00,-61.17472500000005
1982-03-10 23:00:00,-61.581025000000054
1982-03-11 23:00:00,-62.206025000000054
1982-03-12 23:00:00,-62.206025000000054
1982-03-15 23:00:00,-61.76842500000005
1982-03-16 23:00:00,-61.89342500000005
1982-03-17 23:00:00,-61.581025000000054
1982-03-18 23:00:00,-61.48722500000005
1982-03-19 23:00:00,-61.831025000000054
1982-03-22 23:00:00,-60.76842500000005
1982-03-23 23:00:00,-60.86222500000005
1982-03-24 23:00:00,-61.61222500000005
1982-03-25 23:00:00,-61.51842500000005
1982-03-26 23:00:00,-62.39342500000005
1982-03-29 23:00:00,-63.01842500000005
1982-03-30 23:00:00,-63.26842500000005
1982-03-31 23:00:00,-62.29972500000005
1982-04-01 23:00:00,-62.14342500000005
1982-04-02 23:00:00,-62.42472500000005
1982-04-05 23:00:00,-62.92472500000005
1982-04-06 23:00:00,-62.706025000000054
1982-04-07 23:00:00,-62.79972500000005
1982-04-08 23:00:00,-61.67472500000005
1982-04-12 23:00:00,-60.706025000000054
1982-04-13 23:00:00,-60.89342500000005
1982-04-14 23:00:00,-61.29972500000005
1982-04-15 23:00:00,-60.79972500000005
1982-04-16 23:00:00,-60.04972500000005
1982-04-19 23:00:00,-59.79972500000005
1982-04-20 23:00:00,-60.36222500000005
1982-04-21 23:00:00,-60.54972500000005
1982-04-22 23:00:00,-60.17472500000005
1982-04-23 23:00:00,-60.23722500000005
1982-04-26 23:00:00,-59.92472500000005
1982-04-27 23:00:00,-60.331025000000054
1982-04-28 23:00:00,-60.67472500000005
1982-04-29 23:00:00,-60.92472500000005
1982-04-30 23:00:00,-61.04972500000005
1982-05-03 23:00:00,-61.48722500000005
1982-05-04 23:00:00,-60.92472500000005
1982-05-05 23:00:00,-60.92472500000005
1982-05-06 23:00:00,-59.64342500000005
1982-05-07 23:00:00,-59.456025000000054
1982-05-10 23:00:00,-59.706025000000054
1982-05-11 23:00:00,-59.456025000000054
1982-05-12 23:00:00,-60.14342500000005
1982-05-13 23:00:00,-60.26842500000005
1982-05-14 23:00:00,-59.92472500000005
1982-05-17 23:00:00,-60.67472500000005
1982-05-18 23:00:00,-60.26842500000005
1982-05-19 23:00:00,-60.76842500000005
1982-05-20 23:00:00,-59.86222500000005
1982-05-21 23:00:00,-59.956025000000054
1982-05-24 23:00:00,-60.01842500000005
1982-05-25 23:00:00,-60.081025000000054
1982-05-26 23:00:00,-60.61222500000005
1982-05-27 23:00:00,-61.04972500000005
1982-05-28 23:00:00,-61.42472500000005
1982-06-01 23:00:00,-62.643525000000054
1982-06-02 23:00:00,-62.42472500000005
1982-06-03 23:00:00,-62.67472500000005
1982-06-04 23:00:00,-63.018525000000054
1982-06-07 23:00:00,-62.737325000000055
1982-06-08 23:00:00,-63.018525000000054
1982-06-09 23:00:00,-62.67472500000005
1982-06-10 23:00:00,-62.987325000000055
1982-06-11 23:00:00,-62.393525000000054
1982-06-14 23:00:00,-63.706025000000054
1982-06-15 23:00:00,-63.612325000000055
1982-06-16 23:00:00,-63.831025000000054
1982-06-17 23:00:00,-64.48732500000006
1982-06-18 23:00:00,-65.01852500000005
1982-06-21 23:00:00,-64.89352500000005
1982-06-22 23:00:00,-65.08102500000005
1982-06-23 23:00:00,-65.17472500000005
1982-06-24 23:00:00,-65.20602500000005
1982-06-25 23:00:00,-65.17472500000005
1982-06-28 23:00:00,-64.83102500000005
1982-06-29 23:00:00,-64.45602500000005
1982-06-30 23:00:00,-63.831025000000054
1982-07-01 23:00:00,-63.737325000000055
1982-07-02 23:00:00,-64.36232500000006
1982-07-06 23:00:00,-64.20602500000005
1982-07-07 23:00:00,-63.831025000000054
1982-07-08 23:00:00,-62.79972500000005
1982-07-09 23:00:00,-62.268525000000054
1982-07-12 23:00:00,-61.831025000000054
1982-07-13 23:00:00,-62.54972500000005
1982-07-14 23:00:00,-62.768525000000054
1982-07-15 23:00:00,-62.393525000000054
1982-07-16 23:00:00,-61.237325000000055
1982-07-19 23:00:00,-61.237325000000055
1982-07-20 23:00:00,-60.737325000000055
1982-07-21 23:00:00,-61.143525000000054
1982-07-22 23:00:00,-60.643525000000054
1982-07-23 23:00:00,-60.893525000000054
1982-07-26 23:00:00,-61.987325000000055
1982-07-27 23:00:00,-62.018525000000054
1982-07-28 23:00:00,-62.54972500000005
1982-07-29 23:00:00,-62.018525000000054
1982-07-30 23:00:00,-61.706025000000054
1982-08-02 23:00:00,-60.487325000000055
1982-08-03 23:00:00,-61.018525000000054
1982-08-04 23:00:00,-60.987325000000055
1982-08-05 23:00:00,-60.893525000000054
1982-08-06 23:00:00,-61.831025000000054
1982-08-09 23:00:00,-61.268525000000054
1982-08-10 23:00:00,-61.268525000000054
1982-08-11 23:00:00,-61.42472500000005
1982-08-12 23:00:00,-60.362325000000055
1982-08-13 23:00:00,-59.612325000000055
1982-08-16 23:00:00,-58.987325000000055
1982-08-17 23:00:00,-57.081025000000054
1982-08-18 23:00:00,-56.112325000000055
1982-08-19 23:00:00,-56.29972500000005
1982-08-20 23:00:00,-55.518525000000054
1982-08-23 23:00:00,-56.237325000000055
1982-08-24 23:00:00,-55.42472500000005
1982-08-25 23:00:00,-55.956025000000054
1982-08-26 23:00:00,-56.612325000000055
1982-08-27 23:00:00,-57.92472500000005
1982-08-30 23:00:00,-57.487325000000055
1982-08-31 23:00:00,-57.612325000000055
1982-09-01 23:00:00,-57.206025000000054
1982-09-02 23:00:00,-56.581025000000054
1982-09-03 23:00:00,-56.018525000000054
1982-09-07 23:00:00,-55.987325000000055
1982-09-08 23:00:00,-55.706025000000054
1982-09-09 23:00:00,-56.081025000000054
1982-09-10 23:00:00,-57.456025000000054
1982-09-13 23:00:00,-56.393525000000054
1982-09-14 23:00:00,-56.268525000000054
1982-09-15 23:00:00,-56.393525000000054
1982-09-16 23:00:00,-56.362325000000055
1982-09-17 23:00:00,-55.79972500000005
1982-09-20 23:00:00,-55.456025000000054
1982-09-21 23:00:00,-53.737325000000055
1982-09-22 23:00:00,-53.831025000000054
1982-09-23 23:00:00,-53.518525000000054
1982-09-24 23:00:00,-53.956025000000054
1982-09-27 23:00:00,-53.831025000000054
1982-09-28 23:00:00,-53.237325000000055
1982-09-29 23:00:00,-53.42472500000005
1982-09-30 23:00:00,-53.206025000000054
1982-10-01 23:00:00,-52.206025000000054
1982-10-04 23:00:00,-53.768525000000054
1982-10-05 23:00:00,-53.42472500000005
1982-10-06 23:00:00,-52.42472500000005
1982-10-07 23:00:00,-50.42472500000005
1982-10-08 23:00:00,-49.581025000000054
1982-10-11 23:00:00,-46.581025000000054
1982-10-12 23:00:00,-47.081025000000054
1982-10-13 23:00:00,-46.17472500000005
1982-10-14 23:00:00,-47.29972500000005
1982-10-15 23:00:00,-48.112325000000055
1982-10-18 23:00:00,-46.987325000000055
1982-10-19 23:00:00,-46.737325000000055
1982-10-20 23:00:00,-47.17472500000005
1982-10-21 23:00:00,-47.143525000000054
1982-10-22 23:00:00,-47.92472500000005
1982-10-25 23:00:00,-49.612325000000055
1982-10-26 23:00:00,-49.018525000000054
1982-10-27 23:00:00,-49.456025000000054
1982-10-28 23:00:00,-48.737325000000055
1982-10-29 23:00:00,-47.737325000000055
1982-11-01 23:00:00,-46.487325000000055
1982-11-03 23:00:00,-45.67472500000005
1982-11-04 23:00:00,-45.17472500000005
1982-11-05 23:00:00,-45.831025000000054
1982-11-08 23:00:00,-46.268525000000054
1982-11-09 23:00:00,-46.29972500000005
1982-11-10 23:00:00,-46.237325000000055
1982-11-11 23:00:00,-47.081025000000054
1982-11-12 23:00:00,-46.706025000000054
1982-11-15 23:00:00,-47.206025000000054
1982-11-16 23:00:00,-47.956025000000054
1982-11-17 23:00:00,-47.237325000000055
1982-11-18 23:00:00,-46.081025000000054
1982-11-19 23:00:00,-46.081025000000054
1982-11-22 23:00:00,-46.706025000000054
1982-11-23 23:00:00,-47.112325000000055
1982-11-24 23:00:00,-47.268525000000054
1982-11-26 23:00:00,-47.518525000000054
1982-11-29 23:00:00,-49.174825000000055
1982-11-30 23:00:00,-48.956025000000054
1982-12-01 23:00:00,-48.831025000000054
1982-12-02 23:00:00,-48.674825000000055
1982-12-03 23:00:00,-47.331025000000054
1982-12-06 23:00:00,-47.11222500000005
1982-12-07 23:00:00,-47.393525000000054
1982-12-08 23:00:00,-48.23722500000005
1982-12-09 23:00:00,-47.98722500000005
1982-12-10 23:00:00,-49.11222500000005
1982-12-13 23:00:00,-48.581025000000054
1982-12-14 23:00:00,-47.831025000000054
1982-12-15 23:00:00,-48.174825000000055
1982-12-16 23:00:00,-48.956025000000054
1982-12-17 23:00:00,-48.799825000000055
1982-12-20 23:00:00,-49.331025000000054
1982-12-21 23:00:00,-47.768525000000054
1982-12-22 23:00:00,-48.049825000000055
1982-12-23 23:00:00,-47.549825000000055
1982-12-27 23:00:00,-46.706025000000054
1982-12-28 23:00:00,-46.768525000000054
1982-12-29 23:00:00,-47.174825000000055
1982-12-30 23:00:00,-47.206025000000054
1983-01-03 23:00:00,-46.174825000000055
1983-01-04 23:00:00,-46.706025000000054
1983-01-05 23:00:00,-47.018525000000054
1983-01-06 23:00:00,-47.143525000000054
1983-01-07 23:00:00,-47.23722500000005
1983-01-10 23:00:00,-47.36222500000005
1983-01-11 23:00:00,-47.081025000000054
1983-01-12 23:00:00,-46.831025000000054
1983-01-13 23:00:00,-46.86222500000005
1983-01-14 23:00:00,-46.98722500000005
1983-01-17 23:00:00,-46.98722500000005
1983-01-18 23:00:00,-47.331025000000054
1983-01-19 23:00:00,-48.268525000000054
1983-01-20 23:00:00,-48.11222500000005
1983-01-21 23:00:00,-49.143525000000054
1983-01-24 23:00:00,-49.831025000000054
1983-01-25 23:00:00,-49.393525000000054
1983-01-26 23:00:00,-50.081025000000054
1983-01-27 23:00:00,-49.549825000000055
1983-01-28 23:00:00,-49.956025000000054
1983-01-31 23:00:00,-50.48722500000005
1983-02-01 23:00:00,-50.456025000000054
1983-02-02 23:00:00,-50.081025000000054
1983-02-03 23:00:00,-50.518525000000054
1983-02-04 23:00:00,-51.049825000000055
1983-02-07 23:00:00,-50.799825000000055
1983-02-08 23:00:00,-50.956025000000054
1983-02-09 23:00:00,-50.956025000000054
1983-02-10 23:00:00,-49.831025000000054
1983-02-11 23:00:00,-49.706025000000054
1983-02-14 23:00:00,-49.48722500000005
1983-02-15 23:00:00,-49.86222500000005
1983-02-16 23:00:00,-49.549825000000055
1983-02-17 23:00:00,-48.799825000000055
1983-02-18 23:00:00,-48.081025000000054
1983-02-22 23:00:00,-47.11222500000005
1983-02-23 23:00:00,-47.549825000000055
1983-02-24 23:00:00,-47.206025000000054
1983-02-25 23:00:00,-46.174825000000055
1983-02-28 23:00:00,-46.487325000000055
1983-03-01 23:00:00,-45.674825000000055
1983-03-02 23:00:00,-45.987325000000055
1983-03-03 23:00:00,-45.64362500000006
1983-03-04 23:00:00,-45.924825000000055
1983-03-07 23:00:00,-46.924825000000055
1983-03-08 23:00:00,-47.549825000000055
1983-03-09 23:00:00,-47.487325000000055
1983-03-10 23:00:00,-47.89362500000006
1983-03-11 23:00:00,-48.206025000000054
1983-03-14 23:00:00,-47.612325000000055
1983-03-15 23:00:00,-47.14362500000006
1983-03-16 23:00:00,-47.64362500000006
1983-03-17 23:00:00,-47.831025000000054
1983-03-18 23:00:00,-47.612325000000055
1983-03-21 23:00:00,-47.581025000000054
1983-03-22 23:00:00,-47.674825000000055
1983-03-23 23:00:00,-46.674825000000055
1983-03-24 23:00:00,-46.706025000000054
1983-03-25 23:00:00,-47.424825000000055
1983-03-28 23:00:00,-47.331025000000054
1983-03-29 23:00:00,-46.924825000000055
1983-03-30 23:00:00,-46.924825000000055
1983-03-31 23:00:00,-47.206025000000054
1983-04-04 23:00:00,-46.956025000000054
1983-04-05 23:00:00,-45.956025000000054
1983-04-06 23:00:00,-45.862325000000055
1983-04-07 23:00:00,-46.049825000000055
1983-04-08 23:00:00,-46.174825000000055
1983-04-11 23:00:00,-45.362325000000055
1983-04-12 23:00:00,-45.549825000000055
1983-04-13 23:00:00,-45.237325000000055
1983-04-14 23:00:00,-44.51862500000006
1983-04-15 23:00:00,-44.76862500000006
1983-04-18 23:00:00,-44.39362500000006
1983-04-19 23:00:00,-45.487325000000055
1983-04-20 23:00:00,-45.424825000000055
1983-04-21 23:00:00,-45.831025000000054
1983-04-22 23:00:00,-45.674825000000055
1983-04-25 23:00:00,-45.549825000000055
1983-04-26 23:00:00,-45.237325000000055
1983-04-27 23:00:00,-44.76862500000006
1983-04-28 23:00:00,-44.581025000000054
1983-04-29 23:00:00,-44.237325000000055
1983-05-02 23:00:00,-44.331025000000054
1983-05-03 23:00:00,-44.14362500000006
1983-05-04 23:00:00,-43.487325000000055
1983-05-05 23:00:00,-43.89362500000006
1983-05-06 23:00:00,-43.581025000000054
1983-05-09 23:00:00,-44.362325000000055
1983-05-10 23:00:00,-43.799825000000055
1983-05-11 23:00:00,-44.081025000000054
1983-05-12 23:00:00,-44.581025000000054
1983-05-13 23:00:00,-44.424825000000055
1983-05-16 23:00:00,-45.64362500000006
1983-05-17 23:00:00,-45.89362500000006
1983-05-18 23:00:00,-46.01862500000006
1983-05-19 23:00:00,-46.706025000000054
1983-05-20 23:00:00,-46.862325000000055
1983-05-23 23:00:00,-46.924825000000055
1983-05-24 23:00:00,-46.706025000000054
1983-05-25 23:00:00,-46.924825000000055
1983-05-26 23:00:00,-47.26862500000006
1983-05-27 23:00:00,-47.299825000000055
1983-05-31 23:00:00,-48.549825000000055
1983-06-01 23:00:00,-48.143525000000054
1983-06-02 23:00:00,-48.08112500000006
1983-06-03 23:00:00,-48.112325000000055
1983-06-06 23:00:00,-47.674825000000055
1983-06-07 23:00:00,-48.174825000000055
1983-06-08 23:00:00,-48.549825000000055
1983-06-09 23:00:00,-48.08112500000006
1983-06-10 23:00:00,-48.143525000000054
1983-06-13 23:00:00,-47.112325000000055
1983-06-14 23:00:00,-47.393525000000054
1983-06-15 23:00:00,-47.018525000000054
1983-06-16 23:00:00,-46.45612500000006
1983-06-17 23:00:00,-46.799825000000055
1983-06-20 23:00:00,-47.424825000000055
1983-06-21 23:00:00,-47.362325000000055
1983-06-22 23:00:00,-47.612325000000055
1983-06-23 23:00:00,-47.70612500000006
1983-06-24 23:00:00,-48.674825000000055
1983-06-27 23:00:00,-49.33112500000006
1983-06-28 23:00:00,-48.924825000000055
1983-06-29 23:00:00,-48.45612500000006
1983-06-30 23:00:00,-48.174825000000055
1983-07-01 23:00:00,-48.112325000000055
1983-07-05 23:00:00,-49.83112500000006
1983-07-06 23:00:00,-49.549825000000055
1983-07-07 23:00:00,-50.143525000000054
1983-07-08 23:00:00,-50.674825000000055
1983-07-11 23:00:00,-50.20612500000006
1983-07-12 23:00:00,-50.987325000000055
1983-07-13 23:00:00,-50.83112500000006
1983-07-14 23:00:00,-50.58112500000006
1983-07-15 23:00:00,-50.924825000000055
1983-07-18 23:00:00,-50.143525000000054
1983-07-19 23:00:00,-49.987325000000055
1983-07-20 23:00:00,-49.643525000000054
1983-07-21 23:00:00,-50.08112500000006
1983-07-22 23:00:00,-50.893525000000054
1983-07-25 23:00:00,-50.237325000000055
1983-07-26 23:00:00,-50.83112500000006
1983-07-27 23:00:00,-50.924825000000055
1983-07-28 23:00:00,-52.049825000000055
1983-07-29 23:00:00,-52.674825000000055
1983-08-01 23:00:00,-52.674825000000055
1983-08-02 23:00:00,-52.424825000000055
1983-08-03 23:00:00,-52.487325000000055
1983-08-04 23:00:00,-53.70612500000006
1983-08-05 23:00:00,-53.518525000000054
1983-08-08 23:00:00,-53.924825000000055
1983-08-09 23:00:00,-53.58112500000006
1983-08-10 23:00:00,-53.799825000000055
1983-08-11 23:00:00,-53.112325000000055
1983-08-12 23:00:00,-52.393525000000054
1983-08-15 23:00:00,-51.424825000000055
1983-08-16 23:00:00,-51.33112500000006
1983-08-17 23:00:00,-50.674825000000055
1983-08-18 23:00:00,-51.20612500000006
1983-08-19 23:00:00,-51.799825000000055
1983-08-22 23:00:00,-50.112325000000055
1983-08-23 23:00:00,-50.45612500000006
1983-08-24 23:00:00,-50.174825000000055
1983-08-25 23:00:00,-50.643525000000054
1983-08-26 23:00:00,-50.549825000000055
1983-08-29 23:00:00,-51.987325000000055
1983-08-30 23:00:00,-52.42472500000005
1983-08-31 23:00:00,-52.79972500000005
1983-09-01 23:00:00,-52.643525000000054
1983-09-02 23:00:00,-52.831025000000054
1983-09-06 23:00:00,-51.862325000000055
1983-09-07 23:00:00,-51.143525000000054
1983-09-08 23:00:00,-51.331025000000054
1983-09-09 23:00:00,-51.04972500000005
1983-09-12 23:00:00,-50.393525000000054
1983-09-13 23:00:00,-50.581025000000054
1983-09-14 23:00:00,-51.331025000000054
1983-09-15 23:00:00,-51.706025000000054
1983-09-16 23:00:00,-50.768525000000054
1983-09-19 23:00:00,-50.706025000000054
1983-09-20 23:00:00,-50.268525000000054
1983-09-21 23:00:00,-50.42472500000005
1983-09-22 23:00:00,-50.112325000000055
1983-09-23 23:00:00,-49.42472500000005
1983-09-26 23:00:00,-49.112325000000055
1983-09-27 23:00:00,-49.29972500000005
1983-09-28 23:00:00,-49.518525000000054
1983-09-29 23:00:00,-49.487325000000055
1983-09-30 23:00:00,-49.29972500000005
1983-10-03 23:00:00,-49.456025000000054
1983-10-04 23:00:00,-49.487325000000055
1983-10-05 23:00:00,-48.768525000000054
1983-10-06 23:00:00,-48.737325000000055
1983-10-07 23:00:00,-49.04972500000005
1983-10-10 23:00:00,-49.487325000000055
1983-10-11 23:00:00,-50.42472500000005
1983-10-12 23:00:00,-50.581025000000054
1983-10-13 23:00:00,-50.862325000000055
1983-10-14 23:00:00,-50.42472500000005
1983-10-17 23:00:00,-49.79972500000005
1983-10-18 23:00:00,-50.143525000000054
1983-10-19 23:00:00,-49.79972500000005
1983-10-20 23:00:00,-49.768525000000054
1983-10-21 23:00:00,-49.518525000000054
1983-10-24 23:00:00,-50.92472500000005
1983-10-25 23:00:00,-51.112325000000055
1983-10-26 23:00:00,-50.92472500000005
1983-10-27 23:00:00,-50.862325000000055
1983-10-28 23:00:00,-51.081025000000054
1983-10-31 23:00:00,-51.331025000000054
1983-11-01 23:00:00,-51.17472500000005
1983-11-02 23:00:00,-51.206025000000054
1983-11-03 23:00:00,-51.581025000000054
1983-11-04 23:00:00,-52.04972500000005
1983-11-07 23:00:00,-51.92472500000005
1983-11-08 23:00:00,-51.79972500000005
1983-11-09 23:00:00,-51.737325000000055
1983-11-10 23:00:00,-51.081025000000054
1983-11-11 23:00:00,-50.362325000000055
1983-11-14 23:00:00,-50.831025000000054
1983-11-15 23:00:00,-50.987325000000055
1983-11-16 23:00:00,-51.081025000000054
1983-11-17 23:00:00,-51.17472500000005
1983-11-18 23:00:00,-51.268525000000054
1983-11-21 23:00:00,-50.768525000000054
1983-11-22 23:00:00,-50.237325000000055
1983-11-23 23:00:00,-50.362325000000055
1983-11-25 23:00:00,-50.112325000000055
1983-11-28 23:00:00,-50.581025000000054
1983-11-29 23:00:00,-50.049825000000055
1983-11-30 23:00:00,-50.362325000000055
1983-12-01 23:00:00,-50.362325000000055
1983-12-02 23:00:00,-51.14362500000006
1983-12-05 23:00:00,-51.112325000000055
1983-12-06 23:00:00,-51.206025000000054
1983-12-07 23:00:00,-51.362325000000055
1983-12-08 23:00:00,-51.987325000000055
1983-12-09 23:00:00,-52.049825000000055
1983-12-12 23:00:00,-51.862325000000055
1983-12-13 23:00:00,-52.424825000000055
1983-12-14 23:00:00,-52.549825000000055
1983-12-15 23:00:00,-52.39362500000006
1983-12-16 23:00:00,-51.89362500000006
1983-12-19 23:00:00,-51.924825000000055
1983-12-20 23:00:00,-51.987325000000055
1983-12-21 23:00:00,-51.76862500000006
1983-12-22 23:00:00,-51.331025000000054
1983-12-23 23:00:00,-51.424825000000055
1983-12-27 23:00:00,-51.01862500000006
1983-12-28 23:00:00,-51.39362500000006
1983-12-29 23:00:00,-51.206025000000054
1983-12-30 23:00:00,-51.39362500000006
1984-01-03 23:00:00,-51.737325000000055
1984-01-04 23:00:00,-51.237325000000055
1984-01-05 23:00:00,-51.26862500000006
1984-01-06 23:00:00,-51.049825000000055
1984-01-09 23:00:00,-51.081025000000054
1984-01-10 23:00:00,-50.737325000000055
1984-01-11 23:00:00,-50.924825000000055
1984-01-12 23:00:00,-50.987325000000055
1984-01-13 23:00:00,-49.956025000000054
1984-01-16 23:00:00,-49.76862500000006
1984-01-17 23:00:00,-49.924825000000055
1984-01-18 23:00:00,-50.14362500000006
1984-01-19 23:00:00,-49.987325000000055
1984-01-20 23:00:00,-50.237325000000055
1984-01-23 23:00:00,-50.174825000000055
1984-01-24 23:00:00,-50.206025000000054
1984-01-25 23:00:00,-50.362325000000055
1984-01-26 23:00:00,-50.26862500000006
1984-01-27 23:00:00,-50.299825000000055
1984-01-30 23:00:00,-50.51862500000006
1984-01-31 23:00:00,-50.612325000000055
1984-02-01 23:00:00,-50.487325000000055
1984-02-02 23:00:00,-50.01862500000006
1984-02-03 23:00:00,-50.174825000000055
1984-02-06 23:00:00,-50.51862500000006
1984-02-07 23:00:00,-50.64362500000006
1984-02-08 23:00:00,-50.737325000000055
1984-02-09 23:00:00,-50.924825000000055
1984-02-10 23:00:00,-51.362325000000055
1984-02-13 23:00:00,-51.706025000000054
1984-02-14 23:00:00,-51.549825000000055
1984-02-15 23:00:00,-51.39362500000006
1984-02-16 23:00:00,-51.487325000000055
1984-02-17 23:00:00,-52.01862500000006
1984-02-21 23:00:00,-51.862325000000055
1984-02-22 23:00:00,-52.049825000000055
1984-02-23 23:00:00,-52.799825000000055
1984-02-24 23:00:00,-52.424825000000055
1984-02-27 23:00:00,-52.737325000000055
1984-02-28 23:00:00,-52.956025000000054
1984-02-29 23:00:00,-52.54972500000005
1984-03-01 23:00:00,-52.643525000000054
1984-03-02 23:00:00,-52.237325000000055
1984-03-05 23:00:00,-52.706025000000054
1984-03-06 23:00:00,-52.956025000000054
1984-03-07 23:00:00,-53.54972500000005
1984-03-08 23:00:00,-53.67472500000005
1984-03-09 23:00:00,-53.706025000000054
1984-03-12 23:00:00,-53.643525000000054
1984-03-13 23:00:00,-53.831025000000054
1984-03-14 23:00:00,-53.956025000000054
1984-03-15 23:00:00,-53.987325000000055
1984-03-16 23:00:00,-54.206025000000054
1984-03-19 23:00:00,-54.737325000000055
1984-03-20 23:00:00,-54.54972500000005
1984-03-21 23:00:00,-54.518525000000054
1984-03-22 23:00:00,-54.612325000000055
1984-03-23 23:00:00,-54.581025000000054
1984-03-26 23:00:00,-54.331025000000054
1984-03-27 23:00:00,-54.42472500000005
1984-03-28 23:00:00,-54.018525000000054
1984-03-29 23:00:00,-53.831025000000054
1984-03-30 23:00:00,-54.54972500000005
1984-04-02 23:00:00,-54.612325000000055
1984-04-03 23:00:00,-55.018525000000054
1984-04-04 23:00:00,-55.206025000000054
1984-04-05 23:00:00,-55.112325000000055
1984-04-06 23:00:00,-54.456025000000054
1984-04-09 23:00:00,-54.17472500000005
1984-04-10 23:00:00,-54.42472500000005
1984-04-11 23:00:00,-54.331025000000054
1984-04-12 23:00:00,-53.862325000000055
1984-04-13 23:00:00,-54.706025000000054
1984-04-16 23:00:00,-55.143525000000054
1984-04-17 23:00:00,-54.862325000000055
1984-04-18 23:00:00,-55.581025000000054
1984-04-19 23:00:00,-55.831025000000054
1984-04-23 23:00:00,-55.862325000000055
1984-04-24 23:00:00,-55.518525000000054
1984-04-25 23:00:00,-55.393525000000054
1984-04-26 23:00:00,-55.206025000000054
1984-04-27 23:00:00,-55.79972500000005
1984-04-30 23:00:00,-56.081025000000054
1984-05-01 23:00:00,-56.04972500000005
1984-05-02 23:00:00,-56.268525000000054
1984-05-03 23:00:00,-56.393525000000054
1984-05-04 23:00:00,-57.206025000000054
1984-05-07 23:00:00,-57.54972500000005
1984-05-08 23:00:00,-57.237325000000055
1984-05-09 23:00:00,-58.018525000000054
1984-05-10 23:00:00,-58.112325000000055
1984-05-11 23:00:00,-59.331025000000054
1984-05-14 23:00:00,-59.487325000000055
1984-05-15 23:00:00,-58.92472500000005
1984-05-16 23:00:00,-58.456025000000054
1984-05-17 23:00:00,-59.17472500000005
1984-05-18 23:00:00,-58.737325000000055
1984-05-21 23:00:00,-58.67472500000005
1984-05-22 23:00:00,-58.987325000000055
1984-05-23 23:00:00,-59.018525000000054
1984-05-24 23:00:00,-59.956025000000054
1984-05-25 23:00:00,-59.92472500000005
1984-05-29 23:00:00,-60.362325000000055
1984-05-30 23:00:00,-60.799825000000055
1984-05-31 23:00:00,-60.581025000000054
1984-06-01 23:00:00,-59.14362500000006
1984-06-04 23:00:00,-58.331025000000054
1984-06-05 23:00:00,-58.362325000000055
1984-06-06 23:00:00,-58.89362500000006
1984-06-07 23:00:00,-59.174825000000055
1984-06-08 23:00:00,-58.924825000000055
1984-06-11 23:00:00,-59.456025000000054
1984-06-12 23:00:00,-59.174825000000055
1984-06-13 23:00:00,-58.549825000000055
1984-06-14 23:00:00,-58.206025000000054
1984-06-15 23:00:00,-57.206025000000054
1984-06-18 23:00:00,-57.362325000000055
1984-06-19 23:00:00,-57.89362500000006
1984-06-20 23:00:00,-59.331025000000054
1984-06-21 23:00:00,-59.64362500000006
1984-06-22 23:00:00,-59.831025000000054
1984-06-25 23:00:00,-59.706025000000054
1984-06-26 23:00:00,-59.987325000000055
1984-06-27 23:00:00,-59.924825000000055
1984-06-28 23:00:00,-60.174825000000055
1984-06-29 23:00:00,-60.424825000000055
1984-07-02 23:00:00,-60.362325000000055
1984-07-03 23:00:00,-59.549825000000055
1984-07-05 23:00:00,-59.424825000000055
1984-07-06 23:00:00,-59.39362500000006
1984-07-09 23:00:00,-57.924825000000055
1984-07-10 23:00:00,-58.081025000000054
1984-07-11 23:00:00,-58.39362500000006
1984-07-12 23:00:00,-57.51862500000006
1984-07-13 23:00:00,-57.081025000000054
1984-07-16 23:00:00,-57.174825000000055
1984-07-17 23:00:00,-57.549825000000055
1984-07-18 23:00:00,-57.331025000000054
1984-07-19 23:00:00,-57.112325000000055
1984-07-20 23:00:00,-57.862325000000055
1984-07-23 23:00:00,-57.456025000000054
1984-07-24 23:00:00,-57.39362500000006
1984-07-25 23:00:00,-55.831025000000054
1984-07-26 23:00:00,-55.456025000000054
1984-07-27 23:00:00,-55.76862500000006
1984-07-30 23:00:00,-56.26862500000006
1984-07-31 23:00:00,-55.549825000000055
1984-08-01 23:00:00,-55.206025000000054
1984-08-02 23:00:00,-54.862325000000055
1984-08-03 23:00:00,-54.081025000000054
1984-08-06 23:00:00,-54.862325000000055
1984-08-07 23:00:00,-54.612325000000055
1984-08-08 23:00:00,-54.424825000000055
1984-08-09 23:00:00,-53.924825000000055
1984-08-10 23:00:00,-54.331025000000054
1984-08-13 23:00:00,-54.612325000000055
1984-08-14 23:00:00,-54.456025000000054
1984-08-15 23:00:00,-54.831025000000054
1984-08-16 23:00:00,-54.299825000000055
1984-08-17 23:00:00,-53.987325000000055
1984-08-20 23:00:00,-53.737325000000055
1984-08-21 23:00:00,-53.331025000000054
1984-08-22 23:00:00,-53.862325000000055
1984-08-23 23:00:00,-54.01862500000006
1984-08-24 23:00:00,-53.924825000000055
1984-08-27 23:00:00,-54.737325000000055
1984-08-28 23:00:00,-54.487325000000055
1984-08-29 23:00:00,-54.643525000000054
1984-08-30 23:00:00,-54.45612500000006
1984-08-31 23:00:00,-54.20612500000006
1984-09-04 23:00:00,-54.58112500000006
1984-09-05 23:00:00,-54.70612500000006
1984-09-06 23:00:00,-53.768525000000054
1984-09-07 23:00:00,-53.45612500000006
1984-09-10 23:00:00,-52.95612500000006
1984-09-11 23:00:00,-52.643525000000054
1984-09-12 23:00:00,-52.612325000000055
1984-09-13 23:00:00,-52.018525000000054
1984-09-14 23:00:00,-51.95612500000006
1984-09-17 23:00:00,-51.70612500000006
1984-09-18 23:00:00,-51.549825000000055
1984-09-19 23:00:00,-50.799825000000055
1984-09-20 23:00:00,-50.862325000000055
1984-09-21 23:00:00,-51.674825000000055
1984-09-24 23:00:00,-52.049825000000055
1984-09-25 23:00:00,-52.424825000000055
1984-09-26 23:00:00,-52.018525000000054
1984-09-27 23:00:00,-51.049825000000055
1984-09-28 23:00:00,-52.143525000000054
1984-10-01 23:00:00,-52.487325000000055
1984-10-02 23:00:00,-52.487325000000055
1984-10-03 23:00:00,-52.737325000000055
1984-10-04 23:00:00,-52.518525000000054
1984-10-05 23:00:00,-51.799825000000055
1984-10-08 23:00:00,-51.674825000000055
1984-10-09 23:00:00,-51.737325000000055
1984-10-10 23:00:00,-51.83112500000006
1984-10-11 23:00:00,-51.518525000000054
1984-10-12 23:00:00,-51.268525000000054
1984-10-15 23:00:00,-51.674825000000055
1984-10-16 23:00:00,-51.58112500000006
1984-10-17 23:00:00,-51.08112500000006
1984-10-18 23:00:00,-49.924825000000055
1984-10-19 23:00:00,-49.08112500000006
1984-10-22 23:00:00,-48.737325000000055
1984-10-23 23:00:00,-48.549825000000055
1984-10-24 23:00:00,-48.45612500000006
1984-10-25 23:00:00,-48.95612500000006
1984-10-26 23:00:00,-49.549825000000055
1984-10-29 23:00:00,-49.393525000000054
1984-10-30 23:00:00,-48.20612500000006
1984-10-31 23:00:00,-48.58112500000006
1984-11-01 23:00:00,-47.83112500000006
1984-11-02 23:00:00,-48.08112500000006
1984-11-05 23:00:00,-47.58112500000006
1984-11-06 23:00:00,-47.612325000000055
1984-11-07 23:00:00,-48.487325000000055
1984-11-08 23:00:00,-49.143525000000054
1984-11-09 23:00:00,-48.424825000000055
1984-11-12 23:00:00,-48.487325000000055
1984-11-13 23:00:00,-49.018525000000054
1984-11-14 23:00:00,-49.20612500000006
1984-11-15 23:00:00,-48.768525000000054
1984-11-16 23:00:00,-48.549825000000055
1984-11-19 23:00:00,-48.174825000000055
1984-11-20 23:00:00,-47.799825000000055
1984-11-21 23:00:00,-47.08112500000006
1984-11-23 23:00:00,-46.112325000000055
1984-11-26 23:00:00,-46.33112500000006
1984-11-27 23:00:00,-46.143525000000054
1984-11-28 23:00:00,-46.768525000000054
1984-11-29 23:00:00,-46.95592500000005
1984-11-30 23:00:00,-47.768525000000054
1984-12-03 23:00:00,-47.61222500000005
1984-12-04 23:00:00,-47.33092500000005
1984-12-05 23:00:00,-47.48722500000005
1984-12-06 23:00:00,-47.83092500000005
1984-12-07 23:00:00,-48.48722500000005
1984-12-10 23:00:00,-48.018525000000054
1984-12-11 23:00:00,-47.643525000000054
1984-12-12 23:00:00,-47.42472500000005
1984-12-13 23:00:00,-48.20592500000005
1984-12-14 23:00:00,-47.393525000000054
1984-12-17 23:00:00,-47.08092500000005
1984-12-18 23:00:00,-45.98722500000005
1984-12-19 23:00:00,-46.393525000000054
1984-12-20 23:00:00,-46.42472500000005
1984-12-21 23:00:00,-46.33092500000005
1984-12-24 23:00:00,-46.20592500000005
1984-12-26 23:00:00,-46.95592500000005
1984-12-27 23:00:00,-47.11222500000005
1984-12-28 23:00:00,-47.143525000000054
1984-12-31 23:00:00,-47.61222500000005
1985-01-02 23:00:00,-48.33092500000005
1985-01-03 23:00:00,-48.018525000000054
1985-01-04 23:00:00,-48.36222500000005
1985-01-07 23:00:00,-47.23722500000005
1985-01-08 23:00:00,-46.95592500000005
1985-01-09 23:00:00,-47.11222500000005
1985-01-10 23:00:00,-47.23722500000005
1985-01-11 23:00:00,-47.893525000000054
1985-01-14 23:00:00,-48.17472500000005
1985-01-15 23:00:00,-47.73722500000005
1985-01-16 23:00:00,-47.893525000000054
1985-01-17 23:00:00,-47.83092500000005
1985-01-18 23:00:00,-47.268525000000054
1985-01-21 23:00:00,-47.33092500000005
1985-01-22 23:00:00,-46.45592500000005
1985-01-23 23:00:00,-46.23722500000005
1985-01-24 23:00:00,-45.08092500000005
1985-01-25 23:00:00,-45.33092500000005
1985-01-28 23:00:00,-45.23722500000005
1985-01-29 23:00:00,-45.08092500000005
1985-01-30 23:00:00,-45.17472500000005
1985-01-31 23:00:00,-45.48722500000005
1985-02-01 23:00:00,-46.23722500000005
1985-02-04 23:00:00,-46.268525000000054
1985-02-05 23:00:00,-45.98722500000005
1985-02-06 23:00:00,-46.54972500000005
1985-02-07 23:00:00,-46.83092500000005
1985-02-08 23:00:00,-46.45592500000005
1985-02-11 23:00:00,-46.86222500000005
1985-02-12 23:00:00,-46.86222500000005
1985-02-13 23:00:00,-46.83092500000005
1985-02-14 23:00:00,-46.17472500000005
1985-02-15 23:00:00,-46.98722500000005
1985-02-19 23:00:00,-46.86222500000005
1985-02-20 23:00:00,-47.79972500000005
1985-02-21 23:00:00,-48.36222500000005
1985-02-22 23:00:00,-48.86222500000005
1985-02-25 23:00:00,-48.893525000000054
1985-02-26 23:00:00,-48.424825000000055
1985-02-27 23:00:00,-49.549825000000055
1985-02-28 23:00:00,-49.831025000000054
1985-03-01 23:00:00,-49.424825000000055
1985-03-04 23:00:00,-50.018525000000054
1985-03-05 23:00:00,-49.48722500000005
1985-03-06 23:00:00,-49.924825000000055
1985-03-07 23:00:00,-50.049825000000055
1985-03-08 23:00:00,-48.893525000000054
1985-03-11 23:00:00,-48.799825000000055
1985-03-12 23:00:00,-48.956025000000054
1985-03-13 23:00:00,-49.456025000000054
1985-03-14 23:00:00,-49.393525000000054
1985-03-15 23:00:00,-49.581025000000054
1985-03-18 23:00:00,-50.174825000000055
1985-03-19 23:00:00,-49.799825000000055
1985-03-20 23:00:00,-49.299825000000055
1985-03-21 23:00:00,-49.049825000000055
1985-03-22 23:00:00,-49.424825000000055
1985-03-25 23:00:00,-49.081025000000054
1985-03-26 23:00:00,-48.424825000000055
1985-03-27 23:00:00,-48.956025000000054
1985-03-28 23:00:00,-48.706025000000054
1985-03-29 23:00:00,-47.98722500000005
1985-04-01 23:00:00,-48.174825000000055
1985-04-02 23:00:00,-48.36222500000005
1985-04-03 23:00:00,-48.424825000000055
1985-04-04 23:00:00,-48.706025000000054
1985-04-08 23:00:00,-48.831025000000054
1985-04-09 23:00:00,-48.174825000000055
1985-04-10 23:00:00,-47.549825000000055
1985-04-11 23:00:00,-46.893525000000054
1985-04-12 23:00:00,-46.956025000000054
1985-04-15 23:00:00,-46.73722500000005
1985-04-16 23:00:00,-46.018525000000054
1985-04-17 23:00:00,-46.331025000000054
1985-04-18 23:00:00,-45.48722500000005
1985-04-19 23:00:00,-45.674825000000055
1985-04-22 23:00:00,-45.48722500000005
1985-04-23 23:00:00,-46.331025000000054
1985-04-24 23:00:00,-46.456025000000054
1985-04-25 23:00:00,-46.893525000000054
1985-04-26 23:00:00,-46.706025000000054
1985-04-29 23:00:00,-47.331025000000054
1985-04-30 23:00:00,-46.956025000000054
1985-05-01 23:00:00,-46.518525000000054
1985-05-02 23:00:00,-46.206025000000054
1985-05-03 23:00:00,-45.831025000000054
1985-05-06 23:00:00,-45.73722500000005
1985-05-07 23:00:00,-45.674825000000055
1985-05-08 23:00:00,-46.299825000000055
1985-05-09 23:00:00,-45.643525000000054
1985-05-10 23:00:00,-44.768525000000054
1985-05-13 23:00:00,-44.86222500000005
1985-05-14 23:00:00,-43.98722500000005
1985-05-15 23:00:00,-44.143525000000054
1985-05-16 23:00:00,-43.581025000000054
1985-05-17 23:00:00,-43.831025000000054
1985-05-20 23:00:00,-42.268525000000054
1985-05-21 23:00:00,-42.456025000000054
1985-05-22 23:00:00,-42.799825000000055
1985-05-23 23:00:00,-42.61222500000005
1985-05-24 23:00:00,-42.331025000000054
1985-05-28 23:00:00,-41.331025000000054
1985-05-29 23:00:00,-41.36222500000005
1985-05-30 23:00:00,-40.86222500000005
1985-05-31 23:00:00,-40.299825000000055
1985-06-03 23:00:00,-38.98722500000005
1985-06-04 23:00:00,-38.956025000000054
1985-06-05 23:00:00,-37.706025000000054
1985-06-06 23:00:00,-38.174825000000055
1985-06-07 23:00:00,-39.98722500000005
1985-06-10 23:00:00,-39.674825000000055
1985-06-11 23:00:00,-39.081025000000054
1985-06-12 23:00:00,-39.456025000000054
1985-06-13 23:00:00,-39.768525000000054
1985-06-14 23:00:00,-38.424825000000055
1985-06-17 23:00:00,-38.393525000000054
1985-06-18 23:00:00,-37.831025000000054
1985-06-19 23:00:00,-39.018525000000054
1985-06-20 23:00:00,-39.643525000000054
1985-06-21 23:00:00,-40.581025000000054
1985-06-24 23:00:00,-41.049825000000055
1985-06-25 23:00:00,-41.206025000000054
1985-06-26 23:00:00,-41.268525000000054
1985-06-27 23:00:00,-40.268525000000054
1985-06-28 23:00:00,-39.643525000000054
1985-07-01 23:00:00,-39.206025000000054
1985-07-02 23:00:00,-39.393525000000054
1985-07-03 23:00:00,-39.456025000000054
1985-07-05 23:00:00,-37.706025000000054
1985-07-08 23:00:00,-38.393525000000054
1985-07-09 23:00:00,-38.393525000000054
1985-07-10 23:00:00,-38.706025000000054
1985-07-11 23:00:00,-39.518525000000054
1985-07-12 23:00:00,-39.268525000000054
1985-07-15 23:00:00,-39.331025000000054
1985-07-16 23:00:00,-38.956025000000054
1985-07-17 23:00:00,-38.674825000000055
1985-07-18 23:00:00,-40.143525000000054
1985-07-19 23:00:00,-40.268525000000054
1985-07-22 23:00:00,-40.86222500000005
1985-07-23 23:00:00,-40.768525000000054
1985-07-24 23:00:00,-41.11222500000005
1985-07-25 23:00:00,-41.299825000000055
1985-07-26 23:00:00,-41.643525000000054
1985-07-29 23:00:00,-42.081025000000054
1985-07-30 23:00:00,-42.049825000000055
1985-07-31 23:00:00,-41.518525000000054
1985-08-01 23:00:00,-40.86222500000005
1985-08-02 23:00:00,-41.924825000000055
1985-08-05 23:00:00,-41.581025000000054
1985-08-06 23:00:00,-41.73722500000005
1985-08-07 23:00:00,-41.206025000000054
1985-08-08 23:00:00,-40.456025000000054
1985-08-09 23:00:00,-40.299825000000055
1985-08-12 23:00:00,-40.331025000000054
1985-08-13 23:00:00,-40.98722500000005
1985-08-14 23:00:00,-40.48722500000005
1985-08-15 23:00:00,-40.581025000000054
1985-08-16 23:00:00,-39.956025000000054
1985-08-19 23:00:00,-39.61222500000005
1985-08-20 23:00:00,-39.393525000000054
1985-08-21 23:00:00,-38.98722500000005
1985-08-22 23:00:00,-38.924825000000055
1985-08-23 23:00:00,-38.98722500000005
1985-08-26 23:00:00,-39.23722500000005
1985-08-27 23:00:00,-38.61222500000005
1985-08-28 23:00:00,-38.86222500000005
1985-08-29 23:00:00,-38.581025000000054
1985-08-30 23:00:00,-39.549825000000055
1985-09-03 23:00:00,-39.268525000000054
1985-09-04 23:00:00,-38.86222500000005
1985-09-05 23:00:00,-39.518525000000054
1985-09-06 23:00:00,-41.268525000000054
1985-09-09 23:00:00,-41.393525000000054
1985-09-10 23:00:00,-41.206025000000054
1985-09-11 23:00:00,-41.299825000000055
1985-09-12 23:00:00,-41.299825000000055
1985-09-13 23:00:00,-40.48722500000005
1985-09-16 23:00:00,-40.174825000000055
1985-09-17 23:00:00,-40.674825000000055
1985-09-18 23:00:00,-40.86222500000005
1985-09-19 23:00:00,-40.643525000000054
1985-09-20 23:00:00,-40.143525000000054
1985-09-23 23:00:00,-40.549825000000055
1985-09-24 23:00:00,-40.174825000000055
1985-09-25 23:00:00,-39.956025000000054
1985-09-26 23:00:00,-39.518525000000054
1985-09-27 23:00:00,-40.018525000000054
1985-09-30 23:00:00,-39.98722500000005
1985-10-01 23:00:00,-39.86222500000005
1985-10-02 23:00:00,-40.518525000000054
1985-10-03 23:00:00,-40.23722500000005
1985-10-04 23:00:00,-40.581025000000054
1985-10-07 23:00:00,-40.956025000000054
1985-10-08 23:00:00,-40.674825000000055
1985-10-09 23:00:00,-40.831025000000054
1985-10-10 23:00:00,-40.48722500000005
1985-10-11 23:00:00,-40.456025000000054
1985-10-14 23:00:00,-40.174825000000055
1985-10-15 23:00:00,-39.98722500000005
1985-10-16 23:00:00,-39.643525000000054
1985-10-17 23:00:00,-39.174825000000055
1985-10-18 23:00:00,-38.893525000000054
1985-10-21 23:00:00,-38.86222500000005
1985-10-22 23:00:00,-38.299825000000055
1985-10-23 23:00:00,-38.331025000000054
1985-10-24 23:00:00,-38.48722500000005
1985-10-25 23:00:00,-38.956025000000054
1985-10-28 23:00:00,-39.331025000000054
1985-10-29 23:00:00,-37.831025000000054
1985-10-30 23:00:00,-37.143525000000054
1985-10-31 23:00:00,-37.049825000000055
1985-11-01 23:00:00,-36.86222500000005
1985-11-04 23:00:00,-36.768525000000054
1985-11-05 23:00:00,-36.393525000000054
1985-11-06 23:00:00,-36.581025000000054
1985-11-07 23:00:00,-36.393525000000054
1985-11-08 23:00:00,-35.924825000000055
1985-11-11 23:00:00,-36.018525000000054
1985-11-12 23:00:00,-34.98722500000005
1985-11-13 23:00:00,-35.393525000000054
1985-11-14 23:00:00,-35.73722500000005
1985-11-15 23:00:00,-36.11222500000005
1985-11-18 23:00:00,-34.674825000000055
1985-11-19 23:00:00,-34.643525000000054
1985-11-20 23:00:00,-34.581025000000054
1985-11-21 23:00:00,-34.143525000000054
1985-11-22 23:00:00,-34.73722500000005
1985-11-25 23:00:00,-34.893525000000054
1985-11-26 23:00:00,-34.768525000000054
1985-11-27 23:00:00,-34.268525000000054
1985-11-29 23:00:00,-33.893525000000054
1985-12-02 23:00:00,-34.79972500000005
1985-12-03 23:00:00,-34.768525000000054
1985-12-04 23:00:00,-34.268525000000054
1985-12-05 23:00:00,-34.362325000000055
1985-12-06 23:00:00,-34.456025000000054
1985-12-09 23:00:00,-33.04972500000005
1985-12-10 23:00:00,-32.29972500000005
1985-12-11 23:00:00,-31.237325000000055
1985-12-12 23:00:00,-31.737325000000055
1985-12-13 23:00:00,-31.174725000000052
1985-12-16 23:00:00,-30.518525000000054
1985-12-17 23:00:00,-29.768525000000054
1985-12-18 23:00:00,-30.268525000000054
1985-12-19 23:00:00,-30.018525000000054
1985-12-20 23:00:00,-29.487325000000055
1985-12-23 23:00:00,-29.831025000000054
1985-12-24 23:00:00,-29.612325000000055
1985-12-26 23:00:00,-29.362325000000055
1985-12-27 23:00:00,-29.081025000000054
1985-12-30 23:00:00,-29.237325000000055
1985-12-31 23:00:00,-29.174725000000052
1986-01-02 23:00:00,-29.393525000000054
1986-01-03 23:00:00,-29.456025000000054
1986-01-06 23:00:00,-29.518525000000054
1986-01-07 23:00:00,-28.237325000000055
1986-01-08 23:00:00,-30.049725000000052
1986-01-09 23:00:00,-30.799725000000052
1986-01-10 23:00:00,-31.268525000000054
1986-01-13 23:00:00,-32.612325000000055
1986-01-14 23:00:00,-31.831025000000054
1986-01-15 23:00:00,-31.112325000000055
1986-01-16 23:00:00,-31.049725000000052
1986-01-17 23:00:00,-30.674725000000052
1986-01-20 23:00:00,-30.862325000000055
1986-01-21 23:00:00,-30.518525000000054
1986-01-22 23:00:00,-31.081025000000054
1986-01-23 23:00:00,-30.737325000000055
1986-01-24 23:00:00,-30.768525000000054
1986-01-27 23:00:00,-29.768525000000054
1986-01-28 23:00:00,-29.049725000000052
1986-01-29 23:00:00,-29.487325000000055
1986-01-30 23:00:00,-29.581025000000054
1986-01-31 23:00:00,-29.237325000000055
1986-02-03 23:00:00,-28.581025000000054
1986-02-04 23:00:00,-27.987325000000055
1986-02-05 23:00:00,-28.518525000000054
1986-02-06 23:00:00,-29.049725000000052
1986-02-07 23:00:00,-29.737325000000055
1986-02-10 23:00:00,-28.956025000000054
1986-02-11 23:00:00,-28.237325000000055
1986-02-12 23:00:00,-28.112325000000055
1986-02-13 23:00:00,-27.581025000000054
1986-02-14 23:00:00,-26.174725000000052
1986-02-18 23:00:00,-25.831025000000054
1986-02-19 23:00:00,-26.362325000000055
1986-02-20 23:00:00,-26.018525000000054
1986-02-21 23:00:00,-24.206025000000054
1986-02-24 23:00:00,-22.956025000000054
1986-02-25 23:00:00,-22.924725000000052
1986-02-26 23:00:00,-22.049725000000052
1986-02-27 23:00:00,-20.049725000000052
1986-02-28 23:00:00,-19.424725000000052
1986-03-03 23:00:00,-18.112225000000052
1986-03-04 23:00:00,-17.799725000000052
1986-03-05 23:00:00,-19.799725000000052
1986-03-06 23:00:00,-19.799725000000052
1986-03-07 23:00:00,-19.049725000000052
1986-03-10 23:00:00,-17.08092500000005
1986-03-11 23:00:00,-16.58092500000005
1986-03-12 23:00:00,-16.393525000000054
1986-03-13 23:00:00,-16.987225000000052
1986-03-14 23:00:00,-16.58092500000005
1986-03-17 23:00:00,-16.95592500000005
1986-03-18 23:00:00,-17.643525000000054
1986-03-19 23:00:00,-17.20592500000005
1986-03-20 23:00:00,-16.768525000000054
1986-03-21 23:00:00,-17.143525000000054
1986-03-24 23:00:00,-15.95592500000005
1986-03-25 23:00:00,-16.018525000000054
1986-03-26 23:00:00,-14.95592500000005
1986-03-27 23:00:00,-12.98672500000005
1986-03-31 23:00:00,-11.112725000000054
1986-04-01 23:00:00,-11.674725000000052
1986-04-02 23:00:00,-11.330725000000058
1986-04-03 23:00:00,-12.080725000000058
1986-04-04 23:00:00,-13.080725000000058
1986-04-07 23:00:00,-13.45592500000005
1986-04-08 23:00:00,-11.455725000000058
1986-04-09 23:00:00,-10.299725000000052
1986-04-10 23:00:00,-10.174725000000052
1986-04-11 23:00:00,-11.018725000000046
1986-04-14 23:00:00,-9.73672500000005
1986-04-15 23:00:00,-10.580725000000058
1986-04-16 23:00:00,-8.580725000000058
1986-04-17 23:00:00,-8.643725000000046
1986-04-18 23:00:00,-9.549725000000052
1986-04-21 23:00:00,-9.518725000000046
1986-04-22 23:00:00,-11.518725000000046
1986-04-23 23:00:00,-13.23672500000005
1986-04-24 23:00:00,-14.83092500000005
1986-04-25 23:00:00,-15.174725000000052
1986-04-28 23:00:00,-13.768525000000054
1986-04-29 23:00:00,-12.643725000000046
1986-04-30 23:00:00,-12.674725000000052
1986-05-01 23:00:00,-13.518525000000054
1986-05-02 23:00:00,-14.518525000000054
1986-05-05 23:00:00,-12.518725000000046
1986-05-06 23:00:00,-12.924725000000052
1986-05-07 23:00:00,-13.268725000000046
1986-05-08 23:00:00,-12.768725000000046
1986-05-09 23:00:00,-14.268525000000054
1986-05-12 23:00:00,-16.237225000000052
1986-05-13 23:00:00,-15.518525000000054
1986-05-14 23:00:00,-15.58092500000005
1986-05-15 23:00:00,-17.612225000000052
1986-05-16 23:00:00,-18.487225000000052
1986-05-19 23:00:00,-18.549725000000052
1986-05-20 23:00:00,-17.237225000000052
1986-05-21 23:00:00,-17.518525000000054
1986-05-22 23:00:00,-17.393525000000054
1986-05-23 23:00:00,-16.549725000000052
1986-05-27 23:00:00,-15.393525000000054
1986-05-28 23:00:00,-15.95592500000005
1986-05-29 23:00:00,-17.95592500000005
1986-05-30 23:00:00,-19.70592500000005
1986-06-02 23:00:00,-21.674725000000052
1986-06-03 23:00:00,-20.174725000000052
1986-06-04 23:00:00,-22.112225000000052
1986-06-05 23:00:00,-21.237225000000052
1986-06-06 23:00:00,-19.237225000000052
1986-06-09 23:00:00,-21.362225000000052
1986-06-10 23:00:00,-20.799725000000052
1986-06-11 23:00:00,-19.83092500000005
1986-06-12 23:00:00,-19.95592500000005
1986-06-13 23:00:00,-17.95592500000005
1986-06-16 23:00:00,-16.362225000000052
1986-06-17 23:00:00,-16.08092500000005
1986-06-18 23:00:00,-16.143525000000054
1986-06-19 23:00:00,-17.549725000000052
1986-06-20 23:00:00,-15.737225000000052
1986-06-23 23:00:00,-14.893525000000054
1986-06-24 23:00:00,-14.549725000000052
1986-06-25 23:00:00,-14.643525000000054
1986-06-26 23:00:00,-14.45592500000005
1986-06-27 23:00:00,-13.674725000000052
1986-06-30 23:00:00,-13.237225000000052
1986-07-01 23:00:00,-13.487225000000052
1986-07-02 23:00:00,-13.45592500000005
1986-07-03 23:00:00,-12.268725000000046
1986-07-07 23:00:00,-12.674725000000052
1986-07-08 23:00:00,-14.518525000000054
1986-07-09 23:00:00,-12.987225000000052
1986-07-10 23:00:00,-13.08092500000005
1986-07-11 23:00:00,-13.424725000000052
1986-07-14 23:00:00,-12.36172500000005
1986-07-15 23:00:00,-11.768725000000046
1986-07-16 23:00:00,-12.643725000000046
1986-07-17 23:00:00,-13.143525000000054
1986-07-18 23:00:00,-13.018525000000054
1986-07-21 23:00:00,-12.83092500000005
1986-07-22 23:00:00,-14.08092500000005
1986-07-23 23:00:00,-15.112225000000052
1986-07-24 23:00:00,-16.112225000000052
1986-07-25 23:00:00,-15.799725000000052
1986-07-28 23:00:00,-17.799725000000052
1986-07-29 23:00:00,-16.33092500000005
1986-07-30 23:00:00,-15.799725000000052
1986-07-31 23:00:00,-14.987225000000052
1986-08-01 23:00:00,-15.393525000000054
1986-08-04 23:00:00,-15.018525000000054
1986-08-05 23:00:00,-16.237225000000052
1986-08-06 23:00:00,-16.58092500000005
1986-08-07 23:00:00,-15.643525000000054
1986-08-08 23:00:00,-13.70592500000005
1986-08-11 23:00:00,-12.95592500000005
1986-08-12 23:00:00,-13.018525000000054
1986-08-13 23:00:00,-11.768725000000046
1986-08-14 23:00:00,-12.018725000000046
1986-08-15 23:00:00,-12.018725000000046
1986-08-18 23:00:00,-11.674725000000052
1986-08-19 23:00:00,-10.549725000000052
1986-08-20 23:00:00,-10.36172500000005
1986-08-21 23:00:00,-10.924725000000052
1986-08-22 23:00:00,-12.018725000000046
1986-08-25 23:00:00,-11.487725000000054
1986-08-26 23:00:00,-10.393725000000046
1986-08-27 23:00:00,-11.768725000000046
1986-08-28 23:00:00,-11.205725000000044
1986-08-29 23:00:00,-10.36172500000005
1986-09-02 23:00:00,-12.361925000000042
1986-09-03 23:00:00,-13.955725000000044
1986-09-04 23:00:00,-13.955725000000044
1986-09-05 23:00:00,-15.611925000000042
1986-09-08 23:00:00,-16.299525000000045
1986-09-09 23:00:00,-15.486925000000042
1986-09-10 23:00:00,-15.393225000000044
1986-09-11 23:00:00,-17.393225000000044
1986-09-12 23:00:00,-18.455725000000044
1986-09-15 23:00:00,-17.424525000000045
1986-09-16 23:00:00,-17.361925000000042
1986-09-17 23:00:00,-16.736925000000042
1986-09-18 23:00:00,-18.361925000000042
1986-09-19 23:00:00,-19.518225000000044
1986-09-22 23:00:00,-18.486925000000042
1986-09-23 23:00:00,-18.143225000000044
1986-09-24 23:00:00,-16.424525000000045
1986-09-25 23:00:00,-16.861925000000042
1986-09-26 23:00:00,-16.424525000000045
1986-09-29 23:00:00,-17.205725000000044
1986-09-30 23:00:00,-15.518225000000044
1986-10-01 23:00:00,-15.393225000000044
1986-10-02 23:00:00,-15.893225000000044
1986-10-03 23:00:00,-14.893225000000044
1986-10-06 23:00:00,-14.955725000000044
1986-10-07 23:00:00,-14.705725000000044
1986-10-08 23:00:00,-15.486925000000042
1986-10-09 23:00:00,-15.361925000000042
1986-10-10 23:00:00,-15.893225000000044
1986-10-13 23:00:00,-15.986925000000042
1986-10-14 23:00:00,-17.330725000000044
1986-10-15 23:00:00,-16.861925000000042
1986-10-16 23:00:00,-17.393225000000044
1986-10-17 23:00:00,-17.518225000000044
1986-10-20 23:00:00,-18.424525000000045
1986-10-21 23:00:00,-17.393225000000044
1986-10-22 23:00:00,-16.486925000000042
1986-10-23 23:00:00,-15.799525000000045
1986-10-24 23:00:00,-16.174525000000045
1986-10-27 23:00:00,-15.486925000000042
1986-10-28 23:00:00,-15.861925000000042
1986-10-29 23:00:00,-14.955725000000044
1986-10-30 23:00:00,-13.924525000000045
1986-10-31 23:00:00,-13.986925000000042
1986-11-03 23:00:00,-13.424525000000045
1986-11-04 23:00:00,-13.455725000000044
1986-11-05 23:00:00,-13.455725000000044
1986-11-06 23:00:00,-14.799525000000045
1986-11-07 23:00:00,-15.768225000000044
1986-11-10 23:00:00,-15.518225000000044
1986-11-11 23:00:00,-15.643225000000044
1986-11-12 23:00:00,-15.111925000000042
1986-11-13 23:00:00,-14.799525000000045
1986-11-14 23:00:00,-13.924525000000045
1986-11-17 23:00:00,-12.736925000000042
1986-11-18 23:00:00,-13.518225000000044
1986-11-19 23:00:00,-12.236925000000042
1986-11-20 23:00:00,-12.549525000000045
1986-11-21 23:00:00,-12.424525000000045
1986-11-24 23:00:00,-11.799725000000038
1986-11-25 23:00:00,-12.674525000000045
1986-11-26 23:00:00,-12.455725000000044
1986-11-28 23:00:00,-12.393225000000044
1986-12-01 23:00:00,-12.705725000000044
1986-12-02 23:00:00,-11.299425000000042
1986-12-03 23:00:00,-11.018225000000044
1986-12-04 23:00:00,-10.487225000000038
1986-12-05 23:00:00,-12.393225000000044
1986-12-08 23:00:00,-11.612025000000045
1986-12-09 23:00:00,-11.799425000000042
1986-12-10 23:00:00,-11.205725000000044
1986-12-11 23:00:00,-12.393225000000044
1986-12-12 23:00:00,-12.330725000000044
1986-12-15 23:00:00,-12.362025000000045
1986-12-16 23:00:00,-11.987025000000045
1986-12-17 23:00:00,-11.893225000000044
1986-12-18 23:00:00,-11.799425000000042
1986-12-19 23:00:00,-11.393225000000044
1986-12-22 23:00:00,-11.04922500000005
1986-12-23 23:00:00,-10.831225000000046
1986-12-24 23:00:00,-10.768225000000044
1986-12-26 23:00:00,-10.893225000000044
1986-12-29 23:00:00,-12.112025000000045
1986-12-30 23:00:00,-12.580725000000044
1986-12-31 23:00:00,-12.955725000000044
1987-01-02 23:00:00,-11.237025000000045
1987-01-05 23:00:00,-10.581225000000046
1987-01-06 23:00:00,-10.643225000000044
1987-01-07 23:00:00,-10.143225000000044
1987-01-08 23:00:00,-10.018225000000044
1987-01-09 23:00:00,-9.54922500000005
1987-01-12 23:00:00,-10.112225000000038
1987-01-13 23:00:00,-10.581225000000046
1987-01-14 23:00:00,-11.04922500000005
1987-01-15 23:00:00,-10.955225000000041
1987-01-16 23:00:00,-10.018225000000044
1987-01-19 23:00:00,-9.643225000000044
1987-01-20 23:00:00,-9.612225000000038
1987-01-21 23:00:00,-9.67422500000005
1987-01-22 23:00:00,-9.768225000000044
1987-01-23 23:00:00,-10.768225000000044
1987-01-26 23:00:00,-11.674425000000042
1987-01-27 23:00:00,-11.518225000000044
1987-01-28 23:00:00,-10.955225000000041
1987-01-29 23:00:00,-11.018225000000044
1987-01-30 23:00:00,-11.455725000000044
1987-02-02 23:00:00,-11.799425000000042
1987-02-03 23:00:00,-11.893225000000044
1987-02-04 23:00:00,-11.580725000000044
1987-02-05 23:00:00,-10.518225000000044
1987-02-06 23:00:00,-10.612225000000038
1987-02-09 23:00:00,-11.549425000000042
1987-02-10 23:00:00,-12.362025000000045
1987-02-11 23:00:00,-12.705725000000044
1987-02-12 23:00:00,-11.799425000000042
1987-02-13 23:00:00,-11.643225000000044
1987-02-17 23:00:00,-11.799425000000042
1987-02-18 23:00:00,-11.268225000000044
1987-02-19 23:00:00,-10.893225000000044
1987-02-20 23:00:00,-10.831225000000046
1987-02-23 23:00:00,-10.487225000000038
1987-02-24 23:00:00,-9.893225000000044
1987-02-25 23:00:00,-10.143225000000044
1987-02-26 23:00:00,-10.04922500000005
1987-02-27 23:00:00,-9.736225000000047
1987-03-02 23:00:00,-9.393225000000044
1987-03-03 23:00:00,-9.893225000000044
1987-03-04 23:00:00,-8.79922500000005
1987-03-05 23:00:00,-8.955225000000056
1987-03-06 23:00:00,-9.862225000000052
1987-03-09 23:00:00,-9.893225000000044
1987-03-10 23:00:00,-10.018225000000044
1987-03-11 23:00:00,-10.04922500000005
1987-03-12 23:00:00,-9.768225000000044
1987-03-13 23:00:00,-9.42422500000005
1987-03-16 23:00:00,-9.643225000000044
1987-03-17 23:00:00,-9.29922500000005
1987-03-18 23:00:00,-9.393225000000044
1987-03-19 23:00:00,-9.29922500000005
1987-03-20 23:00:00,-9.518225000000044
1987-03-23 23:00:00,-9.862225000000052
1987-03-24 23:00:00,-10.080225000000056
1987-03-25 23:00:00,-9.893225000000044
1987-03-26 23:00:00,-9.455225000000056
1987-03-27 23:00:00,-10.48672500000005
1987-03-30 23:00:00,-12.42422500000005
1987-03-31 23:00:00,-11.705425000000048
1987-04-01 23:00:00,-12.455425000000048
1987-04-02 23:00:00,-12.92422500000005
1987-04-03 23:00:00,-12.42422500000005
1987-04-06 23:00:00,-12.04922500000005
1987-04-07 23:00:00,-12.92422500000005
1987-04-08 23:00:00,-12.768025000000051
1987-04-09 23:00:00,-14.455425000000048
1987-04-10 23:00:00,-15.48672500000005
1987-04-13 23:00:00,-16.23672500000005
1987-04-14 23:00:00,-17.54922500000005
1987-04-15 23:00:00,-16.92422500000005
1987-04-16 23:00:00,-15.955425000000048
1987-04-20 23:00:00,-17.61172500000005
1987-04-21 23:00:00,-17.580425000000048
1987-04-22 23:00:00,-17.98672500000005
1987-04-23 23:00:00,-18.73672500000005
1987-04-24 23:00:00,-20.61172500000005
1987-04-27 23:00:00,-18.98672500000005
1987-04-28 23:00:00,-17.955425000000048
1987-04-29 23:00:00,-18.36172500000005
1987-04-30 23:00:00,-17.11172500000005
1987-05-01 23:00:00,-18.36172500000005
1987-05-04 23:00:00,-19.67422500000005
1987-05-05 23:00:00,-18.580425000000048
1987-05-06 23:00:00,-19.42422500000005
1987-05-07 23:00:00,-18.17422500000005
1987-05-08 23:00:00,-17.955425000000048
1987-05-11 23:00:00,-19.39302500000005
1987-05-12 23:00:00,-19.080425000000048
1987-05-13 23:00:00,-18.89302500000005
1987-05-14 23:00:00,-19.205425000000048
1987-05-15 23:00:00,-21.29922500000005
1987-05-18 23:00:00,-20.36172500000005
1987-05-19 23:00:00,-21.955425000000048
1987-05-20 23:00:00,-22.29922500000005
1987-05-21 23:00:00,-21.98672500000005
1987-05-22 23:00:00,-20.73672500000005
1987-05-26 23:00:00,-18.42422500000005
1987-05-27 23:00:00,-19.04922500000005
1987-05-28 23:00:00,-19.04922500000005
1987-05-29 23:00:00,-18.08052500000005
1987-06-01 23:00:00,-18.361825000000053
1987-06-02 23:00:00,-20.64302500000005
1987-06-03 23:00:00,-19.83052500000005
1987-06-04 23:00:00,-19.611825000000053
1987-06-05 23:00:00,-18.486825000000053
1987-06-08 23:00:00,-18.736825000000053
1987-06-09 23:00:00,-19.111825000000053
1987-06-10 23:00:00,-18.95552500000005
1987-06-11 23:00:00,-18.64302500000005
1987-06-12 23:00:00,-16.736825000000053
1987-06-15 23:00:00,-16.51802500000005
1987-06-16 23:00:00,-16.611825000000053
1987-06-17 23:00:00,-16.17422500000005
1987-06-18 23:00:00,-16.54922500000005
1987-06-19 23:00:00,-16.67422500000005
1987-06-22 23:00:00,-15.955525000000051
1987-06-23 23:00:00,-16.17422500000005
1987-06-24 23:00:00,-16.986825000000053
1987-06-25 23:00:00,-16.54922500000005
1987-06-26 23:00:00,-17.67422500000005
1987-06-29 23:00:00,-17.17422500000005
1987-06-30 23:00:00,-17.64302500000005
1987-07-01 23:00:00,-17.54922500000005
1987-07-02 23:00:00,-16.58052500000005
1987-07-06 23:00:00,-16.611825000000053
1987-07-07 23:00:00,-16.29922500000005
1987-07-08 23:00:00,-16.89302500000005
1987-07-09 23:00:00,-17.64302500000005
1987-07-10 23:00:00,-16.861825000000053
1987-07-13 23:00:00,-17.486825000000053
1987-07-14 23:00:00,-16.67422500000005
1987-07-15 23:00:00,-17.611825000000053
1987-07-16 23:00:00,-17.361825000000053
1987-07-17 23:00:00,-16.861825000000053
1987-07-20 23:00:00,-17.42422500000005
1987-07-21 23:00:00,-18.51802500000005
1987-07-22 23:00:00,-18.95552500000005
1987-07-23 23:00:00,-19.08052500000005
1987-07-24 23:00:00,-19.361825000000053
1987-07-27 23:00:00,-19.45552500000005
1987-07-28 23:00:00,-19.67422500000005
1987-07-29 23:00:00,-19.486825000000053
1987-07-30 23:00:00,-19.17422500000005
1987-07-31 23:00:00,-19.64302500000005
1987-08-03 23:00:00,-20.95552500000005
1987-08-04 23:00:00,-20.95552500000005
1987-08-05 23:00:00,-19.92422500000005
1987-08-06 23:00:00,-20.17422500000005
1987-08-07 23:00:00,-19.70552500000005
1987-08-10 23:00:00,-19.95552500000005
1987-08-11 23:00:00,-19.79922500000005
1987-08-12 23:00:00,-19.70552500000005
1987-08-13 23:00:00,-18.67422500000005
1987-08-14 23:00:00,-18.20552500000005
1987-08-17 23:00:00,-18.04922500000005
1987-08-18 23:00:00,-19.92422500000005
1987-08-19 23:00:00,-20.17422500000005
1987-08-20 23:00:00,-19.486825000000053
1987-08-21 23:00:00,-19.861825000000053
1987-08-24 23:00:00,-19.95552500000005
1987-08-25 23:00:00,-19.42422500000005
1987-08-26 23:00:00,-19.986825000000053
1987-08-27 23:00:00,-21.14302500000005
1987-08-28 23:00:00,-21.799325000000053
1987-08-31 23:00:00,-21.674325000000053
1987-09-01 23:00:00,-22.174325000000053
1987-09-02 23:00:00,-24.14302500000005
1987-09-03 23:00:00,-24.049325000000053
1987-09-04 23:00:00,-24.23672500000005
1987-09-08 23:00:00,-25.86172500000005
1987-09-09 23:00:00,-25.83052500000005
1987-09-10 23:00:00,-25.39302500000005
1987-09-11 23:00:00,-24.58052500000005
1987-09-14 23:00:00,-24.73672500000005
1987-09-15 23:00:00,-25.70552500000005
1987-09-16 23:00:00,-26.20552500000005
1987-09-17 23:00:00,-25.86172500000005
1987-09-18 23:00:00,-25.049325000000053
1987-09-21 23:00:00,-25.549325000000053
1987-09-22 23:00:00,-24.64302500000005
1987-09-23 23:00:00,-24.76802500000005
1987-09-24 23:00:00,-25.83052500000005
1987-09-25 23:00:00,-25.86172500000005
1987-09-28 23:00:00,-25.70552500000005
1987-09-29 23:00:00,-26.51802500000005
1987-09-30 23:00:00,-26.51802500000005
1987-10-01 23:00:00,-26.45552500000005
1987-10-02 23:00:00,-25.549325000000053
1987-10-05 23:00:00,-26.48672500000005
1987-10-06 23:00:00,-26.61172500000005
1987-10-07 23:00:00,-26.61172500000005
1987-10-08 23:00:00,-27.48672500000005
1987-10-09 23:00:00,-28.11172500000005
1987-10-12 23:00:00,-28.95552500000005
1987-10-13 23:00:00,-27.70552500000005
1987-10-14 23:00:00,-29.549325000000053
1987-10-15 23:00:00,-29.76802500000005
1987-10-16 23:00:00,-30.26802500000005
1987-10-19 23:00:00,-30.424325000000053
1987-10-20 23:00:00,-27.424325000000053
1987-10-21 23:00:00,-24.51802500000005
1987-10-22 23:00:00,-21.83052500000005
1987-10-23 23:00:00,-21.64302500000005
1987-10-26 23:00:00,-20.01802500000005
1987-10-27 23:00:00,-20.95552500000005
1987-10-28 23:00:00,-21.98672500000005
1987-10-29 23:00:00,-21.33052500000005
1987-10-30 23:00:00,-20.64302500000005
1987-11-02 23:00:00,-21.08052500000005
1987-11-03 23:00:00,-20.08052500000005
1987-11-04 23:00:00,-18.98672500000005
1987-11-05 23:00:00,-18.11172500000005
1987-11-06 23:00:00,-18.674325000000053
1987-11-09 23:00:00,-18.76802500000005
1987-11-10 23:00:00,-18.86172500000005
1987-11-11 23:00:00,-19.23672500000005
1987-11-12 23:00:00,-19.049325000000053
1987-11-13 23:00:00,-19.39302500000005
1987-11-16 23:00:00,-18.95552500000005
1987-11-17 23:00:00,-19.45552500000005
1987-11-18 23:00:00,-19.36172500000005
1987-11-19 23:00:00,-19.049325000000053
1987-11-20 23:00:00,-18.674325000000053
1987-11-23 23:00:00,-18.64302500000005
1987-11-24 23:00:00,-19.51802500000005
1987-11-25 23:00:00,-20.20552500000005
1987-11-27 23:00:00,-21.14302500000005
1987-11-30 23:00:00,-20.54922500000005
1987-12-01 23:00:00,-20.86172500000005
1987-12-02 23:00:00,-20.64302500000005
1987-12-03 23:00:00,-20.205425000000048
1987-12-04 23:00:00,-20.42422500000005
1987-12-07 23:00:00,-21.51802500000005
1987-12-08 23:00:00,-21.830425000000048
1987-12-09 23:00:00,-21.36172500000005
1987-12-10 23:00:00,-23.14302500000005
1987-12-11 23:00:00,-23.580425000000048
1987-12-14 23:00:00,-23.14302500000005
1987-12-15 23:00:00,-21.580425000000048
1987-12-16 23:00:00,-20.61172500000005
1987-12-17 23:00:00,-20.955425000000048
1987-12-18 23:00:00,-19.04922500000005
1987-12-21 23:00:00,-19.23672500000005
1987-12-22 23:00:00,-19.73672500000005
1987-12-23 23:00:00,-18.36172500000005
1987-12-24 23:00:00,-18.61172500000005
1987-12-28 23:00:00,-19.39302500000005
1987-12-29 23:00:00,-18.92422500000005
1987-12-30 23:00:00,-18.455425000000048
1987-12-31 23:00:00,-19.330425000000048
1988-01-04 23:00:00,-18.98672500000005
1988-01-05 23:00:00,-18.36172500000005
1988-01-06 23:00:00,-19.17422500000005
1988-01-07 23:00:00,-19.080425000000048
1988-01-08 23:00:00,-20.98672500000005
1988-01-11 23:00:00,-20.080425000000048
1988-01-12 23:00:00,-20.26802500000005
1988-01-13 23:00:00,-19.39302500000005
1988-01-14 23:00:00,-19.48672500000005
1988-01-15 23:00:00,-16.79922500000005
1988-01-18 23:00:00,-17.17422500000005
1988-01-19 23:00:00,-17.11172500000005
1988-01-20 23:00:00,-16.830425000000048
1988-01-21 23:00:00,-16.17422500000005
1988-01-22 23:00:00,-15.73672500000005
1988-01-25 23:00:00,-15.36172500000005
1988-01-26 23:00:00,-16.23672500000005
1988-01-27 23:00:00,-14.54922500000005
1988-01-28 23:00:00,-14.018025000000051
1988-01-29 23:00:00,-13.393025000000051
1988-02-01 23:00:00,-13.455425000000048
1988-02-02 23:00:00,-12.42422500000005
1988-02-03 23:00:00,-13.29922500000005
1988-02-04 23:00:00,-13.17422500000005
1988-02-05 23:00:00,-12.36172500000005
1988-02-08 23:00:00,-12.955425000000048
1988-02-09 23:00:00,-12.73672500000005
1988-02-10 23:00:00,-12.268025000000051
1988-02-11 23:00:00,-12.893025000000051
1988-02-12 23:00:00,-13.830425000000048
1988-02-16 23:00:00,-13.98672500000005
1988-02-17 23:00:00,-14.205425000000048
1988-02-18 23:00:00,-13.830425000000048
1988-02-19 23:00:00,-13.61172500000005
1988-02-22 23:00:00,-13.48672500000005
1988-02-23 23:00:00,-12.705425000000048
1988-02-24 23:00:00,-12.73672500000005
1988-02-25 23:00:00,-13.268025000000051
1988-02-26 23:00:00,-12.79922500000005
1988-02-29 23:00:00,-12.643025000000051
1988-03-01 23:00:00,-12.580525000000051
1988-03-02 23:00:00,-12.268025000000051
1988-03-03 23:00:00,-12.111825000000053
1988-03-04 23:00:00,-13.79922500000005
1988-03-07 23:00:00,-14.111825000000053
1988-03-08 23:00:00,-14.330525000000051
1988-03-09 23:00:00,-14.17422500000005
1988-03-10 23:00:00,-14.580525000000051
1988-03-11 23:00:00,-13.986825000000053
1988-03-14 23:00:00,-13.955525000000051
1988-03-15 23:00:00,-13.955525000000051
1988-03-16 23:00:00,-14.643025000000051
1988-03-17 23:00:00,-13.955525000000051
1988-03-18 23:00:00,-15.236825000000053
1988-03-21 23:00:00,-15.54922500000005
1988-03-22 23:00:00,-15.54922500000005
1988-03-23 23:00:00,-15.768025000000051
1988-03-24 23:00:00,-15.768025000000051
1988-03-25 23:00:00,-15.361825000000053
1988-03-28 23:00:00,-16.39302500000005
1988-03-29 23:00:00,-16.111825000000053
1988-03-30 23:00:00,-16.39302500000005
1988-03-31 23:00:00,-16.20552500000005
1988-04-04 23:00:00,-16.986825000000053
1988-04-05 23:00:00,-16.92422500000005
1988-04-06 23:00:00,-16.14302500000005
1988-04-07 23:00:00,-16.111825000000053
1988-04-08 23:00:00,-15.268025000000051
1988-04-11 23:00:00,-15.955525000000051
1988-04-12 23:00:00,-15.580525000000051
1988-04-13 23:00:00,-15.486825000000053
1988-04-14 23:00:00,-16.76802500000005
1988-04-15 23:00:00,-17.29922500000005
1988-04-18 23:00:00,-17.70552500000005
1988-04-19 23:00:00,-17.986825000000053
1988-04-20 23:00:00,-17.92422500000005
1988-04-21 23:00:00,-17.92422500000005
1988-04-22 23:00:00,-17.736825000000053
1988-04-25 23:00:00,-17.611825000000053
1988-04-26 23:00:00,-17.736825000000053
1988-04-27 23:00:00,-17.67422500000005
1988-04-28 23:00:00,-18.39302500000005
1988-04-29 23:00:00,-18.361825000000053
1988-05-02 23:00:00,-18.92422500000005
1988-05-03 23:00:00,-18.42422500000005
1988-05-04 23:00:00,-18.45552500000005
1988-05-05 23:00:00,-18.33052500000005
1988-05-06 23:00:00,-18.79922500000005
1988-05-09 23:00:00,-18.83052500000005
1988-05-10 23:00:00,-18.89302500000005
1988-05-11 23:00:00,-19.04922500000005
1988-05-12 23:00:00,-19.17422500000005
1988-05-13 23:00:00,-18.70552500000005
1988-05-16 23:00:00,-18.92422500000005
1988-05-17 23:00:00,-19.95552500000005
1988-05-18 23:00:00,-20.70552500000005
1988-05-19 23:00:00,-20.486825000000053
1988-05-20 23:00:00,-20.83052500000005
1988-05-23 23:00:00,-20.95552500000005
1988-05-24 23:00:00,-20.79922500000005
1988-05-25 23:00:00,-20.51802500000005
1988-05-26 23:00:00,-20.611825000000053
1988-05-27 23:00:00,-20.76802500000005
1988-05-31 23:00:00,-20.51802500000005
1988-06-01 23:00:00,-18.830425000000048
1988-06-02 23:00:00,-19.11172500000005
1988-06-03 23:00:00,-18.26802500000005
1988-06-06 23:00:00,-18.17422500000005
1988-06-07 23:00:00,-18.67422500000005
1988-06-08 23:00:00,-17.73672500000005
1988-06-09 23:00:00,-18.11172500000005
1988-06-10 23:00:00,-17.98672500000005
1988-06-13 23:00:00,-17.76802500000005
1988-06-14 23:00:00,-15.86172500000005
1988-06-15 23:00:00,-16.29922500000005
1988-06-16 23:00:00,-17.580425000000048
1988-06-17 23:00:00,-18.73672500000005
1988-06-20 23:00:00,-18.61172500000005
1988-06-21 23:00:00,-18.76802500000005
1988-06-22 23:00:00,-17.330425000000048
1988-06-23 23:00:00,-16.98672500000005
1988-06-24 23:00:00,-16.86172500000005
1988-06-27 23:00:00,-17.79922500000005
1988-06-28 23:00:00,-16.98672500000005
1988-06-29 23:00:00,-17.26802500000005
1988-06-30 23:00:00,-16.67422500000005
1988-07-01 23:00:00,-16.580425000000048
1988-07-05 23:00:00,-16.92422500000005
1988-07-06 23:00:00,-17.79922500000005
1988-07-07 23:00:00,-17.98672500000005
1988-07-08 23:00:00,-18.89302500000005
1988-07-11 23:00:00,-18.48672500000005
1988-07-12 23:00:00,-19.01802500000005
1988-07-13 23:00:00,-19.64302500000005
1988-07-14 23:00:00,-19.54922500000005
1988-07-15 23:00:00,-19.14302500000005
1988-07-18 23:00:00,-19.76802500000005
1988-07-19 23:00:00,-19.36172500000005
1988-07-20 23:00:00,-19.48672500000005
1988-07-21 23:00:00,-19.830425000000048
1988-07-22 23:00:00,-19.17422500000005
1988-07-25 23:00:00,-18.79922500000005
1988-07-26 23:00:00,-18.89302500000005
1988-07-27 23:00:00,-19.61172500000005
1988-07-28 23:00:00,-19.67422500000005
1988-07-29 23:00:00,-19.23672500000005
1988-08-01 23:00:00,-18.76802500000005
1988-08-02 23:00:00,-17.92422500000005
1988-08-03 23:00:00,-18.080425000000048
1988-08-04 23:00:00,-17.64302500000005
1988-08-05 23:00:00,-18.64302500000005
1988-08-08 23:00:00,-18.455425000000048
1988-08-09 23:00:00,-19.205425000000048
1988-08-10 23:00:00,-20.455425000000048
1988-08-11 23:00:00,-20.64302500000005
1988-08-12 23:00:00,-20.705425000000048
1988-08-15 23:00:00,-20.89302500000005
1988-08-16 23:00:00,-20.48672500000005
1988-08-17 23:00:00,-20.79922500000005
1988-08-18 23:00:00,-20.61172500000005
1988-08-19 23:00:00,-20.54922500000005
1988-08-22 23:00:00,-20.830425000000048
1988-08-23 23:00:00,-20.330425000000048
1988-08-24 23:00:00,-20.330425000000048
1988-08-25 23:00:00,-20.830425000000048
1988-08-26 23:00:00,-20.54922500000005
1988-08-29 23:00:00,-19.76802500000005
1988-08-30 23:00:00,-19.61172500000005
1988-08-31 23:00:00,-19.33052500000005
1988-09-01 23:00:00,-19.33052500000005
1988-09-02 23:00:00,-17.23672500000005
1988-09-06 23:00:00,-17.08052500000005
1988-09-07 23:00:00,-17.11172500000005
1988-09-08 23:00:00,-17.11172500000005
1988-09-09 23:00:00,-16.299325000000053
1988-09-12 23:00:00,-16.924325000000053
1988-09-13 23:00:00,-16.73672500000005
1988-09-14 23:00:00,-16.26802500000005
1988-09-15 23:00:00,-16.61172500000005
1988-09-16 23:00:00,-16.58052500000005
1988-09-19 23:00:00,-17.049325000000053
1988-09-20 23:00:00,-16.95552500000005
1988-09-21 23:00:00,-16.61172500000005
1988-09-22 23:00:00,-16.924325000000053
1988-09-23 23:00:00,-16.89302500000005
1988-09-26 23:00:00,-17.33052500000005
1988-09-27 23:00:00,-17.549325000000053
1988-09-28 23:00:00,-17.76802500000005
1988-09-29 23:00:00,-17.08052500000005
1988-09-30 23:00:00,-16.08052500000005
1988-10-03 23:00:00,-15.955525000000051
1988-10-04 23:00:00,-16.14302500000005
1988-10-05 23:00:00,-16.174325000000053
1988-10-06 23:00:00,-16.049325000000053
1988-10-07 23:00:00,-14.455525000000051
1988-10-10 23:00:00,-14.799325000000053
1988-10-11 23:00:00,-14.86172500000005
1988-10-12 23:00:00,-15.705525000000051
1988-10-13 23:00:00,-15.674325000000053
1988-10-14 23:00:00,-15.299325000000053
1988-10-17 23:00:00,-15.080525000000051
1988-10-18 23:00:00,-15.018025000000051
1988-10-19 23:00:00,-15.549325000000053
1988-10-20 23:00:00,-15.205525000000051
1988-10-21 23:00:00,-15.393025000000051
1988-10-24 23:00:00,-15.61172500000005
1988-10-25 23:00:00,-15.580525000000051
1988-10-26 23:00:00,-15.330525000000051
1988-10-27 23:00:00,-14.455525000000051
1988-10-28 23:00:00,-14.080525000000051
1988-10-31 23:00:00,-13.424325000000053
1988-11-01 23:00:00,-13.768025000000051
1988-11-02 23:00:00,-14.205525000000051
1988-11-03 23:00:00,-13.643025000000051
1988-11-04 23:00:00,-15.080525000000051
1988-11-07 23:00:00,-15.580525000000051
1988-11-08 23:00:00,-15.518025000000051
1988-11-09 23:00:00,-15.768025000000051
1988-11-10 23:00:00,-15.580525000000051
1988-11-11 23:00:00,-16.174325000000053
1988-11-14 23:00:00,-15.799325000000053
1988-11-15 23:00:00,-15.86172500000005
1988-11-16 23:00:00,-16.674325000000053
1988-11-17 23:00:00,-17.049325000000053
1988-11-18 23:00:00,-16.89302500000005
1988-11-21 23:00:00,-16.76802500000005
1988-11-22 23:00:00,-16.799325000000053
1988-11-23 23:00:00,-16.73672500000005
1988-11-25 23:00:00,-17.48672500000005
1988-11-28 23:00:00,-17.11172500000005
1988-11-29 23:00:00,-16.892925000000048
1988-11-30 23:00:00,-16.392925000000048
1988-12-01 23:00:00,-16.017925000000048
1988-12-02 23:00:00,-17.267925000000048
1988-12-05 23:00:00,-16.892925000000048
1988-12-06 23:00:00,-15.17422500000005
1988-12-07 23:00:00,-15.267925000000048
1988-12-08 23:00:00,-15.267925000000048
1988-12-09 23:00:00,-15.267925000000048
1988-12-12 23:00:00,-15.142925000000048
1988-12-13 23:00:00,-15.42422500000005
1988-12-14 23:00:00,-16.267925000000048
1988-12-15 23:00:00,-16.23672500000005
1988-12-16 23:00:00,-16.11172500000005
1988-12-19 23:00:00,-15.955525000000051
1988-12-20 23:00:00,-15.080525000000051
1988-12-21 23:00:00,-15.017925000000048
1988-12-22 23:00:00,-14.892925000000048
1988-12-23 23:00:00,-14.48672500000005
1988-12-27 23:00:00,-15.04922500000005
1988-12-28 23:00:00,-15.455525000000051
1988-12-29 23:00:00,-15.455525000000051
1988-12-30 23:00:00,-15.36172500000005
1989-01-03 23:00:00,-16.20552500000005
1989-01-04 23:00:00,-16.08052500000005
1989-01-05 23:00:00,-16.20552500000005
1989-01-06 23:00:00,-15.79922500000005
1989-01-09 23:00:00,-15.705525000000051
1989-01-10 23:00:00,-15.67422500000005
1989-01-11 23:00:00,-15.67422500000005
1989-01-12 23:00:00,-14.892925000000048
1989-01-13 23:00:00,-14.080525000000051
1989-01-16 23:00:00,-14.29922500000005
1989-01-17 23:00:00,-14.11172500000005
1989-01-18 23:00:00,-13.67422500000005
1989-01-19 23:00:00,-13.86172500000005
1989-01-20 23:00:00,-14.17422500000005
1989-01-23 23:00:00,-13.955525000000051
1989-01-24 23:00:00,-13.17422500000005
1989-01-25 23:00:00,-13.54922500000005
1989-01-26 23:00:00,-13.455525000000051
1989-01-27 23:00:00,-13.04922500000005
1989-01-30 23:00:00,-13.54922500000005
1989-01-31 23:00:00,-13.67422500000005
1989-02-01 23:00:00,-13.580525000000051
1989-02-02 23:00:00,-13.392925000000048
1989-02-03 23:00:00,-13.61172500000005
1989-02-06 23:00:00,-13.54922500000005
1989-02-07 23:00:00,-13.142925000000048
1989-02-08 23:00:00,-13.330525000000051
1989-02-09 23:00:00,-14.86172500000005
1989-02-10 23:00:00,-15.61172500000005
1989-02-13 23:00:00,-15.830525000000051
1989-02-14 23:00:00,-16.11172500000005
1989-02-15 23:00:00,-15.92422500000005
1989-02-16 23:00:00,-15.73672500000005
1989-02-17 23:00:00,-15.580525000000051
1989-02-21 23:00:00,-15.61172500000005
1989-02-22 23:00:00,-16.23672500000005
1989-02-23 23:00:00,-16.70552500000005
1989-02-24 23:00:00,-16.83052500000005
1989-02-27 23:00:00,-16.58052500000005
1989-02-28 23:00:00,-16.33052500000005
1989-03-01 23:00:00,-16.83052500000005
1989-03-02 23:00:00,-16.33052500000005
1989-03-03 23:00:00,-16.33052500000005
1989-03-06 23:00:00,-16.01802500000005
1989-03-07 23:00:00,-16.01802500000005
1989-03-08 23:00:00,-15.705525000000051
1989-03-09 23:00:00,-15.830525000000051
1989-03-10 23:00:00,-16.611825000000053
1989-03-13 23:00:00,-16.611825000000053
1989-03-14 23:00:00,-16.361825000000053
1989-03-15 23:00:00,-16.33052500000005
1989-03-16 23:00:00,-16.20552500000005
1989-03-17 23:00:00,-17.92422500000005
1989-03-20 23:00:00,-18.01802500000005
1989-03-21 23:00:00,-17.92422500000005
1989-03-22 23:00:00,-17.361825000000053
1989-03-23 23:00:00,-17.17422500000005
1989-03-27 23:00:00,-17.20552500000005
1989-03-28 23:00:00,-16.95552500000005
1989-03-29 23:00:00,-16.58052500000005
1989-03-30 23:00:00,-16.486825000000053
1989-03-31 23:00:00,-16.111825000000053
1989-04-03 23:00:00,-15.830525000000051
1989-04-04 23:00:00,-15.455525000000051
1989-04-05 23:00:00,-15.361825000000053
1989-04-06 23:00:00,-15.643025000000051
1989-04-07 23:00:00,-16.20552500000005
1989-04-10 23:00:00,-16.14302500000005
1989-04-11 23:00:00,-16.20552500000005
1989-04-12 23:00:00,-16.236825000000053
1989-04-13 23:00:00,-16.611825000000053
1989-04-14 23:00:00,-15.518025000000051
1989-04-17 23:00:00,-15.768025000000051
1989-04-18 23:00:00,-14.67422500000005
1989-04-19 23:00:00,-14.736825000000053
1989-04-20 23:00:00,-15.455525000000051
1989-04-21 23:00:00,-15.080525000000051
1989-04-24 23:00:00,-15.04922500000005
1989-04-25 23:00:00,-14.861825000000053
1989-04-26 23:00:00,-14.861825000000053
1989-04-27 23:00:00,-14.518025000000051
1989-04-28 23:00:00,-14.330525000000051
1989-05-01 23:00:00,-15.17422500000005
1989-05-02 23:00:00,-14.705525000000051
1989-05-03 23:00:00,-14.518025000000051
1989-05-04 23:00:00,-14.986825000000053
1989-05-05 23:00:00,-14.54922500000005
1989-05-08 23:00:00,-14.893025000000051
1989-05-09 23:00:00,-15.830525000000051
1989-05-10 23:00:00,-16.111825000000053
1989-05-11 23:00:00,-15.705525000000051
1989-05-12 23:00:00,-13.580525000000051
1989-05-15 23:00:00,-13.580525000000051
1989-05-16 23:00:00,-13.54922500000005
1989-05-17 23:00:00,-13.205525000000051
1989-05-18 23:00:00,-12.986825000000053
1989-05-19 23:00:00,-12.42422500000005
1989-05-22 23:00:00,-11.361825000000053
1989-05-23 23:00:00,-11.67422500000005
1989-05-24 23:00:00,-11.705525000000051
1989-05-25 23:00:00,-11.986825000000053
1989-05-26 23:00:00,-11.611825000000053
1989-05-30 23:00:00,-11.768025000000051
1989-05-31 23:00:00,-11.486825000000053
1989-06-01 23:00:00,-11.549325000000053
1989-06-02 23:00:00,-10.299325000000053
1989-06-05 23:00:00,-10.080625000000055
1989-06-06 23:00:00,-9.893025000000051
1989-06-07 23:00:00,-9.299325000000053
1989-06-08 23:00:00,-8.986825000000053
1989-06-09 23:00:00,-7.705625000000055
1989-06-12 23:00:00,-7.674325000000053
1989-06-13 23:00:00,-8.455625000000055
1989-06-14 23:00:00,-7.986825000000053
1989-06-15 23:00:00,-9.049325000000053
1989-06-16 23:00:00,-9.268025000000051
1989-06-19 23:00:00,-9.393025000000051
1989-06-20 23:00:00,-8.830625000000055
1989-06-21 23:00:00,-9.299325000000053
1989-06-22 23:00:00,-9.486825000000053
1989-06-23 23:00:00,-8.080625000000055
1989-06-26 23:00:00,-7.611825000000053
1989-06-27 23:00:00,-7.049325000000053
1989-06-28 23:00:00,-7.486825000000053
1989-06-29 23:00:00,-6.893025000000051
1989-06-30 23:00:00,-6.549325000000053
1989-07-03 23:00:00,-6.768025000000051
1989-07-05 23:00:00,-7.393025000000051
1989-07-06 23:00:00,-6.986825000000053
1989-07-07 23:00:00,-6.518025000000051
1989-07-10 23:00:00,-6.236825000000053
1989-07-11 23:00:00,-6.518025000000051
1989-07-12 23:00:00,-6.486825000000053
1989-07-13 23:00:00,-6.549325000000053
1989-07-14 23:00:00,-6.986825000000053
1989-07-17 23:00:00,-7.080625000000055
1989-07-18 23:00:00,-7.643025000000051
1989-07-19 23:00:00,-7.330625000000055
1989-07-20 23:00:00,-6.924325000000053
1989-07-21 23:00:00,-7.393025000000051
1989-07-24 23:00:00,-7.174325000000053
1989-07-25 23:00:00,-6.861825000000053
1989-07-26 23:00:00,-6.799325000000053
1989-07-27 23:00:00,-5.955625000000055
1989-07-28 23:00:00,-5.486825000000053
1989-07-31 23:00:00,-4.736825000000053
1989-08-01 23:00:00,-4.111825000000053
1989-08-02 23:00:00,-4.361825000000053
1989-08-03 23:00:00,-4.799325000000053
1989-08-04 23:00:00,-6.580625000000055
1989-08-07 23:00:00,-6.549325000000053
1989-08-08 23:00:00,-6.549325000000053
1989-08-09 23:00:00,-6.768025000000051
1989-08-10 23:00:00,-6.611825000000053
1989-08-11 23:00:00,-7.424325000000053
1989-08-14 23:00:00,-8.455625000000055
1989-08-15 23:00:00,-7.955625000000055
1989-08-16 23:00:00,-7.330625000000055
1989-08-17 23:00:00,-7.799325000000053
1989-08-18 23:00:00,-7.580625000000055
1989-08-21 23:00:00,-8.018025000000051
1989-08-22 23:00:00,-8.580625000000055
1989-08-23 23:00:00,-8.018025000000051
1989-08-24 23:00:00,-7.736825000000053
1989-08-25 23:00:00,-7.986825000000053
1989-08-28 23:00:00,-8.455625000000055
1989-08-29 23:00:00,-8.205625000000055
1989-08-30 23:00:00,-8.111825000000053
1989-08-31 23:00:00,-8.268025000000051
1989-09-01 23:00:00,-7.455625000000055
1989-09-05 23:00:00,-7.611825000000053
1989-09-06 23:00:00,-7.393025000000051
1989-09-07 23:00:00,-7.268025000000051
1989-09-08 23:00:00,-6.893025000000051
1989-09-11 23:00:00,-6.799325000000053
1989-09-12 23:00:00,-7.018025000000051
1989-09-13 23:00:00,-7.643025000000051
1989-09-14 23:00:00,-7.330625000000055
1989-09-15 23:00:00,-6.986825000000053
1989-09-18 23:00:00,-7.174325000000053
1989-09-19 23:00:00,-7.236825000000053
1989-09-20 23:00:00,-7.830625000000055
1989-09-21 23:00:00,-8.268025000000051
1989-09-22 23:00:00,-8.268025000000051
1989-09-25 23:00:00,-9.236825000000053
1989-09-26 23:00:00,-8.799325000000053
1989-09-27 23:00:00,-8.799325000000053
1989-09-28 23:00:00,-8.768025000000051
1989-09-29 23:00:00,-8.643025000000051
1989-10-02 23:00:00,-8.424325000000053
1989-10-03 23:00:00,-8.049325000000053
1989-10-04 23:00:00,-7.768025000000051
1989-10-05 23:00:00,-7.049325000000053
1989-10-06 23:00:00,-6.205625000000055
1989-10-09 23:00:00,-6.049325000000053
1989-10-10 23:00:00,-6.143025000000051
1989-10-11 23:00:00,-6.580625000000055
1989-10-12 23:00:00,-6.299325000000053
1989-10-13 23:00:00,-5.955625000000055
1989-10-16 23:00:00,-5.830625000000055
1989-10-17 23:00:00,-6.174325000000053
1989-10-18 23:00:00,-6.393025000000051
1989-10-19 23:00:00,-5.580625000000055
1989-10-20 23:00:00,-5.924325000000053
1989-10-23 23:00:00,-5.455625000000055
1989-10-24 23:00:00,-4.893025000000051
1989-10-25 23:00:00,-5.018025000000051
1989-10-26 23:00:00,-5.299325000000053
1989-10-27 23:00:00,-5.768025000000051
1989-10-30 23:00:00,-5.361825000000053
1989-10-31 23:00:00,-5.143025000000051
1989-11-01 23:00:00,-4.799325000000053
1989-11-02 23:00:00,-4.643025000000051
1989-11-03 23:00:00,-5.236825000000053
1989-11-06 23:00:00,-5.736825000000053
1989-11-07 23:00:00,-4.768025000000051
1989-11-08 23:00:00,-4.674325000000053
1989-11-09 23:00:00,-5.080625000000055
1989-11-10 23:00:00,-4.924325000000053
1989-11-13 23:00:00,-4.893025000000051
1989-11-14 23:00:00,-4.986825000000053
1989-11-15 23:00:00,-4.674325000000053
1989-11-16 23:00:00,-4.736825000000053
1989-11-17 23:00:00,-5.486825000000053
1989-11-20 23:00:00,-5.361825000000053
1989-11-21 23:00:00,-5.111825000000053
1989-11-22 23:00:00,-4.830625000000055
1989-11-24 23:00:00,-4.799325000000053
1989-11-27 23:00:00,-5.236825000000053
1989-11-28 23:00:00,-5.143025000000051
1989-11-29 23:00:00,-5.455625000000055
1989-11-30 23:00:00,-5.018025000000051
1989-12-01 23:00:00,-4.893025000000051
1989-12-04 23:00:00,-4.799325000000053
1989-12-05 23:00:00,-4.830625000000055
1989-12-06 23:00:00,-5.205625000000055
1989-12-07 23:00:00,-5.393025000000051
1989-12-08 23:00:00,-4.955625000000055
1989-12-11 23:00:00,-5.049325000000053
1989-12-12 23:00:00,-5.143025000000051
1989-12-13 23:00:00,-4.955625000000055
1989-12-14 23:00:00,-4.486825000000053
1989-12-15 23:00:00,-4.611825000000053
1989-12-18 23:00:00,-4.205825000000047
1989-12-19 23:00:00,-4.392825000000059
1989-12-20 23:00:00,-4.330825000000047
1989-12-21 23:00:00,-4.549325000000053
1989-12-22 23:00:00,-4.768025000000051
1989-12-26 23:00:00,-6.111825000000053
1989-12-27 23:00:00,-5.955625000000055
1989-12-28 23:00:00,-5.705625000000055
1989-12-29 23:00:00,-5.830625000000055
1990-01-02 23:00:00,-6.080625000000055
1990-01-03 23:00:00,-6.486825000000053
1990-01-04 23:00:00,-6.424325000000053
1990-01-05 23:00:00,-6.674325000000053
1990-01-08 23:00:00,-6.893025000000051
1990-01-09 23:00:00,-6.986825000000053
1990-01-10 23:00:00,-6.924325000000053
1990-01-11 23:00:00,-6.924325000000053
1990-01-12 23:00:00,-7.486825000000053
1990-01-15 23:00:00,-7.893025000000051
1990-01-16 23:00:00,-8.174325000000053
1990-01-17 23:00:00,-8.174325000000053
1990-01-18 23:00:00,-9.236825000000053
1990-01-19 23:00:00,-8.643025000000051
1990-01-22 23:00:00,-8.861825000000053
1990-01-23 23:00:00,-8.611825000000053
1990-01-24 23:00:00,-9.736825000000053
1990-01-25 23:00:00,-10.205625000000055
1990-01-26 23:00:00,-11.111825000000053
1990-01-29 23:00:00,-10.986825000000053
1990-01-30 23:00:00,-11.268025000000051
1990-01-31 23:00:00,-10.236825000000053
1990-02-01 23:00:00,-9.986825000000053
1990-02-02 23:00:00,-10.643025000000051
1990-02-05 23:00:00,-10.893025000000051
1990-02-06 23:00:00,-11.236825000000053
1990-02-07 23:00:00,-11.174325000000053
1990-02-08 23:00:00,-10.799325000000053
1990-02-09 23:00:00,-9.643025000000051
1990-02-12 23:00:00,-10.424325000000053
1990-02-13 23:00:00,-10.049325000000053
1990-02-14 23:00:00,-10.143025000000051
1990-02-15 23:00:00,-10.799325000000053
1990-02-16 23:00:00,-10.736825000000053
1990-02-20 23:00:00,-12.424325000000053
1990-02-21 23:00:00,-12.393025000000051
1990-02-22 23:00:00,-11.361825000000053
1990-02-23 23:00:00,-11.424325000000053
1990-02-26 23:00:00,-10.736825000000053
1990-02-27 23:00:00,-10.299325000000053
1990-02-28 23:00:00,-11.236825000000053
1990-03-01 23:00:00,-11.893125000000055
1990-03-02 23:00:00,-11.424325000000053
1990-03-05 23:00:00,-12.518125000000055
1990-03-06 23:00:00,-11.830525000000051
1990-03-07 23:00:00,-11.736825000000053
1990-03-08 23:00:00,-11.549325000000053
1990-03-09 23:00:00,-12.611825000000053
1990-03-12 23:00:00,-12.268125000000055
1990-03-13 23:00:00,-13.205525000000051
1990-03-14 23:00:00,-12.143125000000055
1990-03-15 23:00:00,-12.268125000000055
1990-03-16 23:00:00,-11.611825000000053
1990-03-19 23:00:00,-11.549325000000053
1990-03-20 23:00:00,-10.768125000000055
1990-03-21 23:00:00,-11.018125000000055
1990-03-22 23:00:00,-11.143125000000055
1990-03-23 23:00:00,-11.049325000000053
1990-03-26 23:00:00,-10.830525000000051
1990-03-27 23:00:00,-10.924325000000053
1990-03-28 23:00:00,-10.768125000000055
1990-03-29 23:00:00,-11.799325000000053
1990-03-30 23:00:00,-12.549325000000053
1990-04-02 23:00:00,-12.518125000000055
1990-04-03 23:00:00,-12.236825000000053
1990-04-04 23:00:00,-11.111825000000053
1990-04-05 23:00:00,-11.268125000000055
1990-04-06 23:00:00,-11.330525000000051
1990-04-09 23:00:00,-11.518125000000055
1990-04-10 23:00:00,-11.611825000000053
1990-04-11 23:00:00,-11.705525000000051
1990-04-12 23:00:00,-11.893125000000055
1990-04-16 23:00:00,-12.330525000000051
1990-04-17 23:00:00,-13.268125000000055
1990-04-18 23:00:00,-14.236825000000053
1990-04-19 23:00:00,-14.268125000000055
1990-04-20 23:00:00,-14.893125000000055
1990-04-23 23:00:00,-15.174325000000053
1990-04-24 23:00:00,-15.299325000000053
1990-04-25 23:00:00,-15.236825000000053
1990-04-26 23:00:00,-15.830525000000051
1990-04-27 23:00:00,-15.830525000000051
1990-04-30 23:00:00,-15.611825000000053
1990-05-01 23:00:00,-15.705525000000051
1990-05-02 23:00:00,-15.736825000000053
1990-05-03 23:00:00,-15.299325000000053
1990-05-04 23:00:00,-13.705525000000051
1990-05-07 23:00:00,-14.018125000000055
1990-05-08 23:00:00,-13.643125000000055
1990-05-09 23:00:00,-14.455525000000051
1990-05-10 23:00:00,-13.799325000000053
1990-05-11 23:00:00,-12.236825000000053
1990-05-14 23:00:00,-11.611825000000053
1990-05-15 23:00:00,-12.018125000000055
1990-05-16 23:00:00,-12.205525000000051
1990-05-17 23:00:00,-12.299325000000053
1990-05-18 23:00:00,-12.736825000000053
1990-05-21 23:00:00,-12.643125000000055
1990-05-22 23:00:00,-11.861825000000053
1990-05-23 23:00:00,-11.705525000000051
1990-05-24 23:00:00,-11.768125000000055
1990-05-25 23:00:00,-12.455525000000051
1990-05-29 23:00:00,-12.111825000000053
1990-05-30 23:00:00,-11.736825000000053
1990-05-31 23:00:00,-11.518025000000051
1990-06-01 23:00:00,-10.080625000000055
1990-06-04 23:00:00,-10.018025000000051
1990-06-05 23:00:00,-10.455625000000055
1990-06-06 23:00:00,-10.299325000000053
1990-06-07 23:00:00,-10.174325000000053
1990-06-08 23:00:00,-10.236825000000053
1990-06-11 23:00:00,-10.361825000000053
1990-06-12 23:00:00,-10.393025000000051
1990-06-13 23:00:00,-9.736825000000053
1990-06-14 23:00:00,-9.518025000000051
1990-06-15 23:00:00,-10.205625000000055
1990-06-18 23:00:00,-10.611825000000053
1990-06-19 23:00:00,-10.674325000000053
1990-06-20 23:00:00,-11.111825000000053
1990-06-21 23:00:00,-10.799325000000053
1990-06-22 23:00:00,-10.768025000000051
1990-06-25 23:00:00,-11.455625000000055
1990-06-26 23:00:00,-11.080625000000055
1990-06-27 23:00:00,-10.768025000000051
1990-06-28 23:00:00,-10.361825000000053
1990-06-29 23:00:00,-9.893025000000051
1990-07-02 23:00:00,-9.955625000000055
1990-07-03 23:00:00,-9.736825000000053
1990-07-05 23:00:00,-10.049325000000053
1990-07-06 23:00:00,-10.893025000000051
1990-07-09 23:00:00,-11.236825000000053
1990-07-10 23:00:00,-11.424325000000053
1990-07-11 23:00:00,-11.236825000000053
1990-07-12 23:00:00,-10.736825000000053
1990-07-13 23:00:00,-10.393025000000051
1990-07-16 23:00:00,-10.236825000000053
1990-07-17 23:00:00,-10.236825000000053
1990-07-18 23:00:00,-11.080625000000055
1990-07-19 23:00:00,-11.174325000000053
1990-07-20 23:00:00,-10.955625000000055
1990-07-23 23:00:00,-10.924325000000053
1990-07-24 23:00:00,-11.361825000000053
1990-07-25 23:00:00,-10.955625000000055
1990-07-26 23:00:00,-10.768025000000051
1990-07-27 23:00:00,-10.174325000000053
1990-07-30 23:00:00,-9.330625000000055
1990-07-31 23:00:00,-9.549325000000053
1990-08-01 23:00:00,-9.049325000000053
1990-08-02 23:00:00,-10.049325000000053
1990-08-03 23:00:00,-10.799325000000053
1990-08-06 23:00:00,-13.455625000000055
1990-08-07 23:00:00,-13.736825000000053
1990-08-08 23:00:00,-13.799325000000053
1990-08-09 23:00:00,-12.924325000000053
1990-08-10 23:00:00,-13.361825000000053
1990-08-13 23:00:00,-13.518025000000051
1990-08-14 23:00:00,-13.299325000000053
1990-08-15 23:00:00,-13.143025000000051
1990-08-16 23:00:00,-14.518025000000051
1990-08-17 23:00:00,-14.799325000000053
1990-08-20 23:00:00,-14.549325000000053
1990-08-21 23:00:00,-14.643025000000051
1990-08-22 23:00:00,-15.455625000000055
1990-08-23 23:00:00,-16.330625000000055
1990-08-24 23:00:00,-16.76802500000005
1990-08-27 23:00:00,-15.486825000000053
1990-08-28 23:00:00,-15.799325000000053
1990-08-29 23:00:00,-14.768125000000055
1990-08-30 23:00:00,-15.111825000000053
1990-08-31 23:00:00,-15.111825000000053
1990-09-04 23:00:00,-15.580525000000051
1990-09-05 23:00:00,-15.080525000000051
1990-09-06 23:00:00,-14.924325000000053
1990-09-07 23:00:00,-14.549325000000053
1990-09-10 23:00:00,-14.986825000000053
1990-09-11 23:00:00,-14.893125000000055
1990-09-12 23:00:00,-14.830525000000051
1990-09-13 23:00:00,-14.799325000000053
1990-09-14 23:00:00,-15.330525000000051
1990-09-17 23:00:00,-15.736825000000053
1990-09-18 23:00:00,-15.611825000000053
1990-09-19 23:00:00,-15.330525000000051
1990-09-20 23:00:00,-15.580525000000051
1990-09-21 23:00:00,-16.268125000000055
1990-09-24 23:00:00,-16.70552500000005
1990-09-25 23:00:00,-16.393125000000055
1990-09-26 23:00:00,-16.33052500000005
1990-09-27 23:00:00,-15.455525000000051
1990-09-28 23:00:00,-14.549325000000053
1990-10-01 23:00:00,-13.518125000000055
1990-10-02 23:00:00,-13.518125000000055
1990-10-03 23:00:00,-13.580525000000051
1990-10-04 23:00:00,-13.236825000000053
1990-10-05 23:00:00,-12.986825000000053
1990-10-08 23:00:00,-13.455525000000051
1990-10-09 23:00:00,-14.768125000000055
1990-10-10 23:00:00,-15.174325000000053
1990-10-11 23:00:00,-15.674325000000053
1990-10-12 23:00:00,-14.705525000000051
1990-10-15 23:00:00,-14.393125000000055
1990-10-16 23:00:00,-14.236825000000053
1990-10-17 23:00:00,-13.955525000000051
1990-10-18 23:00:00,-13.486825000000053
1990-10-19 23:00:00,-12.611825000000053
1990-10-22 23:00:00,-12.580525000000051
1990-10-23 23:00:00,-12.893125000000055
1990-10-24 23:00:00,-12.955525000000051
1990-10-25 23:00:00,-12.455525000000051
1990-10-26 23:00:00,-12.674325000000053
1990-10-29 23:00:00,-13.330525000000051
1990-10-30 23:00:00,-13.361825000000053
1990-10-31 23:00:00,-12.830525000000051
1990-11-01 23:00:00,-12.049325000000053
1990-11-02 23:00:00,-12.018125000000055
1990-11-05 23:00:00,-11.361825000000053
1990-11-06 23:00:00,-11.455525000000051
1990-11-07 23:00:00,-12.143125000000055
1990-11-08 23:00:00,-12.424325000000053
1990-11-09 23:00:00,-11.393125000000055
1990-11-12 23:00:00,-10.486825000000053
1990-11-13 23:00:00,-10.299325000000053
1990-11-14 23:00:00,-10.174325000000053
1990-11-15 23:00:00,-10.393125000000055
1990-11-16 23:00:00,-9.736825000000053
1990-11-19 23:00:00,-10.268125000000055
1990-11-20 23:00:00,-9.768125000000055
1990-11-21 23:00:00,-9.299325000000053
1990-11-23 23:00:00,-9.549325000000053
1990-11-26 23:00:00,-9.205525000000051
1990-11-27 23:00:00,-9.424325000000053
1990-11-28 23:00:00,-9.61172500000005
1990-11-29 23:00:00,-9.73672500000005
1990-11-30 23:00:00,-9.018025000000051
1990-12-03 23:00:00,-8.643025000000051
1990-12-04 23:00:00,-8.705525000000051
1990-12-05 23:00:00,-8.205525000000051
1990-12-06 23:00:00,-8.61172500000005
1990-12-07 23:00:00,-6.955525000000051
1990-12-10 23:00:00,-6.580525000000051
1990-12-11 23:00:00,-6.23672500000005
1990-12-12 23:00:00,-6.018025000000051
1990-12-13 23:00:00,-6.73672500000005
1990-12-14 23:00:00,-7.299325000000053
1990-12-17 23:00:00,-7.049325000000053
1990-12-18 23:00:00,-6.799325000000053
1990-12-19 23:00:00,-7.174325000000053
1990-12-20 23:00:00,-7.549325000000053
1990-12-21 23:00:00,-8.11172500000005
1990-12-24 23:00:00,-8.893025000000051
1990-12-26 23:00:00,-8.23672500000005
1990-12-27 23:00:00,-7.799325000000053
1990-12-28 23:00:00,-8.330525000000051
1990-12-31 23:00:00,-7.86172500000005
1991-01-02 23:00:00,-6.768025000000051
1991-01-03 23:00:00,-6.393025000000051
1991-01-04 23:00:00,-7.330525000000051
1991-01-07 23:00:00,-8.455525000000051
1991-01-08 23:00:00,-8.955525000000051
1991-01-09 23:00:00,-9.86172500000005
1991-01-10 23:00:00,-8.924325000000053
1991-01-11 23:00:00,-8.955525000000051
1991-01-14 23:00:00,-9.518025000000051
1991-01-15 23:00:00,-9.518025000000051
1991-01-16 23:00:00,-9.36172500000005
1991-01-17 23:00:00,-7.018025000000051
1991-01-18 23:00:00,-6.893025000000051
1991-01-21 23:00:00,-7.36172500000005
1991-01-22 23:00:00,-7.580525000000051
1991-01-23 23:00:00,-7.268025000000051
1991-01-24 23:00:00,-6.893025000000051
1991-01-25 23:00:00,-7.643025000000051
1991-01-28 23:00:00,-7.424325000000053
1991-01-29 23:00:00,-7.205525000000051
1991-01-30 23:00:00,-7.424325000000053
1991-01-31 23:00:00,-7.268025000000051
1991-02-01 23:00:00,-6.049325000000053
1991-02-04 23:00:00,-5.73672500000005
1991-02-05 23:00:00,-5.455525000000051
1991-02-06 23:00:00,-5.36172500000005
1991-02-07 23:00:00,-5.86172500000005
1991-02-08 23:00:00,-5.049325000000053
1991-02-11 23:00:00,-5.330525000000051
1991-02-12 23:00:00,-5.205525000000051
1991-02-13 23:00:00,-5.299325000000053
1991-02-14 23:00:00,-5.580525000000051
1991-02-15 23:00:00,-5.330525000000051
1991-02-19 23:00:00,-5.61172500000005
1991-02-20 23:00:00,-6.049325000000053
1991-02-21 23:00:00,-6.174325000000053
1991-02-22 23:00:00,-6.455525000000051
1991-02-25 23:00:00,-6.143025000000051
1991-02-26 23:00:00,-6.986825000000053
1991-02-27 23:00:00,-7.049325000000053
1991-02-28 23:00:00,-7.455625000000055
1991-03-01 23:00:00,-8.424325000000053
1991-03-04 23:00:00,-8.424325000000053
1991-03-05 23:00:00,-8.143025000000051
1991-03-06 23:00:00,-8.236825000000053
1991-03-07 23:00:00,-7.674325000000053
1991-03-08 23:00:00,-8.549325000000053
1991-03-11 23:00:00,-7.736825000000053
1991-03-12 23:00:00,-8.080625000000055
1991-03-13 23:00:00,-7.424325000000053
1991-03-14 23:00:00,-7.393025000000051
1991-03-15 23:00:00,-8.361825000000053
1991-03-18 23:00:00,-8.736825000000053
1991-03-19 23:00:00,-9.549325000000053
1991-03-20 23:00:00,-9.049325000000053
1991-03-21 23:00:00,-8.674325000000053
1991-03-22 23:00:00,-8.549325000000053
1991-03-25 23:00:00,-8.486825000000053
1991-03-26 23:00:00,-8.330625000000055
1991-03-27 23:00:00,-7.830625000000055
1991-03-28 23:00:00,-7.518025000000051
1991-04-01 23:00:00,-7.674325000000053
1991-04-02 23:00:00,-7.424325000000053
1991-04-03 23:00:00,-7.424325000000053
1991-04-04 23:00:00,-6.924325000000053
1991-04-05 23:00:00,-6.830625000000055
1991-04-08 23:00:00,-6.611825000000053
1991-04-09 23:00:00,-7.080625000000055
1991-04-10 23:00:00,-7.893025000000051
1991-04-11 23:00:00,-7.768025000000051
1991-04-12 23:00:00,-6.580625000000055
1991-04-15 23:00:00,-6.143025000000051
1991-04-16 23:00:00,-6.236825000000053
1991-04-17 23:00:00,-6.018025000000051
1991-04-18 23:00:00,-6.705625000000055
1991-04-19 23:00:00,-7.299325000000053
1991-04-22 23:00:00,-7.799325000000053
1991-04-23 23:00:00,-7.518025000000051
1991-04-24 23:00:00,-6.893025000000051
1991-04-25 23:00:00,-7.080625000000055
1991-04-26 23:00:00,-6.768025000000051
1991-04-29 23:00:00,-6.955625000000055
1991-04-30 23:00:00,-6.580625000000055
1991-05-01 23:00:00,-6.424325000000053
1991-05-02 23:00:00,-6.049325000000053
1991-05-03 23:00:00,-6.799325000000053
1991-05-06 23:00:00,-6.861825000000053
1991-05-07 23:00:00,-6.955625000000055
1991-05-08 23:00:00,-6.955625000000055
1991-05-09 23:00:00,-6.893025000000051
1991-05-10 23:00:00,-8.236825000000053
1991-05-13 23:00:00,-7.518025000000051
1991-05-14 23:00:00,-8.361825000000053
1991-05-15 23:00:00,-8.205625000000055
1991-05-16 23:00:00,-8.049325000000053
1991-05-17 23:00:00,-7.424325000000053
1991-05-20 23:00:00,-7.611825000000053
1991-05-21 23:00:00,-7.143025000000051
1991-05-22 23:00:00,-7.361825000000053
1991-05-23 23:00:00,-7.736825000000053
1991-05-24 23:00:00,-7.705625000000055
1991-05-28 23:00:00,-7.393025000000051
1991-05-29 23:00:00,-7.455525000000051
1991-05-30 23:00:00,-6.768025000000051
1991-05-31 23:00:00,-7.23672500000005
1991-06-03 23:00:00,-7.955525000000051
1991-06-04 23:00:00,-7.98672500000005
1991-06-05 23:00:00,-8.48672500000005
1991-06-06 23:00:00,-8.705525000000051
1991-06-07 23:00:00,-9.330525000000051
1991-06-10 23:00:00,-9.330525000000051
1991-06-11 23:00:00,-9.205525000000051
1991-06-12 23:00:00,-9.924325000000053
1991-06-13 23:00:00,-9.705525000000051
1991-06-14 23:00:00,-9.205525000000051
1991-06-17 23:00:00,-9.393025000000051
1991-06-18 23:00:00,-9.61172500000005
1991-06-19 23:00:00,-9.580525000000051
1991-06-20 23:00:00,-9.23672500000005
1991-06-21 23:00:00,-9.61172500000005
1991-06-24 23:00:00,-9.549325000000053
1991-06-25 23:00:00,-9.549325000000053
1991-06-26 23:00:00,-9.549325000000053
1991-06-27 23:00:00,-9.268025000000051
1991-06-28 23:00:00,-8.580525000000051
1991-07-01 23:00:00,-8.705525000000051
1991-07-02 23:00:00,-8.705525000000051
1991-07-03 23:00:00,-8.48672500000005
1991-07-05 23:00:00,-9.424325000000053
1991-07-08 23:00:00,-9.36172500000005
1991-07-09 23:00:00,-9.61172500000005
1991-07-10 23:00:00,-9.424325000000053
1991-07-11 23:00:00,-8.86172500000005
1991-07-12 23:00:00,-8.393025000000051
1991-07-15 23:00:00,-8.393025000000051
1991-07-16 23:00:00,-8.48672500000005
1991-07-17 23:00:00,-8.86172500000005
1991-07-18 23:00:00,-8.893025000000051
1991-07-19 23:00:00,-8.674325000000053
1991-07-22 23:00:00,-8.580525000000051
1991-07-23 23:00:00,-8.924325000000053
1991-07-24 23:00:00,-8.049325000000053
1991-07-25 23:00:00,-7.705525000000051
1991-07-26 23:00:00,-7.674325000000053
1991-07-29 23:00:00,-7.830525000000051
1991-07-30 23:00:00,-7.705525000000051
1991-07-31 23:00:00,-7.36172500000005
1991-08-01 23:00:00,-7.643025000000051
1991-08-02 23:00:00,-6.268025000000051
1991-08-05 23:00:00,-6.11172500000005
1991-08-06 23:00:00,-5.48672500000005
1991-08-07 23:00:00,-5.48672500000005
1991-08-08 23:00:00,-6.018025000000051
1991-08-09 23:00:00,-6.143025000000051
1991-08-12 23:00:00,-5.830525000000051
1991-08-13 23:00:00,-5.455525000000051
1991-08-14 23:00:00,-4.455525000000051
1991-08-15 23:00:00,-4.768025000000051
1991-08-16 23:00:00,-4.705525000000051
1991-08-19 23:00:00,-4.86172500000005
1991-08-20 23:00:00,-4.61172500000005
1991-08-21 23:00:00,-4.299325000000053
1991-08-22 23:00:00,-4.11172500000005
1991-08-23 23:00:00,-4.955525000000051
1991-08-26 23:00:00,-5.143025000000051
1991-08-27 23:00:00,-4.924325000000053
1991-08-28 23:00:00,-4.080525000000051
1991-08-29 23:00:00,-3.486825000000053
1991-08-30 23:00:00,-4.174325000000053
1991-09-03 23:00:00,-4.080525000000051
1991-09-04 23:00:00,-4.174325000000053
1991-09-05 23:00:00,-4.424325000000053
1991-09-06 23:00:00,-3.5805250000000513
1991-09-09 23:00:00,-3.424325000000053
1991-09-10 23:00:00,-3.549325000000053
1991-09-11 23:00:00,-3.611825000000053
1991-09-12 23:00:00,-2.8931250000000546
1991-09-13 23:00:00,-2.986825000000053
1991-09-16 23:00:00,-2.7055250000000513
1991-09-17 23:00:00,-2.549325000000053
1991-09-18 23:00:00,-2.6431250000000546
1991-09-19 23:00:00,-2.611825000000053
1991-09-20 23:00:00,-2.299325000000053
1991-09-23 23:00:00,-2.174325000000053
1991-09-24 23:00:00,-2.361825000000053
1991-09-25 23:00:00,-2.486825000000053
1991-09-26 23:00:00,-2.236825000000053
1991-09-27 23:00:00,-1.549325000000053
1991-09-30 23:00:00,-1.424325000000053
1991-10-01 23:00:00,-1.393325000000047
1991-10-02 23:00:00,-1.549325000000053
1991-10-03 23:00:00,-1.674325000000053
1991-10-04 23:00:00,-1.018325000000047
1991-10-07 23:00:00,-1.018325000000047
1991-10-08 23:00:00,-1.299325000000053
1991-10-09 23:00:00,-2.3931250000000546
1991-10-10 23:00:00,-2.799325000000053
1991-10-11 23:00:00,-1.549325000000053
1991-10-14 23:00:00,-1.6431250000000546
1991-10-15 23:00:00,-1.424325000000053
1991-10-16 23:00:00,-1.5181250000000546
1991-10-17 23:00:00,-2.799325000000053
1991-10-18 23:00:00,-2.2681250000000546
1991-10-21 23:00:00,-3.299325000000053
1991-10-22 23:00:00,-3.7681250000000546
1991-10-23 23:00:00,-3.611825000000053
1991-10-24 23:00:00,-3.049325000000053
1991-10-25 23:00:00,-3.299325000000053
1991-10-28 23:00:00,-3.0181250000000546
1991-10-29 23:00:00,-1.611825000000053
1991-10-30 23:00:00,-1.486825000000053
1991-10-31 23:00:00,-1.611825000000053
1991-11-01 23:00:00,-1.861825000000053
1991-11-04 23:00:00,-2.0805250000000513
1991-11-05 23:00:00,-2.736825000000053
1991-11-06 23:00:00,-2.549325000000053
1991-11-07 23:00:00,-1.549325000000053
1991-11-08 23:00:00,-1.143325000000047
1991-11-11 23:00:00,-0.9863250000000505
1991-11-12 23:00:00,-0.4243250000000529
1991-11-13 23:00:00,-1.3303250000000588
1991-11-14 23:00:00,-0.6743250000000529
1991-11-15 23:00:00,-0.8623250000000553
1991-11-18 23:00:00,-0.7053250000000588
1991-11-19 23:00:00,-1.268325000000047
1991-11-20 23:00:00,-1.424325000000053
1991-11-21 23:00:00,-1.986825000000053
1991-11-22 23:00:00,-2.299325000000053
1991-11-25 23:00:00,-2.3305250000000513
1991-11-26 23:00:00,-1.861825000000053
1991-11-27 23:00:00,-2.049325000000053
1991-11-29 23:00:00,-1.674325000000053
1991-12-02 23:00:00,-1.3306250000000546
1991-12-03 23:00:00,-1.049325000000053
1991-12-04 23:00:00,-0.2988250000000505
1991-12-05 23:00:00,-0.5806250000000546
1991-12-06 23:00:00,0.01317499999994709
1991-12-09 23:00:00,0.20117499999994948
1991-12-10 23:00:00,0.10717499999994118
1991-12-11 23:00:00,-0.080825000000047
1991-12-12 23:00:00,0.4821749999999412
1991-12-13 23:00:00,-0.01782500000005882
1991-12-16 23:00:00,0.20117499999994948
1991-12-17 23:00:00,0.5131749999999471
1991-12-18 23:00:00,0.4511749999999495
1991-12-19 23:00:00,1.388174999999947
1991-12-20 23:00:00,2.232174999999941
1991-12-23 23:00:00,2.8251749999999447
1991-12-24 23:00:00,2.857174999999941
1991-12-26 23:00:00,3.138174999999947
1991-12-27 23:00:00,3.0751749999999447
1991-12-30 23:00:00,3.763174999999947
1991-12-31 23:00:00,4.263174999999947
1992-01-02 23:00:00,3.607174999999941
1992-01-03 23:00:00,3.4511749999999495
1992-01-06 23:00:00,4.138174999999947
1992-01-07 23:00:00,4.763174999999947
1992-01-08 23:00:00,4.544174999999953
1992-01-09 23:00:00,4.263174999999947
1992-01-10 23:00:00,3.638174999999947
1992-01-13 23:00:00,3.3251749999999447
1992-01-14 23:00:00,2.8251749999999447
1992-01-15 23:00:00,2.4511749999999495
1992-01-16 23:00:00,1.6071749999999412
1992-01-17 23:00:00,2.138174999999947
1992-01-20 23:00:00,2.482174999999941
1992-01-21 23:00:00,2.7011749999999495
1992-01-22 23:00:00,2.169174999999953
1992-01-23 23:00:00,1.1071749999999412
1992-01-24 23:00:00,1.1071749999999412
1992-01-27 23:00:00,1.1071749999999412
1992-01-28 23:00:00,1.8251749999999447
1992-01-29 23:00:00,0.5751749999999447
1992-01-30 23:00:00,0.23217499999994118
1992-01-31 23:00:00,0.544174999999953
1992-02-03 23:00:00,0.01317499999994709
1992-02-04 23:00:00,0.7011749999999495
1992-02-05 23:00:00,0.8251749999999447
1992-02-06 23:00:00,0.8251749999999447
1992-02-07 23:00:00,0.7011749999999495
1992-02-10 23:00:00,0.5131749999999471
1992-02-11 23:00:00,0.544174999999953
1992-02-12 23:00:00,0.419174999999953
1992-02-13 23:00:00,-0.6743250000000529
1992-02-14 23:00:00,-0.6430250000000513
1992-02-18 23:00:00,-1.2680250000000513
1992-02-19 23:00:00,-0.7368250000000529
1992-02-20 23:00:00,-0.4868250000000529
1992-02-21 23:00:00,-0.9243250000000529
1992-02-24 23:00:00,-1.111825000000053
1992-02-25 23:00:00,-0.7680250000000513
1992-02-26 23:00:00,0.29457499999995207
1992-02-27 23:00:00,0.2007749999999504
1992-02-28 23:00:00,0.887774999999948
1992-03-02 23:00:00,-0.20542500000004793
1992-03-03 23:00:00,-0.5180250000000513
1992-03-04 23:00:00,-0.2992250000000496
1992-03-05 23:00:00,-0.8617250000000496
1992-03-06 23:00:00,-0.5804250000000479
1992-03-09 23:00:00,-0.08042500000004793
1992-03-10 23:00:00,-0.20542500000004793
1992-03-11 23:00:00,-0.9867250000000496
1992-03-12 23:00:00,-1.8930250000000513
1992-03-13 23:00:00,-2.1117250000000496
1992-03-16 23:00:00,-2.1430250000000513
1992-03-17 23:00:00,-1.5180250000000513
1992-03-18 23:00:00,-1.455425000000048
1992-03-19 23:00:00,-1.1430250000000513
1992-03-20 23:00:00,-1.8617250000000496
1992-03-23 23:00:00,-1.6742250000000496
1992-03-24 23:00:00,-0.6117250000000496
1992-03-25 23:00:00,-0.4867250000000496
1992-03-26 23:00:00,-0.9867250000000496
1992-03-27 23:00:00,-0.45542500000004793
1992-03-30 23:00:00,-0.5180250000000513
1992-03-31 23:00:00,-0.7054250000000479
1992-04-01 23:00:00,-0.01802500000005125
1992-04-02 23:00:00,-0.20542500000004793
1992-04-03 23:00:00,0.3257749999999504
1992-04-06 23:00:00,0.29457499999995207
1992-04-07 23:00:00,0.29457499999995207
1992-04-08 23:00:00,-0.20542500000004793
1992-04-09 23:00:00,0.7947749999999445
1992-04-10 23:00:00,0.41957499999995207
1992-04-13 23:00:00,0.8257749999999504
1992-04-15 23:00:00,0.6697749999999445
1992-04-16 23:00:00,0.07577499999995041
1992-04-20 23:00:00,-0.9242250000000496
1992-04-21 23:00:00,-0.9867250000000496
1992-04-22 23:00:00,-1.080425000000048
1992-04-23 23:00:00,-1.3617250000000496
1992-04-24 23:00:00,-1.205425000000048
1992-04-27 23:00:00,-1.705425000000048
1992-04-28 23:00:00,-1.1742250000000496
1992-04-29 23:00:00,-1.4242250000000496
1992-04-30 23:00:00,-1.2992250000000496
1992-05-01 23:00:00,-0.7054250000000479
1992-05-04 23:00:00,-0.9867250000000496
1992-05-05 23:00:00,-0.7367250000000496
1992-05-06 23:00:00,-0.26802500000005125
1992-05-07 23:00:00,-0.5180250000000513
1992-05-08 23:00:00,0.6067749999999563
1992-05-11 23:00:00,0.6697749999999445
1992-05-12 23:00:00,1.137774999999948
1992-05-13 23:00:00,1.137774999999948
1992-05-14 23:00:00,0.9817749999999563
1992-05-15 23:00:00,1.637774999999948
1992-05-18 23:00:00,1.5447749999999445
1992-05-19 23:00:00,2.137774999999948
1992-05-20 23:00:00,1.7007749999999504
1992-05-21 23:00:00,1.1067749999999563
1992-05-22 23:00:00,1.4197749999999445
1992-05-26 23:00:00,0.23197499999994875
1992-05-27 23:00:00,0.5132749999999504
1992-05-28 23:00:00,0.8882749999999504
1992-05-29 23:00:00,1.3882749999999504
1992-06-01 23:00:00,0.6694749999999487
1992-06-02 23:00:00,0.9819749999999487
1992-06-03 23:00:00,0.9819749999999487
1992-06-04 23:00:00,1.0132749999999504
1992-06-05 23:00:00,1.3569749999999487
1992-06-08 23:00:00,1.3882749999999504
1992-06-09 23:00:00,0.9506749999999471
1992-06-10 23:00:00,0.7944749999999487
1992-06-11 23:00:00,0.9506749999999471
1992-06-12 23:00:00,1.2944749999999487
1992-06-15 23:00:00,1.4194749999999487
1992-06-16 23:00:00,1.7634749999999428
1992-06-17 23:00:00,1.8254749999999547
1992-06-18 23:00:00,2.0444749999999487
1992-06-19 23:00:00,1.7004749999999547
1992-06-22 23:00:00,1.7004749999999547
1992-06-23 23:00:00,1.3569749999999487
1992-06-24 23:00:00,1.8254749999999547
1992-06-25 23:00:00,2.388474999999943
1992-06-26 23:00:00,2.2944749999999487
1992-06-29 23:00:00,2.388474999999943
1992-06-30 23:00:00,2.3254749999999547
1992-07-01 23:00:00,2.638474999999943
1992-07-02 23:00:00,4.231474999999946
1992-07-06 23:00:00,4.294474999999949
1992-07-07 23:00:00,4.294474999999949
1992-07-08 23:00:00,4.263474999999943
1992-07-09 23:00:00,4.357474999999951
1992-07-10 23:00:00,4.044474999999949
1992-07-13 23:00:00,3.6694749999999487
1992-07-14 23:00:00,3.638474999999943
1992-07-15 23:00:00,4.200474999999955
1992-07-16 23:00:00,4.450474999999955
1992-07-17 23:00:00,3.7944749999999487
1992-07-20 23:00:00,4.075474999999955
1992-07-21 23:00:00,4.075474999999955
1992-07-22 23:00:00,4.669474999999949
1992-07-23 23:00:00,5.607474999999951
1992-07-24 23:00:00,5.325474999999955
1992-07-27 23:00:00,5.763474999999943
1992-07-28 23:00:00,6.825474999999955
1992-07-29 23:00:00,6.825474999999955
1992-07-30 23:00:00,6.544474999999949
1992-07-31 23:00:00,6.513474999999943
1992-08-03 23:00:00,6.544474999999949
1992-08-04 23:00:00,6.919474999999949
1992-08-05 23:00:00,6.981474999999946
1992-08-06 23:00:00,6.794474999999949
1992-08-07 23:00:00,7.544474999999949
1992-08-10 23:00:00,7.950474999999955
1992-08-11 23:00:00,8.388474999999943
1992-08-12 23:00:00,8.419474999999949
1992-08-13 23:00:00,7.263474999999943
1992-08-14 23:00:00,7.669474999999949
1992-08-17 23:00:00,7.169474999999949
1992-08-18 23:00:00,7.700474999999955
1992-08-19 23:00:00,7.763474999999943
1992-08-20 23:00:00,7.919474999999949
1992-08-21 23:00:00,7.357474999999951
1992-08-24 23:00:00,6.388474999999943
1992-08-25 23:00:00,6.044474999999949
1992-08-26 23:00:00,6.450474999999955
1992-08-27 23:00:00,6.638474999999943
1992-08-28 23:00:00,6.670474999999939
1992-08-31 23:00:00,6.795474999999939
1992-09-01 23:00:00,7.388474999999943
1992-09-02 23:00:00,7.545474999999939
1992-09-03 23:00:00,7.638474999999943
1992-09-04 23:00:00,8.764474999999948
1992-09-08 23:00:00,9.732474999999951
1992-09-09 23:00:00,9.388474999999943
1992-09-10 23:00:00,9.576474999999945
1992-09-11 23:00:00,8.764474999999948
1992-09-14 23:00:00,9.107474999999951
1992-09-15 23:00:00,8.326474999999945
1992-09-16 23:00:00,8.17047499999994
1992-09-17 23:00:00,8.232474999999951
1992-09-18 23:00:00,8.576474999999945
1992-09-21 23:00:00,8.138474999999943
1992-09-22 23:00:00,7.076474999999945
1992-09-23 23:00:00,6.638474999999943
1992-09-24 23:00:00,7.451474999999945
1992-09-25 23:00:00,8.357474999999951
1992-09-28 23:00:00,8.54547499999994
1992-09-29 23:00:00,8.326474999999945
1992-09-30 23:00:00,8.138474999999943
1992-10-01 23:00:00,9.076474999999945
1992-10-02 23:00:00,8.67047499999994
1992-10-05 23:00:00,8.576474999999945
1992-10-06 23:00:00,7.732474999999951
1992-10-07 23:00:00,6.764474999999948
1992-10-08 23:00:00,7.107474999999951
1992-10-09 23:00:00,6.357474999999951
1992-10-12 23:00:00,6.482474999999951
1992-10-13 23:00:00,6.388474999999943
1992-10-14 23:00:00,6.826474999999945
1992-10-15 23:00:00,6.888474999999943
1992-10-16 23:00:00,6.514474999999948
1992-10-19 23:00:00,6.076474999999945
1992-10-20 23:00:00,5.138474999999943
1992-10-21 23:00:00,5.357474999999951
1992-10-22 23:00:00,5.732474999999951
1992-10-23 23:00:00,5.264474999999948
1992-10-26 23:00:00,5.264474999999948
1992-10-27 23:00:00,5.701474999999945
1992-10-28 23:00:00,5.482474999999951
1992-10-29 23:00:00,5.951474999999945
1992-10-30 23:00:00,5.576474999999945
1992-11-02 23:00:00,5.326474999999945
1992-11-03 23:00:00,5.514474999999948
1992-11-04 23:00:00,5.138474999999943
1992-11-05 23:00:00,5.138474999999943
1992-11-06 23:00:00,4.295474999999939
1992-11-09 23:00:00,4.420474999999939
1992-11-10 23:00:00,5.295474999999939
1992-11-11 23:00:00,5.545474999999939
1992-11-12 23:00:00,6.295474999999939
1992-11-13 23:00:00,6.295474999999939
1992-11-16 23:00:00,6.232474999999951
1992-11-17 23:00:00,6.482474999999951
1992-11-18 23:00:00,6.920474999999939
1992-11-19 23:00:00,6.576474999999945
1992-11-20 23:00:00,6.576474999999945
1992-11-23 23:00:00,6.514474999999948
1992-11-24 23:00:00,6.764474999999948
1992-11-25 23:00:00,6.670474999999939
1992-11-27 23:00:00,5.982474999999951
1992-11-30 23:00:00,5.951474999999945
1992-12-01 23:00:00,6.1704749999999535
1992-12-02 23:00:00,6.1704749999999535
1992-12-03 23:00:00,6.294474999999949
1992-12-04 23:00:00,7.138474999999957
1992-12-07 23:00:00,7.951474999999945
1992-12-08 23:00:00,8.170474999999954
1992-12-09 23:00:00,8.170474999999954
1992-12-10 23:00:00,8.232474999999951
1992-12-11 23:00:00,8.107474999999951
1992-12-14 23:00:00,7.857474999999951
1992-12-15 23:00:00,7.888474999999957
1992-12-16 23:00:00,8.076474999999945
1992-12-17 23:00:00,8.107474999999951
1992-12-18 23:00:00,8.263474999999957
1992-12-21 23:00:00,8.857474999999951
1992-12-22 23:00:00,9.357474999999951
1992-12-23 23:00:00,9.201474999999945
1992-12-24 23:00:00,9.107474999999951
1992-12-28 23:00:00,8.670474999999954
1992-12-29 23:00:00,9.013474999999957
1992-12-30 23:00:00,8.763474999999957
1992-12-31 23:00:00,8.638474999999957
1993-01-04 23:00:00,9.513474999999957
1993-01-05 23:00:00,9.513474999999957
1993-01-06 23:00:00,9.357474999999951
1993-01-07 23:00:00,8.076474999999945
1993-01-08 23:00:00,7.888474999999957
1993-01-11 23:00:00,7.857474999999951
1993-01-12 23:00:00,7.638474999999957
1993-01-13 23:00:00,8.107474999999951
1993-01-14 23:00:00,8.544474999999949
1993-01-15 23:00:00,9.451474999999945
1993-01-18 23:00:00,9.388474999999957
1993-01-19 23:00:00,9.888474999999957
1993-01-20 23:00:00,9.701474999999945
1993-01-21 23:00:00,9.951474999999945
1993-01-22 23:00:00,10.076474999999945
1993-01-25 23:00:00,11.201474999999945
1993-01-26 23:00:00,10.638474999999957
1993-01-27 23:00:00,10.763474999999957
1993-01-28 23:00:00,10.951474999999945
1993-01-29 23:00:00,11.170474999999954
1993-02-01 23:00:00,11.388474999999957
1993-02-02 23:00:00,10.920474999999954
1993-02-03 23:00:00,11.232474999999951
1993-02-04 23:00:00,11.794474999999949
1993-02-05 23:00:00,12.326474999999945
1993-02-08 23:00:00,12.013474999999957
1993-02-09 23:00:00,11.888474999999957
1993-02-10 23:00:00,11.076474999999945
1993-02-11 23:00:00,11.794474999999949
1993-02-12 23:00:00,11.951474999999945
1993-02-16 23:00:00,11.826474999999945
1993-02-17 23:00:00,12.294474999999949
1993-02-18 23:00:00,13.326474999999945
1993-02-19 23:00:00,13.544474999999949
1993-02-22 23:00:00,14.294474999999949
1993-02-23 23:00:00,15.701474999999945
1993-02-24 23:00:00,15.076474999999945
1993-02-25 23:00:00,14.951474999999945
1993-02-26 23:00:00,14.857474999999951
1993-03-01 23:00:00,15.826474999999945
1993-03-02 23:00:00,15.670474999999954
1993-03-03 23:00:00,16.576474999999945
1993-03-04 23:00:00,17.29447499999995
1993-03-05 23:00:00,16.763474999999957
1993-03-08 23:00:00,17.04447499999995
1993-03-09 23:00:00,16.73247499999995
1993-03-10 23:00:00,16.326474999999945
1993-03-11 23:00:00,16.388474999999957
1993-03-12 23:00:00,14.951474999999945
1993-03-15 23:00:00,14.357474999999951
1993-03-16 23:00:00,14.920474999999954
1993-03-17 23:00:00,14.982474999999951
1993-03-18 23:00:00,15.794474999999949
1993-03-19 23:00:00,15.670474999999954
1993-03-22 23:00:00,15.701474999999945
1993-03-23 23:00:00,16.23247499999995
1993-03-24 23:00:00,15.826474999999945
1993-03-25 23:00:00,15.638474999999957
1993-03-26 23:00:00,14.357474999999951
1993-03-29 23:00:00,14.888474999999957
1993-03-30 23:00:00,14.857474999999951
1993-03-31 23:00:00,14.763474999999957
1993-04-01 23:00:00,14.451474999999945
1993-04-02 23:00:00,13.388474999999957
1993-04-05 23:00:00,13.763474999999957
1993-04-06 23:00:00,14.607474999999951
1993-04-07 23:00:00,14.920474999999954
1993-04-08 23:00:00,16.326474999999945
1993-04-12 23:00:00,17.076474999999945
1993-04-13 23:00:00,17.138474999999957
1993-04-14 23:00:00,17.513474999999957
1993-04-15 23:00:00,17.888474999999957
1993-04-16 23:00:00,17.420474999999954
1993-04-19 23:00:00,17.701474999999945
1993-04-20 23:00:00,17.451474999999945
1993-04-21 23:00:00,17.451474999999945
1993-04-22 23:00:00,17.576474999999945
1993-04-23 23:00:00,16.951474999999945
1993-04-26 23:00:00,16.576474999999945
1993-04-27 23:00:00,15.794474999999949
1993-04-28 23:00:00,15.732474999999951
1993-04-29 23:00:00,16.10747499999995
1993-04-30 23:00:00,15.388474999999957
1993-05-03 23:00:00,16.638474999999957
1993-05-04 23:00:00,17.35747499999995
1993-05-05 23:00:00,17.23247499999995
1993-05-06 23:00:00,17.420474999999954
1993-05-07 23:00:00,16.763474999999957
1993-05-10 23:00:00,17.451474999999945
1993-05-11 23:00:00,17.263474999999957
1993-05-12 23:00:00,16.701474999999945
1993-05-13 23:00:00,15.670474999999954
1993-05-14 23:00:00,15.794474999999949
1993-05-17 23:00:00,15.544474999999949
1993-05-18 23:00:00,14.888474999999957
1993-05-19 23:00:00,15.513474999999957
1993-05-20 23:00:00,15.513474999999957
1993-05-21 23:00:00,14.982474999999951
1993-05-24 23:00:00,15.513474999999957
1993-05-25 23:00:00,15.388474999999957
1993-05-26 23:00:00,16.263474999999957
1993-05-27 23:00:00,16.388474999999957
1993-05-28 23:00:00,15.638474999999957
1993-06-01 23:00:00,17.201474999999945
1993-06-02 23:00:00,17.201474999999945
1993-06-03 23:00:00,17.420474999999954
1993-06-04 23:00:00,16.73247499999995
1993-06-07 23:00:00,17.170474999999954
1993-06-08 23:00:00,16.701474999999945
1993-06-09 23:00:00,17.420474999999954
1993-06-10 23:00:00,17.388474999999957
1993-06-11 23:00:00,18.420474999999954
1993-06-14 23:00:00,18.326474999999945
1993-06-15 23:00:00,18.170474999999954
1993-06-16 23:00:00,18.23247499999995
1993-06-17 23:00:00,18.48247499999995
1993-06-18 23:00:00,18.48247499999995
1993-06-21 23:00:00,18.951474999999945
1993-06-22 23:00:00,18.951474999999945
1993-06-23 23:00:00,19.076474999999945
1993-06-24 23:00:00,19.48247499999995
1993-06-25 23:00:00,19.98247499999995
1993-06-28 23:00:00,20.48247499999995
1993-06-29 23:00:00,20.48247499999995
1993-06-30 23:00:00,20.420474999999954
1993-07-01 23:00:00,20.388474999999957
1993-07-02 23:00:00,20.638474999999957
1993-07-06 23:00:00,20.201474999999945
1993-07-07 23:00:00,20.201474999999945
1993-07-08 23:00:00,20.576474999999945
1993-07-09 23:00:00,20.951474999999945
1993-07-12 23:00:00,21.263474999999957
1993-07-13 23:00:00,21.326474999999945
1993-07-14 23:00:00,22.201474999999945
1993-07-15 23:00:00,22.170474999999954
1993-07-16 23:00:00,22.420474999999954
1993-07-19 23:00:00,22.451474999999945
1993-07-20 23:00:00,22.29447499999995
1993-07-21 23:00:00,21.451474999999945
1993-07-22 23:00:00,20.85747499999995
1993-07-23 23:00:00,20.23247499999995
1993-07-26 23:00:00,20.54447499999995
1993-07-27 23:00:00,20.54447499999995
1993-07-28 23:00:00,20.826474999999945
1993-07-29 23:00:00,22.076474999999945
1993-07-30 23:00:00,21.98247499999995
1993-08-02 23:00:00,21.888474999999957
1993-08-03 23:00:00,22.23247499999995
1993-08-04 23:00:00,21.920474999999954
1993-08-05 23:00:00,21.826474999999945
1993-08-06 23:00:00,21.763474999999957
1993-08-09 23:00:00,22.451474999999945
1993-08-10 23:00:00,22.576474999999945
1993-08-11 23:00:00,22.73247499999995
1993-08-12 23:00:00,22.451474999999945
1993-08-13 23:00:00,22.73247499999995
1993-08-16 23:00:00,22.920474999999954
1993-08-17 23:00:00,22.638474999999957
1993-08-18 23:00:00,22.79447499999995
1993-08-19 23:00:00,23.04447499999995
1993-08-20 23:00:00,23.763474999999957
1993-08-23 23:00:00,23.763474999999957
1993-08-24 23:00:00,24.451474999999945
1993-08-25 23:00:00,24.79447499999995
1993-08-26 23:00:00,26.170474999999954
1993-08-27 23:00:00,25.79447499999995
1993-08-30 23:00:00,26.075474999999955
1993-08-31 23:00:00,26.200474999999955
1993-09-02 23:00:00,26.73247499999995
1993-09-03 23:00:00,27.763474999999943
1993-09-07 23:00:00,28.41947499999995
1993-09-08 23:00:00,28.29447499999995
1993-09-09 23:00:00,26.888474999999943
1993-09-10 23:00:00,27.950474999999955
1993-09-13 23:00:00,28.138474999999943
1993-09-14 23:00:00,26.763474999999943
1993-09-15 23:00:00,26.66947499999995
1993-09-16 23:00:00,26.856474999999946
1993-09-17 23:00:00,26.856474999999946
1993-09-20 23:00:00,26.23247499999995
1993-09-21 23:00:00,25.263474999999943
1993-09-22 23:00:00,25.66947499999995
1993-09-23 23:00:00,25.888474999999943
1993-09-24 23:00:00,26.16947499999995
1993-09-27 23:00:00,27.54447499999995
1993-09-28 23:00:00,27.79447499999995
1993-09-29 23:00:00,26.856474999999946
1993-09-30 23:00:00,26.325474999999955
1993-10-01 23:00:00,27.200474999999955
1993-10-04 23:00:00,27.200474999999955
1993-10-05 23:00:00,27.013474999999943
1993-10-06 23:00:00,27.075474999999955
1993-10-07 23:00:00,27.075474999999955
1993-10-08 23:00:00,28.450474999999955
1993-10-11 23:00:00,28.41947499999995
1993-10-12 23:00:00,28.356474999999946
1993-10-13 23:00:00,28.16947499999995
1993-10-14 23:00:00,29.013474999999943
1993-10-15 23:00:00,29.73247499999995
1993-10-18 23:00:00,28.700474999999955
1993-10-19 23:00:00,28.856474999999946
1993-10-20 23:00:00,28.98247499999995
1993-10-21 23:00:00,27.638474999999943
1993-10-22 23:00:00,26.73247499999995
1993-10-25 23:00:00,26.388474999999943
1993-10-26 23:00:00,26.638474999999943
1993-10-27 23:00:00,26.29447499999995
1993-10-28 23:00:00,26.763474999999943
1993-10-29 23:00:00,26.54447499999995
1993-11-01 23:00:00,25.388474999999943
1993-11-02 23:00:00,24.450474999999955
1993-11-03 23:00:00,24.388474999999943
1993-11-04 23:00:00,23.638474999999943
1993-11-05 23:00:00,23.200474999999955
1993-11-08 23:00:00,23.91947499999995
1993-11-09 23:00:00,24.66947499999995
1993-11-10 23:00:00,24.16947499999995
1993-11-11 23:00:00,23.575474999999955
1993-11-12 23:00:00,24.856474999999946
1993-11-15 23:00:00,24.66947499999995
1993-11-16 23:00:00,24.98247499999995
1993-11-17 23:00:00,24.73247499999995
1993-11-18 23:00:00,23.98247499999995
1993-11-19 23:00:00,22.79447499999995
1993-11-22 23:00:00,22.41947499999995
1993-11-23 23:00:00,23.513474999999943
1993-11-24 23:00:00,23.138474999999943
1993-11-26 23:00:00,23.825474999999955
1993-11-29 23:00:00,23.98147499999996
1993-11-30 23:00:00,23.29447499999995
1993-12-01 23:00:00,23.66947499999995
1993-12-02 23:00:00,23.73147499999996
1993-12-03 23:00:00,24.013474999999957
1993-12-06 23:00:00,25.29447499999995
1993-12-07 23:00:00,25.23147499999996
1993-12-08 23:00:00,25.200474999999955
1993-12-09 23:00:00,25.450474999999955
1993-12-10 23:00:00,24.60647499999996
1993-12-13 23:00:00,24.23147499999996
1993-12-14 23:00:00,23.60647499999996
1993-12-15 23:00:00,23.48147499999996
1993-12-16 23:00:00,23.41947499999995
1993-12-17 23:00:00,23.79447499999995
1993-12-20 23:00:00,23.60647499999996
1993-12-21 23:00:00,23.513474999999957
1993-12-22 23:00:00,24.887474999999952
1993-12-23 23:00:00,25.200474999999955
1993-12-27 23:00:00,25.16947499999995
1993-12-28 23:00:00,25.16947499999995
1993-12-29 23:00:00,24.79447499999995
1993-12-30 23:00:00,23.66947499999995
1993-12-31 23:00:00,23.575474999999955
1994-01-03 23:00:00,22.700474999999955
1994-01-04 23:00:00,23.29447499999995
1994-01-05 23:00:00,22.887474999999952
1994-01-06 23:00:00,23.60647499999996
1994-01-07 23:00:00,25.16947499999995
1994-01-10 23:00:00,25.41947499999995
1994-01-11 23:00:00,25.48147499999996
1994-01-12 23:00:00,26.325474999999955
1994-01-13 23:00:00,25.04447499999995
1994-01-14 23:00:00,24.513474999999957
1994-01-17 23:00:00,24.35647499999996
1994-01-18 23:00:00,25.04447499999995
1994-01-19 23:00:00,24.950474999999955
1994-01-20 23:00:00,25.54447499999995
1994-01-21 23:00:00,25.29447499999995
1994-01-24 23:00:00,25.23147499999996
1994-01-25 23:00:00,24.763474999999957
1994-01-26 23:00:00,25.075474999999955
1994-01-27 23:00:00,25.85647499999996
1994-01-28 23:00:00,26.513474999999957
1994-01-31 23:00:00,26.23147499999996
1994-02-01 23:00:00,25.263474999999957
1994-02-02 23:00:00,25.513474999999957
1994-02-03 23:00:00,25.04447499999995
1994-02-04 23:00:00,23.950474999999955
1994-02-07 23:00:00,23.887474999999952
1994-02-08 23:00:00,23.35647499999996
1994-02-09 23:00:00,23.763474999999957
1994-02-10 23:00:00,23.60647499999996
1994-02-11 23:00:00,24.16947499999995
1994-02-14 23:00:00,23.60647499999996
1994-02-15 23:00:00,23.763474999999957
1994-02-16 23:00:00,23.60647499999996
1994-02-17 23:00:00,22.60647499999996
1994-02-18 23:00:00,21.73147499999996
1994-02-22 23:00:00,22.16947499999995
1994-02-23 23:00:00,21.41947499999995
1994-02-24 23:00:00,20.513474999999957
1994-02-25 23:00:00,20.700474999999955
1994-02-28 23:00:00,21.41947499999995
1994-03-01 23:00:00,19.950474999999955
1994-03-02 23:00:00,20.137474999999952
1994-03-03 23:00:00,19.450474999999955
1994-03-04 23:00:00,19.73147499999996
1994-03-07 23:00:00,20.16947499999995
1994-03-08 23:00:00,19.513474999999957
1994-03-09 23:00:00,19.66947499999995
1994-03-10 23:00:00,18.41947499999995
1994-03-11 23:00:00,18.98147499999996
1994-03-14 23:00:00,18.73147499999996
1994-03-15 23:00:00,19.04447499999995
1994-03-16 23:00:00,19.98147499999996
1994-03-17 23:00:00,19.763474999999957
1994-03-18 23:00:00,18.763474999999957
1994-03-21 23:00:00,18.450474999999955
1994-03-22 23:00:00,19.54447499999995
1994-03-23 23:00:00,19.41947499999995
1994-03-24 23:00:00,17.91947499999995
1994-03-25 23:00:00,17.66947499999995
1994-03-28 23:00:00,17.825474999999955
1994-03-29 23:00:00,16.98147499999996
1994-03-30 23:00:00,16.325474999999955
1994-03-31 23:00:00,16.325474999999955
1994-04-01 23:00:00,14.700474999999955
1994-04-04 23:00:00,13.325474999999955
1994-04-05 23:00:00,14.887474999999952
1994-04-06 23:00:00,15.075474999999955
1994-04-07 23:00:00,15.513474999999957
1994-04-08 23:00:00,14.887474999999952
1994-04-11 23:00:00,15.263474999999957
1994-04-12 23:00:00,15.85647499999996
1994-04-13 23:00:00,15.075474999999955
1994-04-14 23:00:00,14.700474999999955
1994-04-15 23:00:00,14.73147499999996
1994-04-18 23:00:00,13.48147499999996
1994-04-19 23:00:00,14.10647499999996
1994-04-20 23:00:00,14.544474999999949
1994-04-21 23:00:00,15.85647499999996
1994-04-22 23:00:00,15.700474999999955
1994-04-25 23:00:00,16.575474999999955
1994-04-26 23:00:00,16.73147499999996
1994-04-28 23:00:00,14.825474999999955
1994-04-29 23:00:00,14.575474999999955
1994-05-02 23:00:00,14.544474999999949
1994-05-03 23:00:00,14.294474999999949
1994-05-04 23:00:00,14.387474999999952
1994-05-05 23:00:00,14.575474999999955
1994-05-06 23:00:00,12.544474999999949
1994-05-09 23:00:00,11.669474999999949
1994-05-10 23:00:00,13.200474999999955
1994-05-11 23:00:00,12.137474999999952
1994-05-12 23:00:00,12.419474999999949
1994-05-13 23:00:00,13.200474999999955
1994-05-16 23:00:00,13.73147499999996
1994-05-17 23:00:00,15.200474999999955
1994-05-18 23:00:00,15.387474999999952
1994-05-19 23:00:00,15.887474999999952
1994-05-20 23:00:00,15.075474999999955
1994-05-23 23:00:00,13.700474999999955
1994-05-24 23:00:00,14.200474999999955
1994-05-25 23:00:00,14.450474999999955
1994-05-26 23:00:00,14.419474999999949
1994-05-27 23:00:00,14.10647499999996
1994-05-31 23:00:00,13.60647499999996
1994-06-01 23:00:00,14.293474999999958
1994-06-02 23:00:00,14.73147499999996
1994-06-03 23:00:00,15.793474999999958
1994-06-06 23:00:00,16.419474999999963
1994-06-07 23:00:00,15.98147499999996
1994-06-08 23:00:00,15.637474999999966
1994-06-09 23:00:00,15.793474999999958
1994-06-10 23:00:00,15.293474999999958
1994-06-13 23:00:00,14.98147499999996
1994-06-14 23:00:00,15.669474999999963
1994-06-15 23:00:00,14.48147499999996
1994-06-16 23:00:00,14.825474999999955
1994-06-17 23:00:00,13.950474999999955
1994-06-20 23:00:00,13.85647499999996
1994-06-21 23:00:00,13.387474999999966
1994-06-22 23:00:00,14.60647499999996
1994-06-23 23:00:00,14.73147499999996
1994-06-24 23:00:00,13.419474999999963
1994-06-27 23:00:00,14.23147499999996
1994-06-28 23:00:00,13.262474999999966
1994-06-29 23:00:00,13.512474999999966
1994-06-30 23:00:00,12.200474999999955
1994-07-01 23:00:00,12.325474999999955
1994-07-05 23:00:00,12.60647499999996
1994-07-06 23:00:00,12.48147499999996
1994-07-07 23:00:00,12.60647499999996
1994-07-08 23:00:00,11.543474999999958
1994-07-11 23:00:00,11.293474999999958
1994-07-12 23:00:00,11.793474999999958
1994-07-13 23:00:00,11.950474999999955
1994-07-14 23:00:00,13.669474999999963
1994-07-15 23:00:00,13.543474999999958
1994-07-18 23:00:00,14.043474999999958
1994-07-19 23:00:00,14.575474999999955
1994-07-20 23:00:00,13.60647499999996
1994-07-21 23:00:00,13.700474999999955
1994-07-22 23:00:00,13.669474999999963
1994-07-25 23:00:00,14.043474999999958
1994-07-26 23:00:00,13.85647499999996
1994-07-27 23:00:00,13.325474999999955
1994-07-28 23:00:00,13.98147499999996
1994-07-29 23:00:00,15.762474999999966
1994-08-01 23:00:00,15.575474999999955
1994-08-02 23:00:00,15.60647499999996
1994-08-03 23:00:00,15.762474999999966
1994-08-04 23:00:00,15.512474999999966
1994-08-05 23:00:00,14.075474999999955
1994-08-08 23:00:00,14.262474999999966
1994-08-09 23:00:00,13.85647499999996
1994-08-10 23:00:00,13.85647499999996
1994-08-11 23:00:00,13.043474999999958
1994-08-12 23:00:00,13.762474999999966
1994-08-15 23:00:00,13.575474999999955
1994-08-16 23:00:00,14.98147499999996
1994-08-17 23:00:00,15.075474999999955
1994-08-18 23:00:00,13.700474999999955
1994-08-19 23:00:00,13.793474999999958
1994-08-22 23:00:00,13.10647499999996
1994-08-23 23:00:00,13.387474999999966
1994-08-24 23:00:00,14.293474999999958
1994-08-25 23:00:00,13.35647499999996
1994-08-26 23:00:00,14.137474999999966
1994-08-29 23:00:00,13.950474999999955
1994-08-30 23:00:00,14.419474999999963
1994-08-31 23:00:00,14.637474999999966
1994-09-01 23:00:00,14.512474999999966
1994-09-02 23:00:00,14.012474999999966
1994-09-06 23:00:00,13.48147499999996
1994-09-07 23:00:00,13.137474999999966
1994-09-08 23:00:00,13.169474999999963
1994-09-09 23:00:00,11.512674999999959
1994-09-12 23:00:00,11.512674999999959
1994-09-13 23:00:00,11.762474999999966
1994-09-14 23:00:00,12.075474999999955
1994-09-15 23:00:00,12.48147499999996
1994-09-16 23:00:00,10.98147499999996
1994-09-19 23:00:00,11.41897499999996
1994-09-20 23:00:00,11.137674999999959
1994-09-21 23:00:00,10.887674999999959
1994-09-22 23:00:00,11.137674999999959
1994-09-23 23:00:00,11.012674999999959
1994-09-26 23:00:00,11.012674999999959
1994-09-27 23:00:00,10.450274999999962
1994-09-28 23:00:00,10.887674999999959
1994-09-29 23:00:00,10.41897499999996
1994-09-30 23:00:00,10.66897499999996
1994-10-03 23:00:00,10.325274999999962
1994-10-04 23:00:00,10.075274999999962
1994-10-05 23:00:00,9.512674999999959
1994-10-06 23:00:00,9.450274999999962
1994-10-07 23:00:00,9.950274999999962
1994-10-10 23:00:00,10.16897499999996
1994-10-11 23:00:00,10.512674999999959
1994-10-12 23:00:00,10.29397499999996
1994-10-13 23:00:00,10.85647499999996
1994-10-14 23:00:00,11.075274999999962
1994-10-17 23:00:00,11.04397499999996
1994-10-18 23:00:00,10.762674999999959
1994-10-19 23:00:00,10.387674999999959
1994-10-20 23:00:00,9.35647499999996
1994-10-21 23:00:00,9.637674999999959
1994-10-24 23:00:00,9.137674999999959
1994-10-25 23:00:00,9.012674999999959
1994-10-26 23:00:00,8.98147499999996
1994-10-27 23:00:00,9.10647499999996
1994-10-28 23:00:00,10.075274999999962
1994-10-31 23:00:00,10.075274999999962
1994-11-01 23:00:00,9.012674999999959
1994-11-02 23:00:00,8.79397499999996
1994-11-03 23:00:00,8.54397499999996
1994-11-04 23:00:00,7.950274999999962
1994-11-07 23:00:00,8.012674999999959
1994-11-08 23:00:00,8.48147499999996
1994-11-09 23:00:00,8.91897499999996
1994-11-10 23:00:00,8.325274999999962
1994-11-11 23:00:00,7.793974999999961
1994-11-14 23:00:00,8.950274999999962
1994-11-15 23:00:00,9.450274999999962
1994-11-16 23:00:00,8.825274999999962
1994-11-17 23:00:00,8.450274999999962
1994-11-18 23:00:00,8.512674999999959
1994-11-21 23:00:00,8.54397499999996
1994-11-22 23:00:00,8.887674999999959
1994-11-23 23:00:00,10.512674999999959
1994-11-25 23:00:00,10.700274999999962
1994-11-28 23:00:00,10.262674999999959
1994-11-29 23:00:00,9.731374999999957
1994-11-30 23:00:00,10.387674999999959
1994-12-01 23:00:00,10.04397499999996
1994-12-02 23:00:00,11.16897499999996
1994-12-05 23:00:00,10.91897499999996
1994-12-06 23:00:00,12.04397499999996
1994-12-07 23:00:00,11.231374999999957
1994-12-08 23:00:00,11.41897499999996
1994-12-09 23:00:00,11.856374999999957
1994-12-12 23:00:00,11.200174999999959
1994-12-13 23:00:00,11.79397499999996
1994-12-14 23:00:00,11.66897499999996
1994-12-15 23:00:00,11.66897499999996
1994-12-16 23:00:00,11.762674999999959
1994-12-19 23:00:00,12.012674999999959
1994-12-20 23:00:00,11.825174999999959
1994-12-21 23:00:00,12.04397499999996
1994-12-22 23:00:00,11.825174999999959
1994-12-23 23:00:00,12.137674999999959
1994-12-27 23:00:00,12.981174999999965
1994-12-28 23:00:00,12.075174999999959
1994-12-29 23:00:00,11.79397499999996
1994-12-30 23:00:00,11.481374999999957
1995-01-03 23:00:00,11.04397499999996
1995-01-04 23:00:00,11.950174999999959
1995-01-05 23:00:00,11.262674999999959
1995-01-06 23:00:00,11.731374999999957
1995-01-09 23:00:00,11.41897499999996
1995-01-10 23:00:00,11.731374999999957
1995-01-11 23:00:00,11.91897499999996
1995-01-12 23:00:00,11.481374999999957
1995-01-13 23:00:00,12.450174999999959
1995-01-17 23:00:00,12.606174999999965
1995-01-18 23:00:00,12.669174999999953
1995-01-19 23:00:00,12.29397499999996
1995-01-20 23:00:00,11.54397499999996
1995-01-23 23:00:00,11.54397499999996
1995-01-24 23:00:00,11.41897499999996
1995-01-25 23:00:00,12.012674999999959
1995-01-26 23:00:00,12.387174999999957
1995-01-27 23:00:00,13.606174999999965
1995-01-30 23:00:00,13.325174999999959
1995-01-31 23:00:00,13.794174999999953
1995-02-01 23:00:00,13.513174999999961
1995-02-02 23:00:00,13.325174999999959
1995-02-03 23:00:00,15.075174999999959
1995-02-06 23:00:00,14.731174999999965
1995-02-07 23:00:00,14.637174999999957
1995-02-08 23:00:00,14.575174999999959
1995-02-09 23:00:00,14.169174999999953
1995-02-10 23:00:00,13.887174999999957
1995-02-13 23:00:00,13.919174999999953
1995-02-14 23:00:00,14.606174999999965
1995-02-15 23:00:00,15.013174999999961
1995-02-16 23:00:00,15.044174999999953
1995-02-17 23:00:00,14.856174999999965
1995-02-21 23:00:00,14.575174999999959
1995-02-22 23:00:00,15.513174999999961
1995-02-23 23:00:00,15.106174999999965
1995-02-24 23:00:00,15.325174999999959
1995-02-27 23:00:00,15.918174999999962
1995-02-28 23:00:00,16.294174999999967
1995-03-01 23:00:00,16.26217499999997
1995-03-02 23:00:00,15.668174999999962
1995-03-03 23:00:00,15.106174999999965
1995-03-06 23:00:00,14.794174999999967
1995-03-07 23:00:00,14.325174999999959
1995-03-08 23:00:00,15.075174999999959
1995-03-09 23:00:00,15.51217499999997
1995-03-10 23:00:00,16.20017499999996
1995-03-13 23:00:00,16.32517499999996
1995-03-14 23:00:00,17.544174999999967
1995-03-15 23:00:00,17.481174999999965
1995-03-16 23:00:00,17.606174999999965
1995-03-17 23:00:00,17.26217499999997
1995-03-20 23:00:00,16.918174999999962
1995-03-21 23:00:00,16.418174999999962
1995-03-22 23:00:00,16.294174999999967
1995-03-23 23:00:00,16.13717499999997
1995-03-24 23:00:00,17.231174999999965
1995-03-27 23:00:00,17.794174999999967
1995-03-28 23:00:00,16.918174999999962
1995-03-29 23:00:00,17.20017499999996
1995-03-30 23:00:00,16.76217499999997
1995-03-31 23:00:00,16.76217499999997
1995-04-03 23:00:00,17.418174999999962
1995-04-04 23:00:00,17.418174999999962
1995-04-05 23:00:00,17.418174999999962
1995-04-06 23:00:00,17.668174999999962
1995-04-07 23:00:00,17.231174999999965
1995-04-10 23:00:00,17.26217499999997
1995-04-11 23:00:00,17.481174999999965
1995-04-12 23:00:00,17.606174999999965
1995-04-13 23:00:00,18.01217499999997
1995-04-17 23:00:00,17.418174999999962
1995-04-18 23:00:00,17.38717499999997
1995-04-19 23:00:00,17.731174999999965
1995-04-20 23:00:00,17.918174999999962
1995-04-21 23:00:00,18.13717499999997
1995-04-24 23:00:00,18.45017499999996
1995-04-25 23:00:00,18.294174999999967
1995-04-26 23:00:00,18.38717499999997
1995-04-27 23:00:00,18.20017499999996
1995-04-28 23:00:00,18.20017499999996
1995-05-01 23:00:00,18.07517499999996
1995-05-02 23:00:00,18.294174999999967
1995-05-03 23:00:00,19.168174999999962
1995-05-04 23:00:00,20.294174999999967
1995-05-05 23:00:00,21.856174999999965
1995-05-08 23:00:00,21.794174999999967
1995-05-09 23:00:00,22.668174999999962
1995-05-10 23:00:00,22.231174999999965
1995-05-11 23:00:00,22.168174999999962
1995-05-12 23:00:00,22.106174999999965
1995-05-15 23:00:00,22.63717499999997
1995-05-16 23:00:00,23.57517499999996
1995-05-17 23:00:00,23.63717499999997
1995-05-18 23:00:00,23.106174999999965
1995-05-19 23:00:00,23.13717499999997
1995-05-22 23:00:00,23.01217499999997
1995-05-23 23:00:00,23.51217499999997
1995-05-24 23:00:00,24.82517499999996
1995-05-25 23:00:00,25.07517499999996
1995-05-26 23:00:00,24.95017499999996
1995-05-30 23:00:00,25.794174999999967
1995-05-31 23:00:00,25.888174999999976
1995-06-01 23:00:00,26.701174999999964
1995-06-02 23:00:00,27.73217499999997
1995-06-05 23:00:00,27.85717499999997
1995-06-06 23:00:00,27.920174999999972
1995-06-07 23:00:00,27.670174999999972
1995-06-08 23:00:00,27.263174999999976
1995-06-09 23:00:00,25.48217499999997
1995-06-12 23:00:00,25.576174999999964
1995-06-13 23:00:00,27.48217499999997
1995-06-14 23:00:00,27.326174999999964
1995-06-15 23:00:00,26.888174999999976
1995-06-16 23:00:00,26.73217499999997
1995-06-19 23:00:00,27.60717499999997
1995-06-20 23:00:00,27.451174999999964
1995-06-21 23:00:00,27.763174999999976
1995-06-22 23:00:00,28.98217499999997
1995-06-23 23:00:00,28.35717499999997
1995-06-26 23:00:00,27.85717499999997
1995-06-27 23:00:00,27.638174999999976
1995-06-28 23:00:00,28.170174999999972
1995-06-29 23:00:00,26.294174999999967
1995-06-30 23:00:00,26.763174999999976
1995-07-03 23:00:00,26.794174999999967
1995-07-05 23:00:00,27.138174999999976
1995-07-06 23:00:00,28.73217499999997
1995-07-07 23:00:00,28.544174999999967
1995-07-10 23:00:00,28.701174999999964
1995-07-11 23:00:00,27.85717499999997
1995-07-12 23:00:00,28.201174999999964
1995-07-13 23:00:00,28.138174999999976
1995-07-14 23:00:00,27.544174999999967
1995-07-17 23:00:00,26.60717499999997
1995-07-18 23:00:00,25.920174999999972
1995-07-19 23:00:00,24.10717499999997
1995-07-20 23:00:00,24.420174999999972
1995-07-21 23:00:00,23.263174999999976
1995-07-24 23:00:00,24.138174999999976
1995-07-25 23:00:00,24.670174999999972
1995-07-26 23:00:00,24.044174999999967
1995-07-27 23:00:00,24.670174999999972
1995-07-28 23:00:00,23.920174999999972
1995-07-31 23:00:00,24.451174999999964
1995-08-01 23:00:00,23.701174999999964
1995-08-02 23:00:00,24.451174999999964
1995-08-03 23:00:00,23.701174999999964
1995-08-04 23:00:00,24.013174999999976
1995-08-07 23:00:00,24.201174999999964
1995-08-08 23:00:00,24.263174999999976
1995-08-09 23:00:00,23.951174999999964
1995-08-10 23:00:00,23.35717499999997
1995-08-11 23:00:00,22.388174999999976
1995-08-14 23:00:00,22.60717499999997
1995-08-15 23:00:00,23.10717499999997
1995-08-16 23:00:00,23.451174999999964
1995-08-17 23:00:00,23.294174999999967
1995-08-18 23:00:00,23.294174999999967
1995-08-21 23:00:00,23.73217499999997
1995-08-22 23:00:00,23.420174999999972
1995-08-23 23:00:00,23.10717499999997
1995-08-24 23:00:00,24.10717499999997
1995-08-25 23:00:00,25.701174999999964
1995-08-28 23:00:00,25.763174999999976
1995-08-29 23:00:00,25.54417499999998
1995-08-30 23:00:00,25.79417499999998
1995-08-31 23:00:00,26.388174999999976
1995-09-01 23:00:00,26.79417499999998
1995-09-05 23:00:00,27.450174999999973
1995-09-06 23:00:00,27.326174999999978
1995-09-07 23:00:00,26.950174999999973
1995-09-08 23:00:00,26.91917499999998
1995-09-11 23:00:00,26.91917499999998
1995-09-12 23:00:00,27.826174999999978
1995-09-13 23:00:00,27.41917499999998
1995-09-14 23:00:00,28.388174999999976
1995-09-15 23:00:00,28.16917499999998
1995-09-18 23:00:00,27.35717499999997
1995-09-19 23:00:00,27.85717499999997
1995-09-20 23:00:00,28.35717499999997
1995-09-21 23:00:00,26.950174999999973
1995-09-22 23:00:00,26.700174999999973
1995-09-25 23:00:00,26.638174999999976
1995-09-26 23:00:00,26.576174999999978
1995-09-27 23:00:00,26.54417499999998
1995-09-28 23:00:00,26.60717499999997
1995-09-29 23:00:00,27.98217499999997
1995-10-02 23:00:00,27.950174999999973
1995-10-03 23:00:00,28.41917499999998
1995-10-04 23:00:00,28.888174999999976
1995-10-05 23:00:00,28.98217499999997
1995-10-06 23:00:00,29.23217499999997
1995-10-10 23:00:00,29.263174999999976
1995-10-11 23:00:00,29.263174999999976
1995-10-12 23:00:00,29.73217499999997
1995-10-13 23:00:00,31.076174999999978
1995-10-16 23:00:00,30.73217499999997
1995-10-17 23:00:00,31.013174999999976
1995-10-18 23:00:00,30.66917499999998
1995-10-19 23:00:00,30.950174999999973
1995-10-20 23:00:00,30.35717499999997
1995-10-23 23:00:00,30.10717499999997
1995-10-24 23:00:00,30.888174999999976
1995-10-25 23:00:00,30.85717499999997
1995-10-26 23:00:00,29.91917499999998
1995-10-27 23:00:00,30.450174999999973
1995-10-30 23:00:00,30.41917499999998
1995-10-31 23:00:00,30.700174999999973
1995-11-01 23:00:00,31.138174999999976
1995-11-02 23:00:00,31.763174999999976
1995-11-03 23:00:00,31.54417499999998
1995-11-06 23:00:00,31.388174999999976
1995-11-07 23:00:00,31.04417499999998
1995-11-08 23:00:00,31.85717499999997
1995-11-09 23:00:00,31.263174999999976
1995-11-10 23:00:00,30.73217499999997
1995-11-13 23:00:00,31.35717499999997
1995-11-14 23:00:00,31.076174999999978
1995-11-15 23:00:00,30.85717499999997
1995-11-16 23:00:00,31.450174999999973
1995-11-17 23:00:00,31.60717499999997
1995-11-20 23:00:00,31.388174999999976
1995-11-21 23:00:00,30.98217499999997
1995-11-22 23:00:00,31.04417499999998
1995-11-24 23:00:00,31.513174999999976
1995-11-27 23:00:00,31.85717499999997
1995-11-28 23:00:00,31.731174999999965
1995-11-29 23:00:00,32.16917499999997
1995-11-30 23:00:00,33.07517499999997
1995-12-01 23:00:00,33.60717499999997
1995-12-04 23:00:00,34.70017499999997
1995-12-05 23:00:00,34.32517499999997
1995-12-06 23:00:00,34.38817499999996
1995-12-07 23:00:00,33.91917499999997
1995-12-08 23:00:00,34.01317499999996
1995-12-11 23:00:00,34.231174999999965
1995-12-12 23:00:00,34.07517499999997
1995-12-13 23:00:00,33.88817499999996
1995-12-14 23:00:00,33.82517499999997
1995-12-15 23:00:00,33.70017499999997
1995-12-18 23:00:00,32.26317499999996
1995-12-19 23:00:00,33.26317499999996
1995-12-20 23:00:00,33.231174999999965
1995-12-21 23:00:00,33.29417499999997
1995-12-22 23:00:00,33.95017499999997
1995-12-26 23:00:00,34.231174999999965
1995-12-27 23:00:00,34.63817499999996
1995-12-28 23:00:00,35.04417499999997
1995-12-29 23:00:00,35.38817499999996
1996-01-02 23:00:00,35.26317499999996
1996-01-03 23:00:00,35.481174999999965
1996-01-04 23:00:00,34.57517499999997
1996-01-05 23:00:00,34.20017499999997
1996-01-08 23:00:00,34.26317499999996
1996-01-09 23:00:00,34.04417499999997
1996-01-10 23:00:00,32.70017499999997
1996-01-11 23:00:00,32.88817499999996
1996-01-12 23:00:00,32.88817499999996
1996-01-16 23:00:00,33.95017499999997
1996-01-17 23:00:00,35.04417499999997
1996-01-18 23:00:00,35.231174999999965
1996-01-19 23:00:00,35.41917499999997
1996-01-22 23:00:00,34.45017499999997
1996-01-23 23:00:00,34.01317499999996
1996-01-24 23:00:00,34.82517499999997
1996-01-25 23:00:00,33.51317499999996
1996-01-26 23:00:00,34.45017499999997
1996-01-29 23:00:00,33.82517499999997
1996-01-30 23:00:00,34.60717499999997
1996-01-31 23:00:00,34.85717499999997
1996-02-01 23:00:00,34.32517499999997
1996-02-02 23:00:00,33.45017499999997
1996-02-05 23:00:00,33.51317499999996
1996-02-06 23:00:00,33.66917499999997
1996-02-07 23:00:00,33.57517499999997
1996-02-08 23:00:00,33.60717499999997
1996-02-09 23:00:00,33.63817499999996
1996-02-12 23:00:00,34.51317499999996
1996-02-13 23:00:00,34.63817499999996
1996-02-14 23:00:00,34.13817499999996
1996-02-15 23:00:00,33.07517499999997
1996-02-16 23:00:00,32.16917499999997
1996-02-20 23:00:00,30.044174999999967
1996-02-21 23:00:00,30.044174999999967
1996-02-22 23:00:00,30.450174999999973
1996-02-23 23:00:00,29.450174999999973
1996-02-26 23:00:00,29.231174999999965
1996-02-27 23:00:00,28.981174999999965
1996-02-28 23:00:00,28.669174999999967
1996-02-29 23:00:00,28.731174999999965
1996-03-01 23:00:00,29.950174999999973
1996-03-04 23:00:00,30.51317499999996
1996-03-05 23:00:00,29.88817499999996
1996-03-06 23:00:00,29.231174999999965
1996-03-07 23:00:00,29.01317499999996
1996-03-08 23:00:00,26.01317499999996
1996-03-11 23:00:00,26.731174999999965
1996-03-12 23:00:00,26.294174999999967
1996-03-13 23:00:00,25.981174999999965
1996-03-14 23:00:00,25.919174999999967
1996-03-15 23:00:00,25.01317499999996
1996-03-18 23:00:00,25.51317499999996
1996-03-19 23:00:00,25.544174999999967
1996-03-20 23:00:00,26.294174999999967
1996-03-21 23:00:00,26.544174999999967
1996-03-22 23:00:00,26.26317499999996
1996-03-25 23:00:00,27.200174999999973
1996-03-26 23:00:00,27.10717499999997
1996-03-27 23:00:00,25.731174999999965
1996-03-28 23:00:00,25.13817499999996
1996-03-29 23:00:00,25.88817499999996
1996-04-01 23:00:00,26.200174999999973
1996-04-02 23:00:00,26.731174999999965
1996-04-03 23:00:00,26.51317499999996
1996-04-04 23:00:00,26.044174999999967
1996-04-05 23:00:00,23.825174999999973
1996-04-08 23:00:00,23.35717499999997
1996-04-09 23:00:00,23.85717499999997
1996-04-10 23:00:00,23.044174999999967
1996-04-11 23:00:00,22.60717499999997
1996-04-12 23:00:00,24.325174999999973
1996-04-15 23:00:00,24.700174999999973
1996-04-16 23:00:00,24.731174999999965
1996-04-17 23:00:00,24.26317499999996
1996-04-18 23:00:00,23.85717499999997
1996-04-19 23:00:00,24.35717499999997
1996-04-22 23:00:00,24.919174999999967
1996-04-23 23:00:00,24.669174999999967
1996-04-24 23:00:00,24.169174999999967
1996-04-25 23:00:00,24.38817499999996
1996-04-26 23:00:00,24.700174999999973
1996-04-29 23:00:00,24.26317499999996
1996-04-30 23:00:00,23.575174999999973
1996-05-01 23:00:00,23.544174999999967
1996-05-02 23:00:00,21.85717499999997
1996-05-03 23:00:00,21.169174999999967
1996-05-06 23:00:00,21.575174999999973
1996-05-07 23:00:00,21.35717499999997
1996-05-08 23:00:00,22.35717499999997
1996-05-09 23:00:00,22.01317499999996
1996-05-10 23:00:00,23.10717499999997
1996-05-13 23:00:00,23.294174999999967
1996-05-14 23:00:00,23.88817499999996
1996-05-15 23:00:00,23.981174999999965
1996-05-16 23:00:00,23.35717499999997
1996-05-17 23:00:00,24.01317499999996
1996-05-20 23:00:00,24.200174999999973
1996-05-21 23:00:00,23.981174999999965
1996-05-22 23:00:00,24.575174999999973
1996-05-23 23:00:00,23.825174999999973
1996-05-24 23:00:00,24.419174999999967
1996-05-28 23:00:00,24.26317499999996
1996-05-29 23:00:00,23.23217499999997
1996-05-30 23:00:00,23.451174999999964
1996-05-31 23:00:00,22.48217499999997
1996-06-03 23:00:00,22.35717499999997
1996-06-04 23:00:00,22.48217499999997
1996-06-05 23:00:00,23.10717499999997
1996-06-06 23:00:00,23.76317499999996
1996-06-07 23:00:00,21.951174999999964
1996-06-10 23:00:00,21.51317499999996
1996-06-11 23:00:00,21.23217499999997
1996-06-12 23:00:00,20.826174999999964
1996-06-13 23:00:00,21.170174999999958
1996-06-14 23:00:00,21.76317499999996
1996-06-17 23:00:00,22.295174999999958
1996-06-18 23:00:00,21.98217499999997
1996-06-19 23:00:00,21.73217499999997
1996-06-20 23:00:00,21.76317499999996
1996-06-21 23:00:00,21.951174999999964
1996-06-24 23:00:00,22.10717499999997
1996-06-25 23:00:00,22.545174999999958
1996-06-26 23:00:00,22.670174999999958
1996-06-27 23:00:00,23.35717499999997
1996-06-28 23:00:00,24.48217499999997
1996-07-01 23:00:00,24.51317499999996
1996-07-02 23:00:00,24.01317499999996
1996-07-03 23:00:00,24.201174999999964
1996-07-05 23:00:00,21.35717499999997
1996-07-08 23:00:00,21.389174999999966
1996-07-09 23:00:00,21.889174999999966
1996-07-10 23:00:00,22.420174999999958
1996-07-11 23:00:00,22.701174999999964
1996-07-12 23:00:00,23.295174999999958
1996-07-15 23:00:00,22.76317499999996
1996-07-16 23:00:00,23.451174999999964
1996-07-17 23:00:00,23.326174999999964
1996-07-18 23:00:00,24.670174999999958
1996-07-19 23:00:00,24.01317499999996
1996-07-22 23:00:00,23.51317499999996
1996-07-23 23:00:00,24.045174999999958
1996-07-24 23:00:00,23.139174999999966
1996-07-25 23:00:00,23.389174999999966
1996-07-26 23:00:00,23.51317499999996
1996-07-29 23:00:00,22.76317499999996
1996-07-30 23:00:00,23.389174999999966
1996-07-31 23:00:00,24.076174999999964
1996-08-01 23:00:00,25.639174999999966
1996-08-02 23:00:00,26.795174999999958
1996-08-05 23:00:00,26.701174999999964
1996-08-06 23:00:00,26.545174999999958
1996-08-07 23:00:00,26.389174999999966
1996-08-08 23:00:00,26.23217499999997
1996-08-09 23:00:00,27.01317499999996
1996-08-12 23:00:00,27.01317499999996
1996-08-13 23:00:00,25.85717499999997
1996-08-14 23:00:00,25.98217499999997
1996-08-15 23:00:00,25.639174999999966
1996-08-16 23:00:00,26.23217499999997
1996-08-19 23:00:00,25.85717499999997
1996-08-20 23:00:00,25.826174999999964
1996-08-21 23:00:00,25.576174999999964
1996-08-22 23:00:00,25.51317499999996
1996-08-23 23:00:00,24.48217499999997
1996-08-26 23:00:00,23.576174999999964
1996-08-27 23:00:00,23.889174999999966
1996-08-28 23:00:00,23.73217499999997
1996-08-29 23:00:00,23.076174999999964
1996-08-30 23:00:00,22.23217499999997
1996-09-03 23:00:00,22.826174999999964
1996-09-04 23:00:00,22.420174999999958
1996-09-05 23:00:00,21.85717499999997
1996-09-06 23:00:00,22.201174999999964
1996-09-09 23:00:00,22.670174999999958
1996-09-10 23:00:00,22.10717499999997
1996-09-11 23:00:00,22.23217499999997
1996-09-12 23:00:00,22.701174999999964
1996-09-13 23:00:00,24.170174999999958
1996-09-16 23:00:00,24.26317499999996
1996-09-17 23:00:00,23.576174999999964
1996-09-18 23:00:00,23.51317499999996
1996-09-19 23:00:00,23.10717499999997
1996-09-20 23:00:00,23.201174999999964
1996-09-23 23:00:00,23.545174999999958
1996-09-24 23:00:00,24.076174999999964
1996-09-25 23:00:00,24.670174999999958
1996-09-26 23:00:00,25.26317499999996
1996-09-27 23:00:00,24.920174999999958
1996-09-30 23:00:00,24.639174999999966
1996-10-01 23:00:00,25.35717499999997
1996-10-02 23:00:00,25.76317499999996
1996-10-03 23:00:00,25.76317499999996
1996-10-04 23:00:00,27.139174999999966
1996-10-07 23:00:00,26.60717499999997
1996-10-08 23:00:00,26.545174999999958
1996-10-09 23:00:00,26.01317499999996
1996-10-10 23:00:00,25.48217499999997
1996-10-11 23:00:00,26.045174999999958
1996-10-15 23:00:00,25.951174999999964
1996-10-16 23:00:00,25.76317499999996
1996-10-17 23:00:00,26.576174999999964
1996-10-18 23:00:00,26.73217499999997
1996-10-21 23:00:00,26.51317499999996
1996-10-22 23:00:00,26.076174999999964
1996-10-23 23:00:00,26.295174999999958
1996-10-24 23:00:00,26.045174999999958
1996-10-25 23:00:00,26.451174999999964
1996-10-28 23:00:00,26.35717499999997
1996-10-29 23:00:00,28.045174999999958
1996-10-30 23:00:00,28.045174999999958
1996-10-31 23:00:00,28.451174999999964
1996-11-01 23:00:00,28.201174999999964
1996-11-04 23:00:00,28.451174999999964
1996-11-05 23:00:00,29.23217499999997
1996-11-06 23:00:00,29.076174999999964
1996-11-07 23:00:00,29.73217499999997
1996-11-08 23:00:00,29.51317499999996
1996-11-12 23:00:00,30.35717499999997
1996-11-13 23:00:00,30.170174999999958
1996-11-14 23:00:00,30.73217499999997
1996-11-15 23:00:00,30.389174999999966
1996-11-18 23:00:00,30.295174999999958
1996-11-19 23:00:00,30.670174999999958
1996-11-20 23:00:00,31.170174999999958
1996-11-21 23:00:00,30.98217499999997
1996-11-22 23:00:00,30.76317499999996
1996-11-25 23:00:00,30.920174999999958
1996-11-26 23:00:00,30.795174999999958
1996-11-27 23:00:00,30.764174999999952
1996-11-29 23:00:00,31.670174999999958
1996-12-02 23:00:00,31.670174999999958
1996-12-03 23:00:00,31.795174999999958
1996-12-04 23:00:00,31.139174999999952
1996-12-05 23:00:00,29.889174999999952
1996-12-06 23:00:00,29.639174999999952
1996-12-09 23:00:00,30.23317499999996
1996-12-10 23:00:00,30.170174999999958
1996-12-11 23:00:00,28.701174999999964
1996-12-12 23:00:00,28.295174999999958
1996-12-13 23:00:00,29.045174999999958
1996-12-16 23:00:00,28.545174999999958
1996-12-17 23:00:00,28.326174999999964
1996-12-18 23:00:00,27.857174999999955
1996-12-19 23:00:00,28.951174999999964
1996-12-20 23:00:00,29.107174999999955
1996-12-23 23:00:00,29.23317499999996
1996-12-24 23:00:00,29.201174999999964
1996-12-26 23:00:00,29.139174999999952
1996-12-27 23:00:00,29.73317499999996
1996-12-30 23:00:00,29.670174999999958
1996-12-31 23:00:00,28.420174999999958
1997-01-02 23:00:00,27.170174999999958
1997-01-03 23:00:00,27.357174999999955
1997-01-06 23:00:00,27.076174999999964
1997-01-07 23:00:00,26.670174999999958
1997-01-08 23:00:00,26.514174999999952
1997-01-09 23:00:00,27.201174999999964
1997-01-10 23:00:00,26.139174999999952
1997-01-13 23:00:00,26.201174999999964
1997-01-14 23:00:00,27.201174999999964
1997-01-15 23:00:00,27.076174999999964
1997-01-16 23:00:00,26.514174999999952
1997-01-17 23:00:00,26.73317499999996
1997-01-21 23:00:00,27.295174999999958
1997-01-22 23:00:00,26.826174999999964
1997-01-23 23:00:00,26.639174999999952
1997-01-24 23:00:00,26.045174999999958
1997-01-27 23:00:00,25.576174999999964
1997-01-28 23:00:00,25.857174999999955
1997-01-29 23:00:00,26.045174999999958
1997-01-30 23:00:00,26.357174999999955
1997-01-31 23:00:00,27.23317499999996
1997-02-03 23:00:00,27.889174999999952
1997-02-04 23:00:00,28.014174999999952
1997-02-05 23:00:00,27.826174999999964
1997-02-06 23:00:00,27.701174999999964
1997-02-07 23:00:00,28.264174999999952
1997-02-10 23:00:00,28.264174999999952
1997-02-11 23:00:00,28.264174999999952
1997-02-12 23:00:00,28.201174999999964
1997-02-13 23:00:00,29.139174999999952
1997-02-14 23:00:00,29.73317499999996
1997-02-18 23:00:00,29.639174999999952
1997-02-19 23:00:00,29.420174999999958
1997-02-20 23:00:00,28.826174999999964
1997-02-21 23:00:00,28.73317499999996
1997-02-24 23:00:00,28.420174999999958
1997-02-25 23:00:00,28.389174999999952
1997-02-26 23:00:00,26.670174999999958
1997-02-27 23:00:00,26.514174999999952
1997-02-28 23:00:00,26.702174999999954
1997-03-03 23:00:00,26.420174999999958
1997-03-04 23:00:00,26.07617499999995
1997-03-05 23:00:00,26.202174999999954
1997-03-06 23:00:00,25.795174999999958
1997-03-07 23:00:00,26.358174999999946
1997-03-10 23:00:00,26.389174999999952
1997-03-11 23:00:00,26.264174999999952
1997-03-12 23:00:00,25.920174999999958
1997-03-13 23:00:00,24.764174999999952
1997-03-14 23:00:00,25.108174999999946
1997-03-17 23:00:00,25.014174999999952
1997-03-18 23:00:00,24.920174999999958
1997-03-19 23:00:00,24.733174999999946
1997-03-20 23:00:00,24.920174999999958
1997-03-21 23:00:00,24.983174999999946
1997-03-24 23:00:00,25.233174999999946
1997-03-25 23:00:00,24.983174999999946
1997-03-26 23:00:00,24.733174999999946
1997-03-27 23:00:00,23.639174999999952
1997-03-31 23:00:00,23.483174999999946
1997-04-01 23:00:00,23.733174999999946
1997-04-02 23:00:00,23.82617499999995
1997-04-03 23:00:00,23.889174999999952
1997-04-04 23:00:00,23.264174999999952
1997-04-07 23:00:00,23.889174999999952
1997-04-08 23:00:00,23.670174999999958
1997-04-09 23:00:00,23.608174999999946
1997-04-10 23:00:00,23.608174999999946
1997-04-11 23:00:00,22.889174999999952
1997-04-14 23:00:00,22.952174999999954
1997-04-15 23:00:00,23.889174999999952
1997-04-16 23:00:00,23.733174999999946
1997-04-17 23:00:00,24.108174999999946
1997-04-18 23:00:00,24.264174999999952
1997-04-21 23:00:00,23.920174999999958
1997-04-22 23:00:00,24.389174999999952
1997-04-23 23:00:00,23.983174999999946
1997-04-24 23:00:00,23.57617499999995
1997-04-25 23:00:00,23.389174999999952
1997-04-28 23:00:00,23.670174999999958
1997-04-29 23:00:00,25.202174999999954
1997-04-30 23:00:00,25.545174999999958
1997-05-01 23:00:00,25.920174999999958
1997-05-02 23:00:00,26.170174999999958
1997-05-05 23:00:00,26.295174999999958
1997-05-06 23:00:00,26.358174999999946
1997-05-07 23:00:00,25.57617499999995
1997-05-08 23:00:00,26.07617499999995
1997-05-09 23:00:00,26.483174999999946
1997-05-12 23:00:00,26.639174999999952
1997-05-13 23:00:00,26.07617499999995
1997-05-14 23:00:00,26.420174999999958
1997-05-15 23:00:00,26.57617499999995
1997-05-16 23:00:00,26.233174999999946
1997-05-19 23:00:00,26.170174999999958
1997-05-20 23:00:00,26.108174999999946
1997-05-21 23:00:00,25.545174999999958
1997-05-22 23:00:00,25.32617499999995
1997-05-23 23:00:00,25.452174999999954
1997-05-27 23:00:00,24.983174999999946
1997-05-28 23:00:00,24.983174999999946
1997-05-29 23:00:00,25.577174999999954
1997-05-30 23:00:00,26.264174999999952
1997-06-02 23:00:00,26.389174999999952
1997-06-03 23:00:00,26.733174999999946
1997-06-04 23:00:00,26.670174999999958
1997-06-05 23:00:00,26.639174999999952
1997-06-06 23:00:00,27.858174999999946
1997-06-09 23:00:00,27.233174999999946
1997-06-10 23:00:00,27.170174999999958
1997-06-11 23:00:00,27.233174999999946
1997-06-12 23:00:00,28.014174999999952
1997-06-13 23:00:00,28.483174999999946
1997-06-16 23:00:00,28.70117499999995
1997-06-17 23:00:00,28.514174999999952
1997-06-18 23:00:00,28.795174999999958
1997-06-19 23:00:00,28.827174999999954
1997-06-20 23:00:00,29.170174999999958
1997-06-23 23:00:00,28.795174999999958
1997-06-24 23:00:00,28.795174999999958
1997-06-25 23:00:00,28.358174999999946
1997-06-26 23:00:00,27.795174999999958
1997-06-27 23:00:00,28.264174999999952
1997-06-30 23:00:00,27.70117499999995
1997-07-01 23:00:00,28.327174999999954
1997-07-02 23:00:00,28.70117499999995
1997-07-03 23:00:00,29.827174999999954
1997-07-07 23:00:00,30.295174999999958
1997-07-08 23:00:00,30.264174999999952
1997-07-09 23:00:00,30.545174999999958
1997-07-10 23:00:00,30.514174999999952
1997-07-11 23:00:00,30.764174999999952
1997-07-14 23:00:00,30.577174999999954
1997-07-15 23:00:00,30.577174999999954
1997-07-16 23:00:00,31.327174999999954
1997-07-17 23:00:00,31.295174999999958
1997-07-18 23:00:00,30.827174999999954
1997-07-21 23:00:00,30.639174999999952
1997-07-22 23:00:00,31.889174999999952
1997-07-23 23:00:00,32.01417499999995
1997-07-24 23:00:00,31.95117499999995
1997-07-25 23:00:00,31.670174999999958
1997-07-28 23:00:00,32.077174999999954
1997-07-29 23:00:00,32.577174999999954
1997-07-30 23:00:00,33.01417499999995
1997-07-31 23:00:00,33.38917499999995
1997-08-01 23:00:00,31.45117499999995
1997-08-04 23:00:00,31.295174999999958
1997-08-05 23:00:00,31.233174999999946
1997-08-06 23:00:00,31.389174999999952
1997-08-07 23:00:00,30.858174999999946
1997-08-08 23:00:00,29.327174999999954
1997-08-11 23:00:00,29.389174999999952
1997-08-12 23:00:00,29.108174999999946
1997-08-13 23:00:00,29.483174999999946
1997-08-14 23:00:00,30.264174999999952
1997-08-15 23:00:00,30.264174999999952
1997-08-18 23:00:00,30.733174999999946
1997-08-19 23:00:00,30.827174999999954
1997-08-20 23:00:00,30.545174999999958
1997-08-21 23:00:00,29.858174999999946
1997-08-22 23:00:00,29.139174999999952
1997-08-25 23:00:00,29.077174999999954
1997-08-26 23:00:00,29.233174999999946
1997-08-27 23:00:00,29.327174999999954
1997-08-28 23:00:00,30.296174999999963
1997-08-29 23:00:00,29.765174999999957
1997-09-02 23:00:00,30.20317499999996
1997-09-03 23:00:00,29.98417499999995
1997-09-04 23:00:00,29.98417499999995
1997-09-05 23:00:00,29.546174999999963
1997-09-08 23:00:00,29.85917499999995
1997-09-09 23:00:00,29.796174999999963
1997-09-10 23:00:00,29.546174999999963
1997-09-11 23:00:00,29.171174999999963
1997-09-12 23:00:00,30.23417499999995
1997-09-15 23:00:00,30.390174999999957
1997-09-16 23:00:00,32.29617499999996
1997-09-17 23:00:00,32.51517499999996
1997-09-18 23:00:00,32.48417499999995
1997-09-19 23:00:00,32.67117499999996
1997-09-22 23:00:00,32.98417499999995
1997-09-23 23:00:00,32.577174999999954
1997-09-24 23:00:00,33.29617499999996
1997-09-25 23:00:00,32.35917499999995
1997-09-26 23:00:00,32.76517499999996
1997-09-29 23:00:00,32.64017499999996
1997-09-30 23:00:00,32.29617499999996
1997-10-01 23:00:00,33.35917499999995
1997-10-02 23:00:00,33.64017499999996
1997-10-03 23:00:00,33.67117499999996
1997-10-06 23:00:00,34.20317499999996
1997-10-07 23:00:00,34.45317499999996
1997-10-08 23:00:00,32.92117499999996
1997-10-09 23:00:00,32.79617499999996
1997-10-10 23:00:00,32.04617499999996
1997-10-14 23:00:00,32.89017499999996
1997-10-15 23:00:00,32.51517499999996
1997-10-16 23:00:00,32.51517499999996
1997-10-17 23:00:00,31.85917499999995
1997-10-20 23:00:00,32.077174999999954
1997-10-21 23:00:00,32.10917499999995
1997-10-22 23:00:00,32.26517499999996
1997-10-23 23:00:00,33.327174999999954
1997-10-24 23:00:00,33.79617499999996
1997-10-27 23:00:00,34.35917499999995
1997-10-28 23:00:00,33.67117499999996
1997-10-29 23:00:00,34.577174999999954
1997-10-30 23:00:00,35.17117499999996
1997-10-31 23:00:00,35.48417499999995
1997-11-03 23:00:00,34.76517499999996
1997-11-04 23:00:00,34.327174999999954
1997-11-05 23:00:00,34.39017499999996
1997-11-06 23:00:00,35.01517499999996
1997-11-07 23:00:00,34.98417499999995
1997-11-10 23:00:00,34.95317499999996
1997-11-12 23:00:00,35.17117499999996
1997-11-13 23:00:00,35.327174999999954
1997-11-14 23:00:00,35.51517499999996
1997-11-17 23:00:00,35.79617499999996
1997-11-18 23:00:00,35.827174999999954
1997-11-19 23:00:00,36.35917499999995
1997-11-20 23:00:00,36.077174999999954
1997-11-21 23:00:00,36.29617499999996
1997-11-24 23:00:00,35.79617499999996
1997-11-25 23:00:00,36.077174999999954
1997-11-26 23:00:00,36.10917499999995
1997-11-28 23:00:00,36.23417499999995
1997-12-01 23:00:00,36.29717499999994
1997-12-02 23:00:00,36.328174999999945
1997-12-03 23:00:00,36.51517499999994
1997-12-04 23:00:00,36.35917499999995
1997-12-05 23:00:00,35.92217499999994
1997-12-08 23:00:00,35.17217499999994
1997-12-09 23:00:00,35.26517499999994
1997-12-10 23:00:00,35.703174999999945
1997-12-11 23:00:00,36.60917499999995
1997-12-12 23:00:00,37.578174999999945
1997-12-15 23:00:00,37.14117499999995
1997-12-16 23:00:00,37.328174999999945
1997-12-17 23:00:00,36.98417499999995
1997-12-18 23:00:00,37.54717499999994
1997-12-19 23:00:00,37.98417499999995
1997-12-22 23:00:00,38.10917499999995
1997-12-23 23:00:00,38.078174999999945
1997-12-24 23:00:00,37.953174999999945
1997-12-26 23:00:00,37.98417499999995
1997-12-29 23:00:00,37.73417499999995
1997-12-30 23:00:00,37.078174999999945
1997-12-31 23:00:00,37.67217499999994
1998-01-02 23:00:00,38.67217499999994
1998-01-05 23:00:00,40.10917499999995
1998-01-06 23:00:00,40.203174999999945
1998-01-07 23:00:00,39.453174999999945
1998-01-08 23:00:00,40.04717499999994
1998-01-09 23:00:00,40.85917499999995
1998-01-12 23:00:00,40.92217499999994
1998-01-13 23:00:00,40.73417499999995
1998-01-14 23:00:00,40.39117499999995
1998-01-15 23:00:00,40.23417499999995
1998-01-16 23:00:00,39.51517499999994
1998-01-20 23:00:00,39.23417499999995
1998-01-21 23:00:00,39.51517499999994
1998-01-22 23:00:00,39.078174999999945
1998-01-23 23:00:00,37.35917499999995
1998-01-26 23:00:00,38.328174999999945
1998-01-27 23:00:00,37.64117499999995
1998-01-28 23:00:00,37.76517499999994
1998-01-29 23:00:00,39.078174999999945
1998-01-30 23:00:00,39.48417499999995
1998-02-02 23:00:00,38.828174999999945
1998-02-03 23:00:00,38.89117499999995
1998-02-04 23:00:00,38.79717499999994
1998-02-05 23:00:00,38.04717499999994
1998-02-06 23:00:00,38.14117499999995
1998-02-09 23:00:00,37.79717499999994
1998-02-10 23:00:00,38.01517499999994
1998-02-11 23:00:00,38.953174999999945
1998-02-12 23:00:00,38.67217499999994
1998-02-13 23:00:00,39.078174999999945
1998-02-17 23:00:00,39.73417499999995
1998-02-18 23:00:00,39.23417499999995
1998-02-19 23:00:00,39.078174999999945
1998-02-20 23:00:00,38.828174999999945
1998-02-23 23:00:00,38.26517499999994
1998-02-24 23:00:00,37.35917499999995
1998-02-25 23:00:00,38.01517499999996
1998-02-26 23:00:00,37.67217499999995
1998-02-27 23:00:00,37.953174999999945
1998-03-02 23:00:00,36.828174999999945
1998-03-03 23:00:00,36.328174999999945
1998-03-04 23:00:00,36.48417499999995
1998-03-05 23:00:00,36.14017499999996
1998-03-06 23:00:00,36.67217499999995
1998-03-09 23:00:00,37.39017499999996
1998-03-10 23:00:00,37.42217499999995
1998-03-11 23:00:00,37.828174999999945
1998-03-12 23:00:00,38.67217499999995
1998-03-13 23:00:00,38.42217499999995
1998-03-16 23:00:00,38.89017499999996
1998-03-17 23:00:00,38.48417499999995
1998-03-18 23:00:00,38.29617499999995
1998-03-19 23:00:00,38.26517499999996
1998-03-20 23:00:00,38.54617499999995
1998-03-23 23:00:00,38.64017499999996
1998-03-24 23:00:00,38.64017499999996
1998-03-25 23:00:00,37.89017499999996
1998-03-26 23:00:00,37.578174999999945
1998-03-27 23:00:00,37.51517499999996
1998-03-30 23:00:00,37.26517499999996
1998-03-31 23:00:00,37.73417499999995
1998-04-01 23:00:00,38.23417499999995
1998-04-02 23:00:00,38.92217499999995
1998-04-03 23:00:00,39.92217499999995
1998-04-06 23:00:00,39.35917499999995
1998-04-07 23:00:00,39.17217499999995
1998-04-08 23:00:00,38.42217499999995
1998-04-09 23:00:00,38.64017499999996
1998-04-13 23:00:00,37.85917499999995
1998-04-14 23:00:00,38.203174999999945
1998-04-15 23:00:00,38.51517499999996
1998-04-16 23:00:00,38.67217499999995
1998-04-17 23:00:00,38.67217499999995
1998-04-20 23:00:00,38.10917499999995
1998-04-21 23:00:00,37.67217499999995
1998-04-22 23:00:00,37.60917499999995
1998-04-23 23:00:00,37.42217499999995
1998-04-24 23:00:00,37.828174999999945
1998-04-27 23:00:00,36.26517499999996
1998-04-28 23:00:00,36.203174999999945
1998-04-29 23:00:00,36.17217499999995
1998-04-30 23:00:00,37.703174999999945
1998-05-01 23:00:00,37.828174999999945
1998-05-04 23:00:00,37.828174999999945
1998-05-05 23:00:00,37.48417499999995
1998-05-06 23:00:00,37.828174999999945
1998-05-07 23:00:00,37.828174999999945
1998-05-08 23:00:00,37.48417499999995
1998-05-11 23:00:00,36.60917499999995
1998-05-12 23:00:00,37.64017499999996
1998-05-13 23:00:00,37.828174999999945
1998-05-14 23:00:00,37.42217499999995
1998-05-15 23:00:00,37.453174999999945
1998-05-18 23:00:00,38.078174999999945
1998-05-19 23:00:00,37.92217499999995
1998-05-20 23:00:00,38.42217499999995
1998-05-21 23:00:00,37.953174999999945
1998-05-22 23:00:00,38.17217499999995
1998-05-26 23:00:00,38.79617499999995
1998-05-27 23:00:00,39.04617499999995
1998-05-28 23:00:00,38.98317499999996
1998-05-29 23:00:00,39.202174999999954
1998-06-01 23:00:00,39.51417499999995
1998-06-02 23:00:00,39.29617499999995
1998-06-03 23:00:00,39.26417499999995
1998-06-04 23:00:00,39.04617499999995
1998-06-05 23:00:00,39.39017499999996
1998-06-08 23:00:00,39.42117499999995
1998-06-09 23:00:00,39.42117499999995
1998-06-10 23:00:00,40.51417499999995
1998-06-11 23:00:00,41.202174999999954
1998-06-12 23:00:00,41.202174999999954
1998-06-15 23:00:00,41.76417499999995
1998-06-16 23:00:00,41.077174999999954
1998-06-17 23:00:00,39.92117499999995
1998-06-18 23:00:00,40.452174999999954
1998-06-19 23:00:00,40.73317499999996
1998-06-22 23:00:00,40.85817499999996
1998-06-23 23:00:00,41.17117499999995
1998-06-24 23:00:00,40.952174999999954
1998-06-25 23:00:00,40.952174999999954
1998-06-26 23:00:00,41.23317499999996
1998-06-29 23:00:00,41.01417499999995
1998-06-30 23:00:00,41.29617499999995
1998-07-01 23:00:00,41.23317499999996
1998-07-02 23:00:00,41.577174999999954
1998-07-06 23:00:00,41.85817499999996
1998-07-07 23:00:00,41.48317499999996
1998-07-08 23:00:00,41.14017499999996
1998-07-09 23:00:00,41.48317499999996
1998-07-10 23:00:00,41.327174999999954
1998-07-13 23:00:00,40.54617499999995
1998-07-14 23:00:00,40.14017499999996
1998-07-15 23:00:00,40.202174999999954
1998-07-16 23:00:00,39.92117499999995
1998-07-17 23:00:00,39.76417499999995
1998-07-20 23:00:00,40.26417499999995
1998-07-21 23:00:00,40.827174999999954
1998-07-22 23:00:00,40.64017499999996
1998-07-23 23:00:00,41.01417499999995
1998-07-24 23:00:00,40.702174999999954
1998-07-27 23:00:00,40.39017499999996
1998-07-28 23:00:00,40.01417499999995
1998-07-29 23:00:00,39.79617499999995
1998-07-30 23:00:00,40.26417499999995
1998-07-31 23:00:00,40.29617499999995
1998-08-03 23:00:00,41.04617499999995
1998-08-04 23:00:00,41.26417499999995
1998-08-05 23:00:00,41.23317499999996
1998-08-06 23:00:00,40.92117499999995
1998-08-07 23:00:00,41.54617499999995
1998-08-10 23:00:00,41.577174999999954
1998-08-11 23:00:00,41.952174999999954
1998-08-12 23:00:00,41.76417499999995
1998-08-13 23:00:00,41.35817499999996
1998-08-14 23:00:00,41.952174999999954
1998-08-17 23:00:00,41.79617499999995
1998-08-18 23:00:00,41.702174999999954
1998-08-19 23:00:00,41.64017499999996
1998-08-20 23:00:00,42.23317499999996
1998-08-21 23:00:00,42.76417499999995
1998-08-24 23:00:00,42.76417499999995
1998-08-25 23:00:00,43.202174999999954
1998-08-26 23:00:00,43.452174999999954
1998-08-27 23:00:00,44.077174999999954
1998-08-28 23:00:00,44.233174999999946
1998-08-31 23:00:00,44.88917499999995
1998-09-01 23:00:00,44.577174999999954
1998-09-02 23:00:00,44.45117499999995
1998-09-03 23:00:00,44.95117499999995
1998-09-04 23:00:00,45.233174999999946
1998-09-08 23:00:00,44.54517499999996
1998-09-09 23:00:00,45.577174999999954
1998-09-10 23:00:00,47.170174999999944
1998-09-11 23:00:00,46.29517499999996
1998-09-14 23:00:00,46.07717499999994
1998-09-15 23:00:00,45.608174999999946
1998-09-16 23:00:00,46.233174999999946
1998-09-17 23:00:00,46.63917499999995
1998-09-18 23:00:00,47.04517499999996
1998-09-21 23:00:00,47.10817499999993
1998-09-22 23:00:00,47.04517499999996
1998-09-23 23:00:00,47.38917499999994
1998-09-24 23:00:00,47.60817499999993
1998-09-25 23:00:00,47.70117499999995
1998-09-28 23:00:00,47.420174999999944
1998-09-29 23:00:00,47.95117499999995
1998-09-30 23:00:00,49.35817499999993
1998-10-01 23:00:00,50.545174999999944
1998-10-02 23:00:00,50.95117499999995
1998-10-05 23:00:00,52.545174999999944
1998-10-06 23:00:00,52.01417499999994
1998-10-07 23:00:00,50.920174999999944
1998-10-08 23:00:00,48.01417499999994
1998-10-09 23:00:00,45.17017499999996
1998-10-13 23:00:00,45.54517499999996
1998-10-14 23:00:00,47.20117499999995
1998-10-15 23:00:00,46.63917499999995
1998-10-16 23:00:00,48.13917499999994
1998-10-19 23:00:00,47.702174999999926
1998-10-20 23:00:00,46.608174999999946
1998-10-21 23:00:00,46.38917499999995
1998-10-22 23:00:00,45.827174999999954
1998-10-23 23:00:00,45.327174999999954
1998-10-26 23:00:00,46.38917499999995
1998-10-27 23:00:00,47.327174999999926
1998-10-28 23:00:00,47.26417499999994
1998-10-29 23:00:00,47.702174999999926
1998-10-30 23:00:00,46.79517499999996
1998-11-02 23:00:00,45.358174999999946
1998-11-03 23:00:00,45.608174999999946
1998-11-04 23:00:00,44.54517499999996
1998-11-05 23:00:00,44.67017499999996
1998-11-06 23:00:00,43.483174999999946
1998-11-09 23:00:00,44.827174999999954
1998-11-10 23:00:00,45.20117499999995
1998-11-12 23:00:00,45.76417499999995
1998-11-13 23:00:00,45.63917499999995
1998-11-16 23:00:00,45.20117499999995
1998-11-17 23:00:00,44.827174999999954
1998-11-18 23:00:00,45.733174999999946
1998-11-19 23:00:00,45.733174999999946
1998-11-20 23:00:00,46.13917499999995
1998-11-23 23:00:00,45.45117499999995
1998-11-24 23:00:00,45.67017499999996
1998-11-25 23:00:00,46.17017499999996
1998-11-27 23:00:00,46.483174999999946
1998-11-30 23:00:00,47.702174999999926
1998-12-01 23:00:00,48.01417499999994
1998-12-02 23:00:00,48.38917499999994
1998-12-03 23:00:00,48.29617499999992
1998-12-04 23:00:00,47.60817499999993
1998-12-07 23:00:00,47.13917499999994
1998-12-08 23:00:00,48.170174999999944
1998-12-09 23:00:00,48.73317499999993
1998-12-10 23:00:00,48.670174999999944
1998-12-11 23:00:00,47.76417499999994
1998-12-14 23:00:00,48.170174999999944
1998-12-15 23:00:00,47.29617499999992
1998-12-16 23:00:00,47.827174999999926
1998-12-17 23:00:00,47.79617499999992
1998-12-18 23:00:00,47.63917499999994
1998-12-21 23:00:00,46.63917499999995
1998-12-22 23:00:00,45.70217499999994
1998-12-23 23:00:00,44.76417499999995
1998-12-24 23:00:00,44.420174999999944
1998-12-28 23:00:00,45.20217499999994
1998-12-29 23:00:00,45.79617499999995
1998-12-30 23:00:00,46.01417499999995
1998-12-31 23:00:00,45.88917499999995
1999-01-04 23:00:00,45.57717499999994
1999-01-05 23:00:00,44.82717499999994
1999-01-06 23:00:00,45.63917499999995
1999-01-07 23:00:00,44.63917499999995
1999-01-08 23:00:00,43.26417499999995
1999-01-11 23:00:00,42.82717499999994
1999-01-12 23:00:00,43.45217499999994
1999-01-13 23:00:00,44.170174999999944
1999-01-14 23:00:00,45.38917499999995
1999-01-15 23:00:00,44.63917499999995
1999-01-19 23:00:00,44.670174999999944
1999-01-20 23:00:00,44.108174999999946
1999-01-21 23:00:00,44.920174999999944
1999-01-22 23:00:00,45.920174999999944
1999-01-25 23:00:00,45.483174999999946
1999-01-26 23:00:00,45.45217499999994
1999-01-27 23:00:00,45.45217499999994
1999-01-28 23:00:00,45.920174999999944
1999-01-29 23:00:00,46.108174999999946
1999-02-01 23:00:00,44.733174999999946
1999-02-02 23:00:00,43.88917499999995
1999-02-03 23:00:00,43.670174999999944
1999-02-04 23:00:00,42.70217499999994
1999-02-05 23:00:00,42.420174999999944
1999-02-08 23:00:00,42.51417499999995
1999-02-09 23:00:00,43.04617499999995
1999-02-10 23:00:00,42.82717499999994
1999-02-11 23:00:00,42.82717499999994
1999-02-12 23:00:00,40.76417499999995
1999-02-16 23:00:00,41.608174999999946
1999-02-17 23:00:00,42.20217499999994
1999-02-18 23:00:00,41.57717499999994
1999-02-19 23:00:00,41.420174999999944
1999-02-22 23:00:00,41.82717499999994
1999-02-23 23:00:00,40.920174999999944
1999-02-24 23:00:00,40.01417499999995
1999-02-25 23:00:00,38.920174999999944
1999-02-26 23:00:00,39.57717499999994
1999-03-01 23:00:00,38.670174999999944
1999-03-02 23:00:00,39.20217499999994
1999-03-03 23:00:00,38.38917499999995
1999-03-04 23:00:00,38.07717499999994
1999-03-05 23:00:00,38.858174999999946
1999-03-08 23:00:00,38.95217499999994
1999-03-09 23:00:00,39.70217499999994
1999-03-10 23:00:00,39.51417499999995
1999-03-11 23:00:00,39.54617499999995
1999-03-12 23:00:00,39.920174999999944
1999-03-15 23:00:00,40.45217499999994
1999-03-16 23:00:00,40.82717499999994
1999-03-17 23:00:00,40.32717499999994
1999-03-18 23:00:00,40.483174999999946
1999-03-19 23:00:00,39.79617499999995
1999-03-22 23:00:00,39.51417499999995
1999-03-23 23:00:00,39.608174999999946
1999-03-24 23:00:00,39.95217499999994
1999-03-25 23:00:00,39.26417499999995
1999-03-26 23:00:00,39.233174999999946
1999-03-29 23:00:00,38.76417499999995
1999-03-30 23:00:00,39.70217499999994
1999-03-31 23:00:00,39.170174999999944
1999-04-01 23:00:00,38.54617499999995
1999-04-02 23:00:00,39.670174999999944
1999-04-05 23:00:00,39.670174999999944
1999-04-06 23:00:00,40.608174999999946
1999-04-07 23:00:00,40.608174999999946
1999-04-08 23:00:00,41.858174999999946
1999-04-09 23:00:00,41.57717499999994
1999-04-12 23:00:00,41.670174999999944
1999-04-13 23:00:00,40.983174999999946
1999-04-14 23:00:00,40.858174999999946
1999-04-15 23:00:00,40.51417499999995
1999-04-16 23:00:00,39.95217499999994
1999-04-19 23:00:00,40.420174999999944
1999-04-20 23:00:00,40.733174999999946
1999-04-21 23:00:00,40.670174999999944
1999-04-22 23:00:00,39.483174999999946
1999-04-23 23:00:00,39.57717499999994
1999-04-26 23:00:00,39.983174999999946
1999-04-27 23:00:00,40.32717499999994
1999-04-28 23:00:00,40.04617499999995
1999-04-29 23:00:00,40.82717499999994
1999-04-30 23:00:00,38.79617499999995
1999-05-03 23:00:00,38.920174999999944
1999-05-04 23:00:00,38.26417499999995
1999-05-05 23:00:00,38.483174999999946
1999-05-06 23:00:00,37.32717499999994
1999-05-07 23:00:00,37.07717499999994
1999-05-10 23:00:00,37.45217499999994
1999-05-11 23:00:00,36.82717499999994
1999-05-12 23:00:00,37.108174999999946
1999-05-13 23:00:00,38.26417499999995
1999-05-14 23:00:00,36.07717499999994
1999-05-17 23:00:00,36.13917499999995
1999-05-18 23:00:00,36.13917499999995
1999-05-19 23:00:00,36.858174999999946
1999-05-20 23:00:00,36.670174999999944
1999-05-21 23:00:00,37.20217499999994
1999-05-24 23:00:00,37.29617499999995
1999-05-25 23:00:00,37.32717499999994
1999-05-26 23:00:00,36.82717499999994
1999-05-27 23:00:00,36.26417499999995
1999-05-28 23:00:00,36.545174999999944
1999-06-01 23:00:00,35.170174999999944
1999-06-02 23:00:00,35.26417499999995
1999-06-03 23:00:00,35.13817499999995
1999-06-04 23:00:00,35.13817499999995
1999-06-07 23:00:00,35.13817499999995
1999-06-08 23:00:00,34.670174999999944
1999-06-09 23:00:00,34.545174999999944
1999-06-10 23:00:00,34.01417499999995
1999-06-11 23:00:00,32.88817499999995
1999-06-14 23:00:00,33.482174999999955
1999-06-15 23:00:00,33.482174999999955
1999-06-16 23:00:00,33.70117499999995
1999-06-17 23:00:00,35.20117499999995
1999-06-18 23:00:00,34.82617499999995
1999-06-21 23:00:00,34.07617499999995
1999-06-22 23:00:00,33.732174999999955
1999-06-23 23:00:00,33.13817499999995
1999-06-24 23:00:00,32.70117499999995
1999-06-25 23:00:00,32.920174999999944
1999-06-28 23:00:00,33.70117499999995
1999-06-29 23:00:00,34.107174999999955
1999-06-30 23:00:00,34.982174999999955
1999-07-01 23:00:00,34.607174999999955
1999-07-02 23:00:00,34.857174999999955
1999-07-06 23:00:00,34.38817499999995
1999-07-07 23:00:00,34.170174999999944
1999-07-08 23:00:00,35.01417499999995
1999-07-09 23:00:00,34.920174999999944
1999-07-12 23:00:00,36.07617499999995
1999-07-13 23:00:00,36.232174999999955
1999-07-14 23:00:00,35.857174999999955
1999-07-15 23:00:00,35.95117499999995
1999-07-16 23:00:00,36.295174999999944
1999-07-19 23:00:00,36.295174999999944
1999-07-20 23:00:00,36.482174999999955
1999-07-21 23:00:00,36.26417499999995
1999-07-22 23:00:00,35.20117499999995
1999-07-23 23:00:00,34.670174999999944
1999-07-26 23:00:00,34.670174999999944
1999-07-27 23:00:00,34.95117499999995
1999-07-28 23:00:00,34.95117499999995
1999-07-29 23:00:00,34.38817499999995
1999-07-30 23:00:00,34.045174999999944
1999-08-02 23:00:00,34.07617499999995
1999-08-03 23:00:00,33.82617499999995
1999-08-04 23:00:00,33.95117499999995
1999-08-05 23:00:00,34.51417499999995
1999-08-06 23:00:00,33.295174999999944
1999-08-09 23:00:00,32.76417499999995
1999-08-10 23:00:00,32.70117499999995
1999-08-11 23:00:00,33.045174999999944
1999-08-12 23:00:00,32.70117499999995
1999-08-13 23:00:00,33.63817499999995
1999-08-16 23:00:00,33.482174999999955
1999-08-17 23:00:00,34.26417499999995
1999-08-18 23:00:00,34.32617499999995
1999-08-19 23:00:00,34.045174999999944
1999-08-20 23:00:00,34.20117499999995
1999-08-23 23:00:00,34.170174999999944
1999-08-24 23:00:00,34.57617499999995
1999-08-25 23:00:00,35.63817499999995
1999-08-26 23:00:00,35.670174999999944
1999-08-27 23:00:00,34.70117499999995
1999-08-30 23:00:00,33.70117499999995
1999-08-31 23:00:00,33.45117499999995
1999-09-01 23:00:00,33.29417499999995
1999-09-02 23:00:00,32.57617499999995
1999-09-03 23:00:00,33.857174999999955
1999-09-07 23:00:00,33.107174999999955
1999-09-08 23:00:00,33.29417499999995
1999-09-09 23:00:00,32.79417499999995
1999-09-10 23:00:00,33.45117499999995
1999-09-13 23:00:00,33.107174999999955
1999-09-14 23:00:00,32.42017499999996
1999-09-15 23:00:00,32.607174999999955
1999-09-16 23:00:00,33.01317499999996
1999-09-17 23:00:00,33.54417499999995
1999-09-20 23:00:00,33.20117499999995
1999-09-21 23:00:00,33.01317499999996
1999-09-22 23:00:00,33.13817499999996
1999-09-23 23:00:00,33.92017499999996
1999-09-24 23:00:00,34.857174999999955
1999-09-27 23:00:00,34.107174999999955
1999-09-28 23:00:00,33.45117499999995
1999-09-29 23:00:00,32.607174999999955
1999-09-30 23:00:00,33.42017499999996
1999-10-01 23:00:00,32.32617499999995
1999-10-04 23:00:00,32.92017499999996
1999-10-05 23:00:00,31.920174999999958
1999-10-06 23:00:00,32.07617499999995
1999-10-07 23:00:00,32.07617499999995
1999-10-08 23:00:00,32.04417499999995
1999-10-12 23:00:00,31.70117499999995
1999-10-13 23:00:00,31.07617499999995
1999-10-14 23:00:00,30.76317499999996
1999-10-15 23:00:00,31.45117499999995
1999-10-18 23:00:00,30.982174999999955
1999-10-19 23:00:00,30.544174999999953
1999-10-20 23:00:00,30.63817499999996
1999-10-21 23:00:00,30.45117499999995
1999-10-22 23:00:00,30.45117499999995
1999-10-25 23:00:00,30.482174999999955
1999-10-26 23:00:00,30.32617499999995
1999-10-27 23:00:00,30.95117499999995
1999-10-28 23:00:00,31.76317499999996
1999-10-29 23:00:00,33.07617499999995
1999-11-01 23:00:00,32.63817499999996
1999-11-02 23:00:00,33.01317499999996
1999-11-03 23:00:00,33.01317499999996
1999-11-04 23:00:00,33.57617499999995
1999-11-05 23:00:00,34.107174999999955
1999-11-08 23:00:00,33.95117499999995
1999-11-09 23:00:00,33.88817499999996
1999-11-10 23:00:00,33.67017499999996
1999-11-12 23:00:00,34.42017499999996
1999-11-15 23:00:00,34.38817499999996
1999-11-16 23:00:00,34.13817499999996
1999-11-17 23:00:00,33.32617499999995
1999-11-18 23:00:00,33.07617499999995
1999-11-19 23:00:00,33.107174999999955
1999-11-22 23:00:00,32.732174999999955
1999-11-23 23:00:00,32.607174999999955
1999-11-24 23:00:00,32.38817499999996
1999-11-26 23:00:00,32.07617499999995
1999-11-29 23:00:00,31.10717499999994
1999-11-30 23:00:00,31.450174999999945
1999-12-01 23:00:00,31.200174999999945
1999-12-02 23:00:00,30.919174999999953
1999-12-03 23:00:00,31.794174999999953
1999-12-06 23:00:00,31.98217499999994
1999-12-07 23:00:00,32.450174999999945
1999-12-08 23:00:00,32.10717499999994
1999-12-09 23:00:00,32.10717499999994
1999-12-10 23:00:00,33.04417499999995
1999-12-13 23:00:00,32.700174999999945
1999-12-14 23:00:00,31.419174999999953
1999-12-15 23:00:00,31.013174999999947
1999-12-16 23:00:00,30.23217499999994
1999-12-17 23:00:00,30.200174999999945
1999-12-20 23:00:00,29.638174999999947
1999-12-21 23:00:00,29.419174999999953
1999-12-22 23:00:00,29.450174999999945
1999-12-23 23:00:00,29.32617499999995
1999-12-27 23:00:00,29.638174999999947
1999-12-28 23:00:00,29.450174999999945
1999-12-29 23:00:00,29.700174999999945
1999-12-30 23:00:00,29.82617499999995
1999-12-31 23:00:00,29.32617499999995
2000-01-03 23:00:00,28.263174999999947
2000-01-04 23:00:00,29.013174999999947
2000-01-05 23:00:00,28.076174999999935
2000-01-06 23:00:00,28.794174999999953
2000-01-07 23:00:00,29.32617499999995
2000-01-10 23:00:00,28.950174999999945
2000-01-11 23:00:00,28.950174999999945
2000-01-12 23:00:00,27.794174999999953
2000-01-13 23:00:00,28.669174999999953
2000-01-14 23:00:00,28.138174999999947
2000-01-18 23:00:00,27.60717499999994
2000-01-19 23:00:00,27.919174999999953
2000-01-20 23:00:00,27.794174999999953
2000-01-21 23:00:00,28.10717499999994
2000-01-24 23:00:00,28.73217499999994
2000-01-25 23:00:00,28.98217499999994
2000-01-26 23:00:00,29.638174999999947
2000-01-27 23:00:00,30.32617499999995
2000-01-28 23:00:00,31.294174999999953
2000-01-31 23:00:00,30.60717499999994
2000-02-01 23:00:00,31.263174999999947
2000-02-02 23:00:00,31.85717499999994
2000-02-03 23:00:00,32.82617499999995
2000-02-04 23:00:00,32.51317499999995
2000-02-07 23:00:00,31.763174999999947
2000-02-08 23:00:00,32.91917499999995
2000-02-09 23:00:00,31.98217499999994
2000-02-10 23:00:00,31.200174999999945
2000-02-11 23:00:00,31.700174999999945
2000-02-14 23:00:00,32.51317499999995
2000-02-15 23:00:00,32.13817499999995
2000-02-16 23:00:00,32.07617499999995
2000-02-17 23:00:00,32.54417499999995
2000-02-18 23:00:00,33.26317499999995
2000-02-22 23:00:00,34.23217499999994
2000-02-23 23:00:00,33.57617499999995
2000-02-24 23:00:00,33.88817499999995
2000-02-25 23:00:00,33.29417499999995
2000-02-28 23:00:00,32.76217499999996
2000-02-29 23:00:00,33.38817499999996
2000-03-01 23:00:00,33.20017499999996
2000-03-02 23:00:00,33.51217499999996
2000-03-03 23:00:00,33.91917499999995
2000-03-06 23:00:00,33.54417499999995
2000-03-07 23:00:00,33.481174999999965
2000-03-08 23:00:00,33.26217499999996
2000-03-09 23:00:00,33.356174999999965
2000-03-10 23:00:00,32.91917499999995
2000-03-13 23:00:00,33.04417499999995
2000-03-14 23:00:00,33.731174999999965
2000-03-15 23:00:00,34.16917499999995
2000-03-16 23:00:00,34.481174999999965
2000-03-17 23:00:00,34.91917499999995
2000-03-20 23:00:00,35.04417499999995
2000-03-21 23:00:00,35.29417499999995
2000-03-22 23:00:00,35.26217499999996
2000-03-23 23:00:00,35.76217499999996
2000-03-24 23:00:00,34.731174999999965
2000-03-27 23:00:00,34.79417499999995
2000-03-28 23:00:00,34.82517499999996
2000-03-29 23:00:00,34.79417499999995
2000-03-30 23:00:00,35.88817499999996
2000-03-31 23:00:00,36.38817499999996
2000-04-03 23:00:00,36.51217499999996
2000-04-04 23:00:00,37.38817499999996
2000-04-05 23:00:00,37.106174999999965
2000-04-06 23:00:00,37.231174999999965
2000-04-07 23:00:00,38.04417499999995
2000-04-10 23:00:00,38.04417499999995
2000-04-11 23:00:00,37.07517499999996
2000-04-12 23:00:00,36.45017499999996
2000-04-13 23:00:00,36.95017499999996
2000-04-14 23:00:00,37.16917499999995
2000-04-17 23:00:00,35.76217499999996
2000-04-18 23:00:00,35.79417499999995
2000-04-19 23:00:00,36.70017499999996
2000-04-20 23:00:00,36.76217499999996
2000-04-24 23:00:00,36.356174999999965
2000-04-25 23:00:00,35.76217499999996
2000-04-26 23:00:00,35.63817499999996
2000-04-27 23:00:00,34.95017499999996
2000-04-28 23:00:00,35.26217499999996
2000-05-01 23:00:00,35.16917499999995
2000-05-02 23:00:00,34.54417499999995
2000-05-03 23:00:00,33.481174999999965
2000-05-04 23:00:00,32.51217499999996
2000-05-05 23:00:00,32.26217499999996
2000-05-08 23:00:00,31.57517499999996
2000-05-09 23:00:00,32.13817499999996
2000-05-10 23:00:00,32.76217499999996
2000-05-11 23:00:00,32.95017499999996
2000-05-12 23:00:00,32.20017499999996
2000-05-15 23:00:00,32.76217499999996
2000-05-16 23:00:00,33.231174999999965
2000-05-17 23:00:00,32.66917499999995
2000-05-18 23:00:00,31.762174999999957
2000-05-19 23:00:00,31.981174999999965
2000-05-22 23:00:00,32.66917499999995
2000-05-23 23:00:00,32.63817499999996
2000-05-24 23:00:00,32.38817499999996
2000-05-25 23:00:00,33.51217499999996
2000-05-26 23:00:00,33.981174999999965
2000-05-30 23:00:00,33.45017499999996
2000-05-31 23:00:00,34.41917499999995
2000-06-01 23:00:00,35.20017499999996
2000-06-02 23:00:00,35.41917499999995
2000-06-05 23:00:00,35.76317499999995
2000-06-06 23:00:00,35.732174999999955
2000-06-07 23:00:00,36.04417499999995
2000-06-08 23:00:00,36.20017499999996
2000-06-09 23:00:00,36.10617499999995
2000-06-12 23:00:00,36.29417499999995
2000-06-13 23:00:00,35.51317499999995
2000-06-14 23:00:00,36.07517499999996
2000-06-15 23:00:00,35.91917499999995
2000-06-16 23:00:00,36.51317499999995
2000-06-19 23:00:00,36.26317499999995
2000-06-20 23:00:00,36.10617499999995
2000-06-21 23:00:00,35.41917499999995
2000-06-22 23:00:00,35.32517499999996
2000-06-23 23:00:00,34.732174999999955
2000-06-26 23:00:00,35.26317499999995
2000-06-27 23:00:00,35.57517499999996
2000-06-28 23:00:00,35.26317499999995
2000-06-29 23:00:00,36.29417499999995
2000-06-30 23:00:00,36.13817499999995
2000-07-03 23:00:00,36.482174999999955
2000-07-05 23:00:00,36.51317499999995
2000-07-06 23:00:00,35.982174999999955
2000-07-07 23:00:00,36.41917499999995
2000-07-10 23:00:00,36.35617499999995
2000-07-11 23:00:00,36.35617499999995
2000-07-12 23:00:00,36.32517499999996
2000-07-13 23:00:00,37.232174999999955
2000-07-14 23:00:00,36.32517499999996
2000-07-17 23:00:00,35.70017499999996
2000-07-18 23:00:00,35.732174999999955
2000-07-19 23:00:00,35.70017499999996
2000-07-20 23:00:00,37.26317499999995
2000-07-21 23:00:00,37.482174999999955
2000-07-24 23:00:00,37.232174999999955
2000-07-25 23:00:00,37.32517499999996
2000-07-26 23:00:00,37.232174999999955
2000-07-27 23:00:00,37.732174999999955
2000-07-28 23:00:00,37.51317499999995
2000-07-31 23:00:00,37.38817499999995
2000-08-01 23:00:00,37.76317499999995
2000-08-02 23:00:00,37.82517499999996
2000-08-03 23:00:00,38.16917499999995
2000-08-04 23:00:00,38.482174999999955
2000-08-07 23:00:00,38.10617499999995
2000-08-08 23:00:00,38.45017499999996
2000-08-09 23:00:00,38.57517499999996
2000-08-10 23:00:00,38.85617499999995
2000-08-11 23:00:00,38.45017499999996
2000-08-14 23:00:00,38.79417499999995
2000-08-15 23:00:00,38.54417499999995
2000-08-16 23:00:00,38.26317499999995
2000-08-17 23:00:00,38.57517499999996
2000-08-18 23:00:00,38.88817499999995
2000-08-21 23:00:00,38.63817499999995
2000-08-22 23:00:00,38.70017499999996
2000-08-23 23:00:00,39.16917499999995
2000-08-24 23:00:00,39.29417499999995
2000-08-25 23:00:00,39.232174999999955
2000-08-28 23:00:00,38.63817499999995
2000-08-29 23:00:00,38.326174999999935
2000-08-30 23:00:00,38.451174999999935
2000-08-31 23:00:00,39.170174999999944
2000-09-01 23:00:00,39.326174999999935
2000-09-05 23:00:00,39.35717499999994
2000-09-06 23:00:00,38.85717499999994
2000-09-07 23:00:00,38.63817499999995
2000-09-08 23:00:00,38.920174999999944
2000-09-11 23:00:00,38.51317499999995
2000-09-12 23:00:00,38.38817499999995
2000-09-13 23:00:00,38.670174999999944
2000-09-14 23:00:00,37.85717499999994
2000-09-15 23:00:00,37.04417499999994
2000-09-18 23:00:00,36.60717499999994
2000-09-19 23:00:00,36.826174999999935
2000-09-20 23:00:00,36.35717499999994
2000-09-21 23:00:00,36.826174999999935
2000-09-22 23:00:00,36.88817499999995
2000-09-25 23:00:00,37.076174999999935
2000-09-26 23:00:00,37.51317499999995
2000-09-27 23:00:00,37.076174999999935
2000-09-28 23:00:00,37.23217499999994
2000-09-29 23:00:00,37.38817499999995
2000-10-02 23:00:00,36.826174999999935
2000-10-03 23:00:00,36.60717499999994
2000-10-04 23:00:00,36.54417499999994
2000-10-05 23:00:00,37.01317499999995
2000-10-06 23:00:00,37.60717499999994
2000-10-10 23:00:00,37.88817499999995
2000-10-11 23:00:00,37.920174999999944
2000-10-12 23:00:00,38.23217499999994
2000-10-13 23:00:00,38.23217499999994
2000-10-16 23:00:00,38.076174999999935
2000-10-17 23:00:00,38.826174999999935
2000-10-18 23:00:00,38.76317499999995
2000-10-19 23:00:00,38.98217499999994
2000-10-20 23:00:00,39.35717499999994
2000-10-23 23:00:00,39.951174999999935
2000-10-24 23:00:00,39.54417499999994
2000-10-25 23:00:00,39.076174999999935
2000-10-26 23:00:00,39.23217499999994
2000-10-27 23:00:00,39.13817499999995
2000-10-30 23:00:00,39.076174999999935
2000-10-31 23:00:00,38.576174999999935
2000-11-01 23:00:00,38.76317499999995
2000-11-02 23:00:00,38.670174999999944
2000-11-03 23:00:00,37.76317499999995
2000-11-06 23:00:00,37.51317499999995
2000-11-07 23:00:00,37.51317499999995
2000-11-08 23:00:00,37.76317499999995
2000-11-09 23:00:00,38.10717499999994
2000-11-10 23:00:00,37.920174999999944
2000-11-13 23:00:00,38.38817499999995
2000-11-14 23:00:00,38.701174999999935
2000-11-15 23:00:00,39.201174999999935
2000-11-16 23:00:00,39.451174999999935
2000-11-17 23:00:00,39.10717499999994
2000-11-20 23:00:00,39.26317499999995
2000-11-21 23:00:00,39.48217499999994
2000-11-22 23:00:00,40.54417499999994
2000-11-24 23:00:00,40.23217499999994
2000-11-27 23:00:00,39.951174999999935
2000-11-28 23:00:00,40.26417499999992
2000-11-29 23:00:00,40.51417499999992
2000-11-30 23:00:00,41.326174999999935
2000-12-01 23:00:00,40.76417499999992
2000-12-04 23:00:00,40.576174999999935
2000-12-05 23:00:00,41.42017499999993
2000-12-06 23:00:00,42.23217499999993
2000-12-07 23:00:00,42.38917499999992
2000-12-08 23:00:00,42.04517499999993
2000-12-11 23:00:00,41.98217499999993
2000-12-12 23:00:00,42.10817499999993
2000-12-13 23:00:00,42.76417499999992
2000-12-14 23:00:00,43.201174999999935
2000-12-15 23:00:00,43.451174999999935
2000-12-18 23:00:00,43.326174999999935
2000-12-19 23:00:00,43.17017499999993
2000-12-20 23:00:00,43.79517499999993
2000-12-21 23:00:00,44.076174999999935
2000-12-22 23:00:00,44.26417499999992
2000-12-26 23:00:00,44.04517499999993
2000-12-27 23:00:00,43.48217499999993
2000-12-28 23:00:00,43.451174999999935
2000-12-29 23:00:00,43.29517499999993
2001-01-02 23:00:00,44.951174999999935
2001-01-03 23:00:00,43.10817499999993
2001-01-04 23:00:00,43.79517499999993
2001-01-05 23:00:00,44.26417499999992
2001-01-08 23:00:00,44.26417499999992
2001-01-09 23:00:00,43.951174999999935
2001-01-10 23:00:00,43.17017499999993
2001-01-11 23:00:00,42.38917499999992
2001-01-12 23:00:00,41.576174999999935
2001-01-16 23:00:00,41.85817499999993
2001-01-17 23:00:00,42.73217499999993
2001-01-18 23:00:00,43.42017499999993
2001-01-19 23:00:00,42.38917499999992
2001-01-22 23:00:00,41.85817499999993
2001-01-23 23:00:00,41.26417499999992
2001-01-24 23:00:00,41.10817499999993
2001-01-25 23:00:00,41.60817499999993
2001-01-26 23:00:00,41.451174999999935
2001-01-29 23:00:00,41.10817499999993
2001-01-30 23:00:00,42.13917499999992
2001-01-31 23:00:00,42.73217499999993
2001-02-01 23:00:00,43.79517499999993
2001-02-02 23:00:00,43.076174999999935
2001-02-05 23:00:00,43.35817499999993
2001-02-06 23:00:00,43.01417499999992
2001-02-07 23:00:00,43.01417499999992
2001-02-08 23:00:00,43.01417499999992
2001-02-09 23:00:00,43.67017499999993
2001-02-12 23:00:00,43.076174999999935
2001-02-13 23:00:00,42.88917499999992
2001-02-14 23:00:00,42.701174999999935
2001-02-15 23:00:00,41.88917499999992
2001-02-16 23:00:00,42.42017499999993
2001-02-20 23:00:00,42.48217499999993
2001-02-21 23:00:00,42.01417499999992
2001-02-22 23:00:00,41.88917499999992
2001-02-23 23:00:00,42.451174999999935
2001-02-26 23:00:00,42.951174999999935
2001-02-27 23:00:00,44.16917499999994
2001-02-28 23:00:00,44.29417499999994
2001-03-01 23:00:00,44.951174999999935
2001-03-02 23:00:00,43.79417499999994
2001-03-05 23:00:00,43.82517499999993
2001-03-06 23:00:00,43.63817499999993
2001-03-07 23:00:00,44.451174999999935
2001-03-08 23:00:00,44.63817499999993
2001-03-09 23:00:00,44.41917499999994
2001-03-12 23:00:00,44.57517499999993
2001-03-13 23:00:00,44.35717499999993
2001-03-14 23:00:00,45.04417499999994
2001-03-15 23:00:00,45.13817499999993
2001-03-16 23:00:00,45.54417499999994
2001-03-19 23:00:00,45.04417499999994
2001-03-20 23:00:00,45.35717499999993
2001-03-21 23:00:00,45.35717499999993
2001-03-22 23:00:00,45.88817499999993
2001-03-23 23:00:00,45.13817499999993
2001-03-26 23:00:00,44.41917499999994
2001-03-27 23:00:00,43.13817499999993
2001-03-28 23:00:00,43.01317499999993
2001-03-29 23:00:00,42.91917499999994
2001-03-30 23:00:00,43.201174999999935
2001-04-02 23:00:00,42.88817499999993
2001-04-03 23:00:00,43.04417499999994
2001-04-04 23:00:00,42.951174999999935
2001-04-05 23:00:00,42.63817499999993
2001-04-06 23:00:00,43.66917499999994
2001-04-09 23:00:00,43.16917499999994
2001-04-10 23:00:00,41.41917499999994
2001-04-11 23:00:00,41.51317499999993
2001-04-12 23:00:00,41.32517499999993
2001-04-16 23:00:00,40.201174999999935
2001-04-17 23:00:00,40.88817499999993
2001-04-18 23:00:00,41.01317499999993
2001-04-19 23:00:00,39.54417499999994
2001-04-20 23:00:00,39.51317499999993
2001-04-23 23:00:00,40.26317499999993
2001-04-24 23:00:00,40.01317499999993
2001-04-25 23:00:00,39.63817499999993
2001-04-26 23:00:00,40.54417499999994
2001-04-27 23:00:00,39.26317499999993
2001-04-30 23:00:00,39.48217499999993
2001-05-01 23:00:00,40.04417499999994
2001-05-02 23:00:00,40.54417499999994
2001-05-03 23:00:00,41.41917499999994
2001-05-04 23:00:00,41.35717499999993
2001-05-07 23:00:00,41.10717499999993
2001-05-08 23:00:00,40.66917499999994
2001-05-09 23:00:00,41.16917499999994
2001-05-10 23:00:00,40.04417499999994
2001-05-11 23:00:00,38.20067499999993
2001-05-14 23:00:00,38.63817499999993
2001-05-15 23:00:00,38.04437499999993
2001-05-16 23:00:00,38.45067499999993
2001-05-17 23:00:00,39.10717499999993
2001-05-18 23:00:00,39.41917499999994
2001-05-21 23:00:00,39.48217499999993
2001-05-22 23:00:00,39.32517499999993
2001-05-23 23:00:00,39.13817499999993
2001-05-24 23:00:00,38.26317499999993
2001-05-25 23:00:00,38.231974999999935
2001-05-29 23:00:00,38.20067499999993
2001-05-30 23:00:00,38.26317499999993
2001-05-31 23:00:00,39.20067499999993
2001-06-01 23:00:00,39.98217499999993
2001-06-04 23:00:00,40.23217499999993
2001-06-05 23:00:00,40.63817499999993
2001-06-06 23:00:00,40.66917499999994
2001-06-07 23:00:00,40.076174999999935
2001-06-08 23:00:00,39.88817499999993
2001-06-11 23:00:00,40.45017499999993
2001-06-12 23:00:00,40.91917499999994
2001-06-13 23:00:00,40.88817499999993
2001-06-14 23:00:00,41.20017499999993
2001-06-15 23:00:00,40.79417499999994
2001-06-18 23:00:00,40.70017499999993
2001-06-19 23:00:00,40.85717499999993
2001-06-20 23:00:00,41.13817499999993
2001-06-21 23:00:00,41.45017499999993
2001-06-22 23:00:00,42.326174999999935
2001-06-25 23:00:00,42.13817499999993
2001-06-26 23:00:00,41.38817499999993
2001-06-27 23:00:00,41.576174999999935
2001-06-28 23:00:00,40.79417499999994
2001-06-29 23:00:00,39.95017499999993
2001-07-02 23:00:00,40.54417499999994
2001-07-03 23:00:00,40.076174999999935
2001-07-05 23:00:00,39.66917499999994
2001-07-06 23:00:00,40.01317499999993
2001-07-09 23:00:00,40.51317499999993
2001-07-10 23:00:00,40.95017499999993
2001-07-11 23:00:00,40.70017499999993
2001-07-12 23:00:00,41.29417499999994
2001-07-13 23:00:00,41.45017499999993
2001-07-16 23:00:00,41.95017499999993
2001-07-17 23:00:00,42.076174999999935
2001-07-18 23:00:00,43.04417499999994
2001-07-19 23:00:00,42.88817499999993
2001-07-20 23:00:00,42.76317499999993
2001-07-23 23:00:00,43.01317499999993
2001-07-24 23:00:00,43.26317499999993
2001-07-25 23:00:00,42.54417499999994
2001-07-26 23:00:00,42.51317499999993
2001-07-27 23:00:00,43.10717499999993
2001-07-30 23:00:00,43.35717499999993
2001-07-31 23:00:00,43.66917499999994
2001-08-01 23:00:00,43.41917499999994
2001-08-02 23:00:00,42.79417499999994
2001-08-03 23:00:00,42.70017499999993
2001-08-06 23:00:00,42.60717499999993
2001-08-07 23:00:00,42.54417499999994
2001-08-08 23:00:00,43.576174999999935
2001-08-09 23:00:00,43.29417499999994
2001-08-10 23:00:00,43.63817499999993
2001-08-13 23:00:00,43.76317499999993
2001-08-14 23:00:00,43.70017499999993
2001-08-15 23:00:00,43.576174999999935
2001-08-16 23:00:00,44.04417499999994
2001-08-17 23:00:00,44.88817499999993
2001-08-20 23:00:00,44.41917499999994
2001-08-21 23:00:00,44.576174999999935
2001-08-22 23:00:00,44.66917499999994
2001-08-23 23:00:00,45.076174999999935
2001-08-24 23:00:00,44.63817499999993
2001-08-27 23:00:00,44.41917499999994
2001-08-28 23:00:00,45.20017499999993
2001-08-29 23:00:00,45.82517499999993
2001-08-30 23:00:00,45.668174999999934
2001-08-31 23:00:00,45.668174999999934
2001-09-04 23:00:00,44.04417499999994
2001-09-05 23:00:00,44.20017499999993
2001-09-06 23:00:00,45.106174999999936
2001-09-07 23:00:00,45.668174999999934
2001-09-10 23:00:00,45.04417499999994
2001-09-11 23:00:00,46.20017499999993
2001-09-13 23:00:00,46.106174999999936
2001-09-14 23:00:00,46.481174999999936
2001-09-17 23:00:00,45.76217499999994
2001-09-18 23:00:00,44.04417499999994
2001-09-19 23:00:00,43.981174999999936
2001-09-20 23:00:00,43.07517499999993
2001-09-21 23:00:00,43.57517499999993
2001-09-24 23:00:00,43.731174999999936
2001-09-25 23:00:00,43.79417499999994
2001-09-26 23:00:00,44.88717499999994
2001-09-27 23:00:00,45.668174999999934
2001-09-28 23:00:00,45.856174999999936
2001-10-01 23:00:00,46.38717499999994
2001-10-02 23:00:00,46.918174999999934
2001-10-03 23:00:00,47.07517499999993
2001-10-04 23:00:00,47.231174999999936
2001-10-05 23:00:00,47.13717499999994
2001-10-09 23:00:00,46.29417499999994
2001-10-10 23:00:00,46.668174999999934
2001-10-11 23:00:00,45.82517499999993
2001-10-12 23:00:00,45.731174999999936
2001-10-15 23:00:00,46.38717499999994
2001-10-16 23:00:00,46.70017499999993
2001-10-17 23:00:00,47.07517499999993
2001-10-18 23:00:00,47.168174999999934
2001-10-19 23:00:00,46.63717499999994
2001-10-22 23:00:00,46.76217499999994
2001-10-23 23:00:00,46.57517499999993
2001-10-24 23:00:00,47.45017499999993
2001-10-25 23:00:00,47.918174999999934
2001-10-26 23:00:00,48.04417499999994
2001-10-29 23:00:00,48.38717499999994
2001-10-30 23:00:00,48.856174999999936
2001-10-31 23:00:00,50.79417499999994
2001-11-01 23:00:00,51.20017499999993
2001-11-02 23:00:00,49.668174999999934
2001-11-05 23:00:00,50.54417499999994
2001-11-06 23:00:00,50.70017499999993
2001-11-07 23:00:00,51.856174999999936
2001-11-08 23:00:00,50.856174999999936
2001-11-09 23:00:00,50.79417499999994
2001-11-13 23:00:00,50.168174999999934
2001-11-14 23:00:00,48.88717499999994
2001-11-15 23:00:00,46.63717499999994
2001-11-16 23:00:00,45.29417499999994
2001-11-19 23:00:00,46.606174999999936
2001-11-20 23:00:00,45.29417499999994
2001-11-21 23:00:00,44.29417499999994
2001-11-23 23:00:00,43.82517499999993
2001-11-26 23:00:00,43.70017499999993
2001-11-27 23:00:00,44.01217499999994
2001-11-28 23:00:00,44.04317499999995
2001-11-29 23:00:00,45.324174999999954
2001-11-30 23:00:00,45.10617499999995
2001-12-03 23:00:00,45.51217499999994
2001-12-04 23:00:00,46.41817499999995
2001-12-05 23:00:00,44.01217499999994
2001-12-06 23:00:00,42.949174999999954
2001-12-07 23:00:00,40.88697499999995
2001-12-10 23:00:00,41.38697499999995
2001-12-11 23:00:00,41.824174999999954
2001-12-12 23:00:00,42.824174999999954
2001-12-13 23:00:00,41.88717499999994
2001-12-14 23:00:00,41.13697499999995
2001-12-17 23:00:00,40.66817499999995
2001-12-18 23:00:00,41.91817499999995
2001-12-19 23:00:00,42.91817499999995
2001-12-20 23:00:00,42.824174999999954
2001-12-21 23:00:00,42.51217499999994
2001-12-24 23:00:00,42.10617499999995
2001-12-26 23:00:00,41.76217499999994
2001-12-27 23:00:00,42.41817499999995
2001-12-28 23:00:00,41.949174999999954
2001-12-31 23:00:00,42.949174999999954
2002-01-02 23:00:00,41.54317499999995
2002-01-03 23:00:00,41.949174999999954
2002-01-04 23:00:00,41.63717499999994
2002-01-07 23:00:00,42.85617499999995
2002-01-08 23:00:00,42.79317499999995
2002-01-09 23:00:00,42.91817499999995
2002-01-10 23:00:00,44.230174999999946
2002-01-11 23:00:00,44.88717499999994
2002-01-14 23:00:00,44.699174999999954
2002-01-15 23:00:00,45.324174999999954
2002-01-16 23:00:00,45.16817499999995
2002-01-17 23:00:00,44.38717499999994
2002-01-18 23:00:00,45.04317499999995
2002-01-22 23:00:00,44.88717499999994
2002-01-23 23:00:00,43.60617499999995
2002-01-24 23:00:00,43.63717499999994
2002-01-25 23:00:00,43.54317499999995
2002-01-28 23:00:00,43.699174999999954
2002-01-29 23:00:00,44.66817499999995
2002-01-30 23:00:00,44.60617499999995
2002-01-31 23:00:00,44.26217499999994
2002-02-01 23:00:00,44.76217499999994
2002-02-04 23:00:00,45.574174999999954
2002-02-05 23:00:00,45.51217499999994
2002-02-06 23:00:00,45.10617499999995
2002-02-07 23:00:00,44.730174999999946
2002-02-08 23:00:00,45.29317499999995
2002-02-11 23:00:00,45.01217499999994
2002-02-12 23:00:00,44.26217499999994
2002-02-13 23:00:00,44.13717499999994
2002-02-14 23:00:00,44.79317499999995
2002-02-15 23:00:00,45.63717499999994
2002-02-19 23:00:00,45.324174999999954
2002-02-20 23:00:00,45.35617499999995
2002-02-21 23:00:00,45.63717499999994
2002-02-22 23:00:00,46.074174999999954
2002-02-25 23:00:00,45.88717499999994
2002-02-26 23:00:00,45.075174999999945
2002-02-27 23:00:00,45.88717499999994
2002-02-28 23:00:00,45.48117499999995
2002-03-01 23:00:00,44.38717499999994
2002-03-04 23:00:00,44.29417499999994
2002-03-05 23:00:00,44.48117499999995
2002-03-06 23:00:00,43.91917499999994
2002-03-07 23:00:00,42.262674999999945
2002-03-08 23:00:00,41.48137499999994
2002-03-11 23:00:00,41.450174999999945
2002-03-12 23:00:00,41.48137499999994
2002-03-13 23:00:00,41.73137499999994
2002-03-14 23:00:00,40.387674999999945
2002-03-15 23:00:00,41.137674999999945
2002-03-18 23:00:00,41.668974999999946
2002-03-19 23:00:00,41.325174999999945
2002-03-20 23:00:00,40.512674999999945
2002-03-21 23:00:00,40.918974999999946
2002-03-22 23:00:00,40.700174999999945
2002-03-25 23:00:00,40.793974999999946
2002-03-26 23:00:00,41.543974999999946
2002-03-27 23:00:00,41.575174999999945
2002-03-28 23:00:00,40.73137499999994
2002-04-01 23:00:00,40.825174999999945
2002-04-02 23:00:00,41.762674999999945
2002-04-03 23:00:00,42.35637499999994
2002-04-04 23:00:00,42.512674999999945
2002-04-05 23:00:00,43.16917499999994
2002-04-08 23:00:00,42.79417499999994
2002-04-09 23:00:00,43.075174999999945
2002-04-10 23:00:00,42.825174999999945
2002-04-11 23:00:00,43.200174999999945
2002-04-12 23:00:00,43.54417499999994
2002-04-15 23:00:00,43.88717499999994
2002-04-16 23:00:00,43.48117499999995
2002-04-17 23:00:00,42.63717499999994
2002-04-18 23:00:00,42.85617499999995
2002-04-19 23:00:00,43.13717499999994
2002-04-22 23:00:00,43.325174999999945
2002-04-23 23:00:00,43.51317499999995
2002-04-24 23:00:00,44.325174999999945
2002-04-25 23:00:00,44.38717499999994
2002-04-26 23:00:00,44.79417499999994
2002-04-29 23:00:00,44.54417499999994
2002-04-30 23:00:00,44.88717499999994
2002-05-01 23:00:00,45.26317499999995
2002-05-02 23:00:00,44.73117499999995
2002-05-03 23:00:00,45.29417499999994
2002-05-06 23:00:00,45.200174999999945
2002-05-07 23:00:00,45.16917499999994
2002-05-08 23:00:00,43.700174999999945
2002-05-09 23:00:00,44.10617499999995
2002-05-10 23:00:00,44.63717499999994
2002-05-13 23:00:00,43.60617499999995
2002-05-14 23:00:00,42.700174999999945
2002-05-15 23:00:00,42.950174999999945
2002-05-16 23:00:00,43.450174999999945
2002-05-17 23:00:00,42.76317499999995
2002-05-20 23:00:00,43.38717499999994
2002-05-21 23:00:00,43.825174999999945
2002-05-22 23:00:00,44.38717499999994
2002-05-23 23:00:00,43.88717499999994
2002-05-24 23:00:00,44.10617499999995
2002-05-28 23:00:00,44.075174999999945
2002-05-29 23:00:00,44.60617499999995
2002-05-30 23:00:00,45.01217499999996
2002-05-31 23:00:00,44.85617499999995
2002-06-03 23:00:00,44.91917499999995
2002-06-04 23:00:00,45.075174999999945
2002-06-05 23:00:00,44.575174999999945
2002-06-06 23:00:00,45.075174999999945
2002-06-07 23:00:00,44.51217499999996
2002-06-10 23:00:00,44.91917499999995
2002-06-11 23:00:00,45.54317499999995
2002-06-12 23:00:00,45.91917499999995
2002-06-13 23:00:00,46.29317499999995
2002-06-14 23:00:00,47.60617499999995
2002-06-17 23:00:00,46.85617499999995
2002-06-18 23:00:00,46.950174999999945
2002-06-19 23:00:00,48.075174999999945
2002-06-20 23:00:00,47.04317499999995
2002-06-21 23:00:00,47.85617499999995
2002-06-24 23:00:00,46.98117499999995
2002-06-25 23:00:00,46.91917499999995
2002-06-26 23:00:00,47.950174999999945
2002-06-27 23:00:00,46.63717499999996
2002-06-28 23:00:00,46.51217499999996
2002-07-01 23:00:00,46.66917499999995
2002-07-02 23:00:00,47.450174999999945
2002-07-03 23:00:00,47.450174999999945
2002-07-05 23:00:00,46.38717499999996
2002-07-08 23:00:00,46.73117499999995
2002-07-09 23:00:00,47.54317499999995
2002-07-10 23:00:00,48.51217499999996
2002-07-11 23:00:00,48.825174999999945
2002-07-12 23:00:00,48.98117499999995
2002-07-15 23:00:00,48.575174999999945
2002-07-16 23:00:00,47.51217499999996
2002-07-17 23:00:00,47.950174999999945
2002-07-18 23:00:00,48.29317499999995
2002-07-19 23:00:00,48.88717499999996
2002-07-22 23:00:00,49.85617499999995
2002-07-23 23:00:00,49.950174999999945
2002-07-24 23:00:00,49.66917499999995
2002-07-25 23:00:00,49.91917499999995
2002-07-26 23:00:00,49.63717499999996
2002-07-29 23:00:00,48.325174999999945
2002-07-30 23:00:00,48.41917499999995
2002-07-31 23:00:00,49.66917499999995
2002-08-01 23:00:00,49.98117499999995
2002-08-02 23:00:00,51.450174999999945
2002-08-05 23:00:00,51.66917499999995
2002-08-06 23:00:00,50.575174999999945
2002-08-07 23:00:00,51.26217499999996
2002-08-08 23:00:00,50.76217499999996
2002-08-09 23:00:00,52.35617499999995
2002-08-12 23:00:00,53.04317499999995
2002-08-13 23:00:00,53.98117499999995
2002-08-14 23:00:00,54.91917499999995
2002-08-15 23:00:00,53.79317499999995
2002-08-16 23:00:00,52.29317499999995
2002-08-19 23:00:00,52.63717499999996
2002-08-20 23:00:00,53.79317499999995
2002-08-21 23:00:00,53.51217499999996
2002-08-22 23:00:00,52.575174999999945
2002-08-23 23:00:00,53.66917499999995
2002-08-26 23:00:00,53.85617499999995
2002-08-27 23:00:00,52.825174999999945
2002-08-28 23:00:00,53.60717499999994
2002-08-29 23:00:00,54.29417499999994
2002-08-30 23:00:00,54.60717499999994
2002-09-03 23:00:00,56.450174999999945
2002-09-04 23:00:00,56.63817499999993
2002-09-05 23:00:00,57.10717499999994
2002-09-06 23:00:00,55.54417499999994
2002-09-09 23:00:00,55.54417499999994
2002-09-10 23:00:00,56.13817499999993
2002-09-11 23:00:00,55.41917499999994
2002-09-12 23:00:00,56.450174999999945
2002-09-13 23:00:00,57.35717499999994
2002-09-16 23:00:00,57.700174999999945
2002-09-17 23:00:00,57.825174999999945
2002-09-18 23:00:00,57.700174999999945
2002-09-19 23:00:00,58.29417499999994
2002-09-20 23:00:00,57.981174999999936
2002-09-23 23:00:00,59.01317499999993
2002-09-24 23:00:00,59.41917499999994
2002-09-25 23:00:00,57.981174999999936
2002-09-26 23:00:00,57.91917499999994
2002-09-27 23:00:00,58.63817499999993
2002-09-30 23:00:00,59.16917499999994
2002-10-01 23:00:00,58.231174999999936
2002-10-02 23:00:00,58.450174999999945
2002-10-03 23:00:00,58.35717499999994
2002-10-04 23:00:00,58.54417499999994
2002-10-07 23:00:00,58.85717499999994
2002-10-08 23:00:00,58.76317499999993
2002-10-09 23:00:00,59.54417499999994
2002-10-10 23:00:00,58.66917499999994
2002-10-11 23:00:00,57.231174999999936
2002-10-15 23:00:00,55.075174999999945
2002-10-16 23:00:00,54.700174999999945
2002-10-17 23:00:00,53.700174999999945
2002-10-18 23:00:00,53.60717499999994
2002-10-21 23:00:00,52.981174999999936
2002-10-22 23:00:00,52.63817499999993
2002-10-23 23:00:00,52.54417499999994
2002-10-24 23:00:00,53.35717499999994
2002-10-25 23:00:00,53.91917499999994
2002-10-28 23:00:00,53.88817499999993
2002-10-29 23:00:00,55.481174999999936
2002-10-30 23:00:00,55.13817499999993
2002-10-31 23:00:00,55.575174999999945
2002-11-01 23:00:00,55.26317499999993
2002-11-04 23:00:00,54.60717499999994
2002-11-05 23:00:00,54.35717499999994
2002-11-06 23:00:00,54.825174999999945
2002-11-07 23:00:00,56.85717499999994
2002-11-08 23:00:00,57.88817499999993
2002-11-12 23:00:00,57.76317499999993
2002-11-13 23:00:00,57.981174999999936
2002-11-14 23:00:00,56.13817499999993
2002-11-15 23:00:00,55.981174999999936
2002-11-18 23:00:00,56.450174999999945
2002-11-19 23:00:00,57.01317499999993
2002-11-20 23:00:00,55.950174999999945
2002-11-21 23:00:00,55.04417499999994
2002-11-22 23:00:00,54.79417499999994
2002-11-25 23:00:00,54.76317499999993
2002-11-26 23:00:00,55.825174999999945
2002-11-27 23:00:00,53.63817499999993
2002-11-29 23:00:00,54.10717499999994
2002-12-02 23:00:00,54.26317499999993
2002-12-03 23:00:00,54.10717499999994
2002-12-04 23:00:00,54.700174999999945
2002-12-05 23:00:00,55.35717499999994
2002-12-06 23:00:00,55.38817499999993
2002-12-09 23:00:00,55.981174999999936
2002-12-10 23:00:00,56.26317499999993
2002-12-11 23:00:00,57.04417499999994
2002-12-12 23:00:00,57.075174999999945
2002-12-13 23:00:00,56.200174999999945
2002-12-16 23:00:00,55.29417499999994
2002-12-17 23:00:00,55.35717499999994
2002-12-18 23:00:00,56.01317499999993
2002-12-19 23:00:00,57.04417499999994
2002-12-20 23:00:00,57.13817499999993
2002-12-23 23:00:00,57.01317499999993
2002-12-24 23:00:00,57.731174999999936
2002-12-26 23:00:00,57.88817499999993
2002-12-27 23:00:00,59.01317499999993
2002-12-30 23:00:00,59.29417499999994
2002-12-31 23:00:00,58.85717499999994
2003-01-02 23:00:00,56.325174999999945
2003-01-03 23:00:00,56.450174999999945
2003-01-06 23:00:00,56.200174999999945
2003-01-07 23:00:00,56.51317499999993
2003-01-08 23:00:00,57.200174999999945
2003-01-09 23:00:00,55.200174999999945
2003-01-10 23:00:00,55.200174999999945
2003-01-13 23:00:00,55.63817499999993
2003-01-14 23:00:00,56.04417499999994
2003-01-15 23:00:00,56.450174999999945
2003-01-16 23:00:00,56.575174999999945
2003-01-17 23:00:00,57.231174999999936
2003-01-21 23:00:00,57.54417499999994
2003-01-22 23:00:00,58.16917499999994
2003-01-23 23:00:00,57.731174999999936
2003-01-24 23:00:00,58.54417499999994
2003-01-27 23:00:00,57.950174999999945
2003-01-28 23:00:00,57.88817499999993
2003-01-29 23:00:00,57.231174999999936
2003-01-30 23:00:00,57.88817499999993
2003-01-31 23:00:00,58.35717499999994
2003-02-03 23:00:00,58.325174999999945
2003-02-04 23:00:00,58.950174999999945
2003-02-05 23:00:00,57.91917499999994
2003-02-06 23:00:00,58.825174999999945
2003-02-07 23:00:00,59.200174999999945
2003-02-10 23:00:00,58.41917499999994
2003-02-11 23:00:00,58.481174999999936
2003-02-12 23:00:00,58.85717499999994
2003-02-13 23:00:00,59.575174999999945
2003-02-14 23:00:00,58.51317499999993
2003-02-18 23:00:00,58.79417499999994
2003-02-19 23:00:00,59.63817499999993
2003-02-20 23:00:00,59.950174999999945
2003-02-21 23:00:00,59.29417499999994
2003-02-24 23:00:00,59.76317499999993
2003-02-25 23:00:00,60.231174999999936
2003-02-26 23:00:00,60.88717499999994
2003-02-27 23:00:00,61.13717499999994
2003-02-28 23:00:00,61.95017499999993
2003-03-03 23:00:00,62.01217499999994
2003-03-04 23:00:00,62.20017499999993
2003-03-05 23:00:00,62.45017499999993
2003-03-06 23:00:00,62.07517499999993
2003-03-07 23:00:00,62.41917499999994
2003-03-10 23:00:00,62.82517499999993
2003-03-11 23:00:00,62.731174999999936
2003-03-12 23:00:00,63.07517499999993
2003-03-13 23:00:00,61.293174999999934
2003-03-14 23:00:00,61.66917499999994
2003-03-17 23:00:00,60.356174999999936
2003-03-18 23:00:00,59.51217499999994
2003-03-19 23:00:00,58.856174999999936
2003-03-20 23:00:00,58.16917499999994
2003-03-21 23:00:00,57.16917499999994
2003-03-24 23:00:00,58.51217499999994
2003-03-25 23:00:00,58.543174999999934
2003-03-26 23:00:00,58.70017499999993
2003-03-27 23:00:00,58.82517499999993
2003-03-28 23:00:00,59.20017499999993
2003-03-31 23:00:00,60.231174999999936
2003-04-01 23:00:00,60.231174999999936
2003-04-02 23:00:00,59.043174999999934
2003-04-03 23:00:00,59.01217499999994
2003-04-04 23:00:00,58.731174999999936
2003-04-07 23:00:00,58.26217499999994
2003-04-08 23:00:00,59.32517499999993
2003-04-09 23:00:00,59.543174999999934
2003-04-10 23:00:00,59.20017499999993
2003-04-11 23:00:00,58.95017499999993
2003-04-14 23:00:00,58.63717499999994
2003-04-15 23:00:00,59.293174999999934
2003-04-16 23:00:00,59.63717499999994
2003-04-17 23:00:00,59.793174999999934
2003-04-21 23:00:00,59.57517499999993
2003-04-22 23:00:00,59.543174999999934
2003-04-23 23:00:00,59.606174999999936
2003-04-24 23:00:00,60.76217499999994
2003-04-25 23:00:00,60.88717499999994
2003-04-28 23:00:00,60.88717499999994
2003-04-29 23:00:00,60.57517499999993
2003-04-30 23:00:00,61.51217499999994
2003-05-01 23:00:00,61.51217499999994
2003-05-02 23:00:00,60.981174999999936
2003-05-05 23:00:00,61.38717499999994
2003-05-06 23:00:00,62.16917499999994
2003-05-07 23:00:00,63.356174999999936
2003-05-08 23:00:00,63.76217499999994
2003-05-09 23:00:00,63.76217499999994
2003-05-12 23:00:00,64.32517499999993
2003-05-13 23:00:00,64.57517499999993
2003-05-14 23:00:00,65.85617499999994
2003-05-15 23:00:00,65.88717499999994
2003-05-16 23:00:00,66.73117499999994
2003-05-19 23:00:00,66.51217499999994
2003-05-20 23:00:00,67.91917499999994
2003-05-21 23:00:00,67.88717499999994
2003-05-22 23:00:00,68.63717499999994
2003-05-23 23:00:00,68.76217499999994
2003-05-27 23:00:00,67.35617499999994
2003-05-28 23:00:00,67.01217499999994
2003-05-29 23:00:00,68.07417499999994
2003-05-30 23:00:00,67.98117499999994
2003-06-02 23:00:00,67.04317499999995
2003-06-03 23:00:00,68.13717499999994
2003-06-04 23:00:00,68.63717499999994
2003-06-05 23:00:00,67.95017499999994
2003-06-06 23:00:00,68.10617499999994
2003-06-09 23:00:00,68.85617499999994
2003-06-10 23:00:00,70.16817499999995
2003-06-11 23:00:00,70.13717499999994
2003-06-12 23:00:00,70.51217499999994
2003-06-13 23:00:00,71.41817499999995
2003-06-16 23:00:00,70.48117499999994
2003-06-17 23:00:00,69.35617499999994
2003-06-18 23:00:00,68.13717499999994
2003-06-19 23:00:00,67.95017499999994
2003-06-20 23:00:00,67.32417499999994
2003-06-23 23:00:00,68.29317499999995
2003-06-24 23:00:00,69.04317499999995
2003-06-25 23:00:00,67.60617499999994
2003-06-26 23:00:00,65.85617499999994
2003-06-27 23:00:00,65.41817499999995
2003-06-30 23:00:00,66.10617499999994
2003-07-01 23:00:00,65.85617499999994
2003-07-02 23:00:00,66.07417499999994
2003-07-03 23:00:00,64.70017499999994
2003-07-07 23:00:00,64.07417499999994
2003-07-08 23:00:00,63.82417499999994
2003-07-09 23:00:00,64.01217499999994
2003-07-10 23:00:00,64.20017499999994
2003-07-11 23:00:00,64.70017499999994
2003-07-14 23:00:00,63.450174999999945
2003-07-15 23:00:00,61.231174999999936
2003-07-16 23:00:00,61.200174999999945
2003-07-17 23:00:00,61.200174999999945
2003-07-18 23:00:00,61.07417499999994
2003-07-21 23:00:00,58.76217499999994
2003-07-22 23:00:00,59.16817499999995
2003-07-23 23:00:00,59.481174999999936
2003-07-24 23:00:00,58.63717499999994
2003-07-25 23:00:00,58.41817499999995
2003-07-28 23:00:00,57.07417499999994
2003-07-29 23:00:00,55.82417499999994
2003-07-30 23:00:00,56.76217499999994
2003-07-31 23:00:00,54.38717499999994
2003-08-01 23:00:00,54.731174999999936
2003-08-04 23:00:00,55.450174999999945
2003-08-05 23:00:00,54.04317499999995
2003-08-06 23:00:00,56.26217499999994
2003-08-07 23:00:00,56.606174999999936
2003-08-08 23:00:00,56.41817499999995
2003-08-11 23:00:00,55.66817499999995
2003-08-12 23:00:00,55.82417499999994
2003-08-13 23:00:00,53.29317499999995
2003-08-14 23:00:00,53.57417499999994
2003-08-15 23:00:00,53.856174999999936
2003-08-18 23:00:00,54.51217499999994
2003-08-19 23:00:00,56.106174999999936
2003-08-20 23:00:00,55.450174999999945
2003-08-21 23:00:00,55.04317499999995
2003-08-22 23:00:00,55.856174999999936
2003-08-25 23:00:00,54.981174999999936
2003-08-26 23:00:00,55.66817499999995
2003-08-27 23:00:00,55.04317499999995
2003-08-28 23:00:00,56.356174999999936
2003-08-29 23:00:00,56.13717499999994
2003-09-02 23:00:00,54.38717499999994
2003-09-03 23:00:00,54.356174999999936
2003-09-04 23:00:00,54.981174999999936
2003-09-05 23:00:00,56.825174999999945
2003-09-08 23:00:00,56.54317499999995
2003-09-09 23:00:00,56.731174999999936
2003-09-10 23:00:00,57.91817499999995
2003-09-11 23:00:00,57.13717499999994
2003-09-12 23:00:00,57.825174999999945
2003-09-15 23:00:00,57.91817499999995
2003-09-16 23:00:00,57.231174999999936
2003-09-17 23:00:00,58.731174999999936
2003-09-18 23:00:00,58.79317499999995
2003-09-19 23:00:00,59.26217499999994
2003-09-22 23:00:00,58.19917499999994
2003-09-23 23:00:00,58.825174999999945
2003-09-24 23:00:00,59.88717499999994
2003-09-25 23:00:00,60.41817499999995
2003-09-26 23:00:00,61.26217499999994
2003-09-29 23:00:00,60.481174999999936
2003-09-30 23:00:00,62.29317499999995
2003-10-01 23:00:00,62.19917499999994
2003-10-02 23:00:00,61.44917499999994
2003-10-03 23:00:00,59.01217499999994
2003-10-06 23:00:00,59.69917499999994
2003-10-07 23:00:00,58.481174999999936
2003-10-08 23:00:00,58.356174999999936
2003-10-09 23:00:00,57.606174999999936
2003-10-10 23:00:00,58.26217499999994
2003-10-14 23:00:00,57.04317499999995
2003-10-15 23:00:00,56.51217499999994
2003-10-16 23:00:00,56.13717499999994
2003-10-17 23:00:00,56.981174999999936
2003-10-20 23:00:00,57.356174999999936
2003-10-21 23:00:00,57.44917499999994
2003-10-22 23:00:00,58.606174999999936
2003-10-23 23:00:00,58.13717499999994
2003-10-24 23:00:00,59.41817499999995
2003-10-27 23:00:00,58.91817499999995
2003-10-28 23:00:00,59.69917499999994
2003-10-29 23:00:00,58.69917499999994
2003-10-30 23:00:00,58.13717499999994
2003-10-31 23:00:00,58.856174999999936
2003-11-03 23:00:00,58.29317499999995
2003-11-04 23:00:00,58.981174999999936
2003-11-05 23:00:00,58.29317499999995
2003-11-06 23:00:00,57.481174999999936
2003-11-07 23:00:00,57.26217499999994
2003-11-10 23:00:00,57.106174999999936
2003-11-12 23:00:00,57.88717499999994
2003-11-13 23:00:00,59.66817499999995
2003-11-14 23:00:00,60.38717499999994
2003-11-17 23:00:00,60.79317499999995
2003-11-18 23:00:00,61.106174999999936
2003-11-19 23:00:00,60.19917499999994
2003-11-20 23:00:00,61.075174999999945
2003-11-21 23:00:00,61.26217499999994
2003-11-24 23:00:00,60.356174999999936
2003-11-25 23:00:00,60.91817499999995
2003-11-26 23:00:00,60.356174999999936
2003-11-28 23:00:00,59.38817499999993
2003-12-01 23:00:00,58.91917499999994
2003-12-02 23:00:00,59.075174999999945
2003-12-03 23:00:00,58.575174999999945
2003-12-04 23:00:00,59.13817499999993
2003-12-05 23:00:00,60.98217499999994
2003-12-08 23:00:00,60.075174999999945
2003-12-09 23:00:00,59.29417499999994
2003-12-10 23:00:00,59.63817499999993
2003-12-11 23:00:00,60.41917499999994
2003-12-12 23:00:00,60.51317499999993
2003-12-15 23:00:00,60.325174999999945
2003-12-16 23:00:00,60.79417499999994
2003-12-17 23:00:00,61.51317499999993
2003-12-18 23:00:00,62.356174999999936
2003-12-19 23:00:00,62.356174999999936
2003-12-22 23:00:00,62.075174999999945
2003-12-23 23:00:00,61.075174999999945
2003-12-24 23:00:00,61.825174999999945
2003-12-26 23:00:00,62.450174999999945
2003-12-29 23:00:00,61.38817499999993
2003-12-30 23:00:00,60.73217499999994
2003-12-31 23:00:00,60.856174999999936
2004-01-02 23:00:00,59.450174999999945
2004-01-05 23:00:00,59.41917499999994
2004-01-06 23:00:00,60.575174999999945
2004-01-07 23:00:00,60.950174999999945
2004-01-08 23:00:00,60.98217499999994
2004-01-09 23:00:00,62.825174999999945
2004-01-12 23:00:00,62.856174999999936
2004-01-13 23:00:00,63.356174999999936
2004-01-14 23:00:00,64.04417499999994
2004-01-15 23:00:00,64.38817499999993
2004-01-16 23:00:00,64.10617499999994
2004-01-20 23:00:00,63.606174999999936
2004-01-21 23:00:00,63.76317499999993
2004-01-22 23:00:00,64.60617499999994
2004-01-23 23:00:00,63.38817499999993
2004-01-26 23:00:00,62.606174999999936
2004-01-27 23:00:00,63.23217499999994
2004-01-28 23:00:00,61.950174999999945
2004-01-29 23:00:00,62.13817499999993
2004-01-30 23:00:00,62.88817499999993
2004-02-02 23:00:00,62.66917499999994
2004-02-03 23:00:00,63.16917499999994
2004-02-04 23:00:00,62.71417499999994
2004-02-05 23:00:00,62.606174999999936
2004-02-06 23:00:00,63.700174999999945
2004-02-09 23:00:00,63.91917499999994
2004-02-10 23:00:00,63.51317499999993
2004-02-11 23:00:00,64.48217499999994
2004-02-12 23:00:00,63.88817499999993
2004-02-13 23:00:00,64.23217499999994
2004-02-17 23:00:00,64.29417499999994
2004-02-18 23:00:00,64.35617499999994
2004-02-19 23:00:00,64.45017499999994
2004-02-20 23:00:00,63.79417499999994
2004-02-23 23:00:00,64.38817499999993
2004-02-24 23:00:00,64.66917499999994
2004-02-25 23:00:00,64.76317499999993
2004-02-26 23:00:00,64.38917499999994
2004-02-27 23:00:00,65.38917499999994
2004-03-01 23:00:00,65.32617499999994
2004-03-02 23:00:00,64.63917499999994
2004-03-03 23:00:00,64.48217499999994
2004-03-04 23:00:00,64.88917499999994
2004-03-05 23:00:00,67.17017499999993
2004-03-08 23:00:00,67.73217499999994
2004-03-09 23:00:00,68.35717499999994
2004-03-10 23:00:00,68.23217499999994
2004-03-11 23:00:00,68.13917499999994
2004-03-12 23:00:00,67.88917499999994
2004-03-15 23:00:00,67.88917499999994
2004-03-16 23:00:00,68.88917499999994
2004-03-17 23:00:00,68.92017499999993
2004-03-18 23:00:00,68.26317499999993
2004-03-19 23:00:00,67.85717499999994
2004-03-22 23:00:00,68.63917499999994
2004-03-23 23:00:00,68.76317499999993
2004-03-24 23:00:00,68.79517499999993
2004-03-25 23:00:00,68.38917499999994
2004-03-26 23:00:00,67.07617499999994
2004-03-29 23:00:00,66.48217499999994
2004-03-30 23:00:00,66.32617499999994
2004-03-31 23:00:00,67.01317499999993
2004-04-01 23:00:00,66.42017499999993
2004-04-02 23:00:00,63.88917499999994
2004-04-05 23:00:00,62.92017499999993
2004-04-06 23:00:00,63.35717499999994
2004-04-07 23:00:00,63.35717499999994
2004-04-08 23:00:00,63.076174999999935
2004-04-12 23:00:00,62.701174999999935
2004-04-13 23:00:00,61.48217499999994
2004-04-14 23:00:00,61.04517499999993
2004-04-15 23:00:00,60.73217499999994
2004-04-16 23:00:00,61.201174999999935
2004-04-19 23:00:00,60.98217499999994
2004-04-20 23:00:00,60.576174999999935
2004-04-21 23:00:00,60.63917499999994
2004-04-22 23:00:00,61.26317499999993
2004-04-23 23:00:00,60.42017499999993
2004-04-26 23:00:00,60.79517499999993
2004-04-27 23:00:00,61.076174999999935
2004-04-28 23:00:00,60.29517499999993
2004-04-29 23:00:00,59.54517499999993
2004-04-30 23:00:00,60.04517499999993
2004-05-03 23:00:00,60.13917499999994
2004-05-04 23:00:00,59.60717499999994
2004-05-05 23:00:00,59.326174999999935
2004-05-06 23:00:00,58.92017499999993
2004-05-07 23:00:00,57.451174999999935
2004-05-10 23:00:00,57.326174999999935
2004-05-11 23:00:00,57.51317499999993
2004-05-12 23:00:00,57.17017499999993
2004-05-13 23:00:00,56.576174999999935
2004-05-14 23:00:00,57.326174999999935
2004-05-17 23:00:00,58.35717499999994
2004-05-18 23:00:00,58.10717499999994
2004-05-19 23:00:00,57.42017499999993
2004-05-20 23:00:00,58.35717499999994
2004-05-21 23:00:00,57.951174999999935
2004-05-24 23:00:00,58.326174999999935
2004-05-25 23:00:00,58.60717499999994
2004-05-26 23:00:00,59.10717499999994
2004-05-27 23:00:00,60.10717499999994
2004-05-28 23:00:00,59.51417499999994
2004-06-01 23:00:00,58.795174999999944
2004-06-02 23:00:00,58.51417499999994
2004-06-03 23:00:00,58.70117499999995
2004-06-04 23:00:00,58.07617499999995
2004-06-07 23:00:00,58.170174999999944
2004-06-08 23:00:00,58.295174999999944
2004-06-09 23:00:00,57.85717499999994
2004-06-10 23:00:00,58.20117499999995
2004-06-14 23:00:00,57.295174999999944
2004-06-15 23:00:00,59.51417499999994
2004-06-16 23:00:00,58.983174999999946
2004-06-17 23:00:00,59.63917499999994
2004-06-18 23:00:00,59.420174999999944
2004-06-21 23:00:00,59.57617499999995
2004-06-22 23:00:00,59.38917499999994
2004-06-23 23:00:00,59.545174999999944
2004-06-24 23:00:00,60.26417499999994
2004-06-25 23:00:00,60.26417499999994
2004-06-28 23:00:00,59.170174999999944
2004-06-29 23:00:00,59.733174999999946
2004-06-30 23:00:00,60.670174999999944
2004-07-01 23:00:00,61.10717499999994
2004-07-02 23:00:00,62.32617499999995
2004-07-06 23:00:00,62.10717499999994
2004-07-07 23:00:00,62.13917499999994
2004-07-08 23:00:00,62.170174999999944
2004-07-09 23:00:00,62.26417499999994
2004-07-12 23:00:00,62.483174999999946
2004-07-13 23:00:00,62.07617499999995
2004-07-14 23:00:00,62.10717499999994
2004-07-15 23:00:00,62.170174999999944
2004-07-16 23:00:00,63.63917499999994
2004-07-19 23:00:00,63.63917499999994
2004-07-20 23:00:00,62.63917499999994
2004-07-21 23:00:00,62.26417499999994
2004-07-22 23:00:00,62.51417499999994
2004-07-23 23:00:00,62.920174999999944
2004-07-26 23:00:00,62.483174999999946
2004-07-27 23:00:00,61.01417499999994
2004-07-28 23:00:00,61.10717499999994
2004-07-29 23:00:00,61.26417499999994
2004-07-30 23:00:00,62.51417499999994
2004-08-02 23:00:00,62.670174999999944
2004-08-03 23:00:00,63.07617499999995
2004-08-04 23:00:00,63.01417499999994
2004-08-05 23:00:00,63.295174999999944
2004-08-06 23:00:00,65.13917499999994
2004-08-09 23:00:00,64.98317499999995
2004-08-10 23:00:00,64.67017499999994
2004-08-11 23:00:00,64.85717499999994
2004-08-12 23:00:00,65.04517499999994
2004-08-13 23:00:00,65.63917499999994
2004-08-16 23:00:00,65.04517499999994
2004-08-17 23:00:00,65.60717499999994
2004-08-18 23:00:00,65.35717499999994
2004-08-19 23:00:00,65.48317499999995
2004-08-20 23:00:00,65.38917499999994
2004-08-23 23:00:00,64.79517499999994
2004-08-24 23:00:00,64.79517499999994
2004-08-25 23:00:00,65.10717499999994
2004-08-26 23:00:00,65.54517499999994
2004-08-27 23:00:00,65.63917499999994
2004-08-30 23:00:00,66.07717499999993
2004-08-31 23:00:00,66.79517499999993
2004-09-01 23:00:00,66.88917499999994
2004-09-02 23:00:00,66.13917499999994
2004-09-03 23:00:00,65.10817499999993
2004-09-07 23:00:00,65.76417499999994
2004-09-08 23:00:00,66.73317499999993
2004-09-09 23:00:00,66.29517499999993
2004-09-10 23:00:00,66.57717499999993
2004-09-13 23:00:00,66.92117499999993
2004-09-14 23:00:00,67.10817499999993
2004-09-15 23:00:00,66.70217499999993
2004-09-16 23:00:00,67.95217499999993
2004-09-17 23:00:00,67.35817499999993
2004-09-20 23:00:00,68.13917499999994
2004-09-21 23:00:00,68.51417499999994
2004-09-22 23:00:00,69.29517499999993
2004-09-23 23:00:00,68.88917499999994
2004-09-24 23:00:00,68.92117499999993
2004-09-27 23:00:00,69.29517499999993
2004-09-28 23:00:00,68.98317499999993
2004-09-29 23:00:00,68.10817499999993
2004-09-30 23:00:00,67.70217499999993
2004-10-01 23:00:00,66.95217499999993
2004-10-04 23:00:00,67.17117499999993
2004-10-05 23:00:00,67.20217499999993
2004-10-06 23:00:00,66.63917499999994
2004-10-07 23:00:00,66.32717499999993
2004-10-08 23:00:00,67.63917499999994
2004-10-12 23:00:00,67.95217499999993
2004-10-13 23:00:00,68.20217499999993
2004-10-14 23:00:00,68.88917499999994
2004-10-15 23:00:00,68.51417499999994
2004-10-18 23:00:00,68.57717499999993
2004-10-19 23:00:00,68.85817499999993
2004-10-20 23:00:00,69.45217499999993
2004-10-21 23:00:00,69.51417499999994
2004-10-22 23:00:00,69.67117499999993
2004-10-25 23:00:00,69.82717499999993
2004-10-26 23:00:00,69.67117499999993
2004-10-27 23:00:00,68.54517499999993
2004-10-28 23:00:00,68.63917499999994
2004-10-29 23:00:00,69.32717499999993
2004-11-01 23:00:00,68.60817499999993
2004-11-02 23:00:00,68.73317499999993
2004-11-03 23:00:00,68.92117499999993
2004-11-04 23:00:00,69.07717499999993
2004-11-05 23:00:00,67.73317499999993
2004-11-08 23:00:00,67.45217499999993
2004-11-09 23:00:00,67.45217499999993
2004-11-10 23:00:00,67.01417499999994
2004-11-12 23:00:00,67.85817499999993
2004-11-15 23:00:00,68.04517499999993
2004-11-16 23:00:00,67.95217499999993
2004-11-17 23:00:00,68.76417499999994
2004-11-18 23:00:00,69.13917499999994
2004-11-19 23:00:00,68.20217499999993
2004-11-22 23:00:00,68.79517499999993
2004-11-23 23:00:00,68.73317499999993
2004-11-24 23:00:00,68.67117499999993
2004-11-26 23:00:00,68.13917499999994
2004-11-29 23:00:00,66.95117499999995
2004-11-30 23:00:00,66.54517499999994
2004-12-01 23:00:00,66.38917499999994
2004-12-02 23:00:00,66.07617499999995
2004-12-03 23:00:00,67.54517499999994
2004-12-06 23:00:00,67.92017499999994
2004-12-07 23:00:00,68.10817499999995
2004-12-08 23:00:00,69.48217499999994
2004-12-09 23:00:00,69.01417499999994
2004-12-10 23:00:00,69.10817499999995
2004-12-13 23:00:00,69.26417499999994
2004-12-14 23:00:00,69.60817499999995
2004-12-15 23:00:00,70.38917499999994
2004-12-16 23:00:00,69.01417499999994
2004-12-17 23:00:00,68.76417499999994
2004-12-20 23:00:00,68.88917499999994
2004-12-21 23:00:00,69.29517499999994
2004-12-22 23:00:00,68.88917499999994
2004-12-23 23:00:00,68.70117499999995
2004-12-27 23:00:00,67.73217499999994
2004-12-28 23:00:00,67.79517499999994
2004-12-29 23:00:00,67.48217499999994
2004-12-30 23:00:00,68.17017499999994
2004-12-31 23:00:00,68.92017499999994
2005-01-03 23:00:00,68.95117499999995
2005-01-04 23:00:00,68.20117499999995
2005-01-05 23:00:00,68.48217499999994
2005-01-06 23:00:00,68.51417499999994
2005-01-07 23:00:00,68.51417499999994
2005-01-10 23:00:00,68.76417499999994
2005-01-11 23:00:00,69.29517499999994
2005-01-12 23:00:00,69.42017499999994
2005-01-13 23:00:00,70.07617499999995
2005-01-14 23:00:00,69.85817499999995
2005-01-18 23:00:00,70.32617499999995
2005-01-19 23:00:00,70.38917499999994
2005-01-20 23:00:00,70.57617499999995
2005-01-21 23:00:00,70.79517499999994
2005-01-24 23:00:00,71.13917499999994
2005-01-25 23:00:00,70.35817499999995
2005-01-26 23:00:00,70.35817499999995
2005-01-27 23:00:00,70.29517499999994
2005-01-28 23:00:00,71.07617499999995
2005-01-31 23:00:00,71.26417499999994
2005-02-01 23:00:00,71.23217499999994
2005-02-02 23:00:00,71.29517499999994
2005-02-03 23:00:00,71.23217499999994
2005-02-04 23:00:00,72.32617499999995
2005-02-07 23:00:00,72.88917499999994
2005-02-08 23:00:00,73.17017499999994
2005-02-09 23:00:00,73.63917499999994
2005-02-10 23:00:00,72.45117499999995
2005-02-11 23:00:00,72.23217499999994
2005-02-14 23:00:00,72.63917499999994
2005-02-15 23:00:00,72.26417499999994
2005-02-16 23:00:00,71.67017499999994
2005-02-17 23:00:00,71.20117499999995
2005-02-18 23:00:00,70.35817499999995
2005-02-22 23:00:00,70.07617499999995
2005-02-23 23:00:00,70.26417499999994
2005-02-24 23:00:00,70.20117499999995
2005-02-25 23:00:00,70.42017499999994
2005-02-28 23:00:00,69.51417499999994
2005-03-01 23:00:00,69.35817499999995
2005-03-02 23:00:00,69.20117499999995
2005-03-03 23:00:00,69.13917499999994
2005-03-04 23:00:00,70.13917499999994
2005-03-07 23:00:00,70.48217499999994
2005-03-08 23:00:00,69.60817499999995
2005-03-09 23:00:00,68.01417499999994
2005-03-10 23:00:00,68.54517499999994
2005-03-11 23:00:00,67.79517499999994
2005-03-14 23:00:00,67.98217499999994
2005-03-15 23:00:00,67.70117499999995
2005-03-16 23:00:00,67.95117499999995
2005-03-17 23:00:00,68.32617499999995
2005-03-18 23:00:00,67.92017499999994
2005-03-21 23:00:00,67.73217499999994
2005-03-22 23:00:00,66.92017499999994
2005-03-23 23:00:00,67.10817499999995
2005-03-24 23:00:00,67.32617499999995
2005-03-28 23:00:00,67.01417499999994
2005-03-29 23:00:00,67.35817499999995
2005-03-30 23:00:00,67.85817499999995
2005-03-31 23:00:00,68.54517499999994
2005-04-01 23:00:00,68.95117499999995
2005-04-04 23:00:00,68.95117499999995
2005-04-05 23:00:00,68.76417499999994
2005-04-06 23:00:00,68.95117499999995
2005-04-07 23:00:00,68.51417499999994
2005-04-08 23:00:00,68.51417499999994
2005-04-11 23:00:00,69.01417499999994
2005-04-12 23:00:00,69.95117499999995
2005-04-13 23:00:00,69.76417499999994
2005-04-14 23:00:00,69.70117499999995
2005-04-15 23:00:00,70.73217499999994
2005-04-18 23:00:00,71.04517499999994
2005-04-19 23:00:00,71.54517499999994
2005-04-20 23:00:00,71.45117499999995
2005-04-21 23:00:00,70.60817499999995
2005-04-22 23:00:00,71.17017499999994
2005-04-25 23:00:00,71.35817499999995
2005-04-26 23:00:00,71.23217499999994
2005-04-27 23:00:00,71.51417499999994
2005-04-28 23:00:00,72.20117499999995
2005-04-29 23:00:00,72.01417499999994
2005-05-02 23:00:00,72.04517499999994
2005-05-03 23:00:00,72.01417499999994
2005-05-04 23:00:00,71.82617499999995
2005-05-05 23:00:00,72.07617499999995
2005-05-06 23:00:00,71.17017499999994
2005-05-09 23:00:00,71.20117499999995
2005-05-10 23:00:00,71.79517499999994
2005-05-11 23:00:00,72.07617499999995
2005-05-12 23:00:00,72.32617499999995
2005-05-13 23:00:00,72.82617499999995
2005-05-16 23:00:00,72.79517499999994
2005-05-17 23:00:00,72.92017499999994
2005-05-18 23:00:00,73.48217499999994
2005-05-19 23:00:00,73.13917499999994
2005-05-20 23:00:00,73.13917499999994
2005-05-23 23:00:00,73.85817499999995
2005-05-24 23:00:00,74.10817499999995
2005-05-25 23:00:00,73.60817499999995
2005-05-26 23:00:00,73.57617499999995
2005-05-27 23:00:00,73.60817499999995
2005-05-31 23:00:00,74.70217499999995
2005-06-01 23:00:00,75.67017499999996
2005-06-02 23:00:00,76.04517499999996
2005-06-03 23:00:00,75.10817499999995
2005-06-06 23:00:00,75.45217499999995
2005-06-07 23:00:00,76.13917499999995
2005-06-08 23:00:00,75.76417499999995
2005-06-09 23:00:00,75.51417499999995
2005-06-10 23:00:00,74.54517499999996
2005-06-13 23:00:00,74.01417499999995
2005-06-14 23:00:00,73.38917499999995
2005-06-15 23:00:00,73.51417499999995
2005-06-16 23:00:00,74.07617499999995
2005-06-17 23:00:00,74.07617499999995
2005-06-20 23:00:00,73.76417499999995
2005-06-21 23:00:00,74.51417499999995
2005-06-22 23:00:00,75.70217499999995
2005-06-23 23:00:00,75.60817499999995
2005-06-24 23:00:00,76.20217499999995
2005-06-27 23:00:00,76.51417499999995
2005-06-28 23:00:00,75.76417499999995
2005-06-29 23:00:00,75.42017499999996
2005-06-30 23:00:00,76.01417499999995
2005-07-01 23:00:00,74.88917499999995
2005-07-05 23:00:00,74.07617499999995
2005-07-06 23:00:00,74.51417499999995
2005-07-07 23:00:00,74.85817499999995
2005-07-08 23:00:00,74.10817499999995
2005-07-11 23:00:00,74.38917499999995
2005-07-12 23:00:00,73.88917499999995
2005-07-13 23:00:00,73.67017499999996
2005-07-14 23:00:00,73.48317499999995
2005-07-15 23:00:00,73.67017499999996
2005-07-18 23:00:00,72.95217499999995
2005-07-19 23:00:00,73.29517499999996
2005-07-20 23:00:00,73.76417499999995
2005-07-21 23:00:00,72.42017499999996
2005-07-22 23:00:00,73.10817499999995
2005-07-25 23:00:00,72.85817499999995
2005-07-26 23:00:00,72.92017499999996
2005-07-27 23:00:00,72.70217499999995
2005-07-28 23:00:00,73.60817499999995
2005-07-29 23:00:00,72.57617499999995
2005-08-01 23:00:00,72.23317499999995
2005-08-02 23:00:00,71.92017499999996
2005-08-03 23:00:00,72.42017499999996
2005-08-04 23:00:00,72.17017499999996
2005-08-05 23:00:00,71.45217499999995
2005-08-08 23:00:00,71.20217499999995
2005-08-09 23:00:00,71.51417499999995
2005-08-10 23:00:00,71.48317499999995
2005-08-11 23:00:00,72.17017499999996
2005-08-12 23:00:00,73.23317499999995
2005-08-15 23:00:00,72.92017499999996
2005-08-16 23:00:00,73.42017499999996
2005-08-17 23:00:00,72.85817499999995
2005-08-18 23:00:00,73.51417499999995
2005-08-19 23:00:00,73.51417499999995
2005-08-22 23:00:00,73.51417499999995
2005-08-23 23:00:00,73.79517499999996
2005-08-24 23:00:00,73.85817499999995
2005-08-25 23:00:00,74.26417499999995
2005-08-26 23:00:00,73.95217499999995
2005-08-29 23:00:00,74.17017499999996
2005-08-30 23:00:00,74.95217499999995
2005-08-31 23:00:00,75.63917499999997
2005-09-01 23:00:00,75.48317499999996
2005-09-02 23:00:00,75.32717499999995
2005-09-06 23:00:00,74.73317499999996
2005-09-07 23:00:00,73.88917499999997
2005-09-08 23:00:00,73.88917499999997
2005-09-09 23:00:00,74.13917499999997
2005-09-12 23:00:00,73.57717499999995
2005-09-13 23:00:00,73.92017499999996
2005-09-14 23:00:00,73.54617499999996
2005-09-15 23:00:00,72.88917499999997
2005-09-16 23:00:00,72.35817499999996
2005-09-19 23:00:00,72.45217499999995
2005-09-20 23:00:00,72.67017499999996
2005-09-21 23:00:00,73.32717499999995
2005-09-22 23:00:00,73.48317499999996
2005-09-23 23:00:00,72.76417499999997
2005-09-26 23:00:00,72.26417499999997
2005-09-27 23:00:00,72.17017499999996
2005-09-28 23:00:00,72.76417499999997
2005-09-29 23:00:00,72.38917499999997
2005-09-30 23:00:00,72.01417499999997
2005-10-03 23:00:00,71.35817499999996
2005-10-04 23:00:00,71.54617499999996
2005-10-05 23:00:00,71.79617499999996
2005-10-06 23:00:00,71.73317499999996
2005-10-07 23:00:00,71.85817499999996
2005-10-11 23:00:00,71.60817499999996
2005-10-12 23:00:00,70.82717499999995
2005-10-13 23:00:00,70.32717499999995
2005-10-14 23:00:00,70.23317499999996
2005-10-17 23:00:00,70.20217499999995
2005-10-18 23:00:00,70.29617499999996
2005-10-19 23:00:00,70.42017499999996
2005-10-20 23:00:00,70.51417499999997
2005-10-21 23:00:00,71.32717499999995
2005-10-24 23:00:00,70.70217499999995
2005-10-25 23:00:00,70.04617499999996
2005-10-26 23:00:00,69.07717499999995
2005-10-27 23:00:00,69.42017499999996
2005-10-28 23:00:00,69.42017499999996
2005-10-31 23:00:00,69.57717499999995
2005-11-01 23:00:00,69.38917499999997
2005-11-02 23:00:00,68.98317499999996
2005-11-03 23:00:00,68.38917499999997
2005-11-04 23:00:00,68.26417499999997
2005-11-07 23:00:00,68.51417499999997
2005-11-08 23:00:00,69.35817499999996
2005-11-09 23:00:00,68.60817499999996
2005-11-10 23:00:00,69.54617499999996
2005-11-14 23:00:00,68.92017499999996
2005-11-15 23:00:00,69.54617499999996
2005-11-16 23:00:00,70.32717499999995
2005-11-17 23:00:00,70.60817499999996
2005-11-18 23:00:00,70.07717499999995
2005-11-21 23:00:00,70.42017499999996
2005-11-22 23:00:00,70.57717499999995
2005-11-23 23:00:00,69.95217499999995
2005-11-25 23:00:00,70.51417499999997
2005-11-28 23:00:00,70.95217499999995
2005-11-29 23:00:00,70.01517499999996
2005-11-30 23:00:00,69.85817499999996
2005-12-01 23:00:00,69.63917499999995
2005-12-02 23:00:00,69.73317499999996
2005-12-05 23:00:00,69.29617499999995
2005-12-06 23:00:00,70.13917499999995
2005-12-07 23:00:00,69.85817499999996
2005-12-08 23:00:00,70.48317499999996
2005-12-09 23:00:00,69.70217499999995
2005-12-12 23:00:00,69.60817499999996
2005-12-13 23:00:00,69.70217499999995
2005-12-14 23:00:00,70.70217499999995
2005-12-15 23:00:00,70.54617499999995
2005-12-16 23:00:00,70.85817499999996
2005-12-19 23:00:00,70.92117499999995
2005-12-20 23:00:00,70.73317499999996
2005-12-21 23:00:00,70.54617499999995
2005-12-22 23:00:00,71.23317499999996
2005-12-23 23:00:00,72.01517499999996
2005-12-27 23:00:00,72.51517499999996
2005-12-28 23:00:00,72.13917499999995
2005-12-29 23:00:00,72.26517499999996
2005-12-30 23:00:00,72.01517499999996
2006-01-03 23:00:00,72.20217499999995
2006-01-04 23:00:00,72.29617499999995
2006-01-05 23:00:00,72.26517499999996
2006-01-06 23:00:00,71.95217499999995
2006-01-09 23:00:00,71.95217499999995
2006-01-10 23:00:00,71.35817499999996
2006-01-11 23:00:00,71.04617499999995
2006-01-12 23:00:00,71.67117499999995
2006-01-13 23:00:00,72.51517499999996
2006-01-17 23:00:00,72.70217499999995
2006-01-18 23:00:00,72.57717499999995
2006-01-19 23:00:00,72.23317499999996
2006-01-20 23:00:00,72.45217499999995
2006-01-23 23:00:00,72.48317499999996
2006-01-24 23:00:00,72.10817499999996
2006-01-25 23:00:00,71.01517499999996
2006-01-26 23:00:00,70.48317499999996
2006-01-27 23:00:00,70.73317499999996
2006-01-30 23:00:00,70.48317499999996
2006-01-31 23:00:00,70.67117499999995
2006-02-01 23:00:00,70.42117499999995
2006-02-02 23:00:00,70.51517499999996
2006-02-03 23:00:00,71.10817499999996
2006-02-06 23:00:00,71.13917499999995
2006-02-07 23:00:00,70.70217499999995
2006-02-08 23:00:00,70.35817499999996
2006-02-09 23:00:00,70.67117499999995
2006-02-10 23:00:00,70.32717499999995
2006-02-13 23:00:00,70.23317499999996
2006-02-14 23:00:00,69.88917499999995
2006-02-15 23:00:00,70.01517499999996
2006-02-16 23:00:00,70.13917499999995
2006-02-17 23:00:00,70.88917499999995
2006-02-21 23:00:00,70.70217499999995
2006-02-22 23:00:00,71.07717499999995
2006-02-23 23:00:00,70.70217499999995
2006-02-24 23:00:00,70.67117499999995
2006-02-27 23:00:00,70.29617499999995
2006-02-28 23:00:00,70.89017499999994
2006-03-01 23:00:00,70.35817499999995
2006-03-02 23:00:00,69.73417499999995
2006-03-03 23:00:00,69.17117499999995
2006-03-06 23:00:00,68.51517499999994
2006-03-07 23:00:00,68.51517499999994
2006-03-08 23:00:00,68.45217499999995
2006-03-09 23:00:00,68.48417499999995
2006-03-10 23:00:00,68.26517499999994
2006-03-13 23:00:00,68.04617499999995
2006-03-14 23:00:00,68.82717499999995
2006-03-15 23:00:00,68.35817499999995
2006-03-16 23:00:00,69.17117499999995
2006-03-17 23:00:00,68.85817499999995
2006-03-20 23:00:00,69.07717499999995
2006-03-21 23:00:00,68.48417499999995
2006-03-22 23:00:00,68.67117499999995
2006-03-23 23:00:00,68.35817499999995
2006-03-24 23:00:00,69.04617499999995
2006-03-27 23:00:00,68.73417499999995
2006-03-28 23:00:00,67.89017499999994
2006-03-29 23:00:00,67.48417499999995
2006-03-30 23:00:00,66.98417499999995
2006-03-31 23:00:00,66.95217499999995
2006-04-03 23:00:00,66.82717499999995
2006-04-04 23:00:00,66.76517499999994
2006-04-05 23:00:00,67.04617499999995
2006-04-06 23:00:00,66.42117499999995
2006-04-07 23:00:00,65.67117499999995
2006-04-10 23:00:00,65.67117499999995
2006-04-11 23:00:00,65.98417499999995
2006-04-12 23:00:00,65.51517499999994
2006-04-17 23:00:00,65.20217499999995
2006-04-18 23:00:00,65.45217499999995
2006-04-19 23:00:00,64.82717499999995
2006-04-20 23:00:00,64.82717499999995
2006-04-21 23:00:00,65.20217499999995
2006-04-24 23:00:00,65.57717499999995
2006-04-25 23:00:00,64.67117499999995
2006-04-26 23:00:00,64.39017499999994
2006-04-27 23:00:00,64.48417499999995
2006-04-28 23:00:00,64.64017499999994
2006-05-01 23:00:00,64.01517499999994
2006-05-02 23:00:00,64.23417499999995
2006-05-03 23:00:00,63.827174999999954
2006-05-04 23:00:00,63.858174999999946
2006-05-05 23:00:00,64.29617499999995
2006-05-08 23:00:00,64.32717499999995
2006-05-09 23:00:00,64.29617499999995
2006-05-10 23:00:00,64.35817499999995
2006-05-11 23:00:00,63.98417499999995
2006-05-12 23:00:00,63.358174999999946
2006-05-15 23:00:00,63.67117499999995
2006-05-16 23:00:00,64.20217499999995
2006-05-17 23:00:00,63.67117499999995
2006-05-18 23:00:00,64.64017499999994
2006-05-19 23:00:00,64.95217499999995
2006-05-22 23:00:00,65.01517499999994
2006-05-23 23:00:00,64.82717499999995
2006-05-24 23:00:00,65.04617499999995
2006-05-25 23:00:00,64.67117499999995
2006-05-26 23:00:00,64.82717499999995
2006-05-30 23:00:00,64.51517499999994
2006-05-31 23:00:00,64.20317499999993
2006-06-01 23:00:00,64.26517499999994
2006-06-02 23:00:00,65.54617499999993
2006-06-05 23:00:00,65.35917499999994
2006-06-06 23:00:00,65.64017499999994
2006-06-07 23:00:00,65.48417499999994
2006-06-08 23:00:00,65.82817499999993
2006-06-09 23:00:00,66.04617499999993
2006-06-12 23:00:00,66.04617499999993
2006-06-13 23:00:00,66.29617499999993
2006-06-14 23:00:00,65.45317499999993
2006-06-15 23:00:00,64.98417499999994
2006-06-16 23:00:00,64.64017499999994
2006-06-19 23:00:00,64.45317499999993
2006-06-20 23:00:00,64.35917499999994
2006-06-21 23:00:00,64.35917499999994
2006-06-22 23:00:00,63.95317499999993
2006-06-23 23:00:00,63.67217499999994
2006-06-26 23:00:00,63.546174999999934
2006-06-27 23:00:00,63.85917499999994
2006-06-28 23:00:00,63.45317499999993
2006-06-29 23:00:00,63.85917499999994
2006-06-30 23:00:00,64.64017499999994
2006-07-03 23:00:00,64.51517499999994
2006-07-05 23:00:00,63.73417499999994
2006-07-06 23:00:00,64.20317499999993
2006-07-07 23:00:00,64.79617499999993
2006-07-10 23:00:00,64.85917499999994
2006-07-11 23:00:00,65.17217499999994
2006-07-12 23:00:00,65.23417499999994
2006-07-13 23:00:00,65.45317499999993
2006-07-14 23:00:00,65.45317499999993
2006-07-17 23:00:00,65.48417499999994
2006-07-18 23:00:00,64.82817499999993
2006-07-19 23:00:00,65.57817499999993
2006-07-20 23:00:00,65.89017499999994
2006-07-21 23:00:00,65.70317499999993
2006-07-24 23:00:00,65.70317499999993
2006-07-25 23:00:00,65.48417499999994
2006-07-26 23:00:00,65.76517499999994
2006-07-27 23:00:00,65.70317499999993
2006-07-28 23:00:00,66.26517499999994
2006-07-31 23:00:00,66.26517499999994
2006-08-01 23:00:00,66.26517499999994
2006-08-02 23:00:00,66.51517499999994
2006-08-03 23:00:00,66.67217499999994
2006-08-04 23:00:00,67.23417499999994
2006-08-07 23:00:00,67.07817499999993
2006-08-08 23:00:00,66.95317499999993
2006-08-09 23:00:00,66.76517499999994
2006-08-10 23:00:00,66.64017499999994
2006-08-11 23:00:00,66.26517499999994
2006-08-14 23:00:00,65.95317499999993
2006-08-15 23:00:00,66.70317499999993
2006-08-16 23:00:00,67.29617499999993
2006-08-17 23:00:00,67.29617499999993
2006-08-18 23:00:00,67.60917499999994
2006-08-21 23:00:00,67.76517499999994
2006-08-22 23:00:00,67.85917499999994
2006-08-23 23:00:00,67.85917499999994
2006-08-24 23:00:00,67.98417499999994
2006-08-25 23:00:00,68.10917499999994
2006-08-28 23:00:00,68.07817499999993
2006-08-29 23:00:00,68.17117499999993
2006-08-30 23:00:00,68.32817499999993
2006-08-31 23:00:00,68.67117499999993
2006-09-01 23:00:00,68.73417499999994
2006-09-05 23:00:00,68.07817499999993
2006-09-06 23:00:00,67.85917499999994
2006-09-07 23:00:00,67.98417499999994
2006-09-08 23:00:00,68.20317499999993
2006-09-11 23:00:00,67.92117499999993
2006-09-12 23:00:00,68.29717499999994
2006-09-13 23:00:00,68.39017499999994
2006-09-14 23:00:00,68.14017499999994
2006-09-15 23:00:00,68.07817499999993
2006-09-18 23:00:00,67.89017499999994
2006-09-19 23:00:00,68.70317499999993
2006-09-20 23:00:00,68.82817499999993
2006-09-21 23:00:00,69.64017499999994
2006-09-22 23:00:00,70.20317499999993
2006-09-25 23:00:00,70.64017499999994
2006-09-26 23:00:00,70.48417499999994
2006-09-27 23:00:00,70.35917499999994
2006-09-28 23:00:00,70.01517499999994
2006-09-29 23:00:00,70.01517499999994
2006-10-02 23:00:00,70.14017499999994
2006-10-03 23:00:00,70.17117499999993
2006-10-04 23:00:00,70.60917499999994
2006-10-05 23:00:00,70.10917499999994
2006-10-06 23:00:00,69.17117499999993
2006-10-10 23:00:00,68.64017499999994
2006-10-11 23:00:00,68.23417499999994
2006-10-12 23:00:00,68.29717499999994
2006-10-13 23:00:00,67.95317499999993
2006-10-16 23:00:00,68.14017499999994
2006-10-17 23:00:00,68.23417499999994
2006-10-18 23:00:00,68.39017499999994
2006-10-19 23:00:00,68.20317499999993
2006-10-20 23:00:00,68.23417499999994
2006-10-23 23:00:00,67.73417499999994
2006-10-24 23:00:00,67.73417499999994
2006-10-25 23:00:00,68.29717499999994
2006-10-26 23:00:00,68.95317499999993
2006-10-27 23:00:00,69.45317499999993
2006-10-30 23:00:00,69.51517499999994
2006-10-31 23:00:00,70.26517499999994
2006-11-01 23:00:00,70.76517499999994
2006-11-02 23:00:00,70.42117499999993
2006-11-03 23:00:00,69.23417499999994
2006-11-06 23:00:00,69.32817499999993
2006-11-07 23:00:00,69.82817499999993
2006-11-08 23:00:00,70.17117499999993
2006-11-09 23:00:00,70.17117499999993
2006-11-10 23:00:00,70.57817499999993
2006-11-13 23:00:00,70.42117499999993
2006-11-14 23:00:00,70.89017499999994
2006-11-15 23:00:00,70.39017499999994
2006-11-16 23:00:00,69.92117499999993
2006-11-17 23:00:00,70.42117499999993
2006-11-20 23:00:00,70.54717499999994
2006-11-21 23:00:00,70.73417499999994
2006-11-22 23:00:00,70.82817499999993
2006-11-24 23:00:00,71.04717499999994
2006-11-27 23:00:00,71.20317499999993
2006-11-28 23:00:00,71.48417499999994
2006-11-29 23:00:00,71.29717499999994
2006-11-30 23:00:00,71.98417499999994
2006-12-01 23:00:00,72.23417499999994
2006-12-04 23:00:00,72.23417499999994
2006-12-05 23:00:00,72.10917499999994
2006-12-06 23:00:00,71.70317499999993
2006-12-07 23:00:00,71.67117499999993
2006-12-08 23:00:00,70.92117499999993
2006-12-11 23:00:00,71.32817499999993
2006-12-12 23:00:00,71.57817499999993
2006-12-13 23:00:00,70.57817499999993
2006-12-14 23:00:00,70.32817499999993
2006-12-15 23:00:00,70.29717499999994
2006-12-18 23:00:00,70.32817499999993
2006-12-19 23:00:00,70.17117499999993
2006-12-20 23:00:00,70.17117499999993
2006-12-21 23:00:00,70.64017499999994
2006-12-22 23:00:00,69.79717499999994
2006-12-26 23:00:00,70.07817499999993
2006-12-27 23:00:00,69.51517499999994
2006-12-28 23:00:00,69.14017499999994
2006-12-29 23:00:00,69.04717499999994
2007-01-02 23:00:00,69.32817499999993
2007-01-03 23:00:00,69.54717499999994
2007-01-04 23:00:00,70.01517499999994
2007-01-05 23:00:00,69.76517499999994
2007-01-08 23:00:00,69.73417499999994
2007-01-09 23:00:00,69.73417499999994
2007-01-10 23:00:00,69.42117499999993
2007-01-11 23:00:00,68.79717499999994
2007-01-12 23:00:00,68.42117499999993
2007-01-16 23:00:00,68.57817499999993
2007-01-17 23:00:00,68.17117499999993
2007-01-18 23:00:00,68.54717499999994
2007-01-19 23:00:00,68.39017499999994
2007-01-22 23:00:00,68.54717499999994
2007-01-23 23:00:00,68.01517499999994
2007-01-24 23:00:00,67.92117499999993
2007-01-25 23:00:00,67.32817499999993
2007-01-26 23:00:00,67.14017499999994
2007-01-29 23:00:00,67.01517499999994
2007-01-30 23:00:00,67.10917499999994
2007-01-31 23:00:00,67.73417499999994
2007-02-01 23:00:00,67.67117499999993
2007-02-02 23:00:00,67.70317499999993
2007-02-05 23:00:00,67.92117499999993
2007-02-06 23:00:00,68.39017499999994
2007-02-07 23:00:00,68.57817499999993
2007-02-08 23:00:00,68.70317499999993
2007-02-09 23:00:00,68.10917499999994
2007-02-12 23:00:00,67.92117499999993
2007-02-13 23:00:00,67.79717499999994
2007-02-14 23:00:00,68.64017499999994
2007-02-15 23:00:00,68.92117499999993
2007-02-16 23:00:00,69.10917499999994
2007-02-20 23:00:00,69.23417499999994
2007-02-21 23:00:00,69.07817499999993
2007-02-22 23:00:00,68.67117499999993
2007-02-23 23:00:00,69.23417499999994
2007-02-26 23:00:00,69.79717499999994
2007-02-27 23:00:00,71.01617499999993
2007-02-28 23:00:00,70.57917499999994
2007-03-01 23:00:00,70.45317499999993
2007-03-02 23:00:00,70.82917499999994
2007-03-05 23:00:00,70.82917499999994
2007-03-06 23:00:00,70.79717499999994
2007-03-07 23:00:00,71.07917499999994
2007-03-08 23:00:00,70.95317499999993
2007-03-09 23:00:00,70.07917499999994
2007-03-12 23:00:00,70.42217499999994
2007-03-13 23:00:00,70.92217499999994
2007-03-14 23:00:00,70.57917499999994
2007-03-15 23:00:00,70.51617499999993
2007-03-16 23:00:00,70.45317499999993
2007-03-19 23:00:00,70.14117499999993
2007-03-20 23:00:00,70.36017499999993
2007-03-21 23:00:00,70.61017499999993
2007-03-22 23:00:00,69.70317499999993
2007-03-23 23:00:00,69.48517499999993
2007-03-26 23:00:00,69.67217499999994
2007-03-27 23:00:00,69.39117499999993
2007-03-28 23:00:00,69.23517499999993
2007-03-29 23:00:00,69.20317499999993
2007-03-30 23:00:00,68.89117499999993
2007-04-02 23:00:00,68.98517499999993
2007-04-03 23:00:00,68.82917499999994
2007-04-04 23:00:00,68.92217499999994
2007-04-05 23:00:00,68.67217499999994
2007-04-06 23:00:00,67.95317499999993
2007-04-09 23:00:00,68.01617499999993
2007-04-10 23:00:00,68.20317499999993
2007-04-11 23:00:00,68.07917499999994
2007-04-12 23:00:00,68.11017499999993
2007-04-13 23:00:00,67.89117499999993
2007-04-16 23:00:00,68.23517499999993
2007-04-17 23:00:00,68.76617499999993
2007-04-18 23:00:00,69.11017499999993
2007-04-19 23:00:00,68.98517499999993
2007-04-20 23:00:00,68.92217499999994
2007-04-23 23:00:00,69.11017499999993
2007-04-24 23:00:00,69.36017499999993
2007-04-25 23:00:00,69.14117499999993
2007-04-26 23:00:00,68.70317499999993
2007-04-27 23:00:00,68.54717499999994
2007-04-30 23:00:00,69.39117499999993
2007-05-01 23:00:00,69.36017499999993
2007-05-02 23:00:00,69.36017499999993
2007-05-03 23:00:00,69.07917499999994
2007-05-04 23:00:00,69.48517499999993
2007-05-07 23:00:00,69.57917499999994
2007-05-08 23:00:00,69.48517499999993
2007-05-09 23:00:00,68.98517499999993
2007-05-10 23:00:00,69.20317499999993
2007-05-11 23:00:00,68.95317499999993
2007-05-14 23:00:00,68.76617499999993
2007-05-15 23:00:00,68.51617499999993
2007-05-16 23:00:00,68.57917499999994
2007-05-17 23:00:00,68.07917499999994
2007-05-18 23:00:00,67.57917499999994
2007-05-21 23:00:00,67.73517499999993
2007-05-22 23:00:00,67.23517499999993
2007-05-23 23:00:00,66.89117499999993
2007-05-24 23:00:00,66.92217499999994
2007-05-25 23:00:00,66.89117499999993
2007-05-29 23:00:00,66.73517499999993
2007-05-30 23:00:00,66.76617499999993
2007-05-31 23:00:00,66.76617499999993
2007-06-01 23:00:00,66.14117499999993
2007-06-04 23:00:00,66.54717499999994
2007-06-05 23:00:00,66.01617499999993
2007-06-06 23:00:00,65.92217499999994
2007-06-07 23:00:00,64.54717499999994
2007-06-08 23:00:00,64.29717499999994
2007-06-11 23:00:00,64.20317499999993
2007-06-12 23:00:00,62.98517499999993
2007-06-13 23:00:00,63.67217499999994
2007-06-14 23:00:00,63.48517499999993
2007-06-15 23:00:00,63.89117499999993
2007-06-18 23:00:00,64.07917499999994
2007-06-19 23:00:00,64.67217499999994
2007-06-20 23:00:00,64.23517499999993
2007-06-21 23:00:00,63.76617499999993
2007-06-22 23:00:00,64.01617499999993
2007-06-25 23:00:00,64.67217499999994
2007-06-26 23:00:00,64.42217499999994
2007-06-27 23:00:00,64.76617499999993
2007-06-28 23:00:00,64.42217499999994
2007-06-29 23:00:00,65.39117499999993
2007-07-02 23:00:00,65.67217499999994
2007-07-03 23:00:00,65.14117499999993
2007-07-05 23:00:00,64.20317499999993
2007-07-06 23:00:00,63.73517499999993
2007-07-09 23:00:00,64.11017499999993
2007-07-10 23:00:00,65.29717499999994
2007-07-11 23:00:00,64.82917499999994
2007-07-12 23:00:00,64.48517499999993
2007-07-13 23:00:00,64.61017499999993
2007-07-16 23:00:00,65.36017499999993
2007-07-17 23:00:00,64.92217499999994
2007-07-18 23:00:00,65.61017499999993
2007-07-19 23:00:00,65.42217499999994
2007-07-20 23:00:00,66.04717499999994
2007-07-23 23:00:00,66.01617499999993
2007-07-24 23:00:00,66.11017499999993
2007-07-25 23:00:00,66.51617499999993
2007-07-26 23:00:00,67.54717499999994
2007-07-27 23:00:00,67.42217499999994
2007-07-30 23:00:00,67.26617499999993
2007-07-31 23:00:00,67.70317499999993
2007-08-01 23:00:00,67.70317499999993
2007-08-02 23:00:00,67.86017499999993
2007-08-03 23:00:00,68.26617499999993
2007-08-06 23:00:00,67.82917499999994
2007-08-07 23:00:00,67.82917499999994
2007-08-08 23:00:00,66.57917499999994
2007-08-09 23:00:00,66.76617499999993
2007-08-10 23:00:00,66.95317499999993
2007-08-13 23:00:00,67.11017499999993
2007-08-14 23:00:00,67.45317499999993
2007-08-15 23:00:00,67.20317499999993
2007-08-16 23:00:00,68.23517499999993
2007-08-17 23:00:00,67.48517499999993
2007-08-20 23:00:00,67.89117499999993
2007-08-21 23:00:00,68.26617499999993
2007-08-22 23:00:00,68.01617499999993
2007-08-23 23:00:00,68.32917499999994
2007-08-24 23:00:00,68.48517499999993
2007-08-27 23:00:00,68.98517499999993
2007-08-28 23:00:00,69.26617499999993
2007-08-29 23:00:00,69.07817499999993
2007-08-30 23:00:00,69.70417499999994
2007-08-31 23:00:00,69.32817499999993
2007-09-04 23:00:00,69.17217499999994
2007-09-05 23:00:00,69.98517499999993
2007-09-06 23:00:00,69.82817499999993
2007-09-07 23:00:00,71.07817499999993
2007-09-10 23:00:00,71.73517499999993
2007-09-11 23:00:00,71.54717499999994
2007-09-12 23:00:00,71.11017499999993
2007-09-13 23:00:00,70.42217499999994
2007-09-14 23:00:00,70.61017499999993
2007-09-17 23:00:00,70.64117499999993
2007-09-18 23:00:00,70.32817499999993
2007-09-19 23:00:00,69.51617499999993
2007-09-20 23:00:00,68.01617499999993
2007-09-21 23:00:00,68.51617499999993
2007-09-24 23:00:00,68.64117499999993
2007-09-25 23:00:00,68.57817499999993
2007-09-26 23:00:00,68.48517499999993
2007-09-27 23:00:00,69.11017499999993
2007-09-28 23:00:00,69.11017499999993
2007-10-01 23:00:00,69.48517499999993
2007-10-02 23:00:00,69.76617499999993
2007-10-03 23:00:00,69.61017499999993
2007-10-04 23:00:00,69.86017499999993
2007-10-05 23:00:00,68.54717499999994
2007-10-09 23:00:00,68.54717499999994
2007-10-10 23:00:00,68.54717499999994
2007-10-11 23:00:00,68.39117499999993
2007-10-12 23:00:00,68.14117499999993
2007-10-15 23:00:00,68.20417499999994
2007-10-16 23:00:00,68.17217499999994
2007-10-17 23:00:00,69.45417499999994
2007-10-18 23:00:00,69.92217499999994
2007-10-19 23:00:00,70.98517499999993
2007-10-22 23:00:00,71.17217499999994
2007-10-23 23:00:00,70.95417499999994
2007-10-24 23:00:00,71.70417499999994
2007-10-25 23:00:00,71.54717499999994
2007-10-26 23:00:00,71.26617499999993
2007-10-29 23:00:00,71.42217499999994
2007-10-30 23:00:00,71.36017499999993
2007-10-31 23:00:00,70.36017499999993
2007-11-02 23:00:00,72.26617499999993
2007-11-05 23:00:00,71.95417499999994
2007-11-06 23:00:00,71.51617499999993
2007-11-07 23:00:00,71.48517499999993
2007-11-08 23:00:00,71.82817499999993
2007-11-09 23:00:00,72.45417499999994
2007-11-13 23:00:00,72.17217499999994
2007-11-14 23:00:00,72.17217499999994
2007-11-15 23:00:00,73.17217499999994
2007-11-16 23:00:00,73.32817499999993
2007-11-19 23:00:00,73.98517499999993
2007-11-20 23:00:00,74.01617499999993
2007-11-21 23:00:00,74.26617499999993
2007-11-23 23:00:00,74.64117499999993
2007-11-26 23:00:00,76.54717499999994
2007-11-27 23:00:00,75.39117499999993
2007-11-28 23:00:00,74.67217499999992
2007-11-29 23:00:00,75.51517499999993
2007-11-30 23:00:00,74.89117499999993
2007-12-03 23:00:00,75.73417499999994
2007-12-04 23:00:00,75.76517499999993
2007-12-05 23:00:00,75.39117499999993
2007-12-06 23:00:00,74.32817499999993
2007-12-07 23:00:00,72.85917499999994
2007-12-10 23:00:00,72.45317499999993
2007-12-11 23:00:00,74.17217499999992
2007-12-12 23:00:00,73.35917499999994
2007-12-13 23:00:00,72.20317499999993
2007-12-14 23:00:00,71.51517499999993
2007-12-17 23:00:00,72.04717499999992
2007-12-18 23:00:00,73.07817499999993
2007-12-19 23:00:00,73.60917499999994
2007-12-20 23:00:00,74.26517499999993
2007-12-21 23:00:00,72.70317499999993
2007-12-24 23:00:00,72.07817499999993
2007-12-26 23:00:00,71.23417499999994
2007-12-27 23:00:00,72.14117499999993
2007-12-28 23:00:00,73.39117499999993
2007-12-31 23:00:00,74.07817499999993
2008-01-02 23:00:00,75.60917499999994
2008-01-03 23:00:00,75.45317499999993
2008-01-04 23:00:00,75.79717499999992
2008-01-07 23:00:00,76.10917499999994
2008-01-08 23:00:00,75.98417499999994
2008-01-09 23:00:00,76.51517499999993
2008-01-10 23:00:00,75.14117499999993
2008-01-11 23:00:00,75.95317499999993
2008-01-14 23:00:00,76.20317499999993
2008-01-15 23:00:00,77.23417499999994
2008-01-16 23:00:00,76.89117499999993
2008-01-17 23:00:00,77.79717499999992
2008-01-18 23:00:00,77.29717499999992
2008-01-22 23:00:00,78.48417499999994
2008-01-23 23:00:00,79.14117499999993
2008-01-24 23:00:00,76.67217499999992
2008-01-25 23:00:00,77.57817499999993
2008-01-28 23:00:00,77.67217499999992
2008-01-29 23:00:00,77.01517499999993
2008-01-30 23:00:00,76.01517499999993
2008-01-31 23:00:00,77.01517499999993
2008-02-01 23:00:00,77.48417499999994
2008-02-04 23:00:00,76.89117499999993
2008-02-05 23:00:00,77.48417499999994
2008-02-06 23:00:00,77.07817499999993
2008-02-07 23:00:00,75.51517499999993
2008-02-08 23:00:00,76.42217499999992
2008-02-11 23:00:00,76.98417499999994
2008-02-12 23:00:00,76.20317499999993
2008-02-13 23:00:00,75.76517499999993
2008-02-14 23:00:00,74.10917499999994
2008-02-15 23:00:00,74.70317499999993
2008-02-19 23:00:00,73.76517499999993
2008-02-20 23:00:00,73.60917499999994
2008-02-21 23:00:00,74.95317499999993
2008-02-22 23:00:00,74.76517499999993
2008-02-25 23:00:00,73.54717499999992
2008-02-26 23:00:00,73.70317499999993
2008-02-27 23:00:00,73.92217499999992
2008-02-28 23:00:00,75.42217499999992
2008-02-29 23:00:00,77.42217499999992
2008-03-03 23:00:00,77.35917499999992
2008-03-05 23:00:00,75.10967499999992
2008-03-06 23:00:00,75.39092499999992
2008-03-07 23:00:00,75.89092499999992
2008-03-10 23:00:00,77.32842499999992
2008-03-11 23:00:00,75.79717499999992
2008-03-12 23:00:00,77.57842499999992
2008-03-13 23:00:00,76.98467499999992
2008-03-14 23:00:00,78.32842499999992
2008-03-17 23:00:00,79.04717499999992
2008-03-18 23:00:00,78.20342499999992
2008-03-19 23:00:00,78.95342499999992
2008-03-20 23:00:00,79.76592499999992
2008-03-24 23:00:00,77.60967499999992
2008-03-25 23:00:00,77.85967499999992
2008-03-26 23:00:00,77.60967499999992
2008-03-27 23:00:00,76.98467499999992
2008-03-28 23:00:00,77.32842499999992
2008-03-31 23:00:00,77.59404999999992
2008-04-01 23:00:00,76.43779999999992
2008-04-02 23:00:00,76.25029999999992
2008-04-03 23:00:00,76.34404999999992
2008-04-04 23:00:00,77.90654999999992
2008-04-07 23:00:00,77.14092499999992
2008-04-08 23:00:00,77.06279999999992
2008-04-09 23:00:00,78.21904999999992
2008-04-10 23:00:00,77.82842499999992
2008-04-11 23:00:00,78.46904999999992
2008-04-14 23:00:00,78.09404999999992
2008-04-15 23:00:00,77.21904999999992
2008-04-16 23:00:00,75.79717499999992
2008-04-17 23:00:00,75.48467499999992
2008-04-18 23:00:00,75.23467499999992
2008-04-21 23:00:00,75.87529999999992
2008-04-22 23:00:00,75.95342499999992
2008-04-23 23:00:00,75.78154999999992
2008-04-24 23:00:00,74.90654999999992
2008-04-25 23:00:00,74.39092499999992
2008-04-28 23:00:00,74.82842499999992
2008-04-29 23:00:00,74.90654999999992
2008-04-30 23:00:00,75.68779999999992
2008-05-01 23:00:00,75.93779999999992
2008-05-02 23:00:00,75.03154999999992
2008-05-05 23:00:00,74.92217499999992
2008-05-06 23:00:00,74.21904999999992
2008-05-07 23:00:00,74.54717499999992
2008-05-08 23:00:00,75.56279999999992
2008-05-09 23:00:00,76.04717499999992
2008-05-12 23:00:00,76.04717499999992
2008-05-13 23:00:00,74.64092499999992
2008-05-14 23:00:00,74.29717499999992
2008-05-15 23:00:00,75.21904999999992
2008-05-16 23:00:00,75.25029999999992
2008-05-19 23:00:00,75.40654999999992
2008-05-20 23:00:00,76.09404999999992
2008-05-21 23:00:00,75.76592499999992
2008-05-22 23:00:00,74.60967499999992
2008-05-23 23:00:00,75.65654999999992
2008-05-27 23:00:00,74.43779999999992
2008-05-28 23:00:00,73.56279999999992
2008-05-29 23:00:00,72.70342499999992
2008-05-30 23:00:00,73.21904999999992
2008-06-02 23:00:00,73.82842499999992
2008-06-03 23:00:00,74.70342499999992
2008-06-04 23:00:00,74.07842499999992
2008-06-05 23:00:00,73.15654999999992
2008-06-06 23:00:00,74.15654999999992
2008-06-09 23:00:00,74.03154999999992
2008-06-10 23:00:00,73.06279999999992
2008-06-11 23:00:00,73.17217499999992
2008-06-12 23:00:00,71.96904999999992
2008-06-13 23:00:00,71.56279999999992
2008-06-16 23:00:00,71.84404999999992
2008-06-17 23:00:00,71.87529999999992
2008-06-18 23:00:00,72.68779999999992
2008-06-19 23:00:00,72.32842499999992
2008-06-20 23:00:00,73.17217499999992
2008-06-23 23:00:00,73.00029999999992
2008-06-24 23:00:00,73.84404999999992
2008-06-25 23:00:00,73.68779999999992
2008-06-26 23:00:00,74.71904999999992
2008-06-27 23:00:00,75.37529999999992
2008-06-30 23:00:00,75.31279999999992
2008-07-01 23:00:00,75.23467499999992
2008-07-02 23:00:00,75.84404999999992
2008-07-03 23:00:00,75.59404999999992
2008-07-07 23:00:00,76.01592499999992
2008-07-08 23:00:00,76.56279999999992
2008-07-09 23:00:00,76.90654999999992
2008-07-10 23:00:00,77.03154999999992
2008-07-11 23:00:00,75.56279999999992
2008-07-14 23:00:00,76.45342499999992
2008-07-15 23:00:00,76.59404999999992
2008-07-16 23:00:00,75.21904999999992
2008-07-17 23:00:00,74.35967499999992
2008-07-18 23:00:00,74.04717499999992
2008-07-21 23:00:00,74.26592499999992
2008-07-22 23:00:00,73.87529999999992
2008-07-23 23:00:00,73.32842499999992
2008-07-24 23:00:00,74.71904999999992
2008-07-25 23:00:00,73.53154999999992
2008-07-28 23:00:00,74.75029999999992
2008-07-29 23:00:00,74.60967499999992
2008-07-30 23:00:00,74.54717499999992
2008-07-31 23:00:00,75.21904999999992
2008-08-01 23:00:00,75.62529999999992
2008-08-04 23:00:00,75.42217499999992
2008-08-05 23:00:00,75.00029999999992
2008-08-06 23:00:00,74.37529999999992
2008-08-07 23:00:00,75.96904999999992
2008-08-08 23:00:00,76.09404999999992
2008-08-11 23:00:00,75.28154999999992
2008-08-12 23:00:00,76.21904999999992
2008-08-13 23:00:00,75.79717499999992
2008-08-14 23:00:00,76.62529999999992
2008-08-15 23:00:00,77.20342499999992
2008-08-18 23:00:00,77.64092499999992
2008-08-19 23:00:00,77.29717499999992
2008-08-20 23:00:00,77.76592499999992
2008-08-21 23:00:00,77.45342499999992
2008-08-22 23:00:00,77.40654999999992
2008-08-25 23:00:00,78.26592499999992
2008-08-26 23:00:00,78.34404999999992
2008-08-27 23:00:00,78.51592499999992
2008-08-28 23:00:00,78.51592499999992
2008-08-29 23:00:00,77.90654999999992
2008-09-02 23:00:00,78.70342499999992
2008-09-03 23:00:00,79.18779999999992
2008-09-04 23:00:00,79.67217499999992
2008-09-05 23:00:00,79.67217499999992
2008-09-08 23:00:00,79.84404999999992
2008-09-09 23:00:00,80.78154999999992
2008-09-10 23:00:00,80.28154999999992
2008-09-11 23:00:00,80.57842499999992
2008-09-12 23:00:00,79.18779999999992
2008-09-15 23:00:00,81.89092499999992
2008-09-16 23:00:00,82.21904999999992
2008-09-17 23:00:00,82.53154999999992
2008-09-18 23:00:00,82.40654999999992
2008-09-19 23:00:00,78.75029999999992
2008-09-22 23:00:00,78.04717499999992
2008-09-23 23:00:00,77.64092499999992
2008-09-24 23:00:00,77.95342499999992
2008-09-25 23:00:00,77.35967499999992
2008-09-26 23:00:00,78.03154999999992
2008-09-29 23:00:00,80.42217499999992
2008-09-30 23:00:00,77.76592499999992
2008-10-01 23:00:00,78.79717499999992
2008-10-02 23:00:00,79.98467499999992
2008-10-03 23:00:00,80.23467499999992
2008-10-06 23:00:00,82.56279999999992
2008-10-07 23:00:00,81.32842499999992
2008-10-08 23:00:00,78.87529999999992
2008-10-09 23:00:00,77.10967499999992
2008-10-10 23:00:00,77.21904999999992
2008-10-14 23:00:00,75.37529999999992
2008-10-15 23:00:00,74.84404999999992
2008-10-16 23:00:00,74.98467499999992
2008-10-17 23:00:00,73.64092499999992
2008-10-20 23:00:00,74.07842499999992
2008-10-21 23:00:00,75.76592499999992
2008-10-22 23:00:00,76.45342499999992
2008-10-23 23:00:00,78.54717499999992
2008-10-24 23:00:00,77.54717499999992
2008-10-27 23:00:00,77.92217499999992
2008-10-28 23:00:00,76.95342499999992
2008-10-29 23:00:00,75.62529999999992
2008-10-30 23:00:00,74.90654999999992
2008-10-31 23:00:00,73.71904999999992
2008-11-03 23:00:00,74.14092499999992
2008-11-04 23:00:00,75.95342499999992
2008-11-05 23:00:00,77.21904999999992
2008-11-06 23:00:00,77.39092499999992
2008-11-07 23:00:00,76.95342499999992
2008-11-10 23:00:00,78.23467499999992
2008-11-12 23:00:00,78.68779999999992
2008-11-13 23:00:00,77.60967499999992
2008-11-14 23:00:00,79.14092499999992
2008-11-17 23:00:00,79.40654999999992
2008-11-18 23:00:00,80.75029999999992
2008-11-19 23:00:00,82.68779999999992
2008-11-20 23:00:00,86.37529999999992
2008-11-21 23:00:00,86.89092499999992
2008-11-24 23:00:00,85.87529999999992
2008-11-25 23:00:00,87.50029999999992
2008-11-26 23:00:00,88.64092499999992
2008-11-28 23:00:00,89.06279999999992
2008-12-01 23:00:00,92.21904999999992
2008-12-02 23:00:00,92.81279999999992
2008-12-03 23:00:00,93.53154999999992
2008-12-04 23:00:00,95.45342499999992
2008-12-05 23:00:00,95.00029999999992
2008-12-08 23:00:00,95.04717499999992
2008-12-09 23:00:00,95.93779999999992
2008-12-10 23:00:00,95.37529999999992
2008-12-11 23:00:00,96.00029999999992
2008-12-12 23:00:00,96.39092499999992
2008-12-15 23:00:00,96.78154999999992
2008-12-16 23:00:00,98.95342499999992
2008-12-17 23:00:00,100.92217499999992
2008-12-18 23:00:00,102.96904999999992
2008-12-19 23:00:00,102.37529999999992
2008-12-22 23:00:00,102.26592499999992
2008-12-23 23:00:00,102.57842499999992
2008-12-24 23:00:00,102.04717499999992
2008-12-26 23:00:00,102.75029999999992
2008-12-29 23:00:00,102.46904999999992
2008-12-30 23:00:00,103.00029999999992
2008-12-31 23:00:00,99.62529999999992
2009-01-02 23:00:00,97.04717499999992
2009-01-05 23:00:00,94.59404999999992
2009-01-06 23:00:00,94.26592499999992
2009-01-07 23:00:00,94.26592499999992
2009-01-08 23:00:00,94.59404999999992
2009-01-09 23:00:00,94.71904999999992
2009-01-12 23:00:00,96.40654999999992
2009-01-13 23:00:00,96.40654999999992
2009-01-14 23:00:00,98.45342499999992
2009-01-15 23:00:00,98.71904999999992
2009-01-16 23:00:00,97.79717499999992
2009-01-20 23:00:00,96.50029999999992
2009-01-21 23:00:00,93.23467499999992
2009-01-22 23:00:00,91.51592499999992
2009-01-23 23:00:00,91.18779999999992
2009-01-26 23:00:00,90.81279999999992
2009-01-27 23:00:00,92.78154999999992
2009-01-28 23:00:00,90.50029999999992
2009-01-29 23:00:00,88.71904999999992
2009-01-30 23:00:00,88.28154999999992
2009-02-02 23:00:00,90.34404999999992
2009-02-03 23:00:00,88.54717499999992
2009-02-04 23:00:00,88.21904999999992
2009-02-05 23:00:00,88.48467499999992
2009-02-06 23:00:00,87.42217499999992
2009-02-09 23:00:00,87.25029999999992
2009-02-10 23:00:00,89.48467499999992
2009-02-11 23:00:00,90.31279999999992
2009-02-12 23:00:00,90.85967499999992
2009-02-13 23:00:00,87.85967499999992
2009-02-17 23:00:00,90.92217499999992
2009-02-18 23:00:00,90.23467499999992
2009-02-19 23:00:00,87.84404999999992
2009-02-20 23:00:00,89.20342499999992
2009-02-23 23:00:00,89.46904999999992
2009-02-24 23:00:00,89.45342499999992
2009-02-25 23:00:00,87.75029999999992
2009-02-26 23:00:00,87.35967499999992
2009-02-27 23:00:00,86.12529999999992
2009-03-02 23:00:00,87.51592499999992
2009-03-03 23:00:00,87.26592499999992
2009-03-04 23:00:00,86.54717499999992
2009-03-05 23:00:00,89.75029999999992
2009-03-06 23:00:00,90.06279999999992
2009-03-09 23:00:00,88.96904999999992
2009-03-10 23:00:00,87.73467499999992
2009-03-11 23:00:00,88.59404999999992
2009-03-12 23:00:00,89.26592499999992
2009-03-13 23:00:00,89.01592499999992
2009-03-16 23:00:00,87.75029999999992
2009-03-17 23:00:00,87.01592499999992
2009-03-18 23:00:00,92.06279999999992
2009-03-19 23:00:00,92.25029999999992
2009-03-20 23:00:00,92.03154999999992
2009-03-23 23:00:00,91.39092499999992
2009-03-24 23:00:00,91.90654999999992
2009-03-25 23:00:00,90.54717499999992
2009-03-26 23:00:00,91.35967499999992
2009-03-27 23:00:00,91.32842499999992
2009-03-30 23:00:00,91.73467499999992
2009-03-31 23:00:00,92.48467499999992
2009-04-01 23:00:00,93.35967499999992
2009-04-02 23:00:00,91.93779999999992
2009-04-03 23:00:00,89.76592499999992
2009-04-06 23:00:00,88.85967499999992
2009-04-07 23:00:00,89.56279999999992
2009-04-08 23:00:00,90.37529999999992
2009-04-09 23:00:00,88.70342499999992
2009-04-13 23:00:00,89.87529999999992
2009-04-14 23:00:00,90.43779999999992
2009-04-15 23:00:00,90.70342499999992
2009-04-16 23:00:00,89.76592499999992
2009-04-17 23:00:00,88.12529999999992
2009-04-20 23:00:00,89.43779999999992
2009-04-21 23:00:00,88.43779999999992
2009-04-22 23:00:00,87.42217499999992
2009-04-23 23:00:00,88.00029999999992
2009-04-24 23:00:00,87.01592499999992
2009-04-27 23:00:00,87.81279999999992
2009-04-28 23:00:00,86.59404999999992
2009-04-29 23:00:00,85.53154999999992
2009-04-30 23:00:00,85.37529999999992
2009-05-01 23:00:00,84.93779999999992
2009-05-04 23:00:00,85.29717499999992
2009-05-05 23:00:00,85.32842499999992
2009-05-06 23:00:00,85.14092499999992
2009-05-07 23:00:00,83.21904999999992
2009-05-08 23:00:00,83.10967499999992
2009-05-11 23:00:00,84.53154999999992
2009-05-12 23:00:00,84.79717499999992
2009-05-13 23:00:00,85.71904999999992
2009-05-14 23:00:00,85.89092499999992
2009-05-15 23:00:00,85.70342499999992
2009-05-18 23:00:00,84.56279999999992
2009-05-19 23:00:00,84.46904999999992
2009-05-20 23:00:00,85.23467499999992
2009-05-21 23:00:00,83.10967499999992
2009-05-22 23:00:00,82.09404999999992
2009-05-26 23:00:00,81.43779999999992
2009-05-27 23:00:00,79.46904999999992
2009-05-28 23:00:00,79.85967499999992
2009-05-29 23:00:00,81.81279999999992
2009-06-01 23:00:00,78.71904999999992
2009-06-02 23:00:00,79.50029999999992
2009-06-03 23:00:00,80.40654999999992
2009-06-04 23:00:00,78.59404999999992
2009-06-05 23:00:00,77.37529999999992
2009-06-08 23:00:00,77.59404999999992
2009-06-09 23:00:00,77.79717499999992
2009-06-10 23:00:00,76.84404999999992
2009-06-11 23:00:00,77.71904999999992
2009-06-12 23:00:00,78.46904999999992
2009-06-15 23:00:00,79.31279999999992
2009-06-16 23:00:00,79.84404999999992
2009-06-17 23:00:00,80.46904999999992
2009-06-18 23:00:00,78.32842499999992
2009-06-19 23:00:00,79.01592499999992
2009-06-22 23:00:00,80.51592499999992
2009-06-23 23:00:00,81.35967499999992
2009-06-24 23:00:00,80.71904999999992
2009-06-25 23:00:00,82.17217499999992
2009-06-26 23:00:00,82.68779999999992
2009-06-29 23:00:00,82.71904999999992
2009-06-30 23:00:00,82.51592499999992
2009-07-01 23:00:00,82.39092499999992
2009-07-02 23:00:00,83.09404999999992
2009-07-06 23:00:00,82.98467499999992
2009-07-07 23:00:00,83.57842499999992
2009-07-08 23:00:00,85.40654999999992
2009-07-09 23:00:00,83.50029999999992
2009-07-10 23:00:00,84.87529999999992
2009-07-13 23:00:00,84.20342499999992
2009-07-14 23:00:00,82.81279999999992
2009-07-15 23:00:00,80.98467499999992
2009-07-16 23:00:00,81.37529999999992
2009-07-17 23:00:00,80.42217499999992
2009-07-20 23:00:00,81.34404999999992
2009-07-21 23:00:00,82.48467499999992
2009-07-22 23:00:00,81.43779999999992
2009-07-23 23:00:00,79.78154999999992
2009-07-24 23:00:00,80.25029999999992
2009-07-27 23:00:00,79.67217499999992
2009-07-28 23:00:00,80.10967499999992
2009-07-29 23:00:00,80.62529999999992
2009-07-30 23:00:00,81.20342499999992
2009-07-31 23:00:00,83.15654999999992
2009-08-03 23:00:00,81.75029999999992
2009-08-04 23:00:00,81.20342499999992
2009-08-05 23:00:00,80.25029999999992
2009-08-06 23:00:00,80.62529999999992
2009-08-07 23:00:00,79.46904999999992
2009-08-10 23:00:00,80.56279999999992
2009-08-11 23:00:00,81.64092499999992
2009-08-12 23:00:00,81.01592499999992
2009-08-13 23:00:00,82.34404999999992
2009-08-14 23:00:00,82.93779999999992
2009-08-17 23:00:00,83.82842499999992
2009-08-18 23:00:00,83.43779999999992
2009-08-19 23:00:00,84.01592499999992
2009-08-20 23:00:00,84.45342499999992
2009-08-21 23:00:00,82.96904999999992
2009-08-24 23:00:00,83.92217499999992
2009-08-25 23:00:00,84.60967499999992
2009-08-26 23:00:00,84.96904999999992
2009-08-27 23:00:00,84.45342499999992
2009-08-28 23:00:00,84.46904999999992
2009-08-31 23:00:00,85.12529999999992
2009-09-01 23:00:00,85.37529999999992
2009-09-02 23:00:00,86.53154999999992
2009-09-03 23:00:00,86.06279999999992
2009-09-04 23:00:00,84.43779999999992
2009-09-08 23:00:00,83.96904999999992
2009-09-09 23:00:00,83.71904999999992
2009-09-10 23:00:00,85.75029999999992
2009-09-11 23:00:00,85.87529999999992
2009-09-14 23:00:00,85.21904999999992
2009-09-15 23:00:00,84.56279999999992
2009-09-16 23:00:00,84.28154999999992
2009-09-17 23:00:00,85.46904999999992
2009-09-18 23:00:00,84.65654999999992
2009-09-21 23:00:00,84.40654999999992
2009-09-22 23:00:00,84.53154999999992
2009-09-23 23:00:00,85.06279999999992
2009-09-24 23:00:00,85.34404999999992
2009-09-25 23:00:00,86.25029999999992
2009-09-28 23:00:00,86.81279999999992
2009-09-29 23:00:00,87.00029999999992
2009-09-30 23:00:00,86.75029999999992
2009-10-01 23:00:00,88.03154999999992
2009-10-02 23:00:00,87.65654999999992
2009-10-05 23:00:00,87.68779999999992
2009-10-06 23:00:00,87.40654999999992
2009-10-07 23:00:00,88.25029999999992
2009-10-08 23:00:00,87.09404999999992
2009-10-09 23:00:00,85.34404999999992
2009-10-13 23:00:00,86.28154999999992
2009-10-14 23:00:00,84.78154999999992
2009-10-15 23:00:00,84.15654999999992
2009-10-16 23:00:00,84.93779999999992
2009-10-19 23:00:00,85.28154999999992
2009-10-20 23:00:00,86.03154999999992
2009-10-21 23:00:00,85.15654999999992
2009-10-22 23:00:00,85.00029999999992
2009-10-23 23:00:00,84.40654999999992
2009-10-26 23:00:00,83.43779999999992
2009-10-27 23:00:00,84.50029999999992
2009-10-28 23:00:00,85.18779999999992
2009-10-29 23:00:00,84.06279999999992
2009-10-30 23:00:00,85.53154999999992
2009-11-02 23:00:00,85.18779999999992
2009-11-03 23:00:00,84.43779999999992
2009-11-04 23:00:00,83.46904999999992
2009-11-05 23:00:00,83.59404999999992
2009-11-06 23:00:00,83.81279999999992
2009-11-09 23:00:00,83.87529999999992
2009-11-10 23:00:00,83.78154999999992
2009-11-11 23:00:00,84.75029999999992
2009-11-12 23:00:00,84.28154999999992
2009-11-13 23:00:00,84.81279999999992
2009-11-16 23:00:00,86.21904999999992
2009-11-17 23:00:00,86.43779999999992
2009-11-18 23:00:00,85.87529999999992
2009-11-19 23:00:00,86.18779999999992
2009-11-20 23:00:00,86.25029999999992
2009-11-23 23:00:00,86.28154999999992
2009-11-24 23:00:00,86.90654999999992
2009-11-25 23:00:00,87.56279999999992
2009-11-27 23:00:00,88.56279999999992
2009-11-30 23:00:00,88.65654999999992
2009-12-01 23:00:00,87.56279999999992
2009-12-02 23:00:00,87.15654999999992
2009-12-03 23:00:00,86.12529999999992
2009-12-04 23:00:00,84.75029999999992
2009-12-07 23:00:00,85.06279999999992
2009-12-08 23:00:00,85.59404999999992
2009-12-09 23:00:00,85.21904999999992
2009-12-10 23:00:00,84.34404999999992
2009-12-11 23:00:00,83.78154999999992
2009-12-14 23:00:00,83.96904999999992
2009-12-15 23:00:00,83.50029999999992
2009-12-16 23:00:00,83.43779999999992
2009-12-17 23:00:00,84.87529999999992
2009-12-18 23:00:00,84.18779999999992
2009-12-21 23:00:00,82.81279999999992
2009-12-22 23:00:00,82.03154999999992
2009-12-23 23:00:00,81.87529999999992
2009-12-24 23:00:00,81.15654999999992
2009-12-28 23:00:00,80.93779999999992
2009-12-29 23:00:00,81.34404999999992
2009-12-30 23:00:00,81.81279999999992
2009-12-31 23:00:00,81.31279999999992
2010-01-04 23:00:00,81.03154999999992
2010-01-05 23:00:00,81.96904999999992
2010-01-06 23:00:00,81.25029999999992
2010-01-07 23:00:00,81.21904999999992
2010-01-08 23:00:00,81.40654999999992
2010-01-11 23:00:00,81.12529999999992
2010-01-12 23:00:00,82.75029999999992
2010-01-13 23:00:00,81.87529999999992
2010-01-14 23:00:00,82.71904999999992
2010-01-15 23:00:00,83.31279999999992
2010-01-19 23:00:00,83.09404999999992
2010-01-20 23:00:00,83.90654999999992
2010-01-21 23:00:00,84.56279999999992
2010-01-22 23:00:00,84.78154999999992
2010-01-25 23:00:00,84.25029999999992
2010-01-26 23:00:00,84.21904999999992
2010-01-27 23:00:00,84.28154999999992
2010-01-28 23:00:00,84.09404999999992
2010-01-29 23:00:00,84.75029999999992
2010-02-01 23:00:00,84.09404999999992
2010-02-02 23:00:00,84.34404999999992
2010-02-03 23:00:00,83.31279999999992
2010-02-04 23:00:00,84.71904999999992
2010-02-05 23:00:00,85.43779999999992
2010-02-08 23:00:00,84.87529999999992
2010-02-09 23:00:00,84.25029999999992
2010-02-10 23:00:00,83.50029999999992
2010-02-11 23:00:00,83.18779999999992
2010-02-12 23:00:00,83.50029999999992
2010-02-16 23:00:00,83.75029999999992
2010-02-17 23:00:00,82.75029999999992
2010-02-18 23:00:00,82.12529999999992
2010-02-19 23:00:00,82.71904999999992
2010-02-22 23:00:00,82.31279999999992
2010-02-23 23:00:00,83.81279999999992
2010-02-24 23:00:00,83.65654999999992
2010-02-25 23:00:00,84.34404999999992
2010-02-26 23:00:00,85.09404999999992
2010-03-01 23:00:00,84.87529999999992
2010-03-02 23:00:00,84.75029999999992
2010-03-03 23:00:00,84.68779999999992
2010-03-04 23:00:00,85.21904999999992
2010-03-05 23:00:00,84.09404999999992
2010-03-08 23:00:00,83.81279999999992
2010-03-09 23:00:00,83.84404999999992
2010-03-10 23:00:00,83.71904999999992
2010-03-11 23:00:00,84.00029999999992
2010-03-12 23:00:00,84.34404999999992
2010-03-15 23:00:00,84.31279999999992
2010-03-16 23:00:00,85.06279999999992
2010-03-17 23:00:00,85.31279999999992
2010-03-18 23:00:00,85.12529999999992
2010-03-19 23:00:00,85.31279999999992
2010-03-22 23:00:00,85.37529999999992
2010-03-23 23:00:00,85.12529999999992
2010-03-24 23:00:00,83.25029999999992
2010-03-25 23:00:00,82.43779999999992
2010-03-26 23:00:00,82.84404999999992
2010-03-29 23:00:00,82.90654999999992
2010-03-30 23:00:00,83.06279999999992
2010-03-31 23:00:00,83.53154999999992
2010-04-01 23:00:00,83.31279999999992
2010-04-02 23:00:00,82.28154999999992
2010-04-05 23:00:00,81.78154999999992
2010-04-06 23:00:00,81.81279999999992
2010-04-07 23:00:00,83.09404999999992
2010-04-08 23:00:00,82.81279999999992
2010-04-09 23:00:00,83.06279999999992
2010-04-12 23:00:00,83.65654999999992
2010-04-13 23:00:00,84.03154999999992
2010-04-14 23:00:00,83.34404999999992
2010-04-15 23:00:00,83.43779999999992
2010-04-16 23:00:00,84.28154999999992
2010-04-19 23:00:00,83.90654999999992
2010-04-20 23:00:00,84.15654999999992
2010-04-21 23:00:00,85.00029999999992
2010-04-22 23:00:00,84.68779999999992
2010-04-23 23:00:00,84.28154999999992
2010-04-26 23:00:00,84.28154999999992
2010-04-27 23:00:00,85.84404999999992
2010-04-28 23:00:00,84.93779999999992
2010-04-29 23:00:00,85.62529999999992
2010-04-30 23:00:00,86.46904999999992
2010-05-03 23:00:00,86.12529999999992
2010-05-04 23:00:00,87.40654999999992
2010-05-05 23:00:00,87.93779999999992
2010-05-06 23:00:00,90.75029999999992
2010-05-07 23:00:00,89.40654999999992
2010-05-10 23:00:00,88.25029999999992
2010-05-11 23:00:00,88.18779999999992
2010-05-12 23:00:00,87.71904999999992
2010-05-13 23:00:00,87.93779999999992
2010-05-14 23:00:00,89.43779999999992
2010-05-17 23:00:00,88.84404999999992
2010-05-18 23:00:00,90.09404999999992
2010-05-19 23:00:00,90.18779999999992
2010-05-20 23:00:00,91.43779999999992
2010-05-21 23:00:00,92.28154999999992
2010-05-24 23:00:00,91.78154999999992
2010-05-25 23:00:00,92.65654999999992
2010-05-26 23:00:00,91.87529999999992
2010-05-27 23:00:00,90.34404999999992
2010-05-28 23:00:00,90.56279999999992
2010-06-01 23:00:00,90.68779999999992
2010-06-02 23:00:00,90.21904999999992
2010-06-03 23:00:00,89.75029999999992
2010-06-04 23:00:00,92.28154999999992
2010-06-07 23:00:00,92.18779999999992
2010-06-08 23:00:00,92.50029999999992
2010-06-09 23:00:00,92.28154999999992
2010-06-10 23:00:00,90.46904999999992
2010-06-11 23:00:00,92.12529999999992
2010-06-14 23:00:00,91.18779999999992
2010-06-15 23:00:00,90.62529999999992
2010-06-16 23:00:00,91.03154999999992
2010-06-17 23:00:00,92.31279999999992
2010-06-18 23:00:00,91.84404999999992
2010-06-21 23:00:00,91.53154999999992
2010-06-22 23:00:00,92.65654999999992
2010-06-23 23:00:00,93.25029999999992
2010-06-24 23:00:00,92.93779999999992
2010-06-25 23:00:00,93.25029999999992
2010-06-28 23:00:00,94.18779999999992
2010-06-29 23:00:00,95.03154999999992
2010-06-30 23:00:00,95.40654999999992
2010-07-01 23:00:00,95.90654999999992
2010-07-02 23:00:00,95.06279999999992
2010-07-06 23:00:00,95.90654999999992
2010-07-07 23:00:00,95.21904999999992
2010-07-08 23:00:00,94.68779999999992
2010-07-09 23:00:00,94.18779999999992
2010-07-12 23:00:00,94.25029999999992
2010-07-13 23:00:00,93.37529999999992
2010-07-14 23:00:00,94.50029999999992
2010-07-15 23:00:00,95.56279999999992
2010-07-16 23:00:00,96.00029999999992
2010-07-19 23:00:00,95.50029999999992
2010-07-20 23:00:00,95.87529999999992
2010-07-21 23:00:00,96.75029999999992
2010-07-22 23:00:00,96.00029999999992
2010-07-23 23:00:00,95.06279999999992
2010-07-26 23:00:00,95.12529999999992
2010-07-27 23:00:00,94.25029999999992
2010-07-28 23:00:00,94.75029999999992
2010-07-29 23:00:00,94.78154999999992
2010-07-30 23:00:00,96.62529999999992
2010-08-02 23:00:00,95.53154999999992
2010-08-03 23:00:00,96.31279999999992
2010-08-04 23:00:00,95.81279999999992
2010-08-05 23:00:00,96.28154999999992
2010-08-06 23:00:00,97.43779999999992
2010-08-09 23:00:00,97.25029999999992
2010-08-10 23:00:00,97.68779999999992
2010-08-11 23:00:00,99.28154999999992
2010-08-12 23:00:00,99.12529999999992
2010-08-13 23:00:00,99.90654999999992
2010-08-16 23:00:00,101.78154999999992
2010-08-17 23:00:00,100.81279999999992
2010-08-18 23:00:00,101.25029999999992
2010-08-19 23:00:00,102.25029999999992
2010-08-20 23:00:00,101.90654999999992
2010-08-23 23:00:00,102.03154999999992
2010-08-24 23:00:00,103.65654999999992
2010-08-25 23:00:00,103.09404999999992
2010-08-26 23:00:00,103.90654999999992
2010-08-27 23:00:00,101.59404999999992
2010-08-30 23:00:00,103.37529999999992
2010-08-31 23:00:00,104.31279999999992
2010-09-01 23:00:00,102.46904999999992
2010-09-02 23:00:00,101.81279999999992
2010-09-03 23:00:00,100.75029999999992
2010-09-07 23:00:00,102.21904999999992
2010-09-08 23:00:00,101.50029999999992
2010-09-09 23:00:00,99.84404999999992
2010-09-10 23:00:00,99.40654999999992
2010-09-13 23:00:00,99.96904999999992
2010-09-14 23:00:00,100.84404999999992
2010-09-15 23:00:00,99.93779999999992
2010-09-16 23:00:00,99.15654999999992
2010-09-17 23:00:00,99.37529999999992
2010-09-20 23:00:00,99.90654999999992
2010-09-21 23:00:00,101.34404999999992
2010-09-22 23:00:00,102.00029999999992
2010-09-23 23:00:00,102.03154999999992
2010-09-24 23:00:00,101.03154999999992
2010-09-27 23:00:00,102.62529999999992
2010-09-28 23:00:00,103.50029999999992
2010-09-29 23:00:00,102.93779999999992
2010-09-30 23:00:00,103.00029999999992
2010-10-01 23:00:00,102.65654999999992
2010-10-04 23:00:00,103.18779999999992
2010-10-05 23:00:00,102.96904999999992
2010-10-06 23:00:00,104.09404999999992
2010-10-07 23:00:00,103.71904999999992
2010-10-08 23:00:00,103.59404999999992
2010-10-11 23:00:00,103.59404999999992
2010-10-12 23:00:00,103.00029999999992
2010-10-13 23:00:00,102.71904999999992
2010-10-14 23:00:00,101.71904999999992
2010-10-15 23:00:00,100.31279999999992
2010-10-18 23:00:00,101.43779999999992
2010-10-19 23:00:00,101.71904999999992
2010-10-20 23:00:00,101.93779999999992
2010-10-21 23:00:00,101.09404999999992
2010-10-22 23:00:00,100.96904999999992
2010-10-25 23:00:00,101.40654999999992
2010-10-26 23:00:00,100.00029999999992
2010-10-27 23:00:00,99.15654999999992
2010-10-28 23:00:00,99.50029999999992
2010-10-29 23:00:00,100.21904999999992
2010-11-01 23:00:00,99.90654999999992
2010-11-02 23:00:00,100.96904999999992
2010-11-03 23:00:00,99.56279999999992
2010-11-04 23:00:00,100.96904999999992
2010-11-05 23:00:00,99.96904999999992
2010-11-08 23:00:00,99.68779999999992
2010-11-09 23:00:00,98.09404999999992
2010-11-10 23:00:00,98.34404999999992
2010-11-11 23:00:00,98.00029999999992
2010-11-12 23:00:00,97.21904999999992
2010-11-15 23:00:00,95.50029999999992
2010-11-16 23:00:00,97.00029999999992
2010-11-17 23:00:00,96.34404999999992
2010-11-18 23:00:00,95.81279999999992
2010-11-19 23:00:00,96.50029999999992
2010-11-22 23:00:00,97.31279999999992
2010-11-23 23:00:00,97.84404999999992
2010-11-24 23:00:00,95.78154999999992
2010-11-26 23:00:00,96.81279999999992
2010-11-29 23:00:00,97.46904999999992
2010-11-30 23:00:00,98.06279999999992
2010-12-01 23:00:00,95.62529999999992
2010-12-02 23:00:00,95.31279999999992
2010-12-03 23:00:00,94.90654999999992
2010-12-06 23:00:00,96.03154999999992
2010-12-07 23:00:00,93.28154999999992
2010-12-08 23:00:00,92.59404999999992
2010-12-09 23:00:00,92.90654999999992
2010-12-10 23:00:00,92.37529999999992
2010-12-13 23:00:00,92.75029999999992
2010-12-14 23:00:00,90.37529999999992
2010-12-15 23:00:00,89.84404999999992
2010-12-16 23:00:00,90.31279999999992
2010-12-17 23:00:00,92.15654999999992
2010-12-20 23:00:00,91.53154999999992
2010-12-21 23:00:00,91.96904999999992
2010-12-22 23:00:00,91.56279999999992
2010-12-23 23:00:00,91.21904999999992
2010-12-27 23:00:00,92.03154999999992
2010-12-28 23:00:00,90.12529999999992
2010-12-29 23:00:00,92.09404999999992
2010-12-30 23:00:00,91.78154999999992
2010-12-31 23:00:00,92.90654999999992
2011-01-03 23:00:00,92.28154999999992
2011-01-04 23:00:00,92.09404999999992
2011-01-05 23:00:00,90.25029999999992
2011-01-06 23:00:00,90.87529999999992
2011-01-07 23:00:00,91.75029999999992
2011-01-10 23:00:00,91.96904999999992
2011-01-11 23:00:00,91.75029999999992
2011-01-12 23:00:00,91.56279999999992
2011-01-13 23:00:00,92.25029999999992
2011-01-14 23:00:00,91.68779999999992
2011-01-18 23:00:00,91.21904999999992
2011-01-19 23:00:00,91.78154999999992
2011-01-20 23:00:00,90.25029999999992
2011-01-21 23:00:00,90.87529999999992
2011-01-24 23:00:00,91.09404999999992
2011-01-25 23:00:00,92.50029999999992
2011-01-26 23:00:00,90.84404999999992
2011-01-27 23:00:00,91.50029999999992
2011-01-28 23:00:00,92.21904999999992
2011-01-31 23:00:00,91.40654999999992
2011-02-01 23:00:00,90.71904999999992
2011-02-02 23:00:00,90.31279999999992
2011-02-03 23:00:00,89.87529999999992
2011-02-04 23:00:00,88.65654999999992
2011-02-07 23:00:00,88.87529999999992
2011-02-08 23:00:00,88.09404999999992
2011-02-09 23:00:00,89.09404999999992
2011-02-10 23:00:00,88.28154999999992
2011-02-11 23:00:00,89.18779999999992
2011-02-14 23:00:00,89.71904999999992
2011-02-15 23:00:00,89.75029999999992
2011-02-16 23:00:00,89.71904999999992
2011-02-17 23:00:00,90.21904999999992
2011-02-18 23:00:00,90.00029999999992
2011-02-22 23:00:00,91.62529999999992
2011-02-23 23:00:00,91.59404999999992
2011-02-24 23:00:00,92.31279999999992
2011-02-25 23:00:00,92.50029999999992
2011-02-28 23:00:00,92.68779999999992
2011-03-01 23:00:00,92.75029999999992
2011-03-02 23:00:00,91.81279999999992
2011-03-03 23:00:00,90.71904999999992
2011-03-04 23:00:00,91.56279999999992
2011-03-07 23:00:00,91.53154999999992
2011-03-08 23:00:00,90.84404999999992
2011-03-09 23:00:00,91.68779999999992
2011-03-10 23:00:00,92.65654999999992
2011-03-11 23:00:00,92.62529999999992
2011-03-14 23:00:00,93.09404999999992
2011-03-15 23:00:00,93.65654999999992
2011-03-16 23:00:00,94.84404999999992
2011-03-17 23:00:00,94.28154999999992
2011-03-18 23:00:00,94.09404999999992
2011-03-21 23:00:00,93.81279999999992
2011-03-22 23:00:00,93.81279999999992
2011-03-23 23:00:00,93.62529999999992
2011-03-24 23:00:00,93.09404999999992
2011-03-25 23:00:00,92.59404999999992
2011-03-28 23:00:00,92.75029999999992
2011-03-29 23:00:00,92.09404999999992
2011-03-30 23:00:00,92.53154999999992
2011-03-31 23:00:00,92.53154999999992
2011-04-01 23:00:00,92.71904999999992
2011-04-04 23:00:00,92.71904999999992
2011-04-05 23:00:00,92.18779999999992
2011-04-06 23:00:00,91.31279999999992
2011-04-07 23:00:00,91.00029999999992
2011-04-08 23:00:00,90.87529999999992
2011-04-11 23:00:00,90.84404999999992
2011-04-12 23:00:00,91.68779999999992
2011-04-13 23:00:00,92.15654999999992
2011-04-14 23:00:00,92.03154999999992
2011-04-15 23:00:00,93.15654999999992
2011-04-18 23:00:00,93.50029999999992
2011-04-19 23:00:00,93.81279999999992
2011-04-20 23:00:00,93.34404999999992
2011-04-21 23:00:00,93.37529999999992
2011-04-25 23:00:00,93.84404999999992
2011-04-26 23:00:00,94.50029999999992
2011-04-27 23:00:00,93.71904999999992
2011-04-28 23:00:00,94.46904999999992
2011-04-29 23:00:00,94.71904999999992
2011-05-02 23:00:00,94.93779999999992
2011-05-03 23:00:00,95.43779999999992
2011-05-04 23:00:00,95.87529999999992
2011-05-05 23:00:00,96.62529999999992
2011-05-06 23:00:00,96.65654999999992
2011-05-09 23:00:00,96.78154999999992
2011-05-10 23:00:00,96.21904999999992
2011-05-11 23:00:00,96.75029999999992
2011-05-12 23:00:00,96.15654999999992
2011-05-13 23:00:00,96.78154999999992
2011-05-16 23:00:00,97.31279999999992
2011-05-17 23:00:00,97.78154999999992
2011-05-18 23:00:00,97.06279999999992
2011-05-19 23:00:00,96.96904999999992
2011-05-20 23:00:00,97.18779999999992
2011-05-23 23:00:00,97.43779999999992
2011-05-24 23:00:00,97.62529999999992
2011-05-25 23:00:00,97.40654999999992
2011-05-26 23:00:00,98.31279999999992
2011-05-27 23:00:00,98.21904999999992
2011-05-31 23:00:00,98.46904999999992
2011-06-01 23:00:00,99.59404999999992
2011-06-02 23:00:00,98.50029999999992
2011-06-03 23:00:00,98.87529999999992
2011-06-06 23:00:00,98.65654999999992
2011-06-07 23:00:00,98.53154999999992
2011-06-08 23:00:00,99.31279999999992
2011-06-09 23:00:00,98.87529999999992
2011-06-10 23:00:00,99.34404999999992
2011-06-13 23:00:00,99.03154999999992
2011-06-14 23:00:00,97.50029999999992
2011-06-15 23:00:00,99.09404999999992
2011-06-16 23:00:00,99.96904999999992
2011-06-17 23:00:00,99.50029999999992
2011-06-20 23:00:00,99.43779999999992
2011-06-21 23:00:00,99.03154999999992
2011-06-22 23:00:00,99.00029999999992
2011-06-23 23:00:00,100.06279999999992
2011-06-24 23:00:00,100.21904999999992
2011-06-27 23:00:00,99.12529999999992
2011-06-28 23:00:00,97.84404999999992
2011-06-29 23:00:00,97.18779999999992
2011-06-30 23:00:00,96.65654999999992
2011-07-01 23:00:00,96.31279999999992
2011-07-05 23:00:00,96.81279999999992
2011-07-06 23:00:00,97.28154999999992
2011-07-07 23:00:00,96.90654999999992
2011-07-08 23:00:00,98.59404999999992
2011-07-11 23:00:00,99.81279999999992
2011-07-12 23:00:00,100.09404999999992
2011-07-13 23:00:00,100.34404999999992
2011-07-14 23:00:00,99.43779999999992
2011-07-15 23:00:00,99.65654999999992
2011-07-18 23:00:00,99.31279999999992
2011-07-19 23:00:00,100.25029999999992
2011-07-20 23:00:00,99.50029999999992
2011-07-21 23:00:00,98.71904999999992
2011-07-22 23:00:00,99.46904999999992
2011-07-25 23:00:00,98.68779999999992
2011-07-26 23:00:00,99.46904999999992
2011-07-27 23:00:00,99.28154999999992
2011-07-28 23:00:00,99.68779999999992
2011-07-29 23:00:00,101.75029999999992
2011-08-01 23:00:00,102.62529999999992
2011-08-02 23:00:00,104.43779999999992
2011-08-03 23:00:00,104.90654999999992
2011-08-04 23:00:00,107.12529999999992
2011-08-05 23:00:00,105.81279999999992
2011-08-08 23:00:00,108.90654999999992
2011-08-09 23:00:00,110.81279999999992
2011-08-10 23:00:00,111.84404999999992
2011-08-11 23:00:00,108.84404999999992
2011-08-12 23:00:00,110.56279999999992
2011-08-15 23:00:00,109.78154999999992
2011-08-16 23:00:00,110.68779999999992
2011-08-17 23:00:00,111.56279999999992
2011-08-18 23:00:00,113.25029999999992
2011-08-19 23:00:00,113.84404999999992
2011-08-22 23:00:00,113.78154999999992
2011-08-23 23:00:00,112.65654999999992
2011-08-24 23:00:00,110.46904999999992
2011-08-25 23:00:00,111.18779999999992
2011-08-26 23:00:00,111.78154999999992
2011-08-29 23:00:00,110.43779999999992
2011-08-30 23:00:00,112.18779999999992
2011-08-31 23:00:00,110.90654999999992
2011-09-01 23:00:00,112.28154999999992
2011-09-02 23:00:00,115.21904999999992
2011-09-06 23:00:00,115.68779999999992
2011-09-07 23:00:00,114.40654999999992
2011-09-08 23:00:00,115.00029999999992
2011-09-09 23:00:00,116.18779999999992
2011-09-12 23:00:00,116.25029999999992
2011-09-13 23:00:00,115.06279999999992
2011-09-14 23:00:00,115.18779999999992
2011-09-15 23:00:00,114.03154999999992
2011-09-16 23:00:00,114.31279999999992
2011-09-19 23:00:00,116.59404999999992
2011-09-20 23:00:00,116.25029999999992
2011-09-21 23:00:00,118.06279999999992
2011-09-22 23:00:00,120.93779999999992
2011-09-23 23:00:00,119.59404999999992
2011-09-26 23:00:00,117.75029999999992
2011-09-27 23:00:00,115.65654999999992
2011-09-28 23:00:00,115.81279999999992
2011-09-29 23:00:00,116.96904999999992
2011-09-30 23:00:00,117.50029999999992
2011-10-03 23:00:00,120.15654999999992
2011-10-04 23:00:00,120.25029999999992
2011-10-05 23:00:00,118.43779999999992
2011-10-06 23:00:00,117.31279999999992
2011-10-07 23:00:00,116.18779999999992
2011-10-10 23:00:00,113.56279999999992
2011-10-11 23:00:00,114.75029999999992
2011-10-12 23:00:00,113.43779999999992
2011-10-13 23:00:00,114.40654999999992
2011-10-14 23:00:00,113.28154999999992
2011-10-17 23:00:00,114.62529999999992
2011-10-18 23:00:00,114.46904999999992
2011-10-19 23:00:00,114.34404999999992
2011-10-20 23:00:00,113.87529999999992
2011-10-21 23:00:00,113.37529999999992
2011-10-24 23:00:00,112.96904999999992
2011-10-25 23:00:00,114.93779999999992
2011-10-26 23:00:00,113.65654999999992
2011-10-27 23:00:00,110.28154999999992
2011-10-28 23:00:00,111.75029999999992
2011-10-31 23:00:00,113.90654999999992
2011-11-01 23:00:00,116.87529999999992
2011-11-02 23:00:00,116.62529999999992
2011-11-03 23:00:00,115.56279999999992
2011-11-04 23:00:00,115.87529999999992
2011-11-07 23:00:00,116.87529999999992
2011-11-08 23:00:00,115.62529999999992
2011-11-09 23:00:00,117.59404999999992
2011-11-10 23:00:00,116.18779999999992
2011-11-11 23:00:00,115.31279999999992
2011-11-14 23:00:00,116.65654999999992
2011-11-15 23:00:00,116.37529999999992
2011-11-16 23:00:00,117.00029999999992
2011-11-17 23:00:00,118.21904999999992
2011-11-18 23:00:00,117.65654999999992
2011-11-21 23:00:00,118.46904999999992
2011-11-22 23:00:00,118.96904999999992
2011-11-23 23:00:00,120.21904999999992
2011-11-25 23:00:00,118.71904999999992
2011-11-28 23:00:00,118.87529999999992
2011-11-29 23:00:00,118.15654999999992
2011-11-30 23:00:00,116.40654999999992
2011-12-01 23:00:00,115.34404999999992
2011-12-02 23:00:00,116.84404999999992
2011-12-05 23:00:00,116.56279999999992
2011-12-06 23:00:00,115.75029999999992
2011-12-07 23:00:00,116.90654999999992
2011-12-08 23:00:00,117.62529999999992
2011-12-09 23:00:00,116.18779999999992
2011-12-12 23:00:00,117.15654999999992
2011-12-13 23:00:00,118.12529999999992
2011-12-14 23:00:00,119.50029999999992
2011-12-15 23:00:00,119.18779999999992
2011-12-16 23:00:00,120.31279999999992
2011-12-19 23:00:00,121.06279999999992
2011-12-20 23:00:00,119.12529999999992
2011-12-21 23:00:00,118.28154999999992
2011-12-22 23:00:00,118.50029999999992
2011-12-23 23:00:00,117.00029999999992
2011-12-27 23:00:00,117.46904999999992
2011-12-28 23:00:00,119.56279999999992
2011-12-29 23:00:00,119.53154999999992
2011-12-30 23:00:00,119.84404999999992
2012-01-03 23:00:00,118.12529999999992
2012-01-04 23:00:00,117.43779999999992
2012-01-05 23:00:00,117.31279999999992
2012-01-06 23:00:00,118.06279999999992
2012-01-09 23:00:00,117.93779999999992
2012-01-10 23:00:00,117.87529999999992
2012-01-11 23:00:00,119.03154999999992
2012-01-12 23:00:00,118.59404999999992
2012-01-13 23:00:00,120.03154999999992
2012-01-17 23:00:00,120.18779999999992
2012-01-18 23:00:00,119.21904999999992
2012-01-19 23:00:00,117.84404999999992
2012-01-20 23:00:00,116.90654999999992
2012-01-23 23:00:00,116.18779999999992
2012-01-24 23:00:00,116.18779999999992
2012-01-25 23:00:00,116.81279999999992
2012-01-26 23:00:00,117.87529999999992
2012-01-27 23:00:00,118.46904999999992
2012-01-30 23:00:00,119.65654999999992
2012-01-31 23:00:00,120.46904999999992
2012-02-01 23:00:00,119.37529999999992
2012-02-02 23:00:00,119.62529999999992
2012-02-03 23:00:00,117.43779999999992
2012-02-06 23:00:00,118.31279999999992
2012-02-07 23:00:00,117.34404999999992
2012-02-08 23:00:00,117.25029999999992
2012-02-09 23:00:00,116.56279999999992
2012-02-10 23:00:00,117.81279999999992
2012-02-13 23:00:00,117.40654999999992
2012-02-14 23:00:00,118.59404999999992
2012-02-15 23:00:00,118.34404999999992
2012-02-16 23:00:00,117.31279999999992
2012-02-17 23:00:00,117.12529999999992
2012-02-21 23:00:00,116.56279999999992
2012-02-22 23:00:00,117.28154999999992
2012-02-23 23:00:00,117.71904999999992
2012-02-24 23:00:00,118.03154999999992
2012-02-27 23:00:00,119.00029999999992
2012-02-28 23:00:00,118.84404999999992
2012-02-29 23:00:00,118.12529999999992
2012-03-01 23:00:00,116.93779999999992
2012-03-02 23:00:00,117.68779999999992
2012-03-05 23:00:00,117.37529999999992
2012-03-06 23:00:00,118.46904999999992
2012-03-07 23:00:00,117.96904999999992
2012-03-08 23:00:00,117.15654999999992
2012-03-09 23:00:00,116.78154999999992
2012-03-12 23:00:00,117.00029999999992
2012-03-13 23:00:00,115.71904999999992
2012-03-14 23:00:00,113.09404999999992
2012-03-15 23:00:00,113.00029999999992
2012-03-16 23:00:00,112.90654999999992
2012-03-19 23:00:00,111.84404999999992
2012-03-20 23:00:00,112.09404999999992
2012-03-21 23:00:00,113.25029999999992
2012-03-22 23:00:00,113.53154999999992
2012-03-23 23:00:00,114.28154999999992
2012-03-26 23:00:00,114.12529999999992
2012-03-27 23:00:00,114.78154999999992
2012-03-28 23:00:00,114.78154999999992
2012-03-29 23:00:00,115.34404999999992
2012-03-30 23:00:00,114.21904999999992
2012-04-02 23:00:00,114.46904999999992
2012-04-03 23:00:00,113.28154999999992
2012-04-04 23:00:00,113.75029999999992
2012-04-05 23:00:00,114.81279999999992
2012-04-06 23:00:00,116.71904999999992
2012-04-09 23:00:00,117.06279999999992
2012-04-10 23:00:00,117.87529999999992
2012-04-11 23:00:00,117.25029999999992
2012-04-12 23:00:00,116.93779999999992
2012-04-13 23:00:00,117.90654999999992
2012-04-16 23:00:00,118.34404999999992
2012-04-17 23:00:00,117.75029999999992
2012-04-18 23:00:00,118.25029999999992
2012-04-19 23:00:00,118.68779999999992
2012-04-20 23:00:00,118.43779999999992
2012-04-23 23:00:00,119.18779999999992
2012-04-24 23:00:00,118.75029999999992
2012-04-25 23:00:00,118.40654999999992
2012-04-26 23:00:00,118.75029999999992
2012-04-27 23:00:00,119.18779999999992
2012-04-30 23:00:00,119.34404999999992
2012-05-01 23:00:00,118.56279999999992
2012-05-02 23:00:00,119.31279999999992
2012-05-03 23:00:00,119.31279999999992
2012-05-04 23:00:00,120.15654999999992
2012-05-07 23:00:00,120.21904999999992
2012-05-08 23:00:00,120.93779999999992
2012-05-09 23:00:00,120.93779999999992
2012-05-10 23:00:00,120.81279999999992
2012-05-11 23:00:00,121.59404999999992
2012-05-14 23:00:00,122.56279999999992
2012-05-15 23:00:00,122.87529999999992
2012-05-16 23:00:00,123.28154999999992
2012-05-17 23:00:00,124.84404999999992
2012-05-18 23:00:00,124.78154999999992
2012-05-21 23:00:00,124.37529999999992
2012-05-22 23:00:00,123.25029999999992
2012-05-23 23:00:00,124.75029999999992
2012-05-24 23:00:00,123.96904999999992
2012-05-25 23:00:00,124.18779999999992
2012-05-29 23:00:00,124.28154999999992
2012-05-30 23:00:00,126.12529999999992
2012-05-31 23:00:00,126.75029999999992
2012-06-01 23:00:00,129.12529999999992
2012-06-04 23:00:00,128.37529999999992
2012-06-05 23:00:00,127.68779999999992
2012-06-06 23:00:00,125.78154999999992
2012-06-07 23:00:00,125.50029999999992
2012-06-08 23:00:00,125.68779999999992
2012-06-11 23:00:00,126.34404999999992
2012-06-12 23:00:00,125.25029999999992
2012-06-13 23:00:00,126.28154999999992
2012-06-14 23:00:00,126.21904999999992
2012-06-15 23:00:00,126.68779999999992
2012-06-18 23:00:00,126.71904999999992
2012-06-19 23:00:00,126.03154999999992
2012-06-20 23:00:00,125.62529999999992
2012-06-21 23:00:00,126.25029999999992
2012-06-22 23:00:00,125.12529999999992
2012-06-25 23:00:00,126.31279999999992
2012-06-26 23:00:00,125.93779999999992
2012-06-27 23:00:00,126.09404999999992
2012-06-28 23:00:00,126.87529999999992
2012-06-29 23:00:00,125.00029999999992
2012-07-02 23:00:00,126.62529999999992
2012-07-03 23:00:00,125.56279999999992
2012-07-05 23:00:00,125.93779999999992
2012-07-06 23:00:00,126.90654999999992
2012-07-09 23:00:00,127.62529999999992
2012-07-10 23:00:00,128.03154999999992
2012-07-11 23:00:00,128.18779999999992
2012-07-12 23:00:00,128.65654999999992
2012-07-13 23:00:00,128.21904999999992
2012-07-16 23:00:00,128.81279999999992
2012-07-17 23:00:00,127.96904999999992
2012-07-18 23:00:00,128.31279999999992
2012-07-19 23:00:00,127.62529999999992
2012-07-20 23:00:00,128.81279999999992
2012-07-23 23:00:00,129.18779999999992
2012-07-24 23:00:00,129.90654999999992
2012-07-25 23:00:00,129.84404999999992
2012-07-26 23:00:00,129.53154999999992
2012-07-27 23:00:00,127.06279999999992
2012-07-30 23:00:00,128.03154999999992
2012-07-31 23:00:00,128.06279999999992
2012-08-01 23:00:00,127.31279999999992
2012-08-02 23:00:00,128.53154999999992
2012-08-03 23:00:00,126.56279999999992
2012-08-06 23:00:00,126.93779999999992
2012-08-07 23:00:00,125.68779999999992
2012-08-08 23:00:00,125.40654999999992
2012-08-09 23:00:00,125.28154999999992
2012-08-10 23:00:00,125.87529999999992
2012-08-13 23:00:00,125.84404999999992
2012-08-14 23:00:00,124.53154999999992
2012-08-15 23:00:00,123.15654999999992
2012-08-16 23:00:00,122.62529999999992
2012-08-17 23:00:00,122.90654999999992
2012-08-20 23:00:00,123.03154999999992
2012-08-21 23:00:00,123.31279999999992
2012-08-22 23:00:00,124.62529999999992
2012-08-23 23:00:00,125.53154999999992
2012-08-24 23:00:00,125.40654999999992
2012-08-27 23:00:00,125.90654999999992
2012-08-28 23:00:00,126.25029999999992
2012-08-29 23:00:00,125.93779999999992
2012-08-30 23:00:00,126.62529999999992
2012-08-31 23:00:00,127.56279999999992
2012-09-04 23:00:00,127.28154999999992
2012-09-05 23:00:00,127.00029999999992
2012-09-06 23:00:00,125.53154999999992
2012-09-07 23:00:00,125.43779999999992
2012-09-10 23:00:00,125.03154999999992
2012-09-11 23:00:00,124.90654999999992
2012-09-12 23:00:00,123.62529999999992
2012-09-13 23:00:00,123.37529999999992
2012-09-14 23:00:00,121.09404999999992
2012-09-17 23:00:00,121.71904999999992
2012-09-18 23:00:00,122.15654999999992
2012-09-19 23:00:00,122.59404999999992
2012-09-20 23:00:00,122.87529999999992
2012-09-21 23:00:00,123.03154999999992
2012-09-24 23:00:00,123.75029999999992
2012-09-25 23:00:00,124.53154999999992
2012-09-26 23:00:00,126.03154999999992
2012-09-27 23:00:00,125.65654999999992
2012-09-28 23:00:00,125.53154999999992
2012-10-01 23:00:00,125.81279999999992
2012-10-02 23:00:00,126.06279999999992
2012-10-03 23:00:00,125.84404999999992
2012-10-04 23:00:00,124.96904999999992
2012-10-05 23:00:00,123.65654999999992
2012-10-08 23:00:00,124.40654999999992
2012-10-09 23:00:00,124.12529999999992
2012-10-10 23:00:00,124.87529999999992
2012-10-11 23:00:00,125.40654999999992
2012-10-12 23:00:00,125.71904999999992
2012-10-15 23:00:00,125.59404999999992
2012-10-16 23:00:00,124.34404999999992
2012-10-17 23:00:00,122.81279999999992
2012-10-18 23:00:00,122.53154999999992
2012-10-19 23:00:00,123.71904999999992
2012-10-22 23:00:00,123.28154999999992
2012-10-23 23:00:00,123.90654999999992
2012-10-24 23:00:00,123.62529999999992
2012-10-25 23:00:00,122.87529999999992
2012-10-26 23:00:00,124.15654999999992
2012-10-29 23:00:00,124.87529999999992
2012-10-30 23:00:00,124.78154999999992
2012-10-31 23:00:00,125.46904999999992
2012-11-01 23:00:00,124.75029999999992
2012-11-02 23:00:00,124.56279999999992
2012-11-05 23:00:00,125.40654999999992
2012-11-06 23:00:00,124.43779999999992
2012-11-07 23:00:00,126.46904999999992
2012-11-08 23:00:00,127.34404999999992
2012-11-09 23:00:00,127.78154999999992
2012-11-12 23:00:00,127.81279999999992
2012-11-13 23:00:00,128.25029999999992
2012-11-14 23:00:00,128.18779999999992
2012-11-15 23:00:00,128.21904999999992
2012-11-16 23:00:00,128.37529999999992
2012-11-19 23:00:00,127.59404999999992
2012-11-20 23:00:00,126.68779999999992
2012-11-21 23:00:00,126.25029999999992
2012-11-23 23:00:00,126.18779999999992
2012-11-26 23:00:00,126.75029999999992
2012-11-27 23:00:00,127.03154999999992
2012-11-28 23:00:00,127.53154999999992
2012-11-29 23:00:00,127.37529999999992
2012-11-30 23:00:00,127.53154999999992
2012-12-03 23:00:00,127.18779999999992
2012-12-04 23:00:00,127.59404999999992
2012-12-05 23:00:00,127.71904999999992
2012-12-06 23:00:00,127.96904999999992
2012-12-07 23:00:00,127.00029999999992
2012-12-10 23:00:00,127.18779999999992
2012-12-11 23:00:00,126.50029999999992
2012-12-12 23:00:00,125.53154999999992
2012-12-13 23:00:00,125.28154999999992
2012-12-14 23:00:00,125.81279999999992
2012-12-17 23:00:00,124.75029999999992
2012-12-18 23:00:00,123.40654999999992
2012-12-19 23:00:00,124.03154999999992
2012-12-20 23:00:00,123.96904999999992
2012-12-21 23:00:00,125.00029999999992
2012-12-24 23:00:00,124.71904999999992
2012-12-26 23:00:00,124.93779999999992
2012-12-27 23:00:00,125.81279999999992
2012-12-28 23:00:00,125.84404999999992
2012-12-31 23:00:00,124.96904999999992
2013-01-02 23:00:00,123.18779999999992
2013-01-03 23:00:00,122.18779999999992
2013-01-04 23:00:00,121.96904999999992
2013-01-07 23:00:00,122.15654999999992
2013-01-08 23:00:00,122.65654999999992
2013-01-09 23:00:00,122.96904999999992
2013-01-10 23:00:00,122.31279999999992
2013-01-11 23:00:00,122.75029999999992
2013-01-14 23:00:00,122.93779999999992
2013-01-15 23:00:00,123.43779999999992
2013-01-16 23:00:00,123.56279999999992
2013-01-17 23:00:00,122.65654999999992
2013-01-18 23:00:00,123.31279999999992
2013-01-22 23:00:00,123.50029999999992
2013-01-23 23:00:00,123.43779999999992
2013-01-24 23:00:00,123.31279999999992
2013-01-25 23:00:00,121.53154999999992
2013-01-28 23:00:00,121.12529999999992
2013-01-29 23:00:00,120.90654999999992
2013-01-30 23:00:00,120.53154999999992
2013-01-31 23:00:00,120.93779999999992
2013-02-01 23:00:00,120.31279999999992
2013-02-04 23:00:00,120.93779999999992
2013-02-05 23:00:00,120.21904999999992
2013-02-06 23:00:00,121.00029999999992
2013-02-07 23:00:00,121.25029999999992
2013-02-08 23:00:00,121.15654999999992
2013-02-11 23:00:00,121.34404999999992
2013-02-12 23:00:00,120.71904999999992
2013-02-13 23:00:00,120.09404999999992
2013-02-14 23:00:00,120.93779999999992
2013-02-15 23:00:00,120.93779999999992
2013-02-19 23:00:00,120.53154999999992
2013-02-20 23:00:00,120.56279999999992
2013-02-21 23:00:00,121.31279999999992
2013-02-22 23:00:00,121.46904999999992
2013-02-25 23:00:00,122.71904999999992
2013-02-26 23:00:00,123.09404999999992
2013-02-27 23:00:00,122.62529999999992
2013-02-28 23:00:00,122.75029999999992
2013-03-01 23:00:00,123.31279999999992
2013-03-04 23:00:00,122.90654999999992
2013-03-05 23:00:00,122.62529999999992
2013-03-06 23:00:00,121.81279999999992
2013-03-07 23:00:00,120.93779999999992
2013-03-08 23:00:00,119.96904999999992
2013-03-11 23:00:00,119.90654999999992
2013-03-12 23:00:00,120.53154999999992
2013-03-13 23:00:00,120.53154999999992
2013-03-14 23:00:00,120.28154999999992
2013-03-15 23:00:00,120.84404999999992
2013-03-18 23:00:00,121.68779999999992
2013-03-19 23:00:00,122.56279999999992
2013-03-20 23:00:00,122.09404999999992
2013-03-21 23:00:00,122.28154999999992
2013-03-22 23:00:00,122.59404999999992
2013-03-25 23:00:00,122.46904999999992
2013-03-26 23:00:00,122.65654999999992
2013-03-27 23:00:00,123.53154999999992
2013-03-28 23:00:00,123.43779999999992
2013-04-01 23:00:00,123.84404999999992
2013-04-02 23:00:00,123.40654999999992
2013-04-03 23:00:00,124.25029999999992
2013-04-04 23:00:00,125.31279999999992
2013-04-05 23:00:00,126.96904999999992
2013-04-08 23:00:00,126.28154999999992
2013-04-09 23:00:00,125.96904999999992
2013-04-10 23:00:00,124.90654999999992
2013-04-11 23:00:00,125.18779999999992
2013-04-12 23:00:00,126.50029999999992
2013-04-15 23:00:00,126.90654999999992
2013-04-16 23:00:00,126.59404999999992
2013-04-17 23:00:00,126.93779999999992
2013-04-18 23:00:00,127.40654999999992
2013-04-19 23:00:00,127.09404999999992
2013-04-22 23:00:00,127.12529999999992
2013-04-23 23:00:00,127.06279999999992
2013-04-24 23:00:00,127.15654999999992
2013-04-25 23:00:00,126.90654999999992
2013-04-26 23:00:00,127.84404999999992
2013-04-29 23:00:00,127.56279999999992
2013-04-30 23:00:00,127.34404999999992
2013-05-01 23:00:00,128.09404999999992
2013-05-02 23:00:00,128.15654999999992
2013-05-03 23:00:00,126.03154999999992
2013-05-06 23:00:00,125.46904999999992
2013-05-07 23:00:00,125.21904999999992
2013-05-08 23:00:00,125.68779999999992
2013-05-09 23:00:00,125.46904999999992
2013-05-10 23:00:00,123.96904999999992
2013-05-13 23:00:00,123.59404999999992
2013-05-14 23:00:00,123.03154999999992
2013-05-15 23:00:00,123.15654999999992
2013-05-16 23:00:00,124.40654999999992
2013-05-17 23:00:00,122.93779999999992
2013-05-20 23:00:00,122.71904999999992
2013-05-21 23:00:00,123.06279999999992
2013-05-22 23:00:00,121.81279999999992
2013-05-23 23:00:00,121.96904999999992
2013-05-24 23:00:00,122.34404999999992
2013-05-28 23:00:00,120.21904999999992
2013-05-29 23:00:00,120.59404999999992
2013-05-30 23:00:00,120.43779999999992
2013-05-31 23:00:00,119.96904999999992
2013-06-03 23:00:00,120.25029999999992
2013-06-04 23:00:00,120.03154999999992
2013-06-05 23:00:00,120.59404999999992
2013-06-06 23:00:00,121.09404999999992
2013-06-07 23:00:00,119.71904999999992
2013-06-10 23:00:00,118.84404999999992
2013-06-11 23:00:00,119.25029999999992
2013-06-12 23:00:00,118.68779999999992
2013-06-13 23:00:00,119.65654999999992
2013-06-14 23:00:00,120.28154999999992
2013-06-17 23:00:00,119.46904999999992
2013-06-18 23:00:00,119.50029999999992
2013-06-19 23:00:00,117.93779999999992
2013-06-20 23:00:00,116.06279999999992
2013-06-21 23:00:00,114.96904999999992
2013-06-24 23:00:00,114.75029999999992
2013-06-25 23:00:00,114.09404999999992
2013-06-26 23:00:00,114.90654999999992
2013-06-27 23:00:00,115.53154999999992
2013-06-28 23:00:00,115.78154999999992
2013-07-01 23:00:00,115.68779999999992
2013-07-02 23:00:00,115.90654999999992
2013-07-03 23:00:00,115.50029999999992
2013-07-05 23:00:00,112.59404999999992
2013-07-08 23:00:00,113.43779999999992
2013-07-09 23:00:00,113.40654999999992
2013-07-10 23:00:00,112.81279999999992
2013-07-11 23:00:00,114.15654999999992
2013-07-12 23:00:00,113.87529999999992
2013-07-15 23:00:00,114.53154999999992
2013-07-16 23:00:00,114.90654999999992
2013-07-17 23:00:00,115.28154999999992
2013-07-18 23:00:00,114.59404999999992
2013-07-19 23:00:00,115.43779999999992
2013-07-22 23:00:00,115.43779999999992
2013-07-23 23:00:00,115.00029999999992
2013-07-24 23:00:00,114.03154999999992
2013-07-25 23:00:00,113.93779999999992
2013-07-26 23:00:00,114.65654999999992
2013-07-29 23:00:00,114.09404999999992
2013-07-30 23:00:00,113.84404999999992
2013-07-31 23:00:00,114.00029999999992
2013-08-01 23:00:00,111.96904999999992
2013-08-02 23:00:00,113.65654999999992
2013-08-05 23:00:00,113.12529999999992
2013-08-06 23:00:00,113.09404999999992
2013-08-07 23:00:00,113.84404999999992
2013-08-08 23:00:00,114.21904999999992
2013-08-09 23:00:00,114.37529999999992
2013-08-12 23:00:00,114.06279999999992
2013-08-13 23:00:00,112.56279999999992
2013-08-14 23:00:00,112.56279999999992
2013-08-15 23:00:00,112.00029999999992
2013-08-16 23:00:00,110.96904999999992
2013-08-19 23:00:00,110.31279999999992
2013-08-20 23:00:00,111.28154999999992
2013-08-21 23:00:00,110.75029999999992
2013-08-22 23:00:00,110.53154999999992
2013-08-23 23:00:00,111.75029999999992
2013-08-26 23:00:00,111.90654999999992
2013-08-27 23:00:00,113.12529999999992
2013-08-28 23:00:00,112.40654999999992
2013-08-29 23:00:00,113.03154999999992
2013-08-30 23:00:00,113.25029999999992
2013-09-03 23:00:00,111.62529999999992
2013-09-04 23:00:00,111.21904999999992
2013-09-05 23:00:00,110.03154999999992
2013-09-06 23:00:00,110.37529999999992
2013-09-09 23:00:00,110.93779999999992
2013-09-10 23:00:00,110.15654999999992
2013-09-11 23:00:00,110.71904999999992
2013-09-12 23:00:00,111.00029999999992
2013-09-13 23:00:00,111.15654999999992
2013-09-16 23:00:00,111.15654999999992
2013-09-17 23:00:00,111.65654999999992
2013-09-18 23:00:00,113.28154999999992
2013-09-19 23:00:00,112.56279999999992
2013-09-20 23:00:00,113.03154999999992
2013-09-23 23:00:00,113.25029999999992
2013-09-24 23:00:00,114.31279999999992
2013-09-25 23:00:00,114.93779999999992
2013-09-26 23:00:00,114.46904999999992
2013-09-27 23:00:00,114.78154999999992
2013-09-30 23:00:00,114.71904999999992
2013-10-01 23:00:00,114.34404999999992
2013-10-02 23:00:00,114.62529999999992
2013-10-03 23:00:00,114.78154999999992
2013-10-04 23:00:00,114.31279999999992
2013-10-07 23:00:00,114.68779999999992
2013-10-08 23:00:00,114.75029999999992
2013-10-09 23:00:00,114.46904999999992
2013-10-10 23:00:00,114.00029999999992
2013-10-11 23:00:00,114.15654999999992
2013-10-14 23:00:00,113.31279999999992
2013-10-15 12:46:45,113.62650192307683
2013-10-15 16:01:43,113.66977115384609
2013-10-15 16:02:48,113.66977115384609
2013-10-15 22:20:15,113.66977115384609
2013-10-15 22:21:22,113.66977115384609
2013-10-15 23:00:00,113.28154999999992
2013-10-16 07:37:35,113.26592499999992
2013-10-16 07:38:42,113.26592499999992
2013-10-16 11:06:09,113.42217499999992
2013-10-16 11:07:15,113.42217499999992
2013-10-16 16:33:35,113.42457884615376
2013-10-16 16:34:41,113.42457884615376
2013-10-16 23:00:00,114.43779999999992
2013-10-17 23:00:00,115.43779999999992
2013-10-18 02:31:13,115.32842499999992
2013-10-18 02:32:20,115.32842499999992
2013-10-18 23:00:00,115.62529999999992
2013-10-21 13:19:54,115.29717499999992
2013-10-21 13:21:03,115.29717499999992
2013-10-21 23:00:00,115.15654999999992
2013-10-22 16:25:20,116.20342499999992
2013-10-22 16:26:29,116.20342499999992
2013-10-22 23:00:00,116.37529999999992
2013-10-23 23:00:00,116.53154999999992
2013-10-24 08:16:01,116.71784807692302
2013-10-24 08:17:12,116.71784807692302
2013-10-24 15:05:59,116.73707884615376
2013-10-24 15:07:11,116.73707884615376
2013-10-24 23:00:00,116.37529999999992
2013-10-25 15:05:54,116.6144826923076
2013-10-25 15:07:03,116.6144826923076
2013-10-25 23:00:00,116.56279999999992
2013-10-28 15:05:54,116.7106365384615
2013-10-28 15:07:03,116.7106365384615
2013-10-28 23:00:00,116.37529999999992
2013-10-29 15:05:53,116.39092499999992
2013-10-29 15:07:01,116.39092499999992
2013-10-29 23:00:00,116.65654999999992
2013-10-30 15:05:55,116.72025192307683
2013-10-30 15:07:03,116.72025192307683
2013-10-30 23:00:00,116.09404999999992
2013-10-31 15:05:52,115.85967499999992
2013-10-31 15:07:02,115.85967499999992
2013-10-31 23:00:00,115.93779999999992
2013-11-01 15:05:53,115.45342499999992
2013-11-01 15:07:02,115.45342499999992
2013-11-01 23:00:00,115.06279999999992
2013-11-04 15:05:56,115.42217499999992
2013-11-04 15:07:05,115.42217499999992
2013-11-04 23:00:00,115.28154999999992
2013-11-05 15:05:54,114.3981365384615
2013-11-05 15:07:03,114.3981365384615
2013-11-05 23:00:00,114.15654999999992
2013-11-06 15:05:56,114.36227916666658
2013-11-06 15:07:05,114.36227916666658
2013-11-06 23:00:00,114.34404999999992
2013-11-07 15:05:58,114.57361730769225
2013-11-07 15:07:08,114.57361730769225
2013-11-07 23:00:00,115.18779999999992
2013-11-08 15:06:07,113.18900192307683
2013-11-08 15:07:15,113.18900192307683
2013-11-08 23:00:00,113.06279999999992
2013-11-11 15:06:04,112.89092499999992
2013-11-11 15:07:13,112.89092499999992
2013-11-11 23:00:00,112.68779999999992
2013-11-12 15:06:01,112.95342499999992
2013-11-12 15:07:10,112.95342499999992
2013-11-12 23:00:00,112.71904999999992
2013-11-13 15:05:57,113.1144826923076
2013-11-13 15:07:07,113.1144826923076
2013-11-13 23:00:00,113.56279999999992
2013-11-14 15:06:08,113.60727115384609
2013-11-14 15:07:17,113.60727115384609
2013-11-14 23:00:00,114.06279999999992
2013-11-15 15:05:56,113.96644583333327
2013-11-15 15:07:06,113.96644583333327
2013-11-15 23:00:00,113.96904999999992
2013-11-18 15:06:01,114.36748749999992
2013-11-18 15:07:10,114.36748749999992
2013-11-18 23:00:00,114.53154999999992
2013-11-19 15:06:07,114.15294423076915
2013-11-19 15:07:18,114.15294423076915
2013-11-19 23:00:00,113.84404999999992
2013-11-20 15:02:21,113.92217499999992
2013-11-20 15:02:46,113.92217499999992
2013-11-20 23:00:00,112.25029999999992
2013-11-21 15:02:18,112.03154999999992
2013-11-21 15:02:43,112.03154999999992
2013-11-21 23:00:00,112.59404999999992
2013-11-22 15:02:31,113.00029999999992
2013-11-22 15:02:55,113.00029999999992
2013-11-22 23:00:00,113.25029999999992
2013-11-25 15:02:15,113.54717499999992
2013-11-25 15:02:40,113.54717499999992
2013-11-25 23:00:00,113.31279999999992
2013-11-26 16:13:32,113.76592499999992
2013-11-26 16:13:57,113.76592499999992
2013-11-26 23:00:00,114.06279999999992
2013-11-27 20:10:00,113.51592499999992
2013-11-27 23:00:00,113.56279999999992
2013-11-28 15:02:17,113.48467499999992
2013-11-29 15:02:19,113.10967499999992
2013-11-29 23:00:00,113.56279999999992
2013-12-02 15:02:17,112.74509166666658
2013-12-02 23:00:00,112.59404999999992
2013-12-03 15:02:55,112.85967499999992
2013-12-03 23:00:00,113.00029999999992
2013-12-04 20:09:44,112.01592499999992
2013-12-04 23:00:00,111.96904999999992
2013-12-05 15:03:20,111.85967499999992
2013-12-05 23:00:00,111.78154999999992
2013-12-06 15:03:14,111.98467499999992
2013-12-06 23:00:00,111.71904999999992
2013-12-09 23:00:00,112.12529999999992
2013-12-10 23:00:00,113.06279999999992
2013-12-11 06:44:37,112.85967499999992
2013-12-11 15:02:20,112.85967499999992
2013-12-11 15:02:45,112.57842499999992
2013-12-11 23:00:00,112.31279999999992
2013-12-12 15:01:32,112.31279999999992
2013-12-12 15:01:57,112.01592499999992
2013-12-12 23:00:00,112.09404999999992
2013-12-13 15:01:36,112.09404999999992
2013-12-13 15:02:00,112.17998749999992
2013-12-13 23:00:00,112.46904999999992
2013-12-16 19:50:32,112.46904999999992
2013-12-16 19:50:57,112.14092499999992
2013-12-16 23:00:00,112.18779999999992
2013-12-17 15:02:01,112.18779999999992
2013-12-17 15:02:26,112.26592499999992
2013-12-17 23:00:00,112.65654999999992
2013-12-18 15:47:59,112.65654999999992
2013-12-18 15:48:23,112.20342499999992
2013-12-18 23:00:00,112.06279999999992
2013-12-19 15:02:03,112.06279999999992
2013-12-19 15:02:28,111.97686249999992
2013-12-19 23:00:00,112.00029999999992
2013-12-20 15:01:54,112.00029999999992
2013-12-20 15:02:18,112.57842499999992
2013-12-20 23:00:00,112.90654999999992
2013-12-23 23:00:00,112.25029999999992
2013-12-24 11:12:41,112.25029999999992
2013-12-24 11:13:05,112.10967499999992
2013-12-24 15:02:14,112.10967499999992
2013-12-24 15:02:38,111.70342499999992
2013-12-24 23:00:00,111.50029999999992
2013-12-25 15:02:19,111.50029999999992
2013-12-25 15:02:43,111.50029999999992
2013-12-26 15:02:39,111.50029999999992
2013-12-26 15:03:03,111.29717499999992
2013-12-26 23:00:00,111.31279999999992
2013-12-27 15:02:21,111.31279999999992
2013-12-27 15:02:45,111.14092499999992
2013-12-27 23:00:00,111.09404999999992
2013-12-30 15:02:21,111.09404999999992
2013-12-30 15:02:46,111.48467499999992
2013-12-30 23:00:00,111.59404999999992
2013-12-31 15:02:19,111.59404999999992
2013-12-31 15:02:43,111.51592499999992
2013-12-31 23:00:00,111.12529999999992
2014-01-01 15:02:20,111.12529999999992
2014-01-02 15:02:17,111.12529999999992
2014-01-02 15:02:41,111.13311249999992
2014-01-02 23:00:00,111.43779999999992
2014-01-03 15:02:20,111.43779999999992
2014-01-03 15:02:44,111.17217499999992
2014-01-03 23:00:00,111.34404999999992
2014-01-06 15:02:25,111.34404999999992
2014-01-06 15:02:49,111.76592499999992
2014-01-06 23:00:00,111.84404999999992
2014-01-07 15:02:27,111.84404999999992
2014-01-07 15:02:52,111.85967499999992
2014-01-07 23:00:00,112.12529999999992
2014-01-08 15:02:25,112.12529999999992
2014-01-08 15:02:50,111.54717499999992
2014-01-08 23:00:00,111.59404999999992
2014-01-09 15:02:28,111.59404999999992
2014-01-09 15:02:54,111.95342499999992
2014-01-09 23:00:00,112.15654999999992
2014-01-10 23:00:00,113.53154999999992
2014-01-13 23:00:00,113.90654999999992
2014-01-14 15:02:28,113.90654999999992
2014-01-14 15:02:54,113.67217499999992
2014-01-14 23:00:00,113.46904999999992
2014-01-15 15:02:21,113.46904999999992
2014-01-15 15:02:46,112.92217499999992
2014-01-15 23:00:00,113.34404999999992
2014-01-16 15:02:19,113.34404999999992
2014-01-16 15:02:44,113.89092499999992
2014-01-16 23:00:00,113.90654999999992
2014-01-17 15:02:24,113.90654999999992
2014-01-17 15:02:48,113.70342499999992
2014-01-17 23:00:00,114.12529999999992
2014-01-21 15:02:25,114.12529999999992
2014-01-21 15:02:50,114.17217499999992
2014-01-21 23:00:00,114.21904999999992
2014-01-22 15:02:32,114.21904999999992
2014-01-22 15:02:58,114.09404999999992
2014-01-22 23:00:00,113.87529999999992
2014-01-23 15:02:21,113.87529999999992
2014-01-23 15:02:46,114.67217499999992
2014-01-23 23:00:00,115.12529999999992
2014-01-24 15:02:31,115.12529999999992
2014-01-24 15:02:57,115.60967499999992
2014-01-24 23:00:00,115.65654999999992
2014-01-27 15:02:31,115.65654999999992
2014-01-27 15:02:57,115.67998749999992
2014-01-27 23:00:00,115.15654999999992
2014-01-28 15:02:26,115.15654999999992
2014-01-28 15:02:52,115.14092499999992
2014-01-28 23:00:00,115.43779999999992
2014-01-29 23:00:00,116.31279999999992
2014-01-30 15:02:36,116.31279999999992
2014-01-30 15:03:00,116.01592499999992
2014-01-30 23:00:00,116.09404999999992
2014-01-31 23:00:00,116.40654999999992
2014-02-03 15:23:52,116.40654999999992
2014-02-03 15:24:25,117.16436249999992
2014-02-03 16:46:34,117.16436249999992
2014-02-03 16:47:09,117.32842499999992
2014-02-03 17:48:03,117.32842499999992
2014-02-03 17:48:39,117.29717499999992
2014-02-03 23:00:00,117.71904999999992
2014-02-04 23:00:00,116.96904999999992
2014-02-05 15:35:33,116.96904999999992
2014-02-05 15:36:06,116.51592499999992
2014-02-05 16:39:43,116.51592499999992
2014-02-05 16:40:13,116.42217499999992
2014-02-05 17:40:30,116.42217499999992
2014-02-05 17:41:07,116.23467499999992
2014-02-05 23:00:00,116.21904999999992
2014-02-06 23:00:00,115.84404999999992
2014-02-07 15:19:41,115.84404999999992
2014-02-07 15:20:10,116.20342499999992
2014-02-07 16:19:41,116.20342499999992
2014-02-07 16:20:08,116.32842499999992
2014-02-07 17:19:44,116.32842499999992
2014-02-07 17:20:11,116.26592499999992
2014-02-07 23:00:00,116.12529999999992
2014-02-10 15:16:02,116.12529999999992
2014-02-10 15:16:38,116.04717499999992
2014-02-10 16:22:03,116.04717499999992
2014-02-10 16:22:38,116.16436249999992
2014-02-10 17:22:02,116.16436249999992
2014-02-10 17:22:31,116.04717499999992
2014-02-10 18:22:04,116.04717499999992
2014-02-10 18:22:43,116.01592499999992
2014-02-10 23:00:00,116.09404999999992
2014-02-11 15:02:41,116.09404999999992
2014-02-11 15:03:10,115.60967499999992
2014-02-11 16:06:56,115.60967499999992
2014-02-11 16:07:24,115.69561249999992
2014-02-11 17:06:56,115.69561249999992
2014-02-11 17:07:26,115.42217499999992
2014-02-11 18:06:56,115.42217499999992
2014-02-11 18:07:23,115.39092499999992
2014-02-11 23:00:00,115.65654999999992
2014-02-12 15:23:07,115.65654999999992
2014-02-12 15:23:32,115.14092499999992
2014-02-12 16:24:08,115.14092499999992
2014-02-12 16:24:33,114.99248749999992
2014-02-12 17:25:28,114.99248749999992
2014-02-12 18:25:15,114.99248749999992
2014-02-12 18:25:41,114.88311249999992
2014-02-12 23:00:00,115.06279999999992
2014-02-13 15:24:12,115.06279999999992
2014-02-13 15:24:38,115.68779999999992
2014-02-13 16:24:13,115.68779999999992
2014-02-13 16:24:40,115.67217499999992
2014-02-13 17:24:18,115.67217499999992
2014-02-13 17:24:47,115.70342499999992
2014-02-13 18:24:18,115.70342499999992
2014-02-13 18:24:47,115.98467499999992
2014-02-13 23:00:00,115.81279999999992
2014-02-14 16:15:37,115.81279999999992
2014-02-14 16:16:10,115.67217499999992
2014-02-14 17:15:36,115.67217499999992
2014-02-14 17:16:02,115.76592499999992
2014-02-14 18:15:37,115.76592499999992
2014-02-14 18:16:04,115.79717499999992
2014-02-14 23:00:00,115.71904999999992
2014-02-18 15:19:25,115.71904999999992
2014-02-18 15:19:54,116.10186249999992
2014-02-18 16:21:35,116.10186249999992
2014-02-18 16:22:09,116.07061249999992
2014-02-18 17:22:23,116.07061249999992
2014-02-18 17:22:56,116.35967499999992
2014-02-18 23:00:00,116.12529999999992
2014-02-19 15:17:40,116.12529999999992
2014-02-19 15:18:21,116.33884166666658
2014-02-19 16:22:08,116.33884166666658
2014-02-19 16:22:38,116.35967499999992
2014-02-19 17:22:36,116.35967499999992
2014-02-19 17:23:09,116.39092499999992
2014-02-19 18:22:36,116.39092499999992
2014-02-19 18:23:04,116.17217499999992
2014-02-19 23:00:00,115.78154999999992
2014-02-20 15:30:46,115.78154999999992
2014-02-20 15:31:15,115.39092499999992
2014-02-20 16:34:45,115.39092499999992
2014-02-20 16:35:20,115.42217499999992
2014-02-20 17:34:45,115.42217499999992
2014-02-20 17:35:15,115.39092499999992
2014-02-20 18:35:04,115.39092499999992
2014-02-20 18:35:39,115.26592499999992
2014-02-20 23:00:00,115.53154999999992
2014-02-21 15:23:06,115.53154999999992
2014-02-21 15:23:35,115.64092499999992
2014-02-21 16:26:03,115.64092499999992
2014-02-21 16:26:27,115.64092499999992
2014-02-21 17:26:22,115.64092499999992
2014-02-21 17:26:53,115.79717499999992
2014-02-21 18:26:46,115.79717499999992
2014-02-21 18:27:18,115.76592499999992
2014-02-21 23:00:00,115.90654999999992
2014-02-24 15:15:17,115.90654999999992
2014-02-24 15:15:48,115.79717499999992
2014-02-24 16:17:46,115.79717499999992
2014-02-24 16:18:11,115.79717499999992
2014-02-24 17:43:41,115.79717499999992
2014-02-24 17:44:07,115.48467499999992
2014-02-24 19:05:22,115.48467499999992
2014-02-24 19:05:51,115.64092499999992
2014-02-24 23:00:00,115.65654999999992
2014-02-25 13:09:56,115.65654999999992
2014-02-25 13:10:34,115.95342499999992
2014-02-25 14:47:41,115.95342499999992
2014-02-25 14:48:20,116.27373749999992
2014-02-25 16:30:28,116.27373749999992
2014-02-25 16:31:08,116.42217499999992
2014-02-25 18:05:15,116.42217499999992
2014-02-25 18:06:02,116.51592499999992
2014-02-25 19:23:18,116.51592499999992
2014-02-25 19:23:52,116.39092499999992
2014-02-25 23:00:00,116.43779999999992
2014-02-26 12:06:05,116.32842499999992
2014-02-26 23:00:00,116.90654999999992
2014-02-27 12:40:53,117.48076874999992
2014-02-27 13:56:18,117.29717499999992
2014-02-27 15:09:03,117.44561249999992
2014-02-27 16:25:04,117.26592499999992
2014-02-27 17:39:05,117.42217499999992
2014-02-27 18:44:30,117.23467499999992
2014-02-27 19:28:25,117.29717499999992
2014-02-27 23:00:00,117.43779999999992
2014-02-28 12:39:52,117.17217499999992
2014-02-28 13:45:33,117.23467499999992
2014-02-28 14:57:18,116.72686249999992
2014-02-28 16:13:40,116.92217499999992
2014-02-28 17:28:07,117.01592499999992
2014-02-28 23:00:00,117.37529999999992
2014-03-03 14:16:03,117.85967499999992
2014-03-03 16:45:34,118.01592499999992
2014-03-03 23:00:00,117.96904999999992
2014-03-04 15:04:37,117.23467499999992
2014-03-04 16:23:00,117.07842499999992
2014-03-04 17:32:50,116.92217499999992
2014-03-04 23:00:00,116.71904999999992
2014-03-05 14:36:36,116.54717499999992
2014-03-05 16:03:44,116.82842499999992
2014-03-05 17:20:31,116.89092499999992
2014-03-05 18:25:10,116.85967499999992
2014-03-05 23:00:00,116.68779999999992
2014-03-06 15:18:26,116.21123749999992
2014-03-06 16:36:24,116.20342499999992
2014-03-06 17:53:23,116.20342499999992
2014-03-06 23:00:00,116.06279999999992
2014-03-07 14:57:34,115.31800833333327
2014-03-07 16:19:51,115.48467499999992
2014-03-07 17:31:09,115.35967499999992
2014-03-07 18:33:35,115.51592499999992
2014-03-07 23:00:00,115.46904999999992
2014-03-10 23:00:00,115.53154999999992
2014-03-11 23:00:00,115.78154999999992
2014-03-12 23:00:00,116.56279999999992
2014-03-13 23:00:00,117.75029999999992
2014-03-14 14:14:37,117.73467499999992
2014-03-14 14:56:50,117.89092499999992
2014-03-14 15:57:11,117.67217499999992
2014-03-14 16:49:45,117.70342499999992
2014-03-14 17:41:39,117.82842499999992
2014-03-14 18:24:25,117.76592499999992
2014-03-14 23:00:00,117.78154999999992
2014-03-17 14:32:08,117.54717499999992
2014-03-17 15:30:20,117.52373749999992
2014-03-17 23:00:00,117.12529999999992
2014-03-18 14:31:19,117.06279999999992
2014-03-18 15:26:39,117.23467499999992
2014-03-19 14:51:56,117.20342499999992
2014-03-19 15:54:52,117.17217499999992
2014-03-19 16:47:43,117.02373749999992
2014-03-19 17:40:54,116.85967499999992
2014-03-19 18:25:15,116.28936249999992
2014-03-19 23:00:00,116.40654999999992
2014-03-20 23:00:00,116.28154999999992
2014-03-21 23:00:00,117.03154999999992
2014-03-25 15:43:35,117.29717499999992
2014-03-25 16:35:11,117.32842499999992
2014-03-25 17:27:25,117.45342499999992
2014-03-25 18:12:04,117.41436249999992
2014-03-25 18:51:14,117.42217499999992
2014-03-25 23:00:00,117.21904999999992
2014-03-26 23:00:00,117.90654999999992
2014-03-27 14:07:57,118.09404999999992
2014-03-27 15:09:22,118.14092499999992
2014-03-27 16:10:48,118.48467499999992
2014-03-27 17:12:18,118.35967499999992
2014-03-27 18:13:39,118.70342499999992
2014-03-27 23:00:00,118.40654999999992
2014-03-28 14:07:57,117.98467499999992
2014-03-28 15:47:48,117.67217499999992
2014-03-28 16:49:33,117.57842499999992
2014-03-28 23:00:00,117.71904999999992
2014-03-31 23:00:00,117.50029999999992
2014-04-01 23:00:00,116.96904999999992
2014-04-02 23:00:00,116.18779999999992
2014-04-03 23:00:00,116.56279999999992
2014-04-04 23:00:00,116.56279999999992
2014-04-07 14:17:11,117.45342499999992
2014-04-07 15:18:37,117.61592499999992
2014-04-07 16:20:05,117.82061249999992
2014-04-07 17:21:10,117.98467499999992
2014-04-07 18:22:15,117.82842499999992
2014-04-07 23:00:00,117.81279999999992
2014-04-08 23:00:00,117.81279999999992
2014-04-09 23:00:00,117.81279999999992
2014-04-10 15:41:14,118.23467499999992
2014-04-10 16:43:23,118.45342499999992
2014-04-10 17:44:53,118.60967499999992
2014-04-10 23:00:00,118.68779999999992
2014-04-11 14:32:18,118.96904999999992
2014-04-11 15:34:35,118.94561249999992
2014-04-11 16:36:27,118.82842499999992
2014-04-11 17:37:57,118.89092499999992
2014-04-11 18:39:17,118.95342499999992
2014-04-11 23:00:00,119.12529999999992
2014-04-14 23:00:00,118.81279999999992
2014-04-15 14:14:12,118.80342499999992
2014-04-15 15:16:06,118.98467499999992
2014-04-15 16:17:48,119.25811249999992
2014-04-15 17:19:14,119.35967499999992
2014-04-15 18:20:45,119.42217499999992
2014-04-15 23:00:00,119.09404999999992
2014-04-16 14:15:12,118.74248749999992
2014-04-16 15:17:11,118.70342499999992
2014-04-16 16:19:07,118.82842499999992
2014-04-16 17:20:25,118.98467499999992
2014-04-16 18:21:47,118.95342499999992
2014-04-16 23:00:00,119.09404999999992
2014-04-17 14:15:46,119.23467499999992
2014-04-17 15:17:42,118.84404999999992
2014-04-17 16:19:25,118.71123749999992
2014-04-17 17:20:48,118.39092499999992
2014-04-17 18:22:09,118.10967499999992
2014-04-17 23:00:00,117.93779999999992
2014-04-21 23:00:00,118.15654999999992
2014-04-22 14:14:21,117.99248749999992
2014-04-22 15:15:52,117.92217499999992
2014-04-22 16:17:31,117.95342499999992
2014-04-22 17:18:49,118.20342499999992
2014-04-22 18:19:56,118.20342499999992
2014-04-22 23:00:00,118.21904999999992
2014-04-23 23:00:00,118.78154999999992
2014-04-24 23:00:00,118.84404999999992
2014-04-25 14:25:23,119.17217499999992
2014-04-25 15:28:10,119.26592499999992
2014-04-25 16:29:50,119.41436249999992
2014-04-25 17:31:27,119.32842499999992
2014-04-25 18:33:00,119.32842499999992
2014-04-25 23:00:00,119.25029999999992
2014-04-28 14:22:47,118.98467499999992
2014-04-28 17:02:40,118.67217499999992
2014-04-28 23:00:00,118.67217499999992
2014-04-29 23:00:00,118.67217499999992
2014-04-30 16:02:08,119.07842499999992
2014-04-30 18:28:54,118.98467499999992
2014-04-30 23:00:00,119.15654999999992
2014-05-01 14:27:30,119.20342499999992
2014-05-01 16:10:09,119.76592499999992
2014-05-01 17:42:31,119.82842499999992
2014-05-01 23:00:00,119.90654999999992
2014-05-02 14:08:33,119.41436249999992
2014-05-02 15:34:39,119.72686249999992
2014-05-02 16:50:01,120.26592499999992
2014-05-02 18:00:49,120.42998749999992
2014-05-02 23:00:00,120.53154999999992
2014-05-05 15:52:04,120.07842499999992
2014-05-05 16:57:54,120.07842499999992
2014-05-05 18:04:10,120.17217499999992
2014-05-05 23:00:00,120.00029999999992
2014-05-06 14:04:33,120.29717499999992
2014-05-06 15:16:06,120.23467499999992
2014-05-06 16:29:38,120.28936249999992
2014-05-06 17:31:21,120.26592499999992
2014-05-06 18:32:59,120.45342499999992
2014-05-06 23:00:00,120.40654999999992
2014-05-07 14:12:51,120.26592499999992
2014-05-07 15:15:28,120.54717499999992
2014-05-07 16:33:59,120.36748749999992
2014-05-07 17:47:44,120.45342499999992
2014-05-07 18:49:44,120.35967499999992
2014-05-07 23:00:00,120.37529999999992
2014-05-08 14:14:03,120.70342499999992
2014-05-08 15:36:53,120.67217499999992
2014-05-08 16:49:22,120.85967499999992
2014-05-08 17:52:36,120.73467499999992
2014-05-08 18:54:33,120.45342499999992
2014-05-08 23:00:00,120.28154999999992
2014-05-09 14:38:22,120.29717499999992
2014-05-09 15:52:46,120.35967499999992
2014-05-09 17:05:02,120.26592499999992
2014-05-09 18:06:54,119.98467499999992
2014-05-09 23:00:00,120.09404999999992
2014-05-12 14:17:46,119.92217499999992
2014-05-12 15:22:35,119.75029999999992
2014-05-12 16:35:17,119.67998749999992
2014-05-12 17:48:26,119.70342499999992
2014-05-12 18:50:41,119.57842499999992
2014-05-12 23:00:00,119.62529999999992
2014-05-13 14:09:20,120.14092499999992
2014-05-13 15:31:58,120.12529999999992
2014-05-13 16:45:14,120.17217499999992
2014-05-13 17:50:21,120.20342499999992
2014-05-13 18:52:03,120.17217499999992
2014-05-13 23:00:00,120.28154999999992
2014-05-14 14:21:28,120.97686249999992
2014-05-14 15:24:06,121.32842499999992
2014-05-14 16:38:43,121.45342499999992
2014-05-14 17:51:24,121.40654999999992
2014-05-14 18:54:46,121.20342499999992
2014-05-14 23:00:00,121.40654999999992
2014-05-15 14:33:38,121.84404999999992
2014-05-15 23:00:00,122.00029999999992
2014-05-16 23:00:00,121.81279999999992
2014-05-19 14:04:12,121.98467499999992
2014-05-19 15:08:24,121.83623749999992
2014-05-19 16:09:48,121.87529999999992
2014-05-19 17:11:10,121.67217499999992
2014-05-19 18:12:32,121.76592499999992
2014-05-19 23:00:00,121.31279999999992
2014-05-20 14:04:13,121.14092499999992
2014-05-20 15:23:22,121.33623749999992
2014-05-20 16:36:50,121.39092499999992
2014-05-20 17:51:07,121.48467499999992
2014-05-20 18:54:04,121.68779999999992
2014-05-20 23:00:00,121.59404999999992
2014-05-21 14:12:15,120.98467499999992
2014-05-21 15:35:11,120.95342499999992
2014-05-21 16:43:15,121.01592499999992
2014-05-21 17:44:51,121.01592499999992
2014-05-21 18:46:38,120.95342499999992
2014-05-21 23:00:00,120.93779999999992
2014-05-22 14:05:40,121.04717499999992
2014-05-22 15:17:10,120.95342499999992
2014-05-22 16:23:41,120.89092499999992
2014-05-22 17:26:01,120.79717499999992
2014-05-22 18:27:51,120.73467499999992
2014-05-22 23:00:00,120.87529999999992
2014-05-23 23:00:00,121.28154999999992
2014-05-27 15:19:30,121.10967499999992
2014-05-27 16:39:41,121.39092499999992
2014-05-27 17:44:34,121.39092499999992
2014-05-27 18:46:48,121.48467499999992
2014-05-27 23:00:00,121.68779999999992
2014-05-28 14:11:46,121.68779999999992
2014-05-28 15:31:15,121.68779999999992
2014-05-28 16:36:38,121.68779999999992
2014-05-28 17:38:41,121.68779999999992
2014-05-28 18:40:22,121.68779999999992
2014-05-28 23:00:00,122.96904999999992
2014-05-29 14:19:19,122.96904999999992
2014-05-29 15:29:37,122.96904999999992
2014-05-29 16:41:04,122.96904999999992
2014-05-29 17:43:03,122.96904999999992
2014-05-29 18:44:42,122.96904999999992
2014-05-29 23:00:00,122.71904999999992
2014-05-30 14:13:40,122.35967499999992
2014-05-30 15:21:42,122.32842499999992
2014-05-30 16:34:52,122.42217499999992
2014-05-30 17:47:15,122.43467499999991
2014-05-30 18:49:40,122.54717499999992
2014-05-30 23:00:00,122.31279999999992
2014-06-02 14:56:53,121.79717499999992
2014-06-02 16:21:07,121.71123749999992
2014-06-02 17:32:24,121.29717499999992
2014-06-02 18:35:43,121.32842499999992
2014-06-02 23:00:00,121.46904999999992
2014-06-03 14:14:25,121.04717499999992
2014-06-03 15:36:44,120.82842499999992
2014-06-03 16:50:15,120.92217499999992
2014-06-03 18:01:06,120.85967499999992
2014-06-03 23:00:00,120.43779999999992
2014-06-05 16:54:37,120.51592499999992
2014-06-05 23:00:00,120.46904999999992
2014-06-06 16:43:58,120.70342499999992
2014-06-06 23:00:00,120.46904999999992
2014-06-09 23:00:00,120.31279999999992
2014-06-10 23:00:00,119.96904999999992
2014-06-11 18:00:54,120.07842499999992
2014-06-11 23:00:00,120.00029999999992
2014-06-12 16:33:43,120.32842499999992
2014-06-12 23:00:00,120.32842499999992
2014-06-13 14:23:39,120.35967499999992
2014-06-13 17:36:12,120.85967499999992
2014-06-13 23:00:00,120.84404999999992
2014-06-16 14:52:56,120.98467499999992
2014-06-16 16:14:21,121.01592499999992
2014-06-16 17:31:49,120.85967499999992
2014-06-16 18:35:52,120.76592499999992
2014-06-16 23:00:00,121.03154999999992
2014-06-17 14:16:58,120.57842499999992
2014-06-17 15:31:35,120.26592499999992
2014-06-17 16:50:16,120.39092499999992
2014-06-17 17:57:12,120.23467499999992
2014-06-17 18:59:26,120.26592499999992
2014-06-17 23:00:00,120.15654999999992
2014-06-18 14:17:52,120.39092499999992
2014-06-18 15:25:46,120.48467499999992
2014-06-18 17:04:07,120.48467499999992
2014-06-18 18:05:34,120.51592499999992
2014-06-18 23:00:00,120.75029999999992
2014-06-19 16:11:36,120.98467499999992
2014-06-19 17:13:23,120.73467499999992
2014-06-19 18:14:22,120.07842499999992
2014-06-19 23:00:00,120.12529999999992
2014-06-20 14:12:29,119.85967499999992
2014-06-20 15:22:53,120.10967499999992
2014-06-20 16:34:59,120.29717499999992
2014-06-20 17:36:39,120.45342499999992
2014-06-20 23:00:00,120.46904999999992
2014-06-23 14:31:17,120.95342499999992
2014-06-23 15:59:49,120.89092499999992
2014-06-23 17:15:05,120.89092499999992
2014-06-23 18:24:55,120.82842499999992
2014-06-23 23:00:00,120.43779999999992
2014-06-24 14:37:23,120.92217499999992
2014-06-24 15:43:56,120.73467499999992
2014-06-24 16:58:43,120.79717499999992
2014-06-24 18:11:03,121.07842499999992
2014-06-24 23:00:00,121.12529999999992
2014-06-25 23:00:00,121.53154999999992
2014-06-26 16:14:53,122.26592499999992
2014-06-26 23:00:00,122.12529999999992
2014-06-27 15:25:54,122.35967499999992
2014-06-27 23:00:00,121.90654999999992
2014-06-30 16:12:14,122.07842499999992
2014-06-30 23:00:00,122.15654999999992
2014-07-01 15:53:55,121.57842499999992
2014-07-01 17:30:43,121.57842499999992
2014-07-01 18:53:24,121.39092499999992
2014-07-01 23:00:00,121.37529999999992
2014-07-02 15:29:47,120.67217499999992
2014-07-02 17:09:49,120.57842499999992
2014-07-02 18:31:44,120.32842499999992
2014-07-02 23:00:00,120.34404999999992
2014-07-03 23:00:00,120.34404999999992
2014-07-04 17:11:43,120.20342499999992
2014-07-07 18:24:47,120.73467499999992
2014-07-07 23:00:00,120.81279999999992
2014-07-08 15:07:47,121.48467499999992
2014-07-08 16:51:26,121.67217499999992
2014-07-08 18:32:44,121.67217499999992
2014-07-08 23:00:00,121.71904999999992
2014-07-09 14:47:51,121.64092499999992
2014-07-09 16:43:37,121.64092499999992
2014-07-09 18:24:07,121.45342499999992
2014-07-09 23:00:00,121.87529999999992
2014-07-10 15:07:58,122.54717499999992
2014-07-10 16:52:03,122.39092499999992
2014-07-10 18:20:28,122.14092499999992
2014-07-10 23:00:00,122.00029999999992
2014-07-11 14:48:37,122.51592499999992
2014-07-11 16:44:14,122.48467499999992
2014-07-11 18:19:51,122.45342499999992
2014-07-11 23:00:00,122.50029999999992
2014-07-14 14:28:31,122.20342499999992
2014-07-14 16:32:24,122.14092499999992
2014-07-14 18:14:00,122.07842499999992
2014-07-14 23:00:00,122.09404999999992
2014-07-15 14:52:30,122.07842499999992
2014-07-15 16:47:35,121.85967499999992
2014-07-15 18:16:32,122.20342499999992
2014-07-15 23:00:00,121.96904999999992
2014-07-16 14:11:38,121.82842499999992
2014-07-16 16:21:05,122.14092499999992
2014-07-16 18:01:15,122.23467499999992
2014-07-16 23:00:00,122.25029999999992
2014-07-17 15:39:54,122.85967499999992
2014-07-17 17:21:59,123.17217499999992
2014-07-17 18:49:44,123.20342499999992
2014-07-17 23:00:00,123.50029999999992
2014-07-18 14:09:00,123.35967499999992
2014-07-18 16:35:10,123.14092499999992
2014-07-18 18:14:26,123.07842499999992
2014-07-18 23:00:00,123.12529999999992
2014-07-21 14:40:03,123.51592499999992
2014-07-21 16:36:53,123.73467499999992
2014-07-21 18:18:41,123.60967499999992
2014-07-21 23:00:00,123.50029999999992
2014-07-22 15:36:28,123.26592499999992
2014-07-22 17:20:07,123.35967499999992
2014-07-22 18:47:13,123.60967499999992
2014-07-22 23:00:00,123.62529999999992
2014-07-23 15:34:19,123.73467499999992
2014-07-23 17:16:34,123.73467499999992
2014-07-23 18:43:30,123.79717499999992
2014-07-23 23:00:00,123.59404999999992
2014-07-24 14:57:42,122.79717499999992
2014-07-24 16:57:43,122.92217499999992
2014-07-24 18:30:47,122.82842499999992
2014-07-24 23:00:00,122.87529999999992
2014-07-25 14:24:40,123.54717499999992
2014-07-25 16:36:10,123.67217499999992
2014-07-25 18:16:26,123.64092499999992
2014-07-25 23:00:00,123.71904999999992
2014-07-28 15:11:22,123.79717499999992
2014-07-28 16:51:53,123.54717499999992
2014-07-28 18:19:09,123.48467499999992
2014-07-28 23:00:00,123.46904999999992
2014-07-29 14:18:03,124.04717499999992
2014-07-29 16:34:43,123.79717499999992
2014-07-29 18:15:23,123.85967499999992
2014-07-29 23:00:00,124.00029999999992
2014-07-30 15:33:32,123.17217499999992
2014-07-30 17:15:24,122.76592499999992
2014-07-30 18:40:57,122.64092499999992
2014-07-30 23:00:00,122.53154999999992
2014-07-31 23:00:00,122.53154999999992
2014-08-01 23:00:00,122.53154999999992
2014-08-04 23:00:00,122.53154999999992
2014-08-05 23:00:00,122.53154999999992
2014-08-06 16:09:59,123.73467499999992
2014-08-06 17:22:46,123.82842499999992
2014-08-06 18:25:04,123.57842499999992
2014-08-06 23:00:00,123.59404999999992
2014-08-07 15:27:44,123.82842499999992
2014-08-07 17:18:52,124.20342499999992
2014-08-07 18:46:03,124.10967499999992
2014-08-07 23:00:00,124.10967499999992
2014-08-08 15:04:09,124.76592499999992
2014-08-08 16:55:58,124.85967499999992
2014-08-08 18:23:39,124.73467499999992
2014-08-08 23:00:00,124.73467499999992
2014-08-11 15:10:58,124.29717499999992
2014-08-11 16:56:35,124.45342499999992
2014-08-11 18:23:49,124.60967499999992
2014-08-11 23:00:00,124.40654999999992
2014-08-12 15:27:27,124.14092499999992
2014-08-12 17:13:07,124.17217499999992
2014-08-12 18:41:07,124.07842499999992
2014-08-12 23:00:00,123.96904999999992
2014-08-13 14:58:10,124.26592499999992
2014-08-13 16:54:22,124.29717499999992
2014-08-13 18:24:36,124.48467499999992
2014-08-13 23:00:00,124.50029999999992
2014-08-14 23:00:00,125.09404999999992
2014-08-15 15:04:10,125.51592499999992
2014-08-15 17:07:25,126.48467499999992
2014-08-15 18:37:00,126.20342499999992
2014-08-15 23:00:00,126.03154999999992
2014-08-18 14:49:50,125.64092499999992
2014-08-18 16:49:37,125.51592499999992
2014-08-18 18:23:14,125.23467499999992
2014-08-18 23:00:00,125.21904999999992
2014-08-19 14:55:17,125.35967499999992
2014-08-19 16:52:48,124.92217499999992
2014-08-19 18:23:24,124.95342499999992
2014-08-19 23:00:00,124.96904999999992
2014-08-20 14:56:35,124.67217499999992
2014-08-20 16:59:55,124.79717499999992
2014-08-20 18:28:12,124.76592499999992
2014-08-20 23:00:00,124.65654999999992
2014-08-21 14:07:42,124.64092499999992
2014-08-21 16:07:11,124.98467499999992
2014-08-21 18:06:09,125.04717499999992
2014-08-21 23:00:00,125.18779999999992
2014-08-22 15:08:24,125.04717499999992
2014-08-22 17:09:20,125.32842499999992
2014-08-22 18:38:40,125.51592499999992
2014-08-22 23:00:00,125.50029999999992
2014-08-25 14:43:57,125.67217499999992
2014-08-25 16:09:44,125.48467499999992
2014-08-25 17:46:01,125.67217499999992
2014-08-25 23:00:00,125.81279999999992
2014-08-26 23:00:00,125.53154999999992
2014-08-27 15:30:54,125.53154999999992
2014-08-27 17:17:59,125.53154999999992
2014-08-27 23:00:00,126.25029999999992
2014-08-28 15:26:58,126.64092499999992
2014-08-28 17:19:44,126.79717499999992
2014-08-28 23:00:00,126.65654999999992
2014-08-29 15:19:20,126.79717499999992
2014-08-29 17:11:50,126.70342499999992
2014-08-29 23:00:00,126.50029999999992
2014-09-02 14:24:59,125.45342499999992
2014-09-02 16:17:28,125.45342499999992
2014-09-02 17:40:20,125.35967499999992
2014-09-02 18:53:12,125.39092499999992
2014-09-02 23:00:00,125.18779999999992
2014-09-03 15:12:18,124.92217499999992
2014-09-03 17:08:42,125.10967499999992
2014-09-03 23:00:00,125.53154999999992
2014-09-04 15:46:07,124.76592499999992
2014-09-04 17:41:19,124.73467499999992
2014-09-04 23:00:00,124.68779999999992
2014-09-05 15:16:54,124.95342499999992
2014-09-05 17:16:54,124.95342499999992
2014-09-05 23:00:00,124.46904999999992
2014-09-08 15:17:39,125.14092499999992
2014-09-08 17:17:14,124.54717499999992
2014-09-08 23:00:00,124.50029999999992
2014-09-09 15:08:39,124.23467499999992
2014-09-09 17:07:56,124.23467499999992
2014-09-09 18:46:30,124.20342499999992
2014-09-09 23:00:00,124.31279999999992
2014-09-10 15:11:48,123.73467499999992
2014-09-10 17:06:02,123.67217499999992
2014-09-10 18:44:40,123.79717499999992
2014-09-10 23:00:00,123.65654999999992
2014-09-11 14:59:27,123.82842499999992
2014-09-11 16:30:47,123.73467499999992
2014-09-11 17:49:20,123.73467499999992
2014-09-11 23:00:00,123.59404999999992
2014-09-12 14:42:43,122.64092499999992
2014-09-12 16:39:57,122.64092499999992
2014-09-12 18:32:33,122.54717499999992
2014-09-12 23:00:00,122.40654999999992
2014-09-15 14:35:06,122.82842499999992
2014-09-15 16:07:15,122.60967499999992
2014-09-15 17:26:33,122.57842499999992
2014-09-15 23:00:00,122.62529999999992
2014-09-16 15:38:32,122.73467499999992
2014-09-16 17:28:18,122.98467499999992
2014-09-16 23:00:00,122.40654999999992
2014-09-17 15:05:32,122.70342499999992
2014-09-17 17:03:24,122.85967499999992
2014-09-17 18:42:26,122.89092499999992
2014-09-17 23:00:00,122.12529999999992
2014-09-18 14:17:49,122.35967499999992
2014-09-18 16:38:21,122.20342499999992
2014-09-18 18:23:06,122.39092499999992
2014-09-18 23:00:00,122.18779999999992
2014-09-19 06:23:50,121.95342499999992
2014-09-19 14:32:50,122.57842499999992
2014-09-19 16:26:16,122.67217499999992
2014-09-19 18:02:02,122.92217499999992
2014-09-19 23:00:00,123.12529999999992
2014-09-22 15:10:04,123.14092499999992
2014-09-22 16:43:51,123.45342499999992
2014-09-22 18:17:59,123.42217499999992
2014-09-22 23:00:00,123.37529999999992
2014-09-23 14:07:55,123.48467499999992
2014-09-23 16:22:06,123.64092499999992
2014-09-23 17:59:48,123.64092499999992
2014-09-23 23:00:00,123.93779999999992
2014-09-24 14:41:37,123.85967499999992
2014-09-24 16:36:13,123.73467499999992
2014-09-24 18:15:51,123.82842499999992
2014-09-24 23:00:00,123.37529999999992
2014-09-25 15:04:31,124.07842499999992
2014-09-25 16:46:40,124.26592499999992
2014-09-25 18:20:37,124.23467499999992
2014-09-25 23:00:00,124.31279999999992
2014-09-26 14:15:33,123.92217499999992
2014-09-26 16:36:46,124.32842499999992
2014-09-26 18:15:37,123.95342499999992
2014-09-26 23:00:00,124.12529999999992
2014-09-29 14:15:14,124.92217499999992
2014-09-29 16:35:56,124.95342499999992
2014-09-29 18:15:31,124.92217499999992
2014-09-29 23:00:00,124.75029999999992
2014-09-30 15:15:23,124.85967499999992
2014-09-30 16:54:28,124.79717499999992
2014-09-30 18:16:23,124.73467499999992
2014-09-30 23:00:00,124.46904999999992
2014-10-01 15:53:39,125.64092499999992
2014-10-01 17:35:09,125.98467499999992
2014-10-01 18:59:49,125.95342499999992
2014-10-01 23:00:00,126.06279999999992
2014-10-02 15:43:01,125.70342499999992
2014-10-02 17:51:23,125.95342499999992
2014-10-02 23:00:00,125.62529999999992
2014-10-03 14:27:08,125.35967499999992
2014-10-03 16:35:59,125.64092499999992
2014-10-03 18:11:22,125.60967499999992
2014-10-03 23:00:00,125.78154999999992
2014-10-06 14:10:29,125.70342499999992
2014-10-06 16:30:15,125.73467499999992
2014-10-06 18:06:44,126.14092499999992
2014-10-06 23:00:00,125.87529999999992
2014-10-07 14:20:14,126.32842499999992
2014-10-07 16:51:42,126.67217499999992
2014-10-07 18:21:08,126.76592499999992
2014-10-07 23:00:00,127.09404999999992
2014-10-08 14:38:44,127.17217499999992
2014-10-08 16:50:54,127.04717499999992
2014-10-08 18:21:26,126.60967499999992
2014-10-08 23:00:00,127.03154999999992
2014-10-09 14:39:35,127.42217499999992
2014-10-09 16:52:07,127.32842499999992
2014-10-09 18:19:11,127.57842499999992
2014-10-09 23:00:00,127.28154999999992
2014-10-10 14:38:49,127.57842499999992
2014-10-10 16:51:19,127.70342499999992
2014-10-10 18:18:33,127.64092499999992
2014-10-10 23:00:00,127.84404999999992
2014-10-13 14:04:30,128.26592499999992
2014-10-13 15:07:45,128.48467499999992
2014-10-13 16:16:52,128.85967499999992
2014-10-13 17:17:32,128.60967499999992
2014-10-13 18:18:11,128.54717499999992
2014-10-13 23:00:00,128.53154999999992
2014-10-14 14:35:46,128.95342499999992
2014-10-14 16:48:50,128.85967499999992
2014-10-14 18:18:26,128.73467499999992
2014-10-14 23:00:00,129.28154999999992
2014-10-15 14:20:30,131.76592499999992
2014-10-15 16:41:25,131.67217499999992
2014-10-15 18:21:11,132.42217499999992
2014-10-15 23:00:00,130.15654999999992
2014-10-16 14:40:57,131.20342499999992
2014-10-16 23:00:00,129.90654999999992
2014-10-17 14:37:16,129.42217499999992
2014-10-17 16:50:06,129.01592499999992
2014-10-17 18:18:52,129.57842499999992
2014-10-17 23:00:00,129.40654999999992
2014-10-20 14:53:08,129.79717499999992
2014-10-20 16:38:09,129.39092499999992
2014-10-20 18:17:42,129.48467499999992
2014-10-20 23:00:00,129.62529999999992
2014-10-21 14:21:51,129.01592499999992
2014-10-21 16:36:17,129.07842499999992
2014-10-21 18:16:00,129.29717499999992
2014-10-21 23:00:00,128.90654999999992
2014-10-22 16:10:19,129.04717499999992
2014-10-22 17:52:37,128.95342499999992
2014-10-22 23:00:00,128.84404999999992
2014-10-23 14:39:02,128.42217499999992
2014-10-23 16:51:48,128.23467499999992
2014-10-23 18:18:41,127.89092499999992
2014-10-23 23:00:00,128.03154999999992
2014-10-24 16:10:13,128.45342499999992
2014-10-24 17:52:09,128.32842499999992
2014-10-24 23:00:00,128.28154999999992
2014-10-27 14:48:38,128.67217499999992
2014-10-27 16:37:07,128.60967499999992
2014-10-27 18:18:14,128.42217499999992
2014-10-27 23:00:00,128.46904999999992
2014-10-28 14:12:22,127.85967499999992
2014-10-28 16:34:35,128.04717499999992
2014-10-28 18:14:50,127.98467499999992
2014-10-28 23:00:00,127.78154999999992
2014-10-29 14:17:31,127.67217499999992
2014-10-29 23:00:00,127.84404999999992
2014-10-30 15:29:01,128.39092499999992
2014-10-30 17:14:03,128.17217499999992
2014-10-30 18:33:40,127.98467499999992
2014-10-30 23:00:00,127.90654999999992
2014-10-31 14:20:26,127.57842499999992
2014-10-31 16:38:16,127.48467499999992
2014-10-31 18:20:21,127.76592499999992
2014-10-31 23:00:00,127.59404999999992
2014-11-03 16:37:39,127.07842499999992
2014-11-03 18:29:27,127.23467499999992
2014-11-03 23:00:00,127.56279999999992
2014-11-04 15:02:24,127.76592499999992
2014-11-04 16:46:19,128.07842499999992
2014-11-04 18:22:49,128.14092499999992
2014-11-04 23:00:00,127.90654999999992
2014-11-05 14:59:45,127.45342499999992
2014-11-05 16:44:30,127.57842499999992
2014-11-05 18:20:11,127.48467499999992
2014-11-05 23:00:00,127.68779999999992
2014-11-06 15:08:45,127.48467499999992
2014-11-06 16:52:52,127.20342499999992
2014-11-06 18:20:29,127.04717499999992
2014-11-06 23:00:00,127.09404999999992
2014-11-07 15:11:58,127.57842499999992
2014-11-07 16:54:45,128.20342499999992
2014-11-07 18:19:17,127.95342499999992
2014-11-07 23:00:00,128.21904999999992
2014-11-10 15:39:30,128.01592499999992
2014-11-10 17:24:00,127.76592499999992
2014-11-10 23:00:00,127.46904999999992
2014-11-11 14:37:10,127.32842499999992
2014-11-11 16:37:04,127.20342499999992
2014-11-11 18:18:26,127.32842499999992
2014-11-11 23:00:00,127.50029999999992
2014-11-12 14:48:40,128.10967499999992
2014-11-12 16:36:19,127.82842499999992
2014-11-12 18:18:45,127.57842499999992
2014-11-12 23:00:00,127.46904999999992
2014-11-13 14:10:34,127.64092499999992
2014-11-13 16:33:52,127.67217499999992
2014-11-13 18:13:18,127.51592499999992
2014-11-13 23:00:00,127.71904999999992
2014-11-14 15:21:05,127.89092499999992
2014-11-14 17:05:41,128.07842499999992
2014-11-14 18:32:15,128.10967499999992
2014-11-14 23:00:00,128.21904999999992
2014-11-17 14:46:14,128.07842499999992
2014-11-17 16:37:51,127.95342499999992
2014-11-17 18:19:00,127.89092499999992
2014-11-17 23:00:00,127.84404999999992
2014-11-18 15:16:16,128.17217499999992
2014-11-18 17:01:37,128.07842499999992
2014-11-18 18:28:13,128.17217499999992
2014-11-18 23:00:00,128.09404999999992
2014-11-19 14:50:01,127.73467499999992
2014-11-19 16:38:52,127.79717499999992
2014-11-19 18:21:05,127.76592499999992
2014-11-19 23:00:00,127.56279999999992
2014-11-20 14:18:01,128.54717499999992
2014-11-20 16:36:25,127.89092499999992
2014-11-20 18:16:33,128.10967499999992
2014-11-20 23:00:00,128.03154999999992
2014-11-21 15:02:16,128.26592499999992
2014-11-21 16:44:20,128.32842499999992
2014-11-21 18:23:28,128.42217499999992
2014-11-21 23:00:00,128.50029999999992
2014-11-24 14:45:52,128.14092499999992
2014-11-24 16:36:02,128.35967499999992
2014-11-24 18:17:21,128.60967499999992
2014-11-24 23:00:00,128.62529999999992
2014-11-25 14:50:17,128.92217499999992
2014-11-25 16:37:41,128.79717499999992
2014-11-25 18:20:10,129.01592499999992
2014-11-25 23:00:00,129.37529999999992
2014-11-26 15:46:55,129.85967499999992
2014-11-26 17:28:51,129.82842499999992
2014-11-26 23:00:00,129.78154999999992
2014-11-28 23:00:00,130.75029999999992
2014-12-01 15:02:09,131.03154999999992
2014-12-01 17:29:01,130.42217499999992
2014-12-01 23:00:00,129.96904999999992
2014-12-02 15:24:54,129.07842499999992
2014-12-02 17:09:38,129.29717499999992
2014-12-02 18:37:32,129.14092499999992
2014-12-02 23:00:00,129.09404999999992
2014-12-03 14:52:29,128.95342499999992
2014-12-03 16:36:33,129.01592499999992
2014-12-03 18:14:33,129.07842499999992
2014-12-03 23:00:00,129.25029999999992
2014-12-04 14:11:12,129.39092499999992
2014-12-04 16:36:34,129.64092499999992
2014-12-04 18:15:27,129.57842499999992
2014-12-04 23:00:00,130.03154999999992
2014-12-05 15:21:07,129.42217499999992
2014-12-05 17:03:24,129.23467499999992
2014-12-05 18:29:13,129.29717499999992
2014-12-05 23:00:00,129.43779999999992
2014-12-08 15:05:27,129.73467499999992
2014-12-08 16:50:00,129.98467499999992
2014-12-08 18:20:48,130.17217499999992
2014-12-08 23:00:00,130.53154999999992
2014-12-09 15:54:43,131.35967499999992
2014-12-09 17:40:52,131.42217499999992
2014-12-09 23:00:00,131.15654999999992
2014-12-10 15:15:41,131.26592499999992
2014-12-10 17:02:07,131.45342499999992
2014-12-10 18:30:18,131.39092499999992
2014-12-10 23:00:00,131.96904999999992
2014-12-11 15:11:50,131.60967499999992
2014-12-11 16:56:52,131.42217499999992
2014-12-11 18:22:36,131.79717499999992
2014-12-11 23:00:00,131.84404999999992
2014-12-12 14:43:21,132.82842499999992
2014-12-12 16:25:26,133.14092499999992
2014-12-12 17:48:03,133.39092499999992
2014-12-12 23:00:00,133.43779999999992
2014-12-15 18:38:53,133.14092499999992
2014-12-15 23:00:00,133.09404999999992
2014-12-16 14:15:53,133.92217499999992
2014-12-16 16:32:59,133.20342499999992
2014-12-16 17:36:21,133.64092499999992
2014-12-16 18:39:26,133.70342499999992
2014-12-16 23:00:00,133.90654999999992
2014-12-17 14:15:44,133.54717499999992
2014-12-17 15:27:42,133.79717499999992
2014-12-17 16:35:59,133.35967499999992
2014-12-17 17:42:03,133.42217499999992
2014-12-17 18:43:22,133.32842499999992
2014-12-17 23:00:00,132.81279999999992
2014-12-18 14:40:31,131.79717499999992
2014-12-18 16:03:16,131.51592499999992
2014-12-18 17:11:02,131.64092499999992
2014-12-18 18:14:02,131.70342499999992
2014-12-18 23:00:00,131.53154999999992
2014-12-19 14:25:07,131.73467499999992
2014-12-19 15:44:17,131.89092499999992
2014-12-19 16:48:21,132.29717499999992
2014-12-19 17:50:07,132.14092499999992
2014-12-19 23:00:00,132.40654999999992
2014-12-22 15:10:35,132.26592499999992
2014-12-22 16:36:21,132.14092499999992
2014-12-22 17:51:32,132.23467499999992
2014-12-22 23:00:00,132.56279999999992
2014-12-23 14:19:03,131.92217499999992
2014-12-23 15:46:50,131.98467499999992
2014-12-23 17:02:07,131.76592499999992
2014-12-23 18:19:28,131.45342499999992
2014-12-23 23:00:00,130.78154999999992
2014-12-24 15:08:44,130.60967499999992
2014-12-24 16:23:38,130.35967499999992
2014-12-24 17:32:41,130.89092499999992
2014-12-24 23:00:00,131.21904999999992
2014-12-26 23:00:00,131.21904999999992
2014-12-29 15:22:21,131.92217499999992
2014-12-29 16:42:23,132.07842499999992
2014-12-29 18:11:55,131.70342499999992
2014-12-29 23:00:00,131.84404999999992
2014-12-30 14:34:26,132.54717499999992
2014-12-30 16:07:08,132.39092499999992
2014-12-30 17:23:01,132.51592499999992
2014-12-30 18:41:24,132.32842499999992
2014-12-30 23:00:00,132.21904999999992
2014-12-31 14:32:17,132.29717499999992
2014-12-31 15:53:09,132.42217499999992
2014-12-31 17:05:22,132.51592499999992
2014-12-31 18:08:53,132.42217499999992
2014-12-31 23:00:00,132.50029999999992
2015-01-02 14:22:25,132.64092499999992
2015-01-02 15:50:23,133.67217499999992
2015-01-02 17:05:28,133.70342499999992
2015-01-02 18:22:50,133.54717499999992
2015-01-02 23:00:00,133.59404999999992
2015-01-05 14:14:04,134.10967499999992
2015-01-05 15:43:32,134.98467499999992
2015-01-05 16:59:48,134.76592499999992
2015-01-05 18:04:10,134.73467499999992
2015-01-05 23:00:00,135.00029999999992
2015-01-06 15:10:09,136.04717499999992
2015-01-06 16:36:47,136.14092499999992
2015-01-06 17:52:01,136.42217499999992
2015-01-06 23:00:00,136.09404999999992
2015-01-07 15:45:37,135.57842499999992
2015-01-07 17:03:49,135.73467499999992
2015-01-07 18:08:07,135.85967499999992
2015-01-07 23:00:00,136.06279999999992
2015-01-08 15:14:55,134.85967499999992
2015-01-08 16:38:25,134.82842499999992
2015-01-08 17:55:19,134.85967499999992
2015-01-08 23:00:00,134.81279999999992
2015-01-09 14:28:45,134.76592499999992
2015-01-09 16:02:07,135.48467499999992
2015-01-09 17:16:33,135.73467499999992
2015-01-09 18:18:10,135.57842499999992
2015-01-09 23:00:00,135.50029999999992
2015-01-12 14:21:38,135.89092499999992
2015-01-12 15:51:34,136.01592499999992
2015-01-12 17:08:31,136.01592499999992
2015-01-12 18:13:19,136.35967499999992
2015-01-12 23:00:00,136.43779999999992
2015-01-13 14:29:43,135.85967499999992
2015-01-13 15:58:33,135.85967499999992
2015-01-13 17:13:22,136.01592499999992
2015-01-13 18:16:01,135.95342499999992
2015-01-13 23:00:00,136.43779999999992
2015-01-14 15:20:25,137.60967499999992
2015-01-14 16:40:13,137.85967499999992
2015-01-14 17:57:39,138.01592499999992
2015-01-14 23:00:00,137.06279999999992
2015-01-15 14:55:55,137.42217499999992
2015-01-15 16:28:16,137.64092499999992
2015-01-15 17:44:42,138.29717499999992
2015-01-15 23:00:00,138.31279999999992
2015-01-16 15:27:49,137.39092499999992
2015-01-16 16:45:55,137.73467499999992
2015-01-16 18:00:24,137.35967499999992
2015-01-16 23:00:00,137.53154999999992
2015-01-19 14:29:03,137.57842499999992
2015-01-19 16:02:50,137.67217499999992
2015-01-19 17:20:03,137.70342499999992
2015-01-19 18:38:36,137.79717499999992
2015-01-20 14:26:15,137.89092499999992
2015-01-20 16:00:19,138.45342499999992
2015-01-20 17:18:26,138.23467499999992
2015-01-20 18:40:49,138.04717499999992
2015-01-20 23:00:00,137.75029999999992
2015-01-21 14:51:14,138.42217499999992
2015-01-21 16:24:07,137.67217499999992
2015-01-21 17:42:09,137.17217499999992
2015-01-21 23:00:00,136.90654999999992
2015-01-22 14:56:42,137.17217499999992
2015-01-22 16:27:20,136.76592499999992
2015-01-22 17:42:33,136.67217499999992
2015-01-22 23:00:00,136.65654999999992
2015-01-23 23:00:00,138.03154999999992
2015-01-26 15:20:52,137.82842499999992
2015-01-26 16:41:59,137.73467499999992
2015-01-26 17:59:24,137.92217499999992
2015-01-26 23:00:00,137.62529999999992
2015-01-27 14:26:19,138.67217499999992
2015-01-27 15:59:52,138.67217499999992
2015-01-27 17:16:11,138.29717499999992
2015-01-27 18:38:33,137.89092499999992
2015-01-27 23:00:00,137.56279999999992
2015-01-28 14:48:12,137.82842499999992
2015-01-28 16:20:33,138.01592499999992
2015-01-28 17:37:34,137.98467499999992
2015-01-28 23:00:00,139.18779999999992
2015-01-29 15:26:09,138.60967499999992
2015-01-29 16:46:23,138.54717499999992
2015-01-29 18:01:13,138.39092499999992
2015-01-29 23:00:00,138.09404999999992
2015-01-30 15:22:04,139.35967499999992
2015-01-30 16:43:01,139.45342499999992
2015-01-30 18:00:40,139.57842499999992
2015-01-30 23:00:00,139.43779999999992
2015-02-02 14:29:19,138.51592499999992
2015-02-02 16:05:43,138.54717499999992
2015-02-02 17:24:30,138.64092499999992
2015-02-02 18:47:28,138.95342499999992
2015-02-02 23:00:00,138.84404999999992
2015-02-03 14:29:13,137.82842499999992
2015-02-03 16:04:26,137.89092499999992
2015-02-03 17:21:48,137.79717499999992
2015-02-03 18:45:56,137.35967499999992
2015-02-03 23:00:00,137.31279999999992
2015-02-04 15:26:17,136.76592499999992
2015-02-04 16:47:59,136.79717499999992
2015-02-04 18:04:05,136.85967499999992
2015-02-04 23:00:00,137.40654999999992
2015-02-05 14:12:45,137.39092499999992
2015-02-05 16:09:34,136.89092499999992
2015-02-05 17:28:53,136.95342499999992
2015-02-05 18:34:42,136.76592499999992
2015-02-05 23:00:00,136.87529999999992
2015-02-06 15:30:16,135.45342499999992
2015-02-06 16:52:56,135.35967499999992
2015-02-06 18:03:41,135.35967499999992
2015-02-06 23:00:00,135.68779999999992
2015-02-09 14:28:08,135.95342499999992
2015-02-09 16:04:41,135.85967499999992
2015-02-09 17:23:44,135.70342499999992
2015-02-09 18:47:49,135.67217499999992
2015-02-09 23:00:00,135.59404999999992
2015-02-10 15:14:57,134.95342499999992
2015-02-10 16:36:30,134.85967499999992
2015-02-10 17:53:47,134.70342499999992
2015-02-10 23:00:00,134.75029999999992
2015-02-11 15:24:27,134.60967499999992
2015-02-11 16:45:21,134.39092499999992
2015-02-11 18:03:54,134.59404999999992
2015-02-11 23:00:00,134.71904999999992
2015-02-12 15:05:26,134.98467499999992
2015-02-12 16:36:24,134.95342499999992
2015-02-12 17:54:17,135.07842499999992
2015-02-12 23:00:00,134.68779999999992
2015-02-13 15:29:10,134.01592499999992
2015-02-13 16:51:19,134.04717499999992
2015-02-13 18:02:45,133.82842499999992
2015-02-13 23:00:00,133.84404999999992
2015-02-16 14:43:16,133.14092499999992
2015-02-16 17:09:07,133.45342499999992
2015-02-16 18:41:01,133.59404999999992
2015-02-17 14:11:32,133.32842499999992
2015-02-17 15:54:51,132.70342499999992
2015-02-17 17:02:45,132.70342499999992
2015-02-17 18:36:13,132.17217499999992
2015-02-17 23:00:00,132.09404999999992
2015-02-18 14:45:49,132.29717499999992
2015-02-18 16:34:14,132.39092499999992
2015-02-18 17:38:08,132.10967499999992
2015-02-18 18:39:12,132.23467499999992
2015-02-18 23:00:00,132.78154999999992
2015-02-19 14:04:52,132.64092499999992
2015-02-19 16:27:27,132.73467499999992
2015-02-19 17:31:28,132.73467499999992
2015-02-19 18:32:47,132.20342499999992
2015-02-19 23:00:00,132.31279999999992
2015-02-20 14:05:47,132.70342499999992
2015-02-20 16:27:21,132.73467499999992
2015-02-20 17:29:35,133.29717499999992
2015-02-20 18:32:25,132.79717499999992
2015-02-20 23:00:00,132.25029999999992
2015-02-23 14:05:51,132.82842499999992
2015-02-23 15:27:29,133.04717499999992
2015-02-23 16:35:42,132.92217499999992
2015-02-23 17:39:29,133.10967499999992
2015-02-23 18:42:06,133.01592499999992
2015-02-23 23:00:00,133.12529999999992
2015-02-24 15:30:14,133.12529999999992
2015-02-24 16:31:33,133.12529999999992
2015-02-24 17:31:52,133.12529999999992
2015-02-24 18:32:12,133.12529999999992
2015-02-24 23:00:00,134.15654999999992
2015-02-25 14:30:08,134.20342499999992
2015-02-25 15:31:34,134.39092499999992
2015-02-25 16:31:56,133.85967499999992
2015-02-25 17:32:16,133.64092499999992
2015-02-25 18:52:18,134.48467499999992
2015-02-25 23:00:00,134.53154999999992
2015-02-26 14:09:21,134.26592499999992
2015-02-26 15:09:57,134.17217499999992
2015-02-26 16:12:33,133.98467499999992
2015-02-26 17:12:54,134.01592499999992
2015-02-26 18:13:16,133.76592499999992
2015-02-26 23:00:00,133.31279999999992
2015-02-27 14:16:33,133.73467499999992
2015-02-27 16:12:25,133.57842499999992
2015-02-27 17:14:46,133.51592499999992
2015-02-27 18:16:28,133.20342499999992
2015-03-02 14:11:00,133.54717499999992
2015-03-02 15:29:08,132.70342499999992
2015-03-02 16:29:47,132.10967499999992
2015-03-02 17:30:13,132.01592499999992
2015-03-02 18:32:54,132.01592499999992
2015-03-02 23:00:00,131.40654999999992
2015-03-03 14:05:33,131.32842499999992
2015-03-03 15:55:57,131.32842499999992
2015-03-03 16:56:33,131.48467499999992
2015-03-03 17:56:57,131.23467499999992
2015-03-03 18:57:21,131.20342499999992
2015-03-03 23:00:00,130.81279999999992
2015-03-04 14:11:47,131.10967499999992
2015-03-04 15:51:20,130.70342499999992
2015-03-04 16:51:46,130.67217499999992
2015-03-04 17:52:09,130.67217499999992
2015-03-04 18:52:38,130.67217499999992
2015-03-04 23:00:00,130.65654999999992
2015-03-05 14:11:27,131.01592499999992
2015-03-05 15:12:05,130.76592499999992
2015-03-05 16:12:34,130.26592499999992
2015-03-05 18:15:15,130.60967499999992
2015-03-05 23:00:00,130.90654999999992
2015-03-06 14:10:05,129.10967499999992
2015-03-06 15:10:40,128.04717499999992
2015-03-06 16:26:16,127.32842499999992
2015-03-06 17:26:43,127.20342499999992
2015-03-06 18:27:12,126.95342499999992
2015-03-06 23:00:00,127.43779999999992
2015-03-09 14:08:54,128.57842499999992
2015-03-09 15:46:50,128.17217499999992
2015-03-09 16:47:12,128.26592499999992
2015-03-09 17:47:40,128.42217499999992
2015-03-09 18:48:17,128.51592499999992
2015-03-09 23:00:00,128.71904999999992
2015-03-10 14:14:46,130.32842499999992
2015-03-10 15:15:19,130.07842499999992
2015-03-10 16:38:13,130.42217499999992
2015-03-10 17:38:43,130.42217499999992
2015-03-10 18:39:25,130.51592499999992
2015-03-10 23:00:00,130.53154999999992
2015-03-11 14:10:02,130.48467499999992
2015-03-11 15:10:34,130.64092499999992
2015-03-11 16:50:10,130.45342499999992
2015-03-11 17:50:38,131.48467499999992
2015-03-11 18:52:00,131.54717499999992
2015-03-11 23:00:00,131.34404999999992
2015-03-12 14:13:29,131.85967499999992
2015-03-12 15:14:17,132.32842499999992
2015-03-12 17:03:21,131.45342499999992
2015-03-12 18:05:13,131.54717499999992
2015-03-12 23:00:00,131.37529999999992
2015-03-13 14:32:02,131.57842499999992
2015-03-13 15:33:46,131.76592499999992
2015-03-13 17:00:16,131.51592499999992
2015-03-13 18:01:09,131.70342499999992
2015-03-13 23:00:00,131.43779999999992
2015-03-16 14:08:48,132.54717499999992
2015-03-16 15:09:19,132.57842499999992
2015-03-16 16:35:20,132.42217499999992
2015-03-16 17:35:50,132.48467499999992
2015-03-16 18:36:31,131.98467499999992
2015-03-16 23:00:00,132.56279999999992
2015-03-17 14:11:06,133.10967499999992
2015-03-17 15:52:38,133.45342499999992
2015-03-17 16:52:58,133.32842499999992
2015-03-17 17:53:16,133.14092499999992
2015-03-17 18:55:01,133.26592499999992
2015-03-17 23:00:00,133.43779999999992
2015-03-18 14:26:35,133.82842499999992
2015-03-18 16:07:46,134.01592499999992
2015-03-18 17:08:07,133.93779999999992
2015-03-18 18:08:27,134.35967499999992
2015-03-18 23:00:00,135.75029999999992
2015-03-19 14:09:29,135.57842499999992
2015-03-19 15:09:53,135.73467499999992
2015-03-19 16:21:01,134.98467499999992
2015-03-19 17:21:19,135.04717499999992
2015-03-19 18:21:38,135.14092499999992
2015-03-19 23:00:00,135.34404999999992
2015-03-20 14:09:29,135.79717499999992
2015-03-20 15:09:54,136.23467499999992
2015-03-20 16:31:16,135.95342499999992
2015-03-20 17:31:38,135.95342499999992
2015-03-20 18:32:16,135.95342499999992
2015-03-20 23:00:00,136.06279999999992
2015-03-23 14:08:07,136.10967499999992
2015-03-23 15:08:28,135.73467499999992
2015-03-23 16:57:39,136.14092499999992
2015-03-23 17:58:09,135.98467499999992
2015-03-23 19:00:16,135.95342499999992
2015-03-23 23:00:00,136.00029999999992
2015-03-24 14:08:37,136.42217499999992
2015-03-24 16:03:02,136.20342499999992
2015-03-24 17:03:19,136.70342499999992
2015-03-24 18:03:36,137.10967499999992
2015-03-24 23:00:00,137.18779999999992
2015-03-25 14:09:23,137.04717499999992
2015-03-25 15:48:31,137.07842499999992
2015-03-25 16:48:50,136.98467499999992
2015-03-25 17:49:08,136.54717499999992
2015-03-25 18:49:38,136.42217499999992
2015-03-25 23:00:00,136.31279999999992
2015-03-26 14:10:57,135.26592499999992
2015-03-26 15:51:55,135.07842499999992
2015-03-26 16:52:12,135.07842499999992
2015-03-26 17:52:31,134.54717499999992
2015-03-26 18:54:26,134.39092499999992
2015-03-26 23:00:00,134.62529999999992
2015-03-27 14:22:21,135.82842499999992
2015-03-27 15:22:44,135.67217499999992
2015-03-27 16:46:33,135.92217499999992
2015-03-27 17:47:14,135.89092499999992
2015-03-27 18:49:16,136.10967499999992
2015-03-27 23:00:00,136.06279999999992
2015-03-30 14:08:28,135.98467499999992
2015-03-30 15:59:05,135.95342499999992
2015-03-30 16:59:31,135.35967499999992
2015-03-30 17:59:50,135.39092499999992
2015-03-30 19:00:07,135.70342499999992
2015-03-30 23:00:00,135.43779999999992
2015-03-31 14:08:46,135.60967499999992
2015-03-31 16:05:39,135.98467499999992
2015-03-31 17:05:57,135.73467499999992
2015-03-31 18:06:15,135.73467499999992
2015-03-31 23:00:00,135.75029999999992
2015-04-01 14:10:10,137.01592499999992
2015-04-01 15:10:32,137.73467499999992
2015-04-01 16:34:31,137.89092499999992
2015-04-01 17:34:50,138.10967499999992
2015-04-01 18:35:07,138.10967499999992
2015-04-01 23:00:00,137.81279999999992
2015-04-02 14:10:05,137.48467499999992
2015-04-02 15:10:28,136.76592499999992
2015-04-02 23:00:00,136.31279999999992
2015-04-06 14:04:18,137.26592499999992
2015-04-06 15:32:17,136.64092499999992
2015-04-06 16:40:23,135.85967499999992
2015-04-06 23:00:00,135.85967499999992
2015-04-07 14:04:45,135.98467499999992
2015-04-07 15:50:31,135.82842499999992
2015-04-07 16:50:49,135.64092499999992
2015-04-07 17:51:09,135.92217499999992
2015-04-07 18:51:28,136.17217499999992
2015-04-07 23:00:00,136.78154999999992
2015-04-08 14:04:41,136.92217499999992
2015-04-08 15:52:31,136.10967499999992
2015-04-08 16:52:51,135.76592499999992
2015-04-08 17:53:17,135.70342499999992
2015-04-08 18:53:36,136.51592499999992
2015-04-08 23:00:00,136.65654999999992
2015-04-09 14:07:18,136.76592499999992
2015-04-09 16:02:10,135.92217499999992
2015-04-09 17:02:28,136.04717499999992
2015-04-09 18:02:46,135.10967499999992
2015-04-09 23:00:00,135.06279999999992
2015-04-10 14:08:27,136.17217499999992
2015-04-10 16:09:52,135.70342499999992
2015-04-10 17:10:12,135.73467499999992
2015-04-10 18:10:32,135.51592499999992
2015-04-10 23:00:00,135.43779999999992
2015-04-13 14:10:11,135.26592499999992
2015-04-13 15:26:21,135.54717499999992
2015-04-13 16:26:49,135.10967499999992
2015-04-13 17:27:24,135.32842499999992
2015-04-13 18:27:45,135.60967499999992
2015-04-13 23:00:00,135.50029999999992
2015-04-14 14:04:57,137.04717499999992
2015-04-14 15:53:10,137.51592499999992
2015-04-14 16:53:36,137.54717499999992
2015-04-14 17:53:55,137.32842499999992
2015-04-14 18:54:12,137.01592499999992
2015-04-14 23:00:00,136.34404999999992
2015-04-15 14:10:24,136.35967499999992
2015-04-15 15:57:07,136.54717499999992
2015-04-15 16:57:28,136.57842499999992
2015-04-15 17:57:48,136.85967499999992
2015-04-15 18:58:07,136.23467499999992
2015-04-15 23:00:00,136.18779999999992
2015-04-16 14:10:23,136.73467499999992
2015-04-16 15:10:44,136.04717499999992
2015-04-16 16:22:44,135.32842499999992
2015-04-16 17:23:03,135.23467499999992
2015-04-16 18:23:23,135.45342499999992
2015-04-16 23:00:00,135.78154999999992
2015-04-17 14:10:08,135.51592499999992
2015-04-17 15:10:29,136.07842499999992
2015-04-17 16:24:48,135.73467499999992
2015-04-17 17:25:08,136.51592499999992
2015-04-17 18:25:26,136.67217499999992
2015-04-17 23:00:00,137.15654999999992
2015-04-20 14:10:01,136.64092499999992
2015-04-20 15:53:53,136.23467499999992
2015-04-20 16:54:10,136.32842499999992
2015-04-20 17:54:30,135.92217499999992
2015-04-20 18:54:49,135.79717499999992
2015-04-20 23:00:00,135.93779999999992
2015-04-21 14:10:54,136.10967499999992
2015-04-21 15:55:37,135.73467499999992
2015-04-21 16:55:57,135.76592499999992
2015-04-21 17:56:15,135.57842499999992
2015-04-21 18:56:32,135.26592499999992
2015-04-21 23:00:00,135.34404999999992
2015-04-22 14:10:11,135.45342499999992
2015-04-22 15:10:34,134.14092499999992
2015-04-22 16:25:29,133.82842499999992
2015-04-22 17:25:49,133.45342499999992
2015-04-22 18:26:06,133.42217499999992
2015-04-22 23:00:00,133.03154999999992
2015-04-23 14:29:18,133.23467499999992
2015-04-23 15:29:39,133.35967499999992
2015-04-23 16:53:50,133.51592499999992
2015-04-23 17:54:09,133.39092499999992
2015-04-23 18:54:31,133.73467499999992
2015-04-23 23:00:00,133.78154999999992
2015-04-24 14:27:45,134.23467499999992
2015-04-24 15:28:09,134.39092499999992
2015-04-24 16:52:36,134.67217499999992
2015-04-24 17:52:56,134.45342499999992
2015-04-24 18:53:14,134.42217499999992
2015-04-24 23:00:00,134.59404999999992
2015-04-27 14:10:12,134.32842499999992
2015-04-27 15:52:40,133.95342499999992
2015-04-27 16:53:08,134.17217499999992
2015-04-27 17:53:26,134.54717499999992
2015-04-27 18:53:46,134.95342499999992
2015-04-27 23:00:00,134.81279999999992
2015-04-28 14:11:20,133.98467499999992
2015-04-28 15:54:50,133.79717499999992
2015-04-28 16:55:10,133.70342499999992
2015-04-28 17:55:28,133.39092499999992
2015-04-28 18:55:49,133.29717499999992
2015-04-28 23:00:00,133.03154999999992
2015-04-29 14:11:07,130.73467499999992
2015-04-29 15:11:28,131.45342499999992
2015-04-29 16:25:21,131.29717499999992
2015-04-29 17:25:39,130.98467499999992
2015-04-29 18:25:56,131.42217499999992
2015-04-29 23:00:00,131.46904999999992
2015-04-30 14:05:09,130.76592499999992
2015-04-30 15:51:00,130.26592499999992
2015-04-30 17:08:23,130.54717499999992
2015-04-30 23:00:00,131.53154999999992
2015-05-01 14:38:09,130.73467499999992
2015-05-01 15:52:13,129.82842499999992
2015-05-01 17:03:58,129.79717499999992
2015-05-01 23:00:00,129.62529999999992
2015-05-04 14:08:21,129.64092499999992
2015-05-04 15:29:58,129.73467499999992
2015-05-04 17:36:08,128.70342499999992
2015-05-04 18:37:08,128.73467499999992
2015-05-04 23:00:00,128.46904999999992
2015-05-05 14:27:47,128.82842499999992
2015-05-05 15:48:54,127.82842499999992
2015-05-05 17:58:55,127.79717499999992
2015-05-05 18:59:41,127.89092499999992
2015-05-05 23:00:00,128.31279999999992
2015-05-06 14:54:08,127.45342499999992
2015-05-06 16:15:05,126.89092499999992
2015-05-06 18:30:20,126.32842499999992
2015-05-06 23:00:00,126.28154999999992
2015-05-07 14:20:02,127.04717499999992
2015-05-07 15:20:28,127.17217499999992
2015-05-07 16:20:47,127.14092499999992
2015-05-07 17:58:50,127.57842499999992
2015-05-07 18:59:10,127.35967499999992
2015-05-07 23:00:00,127.87529999999992
2015-05-08 14:10:16,128.20342499999992
2015-05-08 15:10:37,128.92217499999992
2015-05-08 16:34:41,128.67217499999992
2015-05-08 17:34:59,128.95342499999992
2015-05-08 18:35:18,128.73467499999992
2015-05-08 23:00:00,128.12529999999992
2015-05-11 14:10:11,127.42217499999992
2015-05-11 15:37:36,126.67217499999992
2015-05-11 16:38:02,126.26592499999992
2015-05-11 17:38:23,126.14092499999992
2015-05-11 18:38:42,126.20342499999992
2015-05-11 23:00:00,125.25029999999992
2015-05-12 14:09:28,124.42217499999992
2015-05-12 15:18:08,124.70342499999992
2015-05-12 16:22:03,125.39092499999992
2015-05-12 17:22:18,125.73467499999992
2015-05-12 18:22:30,126.07842499999992
2015-05-12 23:00:00,125.53154999999992
2015-05-13 14:08:16,126.26592499999992
2015-05-13 16:03:41,125.57842499999992
2015-05-13 17:03:59,124.85967499999992
2015-05-13 18:04:19,125.35967499999992
2015-05-13 23:00:00,124.40654999999992
2015-05-14 14:14:07,124.42217499999992
2015-05-14 16:11:36,124.85967499999992
2015-05-14 17:11:55,124.76592499999992
2015-05-14 18:12:15,124.70342499999992
2015-05-14 23:00:00,125.00029999999992
2015-05-15 14:08:41,126.07842499999992
2015-05-15 16:02:55,126.98467499999992
2015-05-15 17:03:14,127.32842499999992
2015-05-15 18:03:33,127.45342499999992
2015-05-15 23:00:00,127.40654999999992
2015-05-18 14:10:40,126.17217499999992
2015-05-18 15:26:47,125.60967499999992
2015-05-18 16:27:20,125.51592499999992
2015-05-18 17:27:46,125.67217499999992
2015-05-18 18:28:15,125.73467499999992
2015-05-18 23:00:00,125.31279999999992
2015-05-19 14:09:12,124.48467499999992
2015-05-19 15:38:24,124.48467499999992
2015-05-19 16:38:42,125.01592499999992
2015-05-19 17:38:55,125.04717499999992
2015-05-19 18:39:07,124.92217499999992
2015-05-19 23:00:00,124.37529999999992
2015-05-20 14:11:18,124.79717499999992
2015-05-20 15:26:31,124.01592499999992
2015-05-20 16:26:49,124.70342499999992
2015-05-20 17:27:11,124.67217499999992
2015-05-20 18:27:33,124.67217499999992
2015-05-20 23:00:00,124.56279999999992
2015-05-21 14:13:46,125.17217499999992
2015-05-21 15:49:33,125.48467499999992
2015-05-21 16:49:52,125.60967499999992
2015-05-21 17:50:12,125.70342499999992
2015-05-21 18:50:33,126.20342499999992
2015-05-21 23:00:00,126.06279999999992
2015-05-22 14:11:10,126.01592499999992
2015-05-22 15:39:47,125.92217499999992
2015-05-22 16:40:14,126.29717499999992
2015-05-22 17:40:34,125.85967499999992
2015-05-22 18:40:55,125.98467499999992
2015-05-22 23:00:00,125.96904999999992
2015-05-25 14:06:38,126.45342499999992
2015-05-25 15:36:48,126.35967499999992
2015-05-25 16:38:04,126.26592499999992
2015-05-25 17:38:53,126.29717499999992
2015-05-25 18:39:30,126.29717499999992
2015-05-26 14:09:44,126.64092499999992
2015-05-26 15:34:41,126.85967499999992
2015-05-26 16:35:06,127.57842499999992
2015-05-26 17:35:34,127.73467499999992
2015-05-26 18:36:15,127.79717499999992
2015-05-26 23:00:00,128.09404999999992
2015-05-27 14:10:56,127.79717499999992
2015-05-27 15:29:11,127.51592499999992
2015-05-27 16:29:30,127.45342499999992
2015-05-27 17:29:50,127.64092499999992
2015-05-27 18:30:09,127.73467499999992
2015-05-27 23:00:00,128.50029999999992
2015-05-28 23:00:00,128.09404999999992
2015-05-29 23:00:00,128.31279999999992
2015-06-01 14:13:12,128.40654999999992
2015-06-01 15:33:04,127.60967499999992
2015-06-01 16:33:52,127.20342499999992
2015-06-01 17:34:20,126.95342499999992
2015-06-01 18:34:39,126.92217499999992
2015-06-01 23:00:00,127.15654999999992
2015-06-02 14:07:55,125.89092499999992
2015-06-02 15:38:53,125.26592499999992
2015-06-02 16:39:22,125.17217499999992
2015-06-02 17:40:01,125.01592499999992
2015-06-02 18:40:40,125.14092499999992
2015-06-02 23:00:00,125.21904999999992
2015-06-03 14:08:01,124.51592499999992
2015-06-03 15:59:56,123.95342499999992
2015-06-03 17:00:16,123.48467499999992
2015-06-03 18:00:35,122.82842499999992
2015-06-03 19:00:56,123.23467499999992
2015-06-03 23:00:00,123.00029999999992
2015-06-04 14:11:24,123.79717499999992
2015-06-04 15:51:40,124.67217499999992
2015-06-04 16:52:03,124.01592499999992
2015-06-04 17:52:21,124.51592499999992
2015-06-04 18:52:39,124.70342499999992
2015-06-04 23:00:00,124.65654999999992
2015-06-05 14:05:30,123.32842499999992
2015-06-05 15:55:06,123.57842499999992
2015-06-05 16:55:24,123.73467499999992
2015-06-05 17:55:47,123.42217499999992
2015-06-05 18:56:07,123.20342499999992
2015-06-05 23:00:00,123.25029999999992
2015-06-08 14:11:26,123.45342499999992
2015-06-08 15:19:46,123.73467499999992
2015-06-08 16:20:08,123.64092499999992
2015-06-08 17:20:27,123.51592499999992
2015-06-08 18:20:51,123.35967499999992
2015-06-08 23:00:00,123.15654999999992
2015-06-09 14:09:51,122.85967499999992
2015-06-09 15:17:53,122.01592499999992
2015-06-09 16:18:20,122.10967499999992
2015-06-09 17:18:40,122.48467499999992
2015-06-09 18:18:58,122.76592499999992
2015-06-09 23:00:00,122.25029999999992
2015-06-10 14:11:34,121.51592499999992
2015-06-10 15:36:42,121.32842499999992
2015-06-10 16:37:02,120.98467499999992
2015-06-10 17:37:19,121.10967499999992
2015-06-10 18:37:37,121.48467499999992
2015-06-10 23:00:00,121.09404999999992
2015-06-11 14:04:22,122.54717499999992
2015-06-11 15:55:14,122.42217499999992
2015-06-11 16:55:33,122.73467499999992
2015-06-11 17:55:55,122.85967499999992
2015-06-11 18:56:14,123.42217499999992
2015-06-11 23:00:00,123.81279999999992
2015-06-12 14:07:09,123.76592499999992
2015-06-12 15:09:39,124.23467499999992
2015-06-12 16:09:59,124.76592499999992
2015-06-12 17:10:17,124.57842499999992
2015-06-12 18:10:29,124.23467499999992
2015-06-12 23:00:00,123.71904999999992
2015-06-15 14:04:08,125.10967499999992
2015-06-15 15:04:29,124.85967499999992
2015-06-15 16:41:56,124.39092499999992
2015-06-15 17:42:59,123.98467499999992
2015-06-15 18:43:21,123.85967499999992
2015-06-15 23:00:00,123.96904999999992
2015-06-16 14:11:07,124.54717499999992
2015-06-16 15:23:39,124.26592499999992
2015-06-16 16:24:17,124.23467499999992
2015-06-16 17:24:35,124.70342499999992
2015-06-16 18:24:58,124.64092499999992
2015-06-16 23:00:00,124.84404999999992
2015-06-17 14:11:07,124.45342499999992
2015-06-17 15:48:29,123.92217499999992
2015-06-17 16:48:56,123.54717499999992
2015-06-17 17:49:18,123.60967499999992
2015-06-17 18:49:38,123.23467499999992
2015-06-17 23:00:00,124.21904999999992
2015-06-18 14:09:27,123.70342499999992
2015-06-18 15:11:28,123.32842499999992
2015-06-18 16:38:41,123.17217499999992
2015-06-18 17:39:02,122.89092499999992
2015-06-18 18:39:31,122.89092499999992
2015-06-18 23:00:00,123.40654999999992
2015-06-19 14:32:01,124.89092499999992
2015-06-19 16:14:19,125.04717499999992
2015-06-19 17:14:39,125.10967499999992
2015-06-19 18:14:58,125.25029999999992
2015-06-19 23:00:00,125.34404999999992
2015-06-22 14:14:22,124.10967499999992
2015-06-22 23:00:00,123.00029999999992
2015-06-23 14:29:25,121.73467499999992
2015-06-23 15:29:50,122.26592499999992
2015-06-23 16:30:10,122.95342499999992
2015-06-23 17:30:29,122.76592499999992
2015-06-23 18:49:05,122.85967499999992
2015-06-23 23:00:00,122.18779999999992
2015-06-24 14:11:06,122.76592499999992
2015-06-24 15:25:49,122.64092499999992
2015-06-24 16:26:24,122.64092499999992
2015-06-24 17:27:05,122.67217499999992
2015-06-24 18:27:26,122.92217499999992
2015-06-24 23:00:00,123.09404999999992
2015-06-25 14:10:54,122.73467499999992
2015-06-25 15:24:01,122.76592499999992
2015-06-25 16:24:21,122.35967499999992
2015-06-25 17:24:39,122.42217499999992
2015-06-25 18:24:59,123.03154999999992
2015-06-25 23:00:00,122.78154999999992
2015-06-26 14:10:56,121.57842499999992
2015-06-26 15:21:51,121.42217499999992
2015-06-26 16:22:18,121.50029999999992
2015-06-26 17:22:38,121.04717499999992
2015-06-26 18:22:56,120.92217499999992
2015-06-26 23:00:00,121.12529999999992
2015-06-29 14:03:56,123.70342499999992
2015-06-29 15:19:41,122.95342499999992
2015-06-29 16:20:15,123.54717499999992
2015-06-29 17:20:36,123.85967499999992
2015-06-29 18:21:12,123.70342499999992
2015-06-29 23:00:00,124.78154999999992
2015-06-30 14:11:14,124.04717499999992
2015-06-30 15:25:03,124.32842499999992
2015-06-30 16:25:42,124.26592499999992
2015-06-30 17:26:03,124.70342499999992
2015-06-30 18:26:27,124.73467499999992
2015-06-30 23:00:00,123.81279999999992
2015-07-01 23:00:00,122.18779999999992
2015-07-02 14:16:03,123.20342499999992
2015-07-02 15:37:41,123.01592499999992
2015-07-02 16:38:23,122.98467499999992
2015-07-02 17:38:44,123.20342499999992
2015-07-02 18:39:40,122.95342499999992
2015-07-02 23:00:00,122.62529999999992
2015-07-03 14:05:11,123.57842499999992
2015-07-03 15:19:42,123.67217499999992
2015-07-03 16:22:09,123.90654999999992
2015-07-03 17:24:44,123.76592499999992
2015-07-06 14:31:43,124.89092499999992
2015-07-06 15:32:02,124.23467499999992
2015-07-06 16:32:22,124.14092499999992
2015-07-06 17:32:43,124.51592499999992
2015-07-06 18:52:53,124.89092499999992
2015-07-06 23:00:00,125.06279999999992
2015-07-07 14:04:01,126.89092499999992
2015-07-07 15:19:43,127.60967499999992
2015-07-07 16:20:01,127.54717499999992
2015-07-07 17:20:44,127.45342499999992
2015-07-07 18:21:07,127.10967499999992
2015-07-07 23:00:00,126.43779999999992
2015-07-08 14:11:32,126.73467499999992
2015-07-08 15:25:23,127.01592499999992
2015-07-08 16:26:01,126.70342499999992
2015-07-08 17:26:20,127.17217499999992
2015-07-08 18:26:50,127.29717499999992
2015-07-08 23:00:00,127.34404999999992
2015-07-09 14:10:23,126.04717499999992
2015-07-09 15:22:11,125.98467499999992
2015-07-09 16:22:32,125.70342499999992
2015-07-09 17:22:54,125.76592499999992
2015-07-09 18:23:27,125.39092499999992
2015-07-09 23:00:00,124.90654999999992
2015-07-10 14:08:35,123.04717499999992
2015-07-10 15:40:09,123.04717499999992
2015-07-10 16:40:30,123.29717499999992
2015-07-10 17:41:05,123.23467499999992
2015-07-10 18:41:41,122.89092499999992
2015-07-10 23:00:00,122.65654999999992
2015-07-13 14:11:13,121.98467499999992
2015-07-13 15:23:33,122.20342499999992
2015-07-13 16:24:17,122.64092499999992
2015-07-13 17:24:37,122.82842499999992
2015-07-13 18:25:19,122.95342499999992
2015-07-13 23:00:00,122.40654999999992
2015-07-14 14:11:31,122.82842499999992
2015-07-14 15:25:56,122.45342499999992
2015-07-14 16:26:16,122.64092499999992
2015-07-14 17:27:03,122.64092499999992
2015-07-14 18:27:25,122.76592499999992
2015-07-14 23:00:00,122.68779999999992
2015-07-15 14:08:09,122.54717499999992
2015-07-15 15:17:20,122.98467499999992
2015-07-15 16:18:01,123.07842499999992
2015-07-15 17:18:20,123.89092499999992
2015-07-15 18:18:39,124.10967499999992
2015-07-15 23:00:00,124.21904999999992
2015-07-16 14:11:27,123.85967499999992
2015-07-16 15:33:39,124.26592499999992
2015-07-16 16:33:58,124.42217499999992
2015-07-16 17:34:16,124.76592499999992
2015-07-16 18:34:37,124.76592499999992
2015-07-16 23:00:00,124.90654999999992
2015-07-17 14:11:36,125.23467499999992
2015-07-17 15:35:29,125.45342499999992
2015-07-17 16:35:53,125.42217499999992
2015-07-17 17:36:14,125.48467499999992
2015-07-17 18:36:33,125.48467499999992
2015-07-17 23:00:00,125.53154999999992
2015-07-20 14:11:35,125.29717499999992
2015-07-20 15:24:30,125.48467499999992
2015-07-20 16:24:50,125.29717499999992
2015-07-20 17:25:10,125.17217499999992
2015-07-20 18:25:37,125.14092499999992
2015-07-20 23:00:00,125.21904999999992
2015-07-21 14:11:09,124.45342499999992
2015-07-21 15:24:48,125.04717499999992
2015-07-21 16:25:08,125.39092499999992
2015-07-21 17:27:46,125.45342499999992
2015-07-21 18:28:09,125.85967499999992
2015-07-21 23:00:00,125.68779999999992
2015-07-22 14:11:50,126.26592499999992
2015-07-22 15:24:59,126.39092499999992
2015-07-22 16:25:27,126.70342499999992
2015-07-22 17:26:06,126.60967499999992
2015-07-22 18:26:28,126.51592499999992
2015-07-22 23:00:00,126.50029999999992
2015-07-23 14:08:41,126.45342499999992
2015-07-23 15:50:54,126.57842499999992
2015-07-23 16:51:12,126.89092499999992
2015-07-23 17:51:30,127.07842499999992
2015-07-23 18:51:48,127.57842499999992
2015-07-23 23:00:00,127.96904999999992
2015-07-24 14:04:35,128.39092499999992
2015-07-24 15:52:48,128.20342499999992
2015-07-24 16:53:09,128.04717499999992
2015-07-24 17:53:28,128.20342499999992
2015-07-24 18:53:48,128.32842499999992
2015-07-24 23:00:00,128.18779999999992
2015-07-27 14:11:39,129.01592499999992
2015-07-27 15:25:47,128.82842499999992
2015-07-27 16:26:15,128.67217499999992
2015-07-27 17:26:48,128.39092499999992
2015-07-27 18:27:09,128.73467499999992
2015-07-27 23:00:00,128.81279999999992
2015-07-28 14:11:33,127.95342499999992
2015-07-28 15:27:17,127.95342499999992
2015-07-28 16:27:36,128.20342499999992
2015-07-28 17:27:57,128.39092499999992
2015-07-28 18:28:26,128.32842499999992
2015-07-28 23:00:00,128.18779999999992
2015-07-29 14:10:35,128.04717499999992
2015-07-29 15:25:31,127.79717499999992
2015-07-29 16:26:12,127.54717499999992
2015-07-29 17:26:33,127.54717499999992
2015-07-29 18:26:51,127.51592499999992
2015-07-29 23:00:00,127.75029999999992
2015-07-30 14:11:36,128.20342499999992
2015-07-30 15:38:59,128.10967499999992
2015-07-30 16:39:21,128.48467499999992
2015-07-30 17:39:39,128.73467499999992
2015-07-30 18:39:58,128.51592499999992
2015-07-30 23:00:00,128.53154999999992
2015-07-31 14:08:37,129.42217499999992
2015-07-31 15:48:07,129.95342499999992
2015-07-31 16:48:28,129.76592499999992
2015-07-31 17:48:47,129.70342499999992
2015-07-31 18:49:06,129.67217499999992
2015-07-31 23:00:00,129.78154999999992
2015-08-03 14:03:57,129.60967499999992
2015-08-03 15:32:12,130.23467499999992
2015-08-03 16:32:41,130.39092499999992
2015-08-03 17:33:01,131.07842499999992
2015-08-03 18:33:33,131.07842499999992
2015-08-03 23:00:00,131.00029999999992
2015-08-04 14:11:54,130.57842499999992
2015-08-04 15:28:18,130.60967499999992
2015-08-04 16:28:42,130.70342499999992
2015-08-04 17:29:02,130.60967499999992
2015-08-04 18:29:29,130.57842499999992
2015-08-04 23:00:00,130.00029999999992
2015-08-05 14:12:19,129.51592499999992
2015-08-05 15:32:43,128.79717499999992
2015-08-05 16:33:16,128.89092499999992
2015-08-05 17:33:35,129.10967499999992
2015-08-05 18:33:56,129.32842499999992
2015-08-05 23:00:00,129.15654999999992
2015-08-06 14:08:45,129.35967499999992
2015-08-06 15:50:52,130.07842499999992
2015-08-06 16:51:16,130.32842499999992
2015-08-06 17:51:40,130.39092499999992
2015-08-06 18:51:58,130.04717499999992
2015-08-06 23:00:00,130.31279999999992
2015-08-07 14:05:26,130.42217499999992
2015-08-07 15:57:52,131.23467499999992
2015-08-07 16:58:13,131.60967499999992
2015-08-07 17:58:33,131.57842499999992
2015-08-07 18:58:53,131.73467499999992
2015-08-07 23:00:00,131.93779999999992
2015-08-10 14:05:38,131.07842499999992
2015-08-10 15:32:30,130.70342499999992
2015-08-10 16:32:57,130.60967499999992
2015-08-10 17:33:19,130.32842499999992
2015-08-10 18:33:55,130.29717499999992
2015-08-10 23:00:00,130.21904999999992
2015-08-11 14:11:00,131.45342499999992
2015-08-11 15:40:03,131.89092499999992
2015-08-11 16:40:23,132.32842499999992
2015-08-11 17:40:55,132.39092499999992
2015-08-11 18:41:18,132.26592499999992
2015-08-11 23:00:00,132.18779999999992
2015-08-12 14:11:46,132.67217499999992
2015-08-12 15:32:53,133.10967499999992
2015-08-12 16:33:12,132.85967499999992
2015-08-12 17:33:32,132.85967499999992
2015-08-12 18:33:52,132.29717499999992
2015-08-12 23:00:00,131.62529999999992
2015-08-13 14:12:04,131.32842499999992
2015-08-13 15:37:05,131.85967499999992
2015-08-13 16:37:26,131.67217499999992
2015-08-13 17:37:46,131.42217499999992
2015-08-13 18:38:06,131.35967499999992
2015-08-13 23:00:00,131.40654999999992
2015-08-14 14:09:52,131.35967499999992
2015-08-14 15:37:47,131.23467499999992
2015-08-14 16:38:07,131.45342499999992
2015-08-14 17:38:29,131.82842499999992
2015-08-14 18:38:48,131.89092499999992
2015-08-14 23:00:00,131.43779999999992
2015-08-17 14:12:05,132.35967499999992
2015-08-17 15:27:21,132.23467499999992
2015-08-17 16:27:40,132.26592499999992
2015-08-17 17:28:10,132.42217499999992
2015-08-17 18:28:40,132.70342499999992
2015-08-17 23:00:00,132.15654999999992
2015-08-18 14:11:04,131.48467499999992
2015-08-18 15:36:44,131.57842499999992
2015-08-18 16:37:02,131.73467499999992
2015-08-18 17:37:25,131.60967499999992
2015-08-18 18:37:47,131.73467499999992
2015-08-18 23:00:00,131.03154999999992
2015-08-19 14:12:05,130.54717499999992
2015-08-19 15:28:56,130.82842499999992
2015-08-19 16:29:21,131.73467499999992
2015-08-19 17:29:41,131.98467499999992
2015-08-19 18:30:01,131.89092499999992
2015-08-19 23:00:00,132.43779999999992
2015-08-20 14:10:27,132.82842499999992
2015-08-20 15:39:08,133.45342499999992
2015-08-20 16:39:27,133.04717499999992
2015-08-20 17:39:46,133.17217499999992
2015-08-20 18:40:05,133.26592499999992
2015-08-20 23:00:00,133.46904999999992
2015-08-21 14:12:04,133.54717499999992
2015-08-21 15:38:05,133.17217499999992
2015-08-21 16:38:25,133.60967499999992
2015-08-21 17:38:46,133.70342499999992
2015-08-21 18:39:06,133.89092499999992
2015-08-21 23:00:00,133.75029999999992
2015-08-24 14:15:24,135.10967499999992
2015-08-24 15:39:40,134.73467499999992
2015-08-24 16:40:01,133.92217499999992
2015-08-24 17:40:20,133.54717499999992
2015-08-24 18:40:39,133.71904999999992
2015-08-24 23:00:00,133.68779999999992
2015-08-25 14:15:32,132.10967499999992
2015-08-25 15:41:19,132.01592499999992
2015-08-25 16:41:47,131.73467499999992
2015-08-25 17:42:05,131.39092499999992
2015-08-25 18:42:25,131.57842499999992
2015-08-25 23:00:00,131.53154999999992
2015-08-26 14:04:22,130.76592499999992
2015-08-26 15:53:50,130.92217499999992
2015-08-26 16:54:09,130.51592499999992
2015-08-26 17:54:27,130.51592499999992
2015-08-26 18:54:48,129.79717499999992
2015-08-26 23:00:00,129.15654999999992
2015-08-27 14:09:47,129.14092499999992
2015-08-27 15:36:49,129.98467499999992
2015-08-27 16:37:09,129.67217499999992
2015-08-27 17:37:29,129.57842499999992
2015-08-27 18:37:50,130.26592499999992
2015-08-27 23:00:00,129.65654999999992
2015-08-28 23:00:00,130.00029999999992
2015-08-31 23:00:00,129.53154999999992
2015-09-01 23:00:00,129.53154999999992
2015-09-02 23:00:00,129.00029999999992
2015-09-03 23:00:00,129.43779999999992
2015-09-04 23:00:00,130.62529999999992
2015-09-07 14:29:15,130.29717499999992
2015-09-07 15:30:46,130.35967499999992
2015-09-07 16:31:31,130.26592499999992
2015-09-07 17:32:24,130.35967499999992
2015-09-07 18:50:05,130.39092499999992
2015-09-08 14:32:54,129.29717499999992
2015-09-08 15:33:15,129.29717499999992
2015-09-08 16:33:35,129.14092499999992
2015-09-08 17:33:55,129.01592499999992
2015-09-08 18:56:20,128.76592499999992
2015-09-08 23:00:00,128.71904999999992
2015-09-09 14:04:08,127.64092499999992
2015-09-09 15:29:13,127.57842499999992
2015-09-09 16:30:03,128.35967499999992
2015-09-09 17:30:32,128.20342499999992
2015-09-09 18:30:50,128.60967499999992
2015-09-09 23:00:00,129.50029999999992
2015-09-10 14:08:02,129.20342499999992
2015-09-10 15:39:55,128.73467499999992
2015-09-10 16:40:25,128.76592499999992
2015-09-10 17:41:06,128.70342499999992
2015-09-10 18:41:30,128.76592499999992
2015-09-10 23:00:00,128.68779999999992
2015-09-11 14:11:30,129.57842499999992
2015-09-11 15:33:26,129.76592499999992
2015-09-11 16:33:46,129.89092499999992
2015-09-11 17:34:08,129.57842499999992
2015-09-11 18:34:29,129.60967499999992
2015-09-11 23:00:00,129.50029999999992
2015-09-14 14:09:23,130.20342499999992
2015-09-14 15:37:37,130.32842499999992
2015-09-14 16:38:02,130.01592499999992
2015-09-14 17:38:23,129.82842499999992
2015-09-14 18:38:44,129.79717499999992
2015-09-14 23:00:00,129.78154999999992
2015-09-15 14:09:34,129.14092499999992
2015-09-15 15:40:42,128.51592499999992
2015-09-15 16:41:38,128.64092499999992
2015-09-15 17:41:58,128.20342499999992
2015-09-15 18:42:34,127.67217499999992
2015-09-15 23:00:00,127.46904999999992
2015-09-16 14:04:02,127.14092499999992
2015-09-16 15:52:45,127.32842499999992
2015-09-16 16:53:07,127.48467499999992
2015-09-16 17:53:25,127.26592499999992
2015-09-16 18:53:45,127.10967499999992
2015-09-16 23:00:00,126.93779999999992
2015-09-17 14:11:06,127.10967499999992
2015-09-17 16:03:20,127.14092499999992
2015-09-17 17:03:42,127.10967499999992
2015-09-17 18:04:01,126.98467499999992
2015-09-17 23:00:00,128.31279999999992
2015-09-18 15:40:11,129.82842499999992
2015-09-18 16:40:34,130.01592499999992
2015-09-18 17:40:52,130.07842499999992
2015-09-18 18:41:12,130.23467499999992
2015-09-18 23:00:00,130.65654999999992
2015-09-21 14:08:13,129.89092499999992
2015-09-21 15:38:24,129.26592499999992
2015-09-21 16:38:53,129.23467499999992
2015-09-22 14:11:24,129.95342499999992
2015-09-22 15:26:42,130.03154999999992
2015-09-22 16:27:20,130.45342499999992
2015-09-22 17:27:41,130.51592499999992
2015-09-22 18:28:15,130.70342499999992
2015-09-22 23:00:00,130.50029999999992
2015-09-23 14:27:16,130.20342499999992
2015-09-23 16:23:03,130.10967499999992
2015-09-23 17:23:40,130.39092499999992
2015-09-23 18:24:02,130.39092499999992
2015-09-23 23:00:00,130.34404999999992
2015-09-24 14:10:11,131.82842499999992
2015-09-24 15:10:37,132.01592499999992
2015-09-24 16:47:14,131.95342499999992
2015-09-24 17:47:50,131.95342499999992
2015-09-24 18:48:34,132.07842499999992
2015-09-24 23:00:00,131.37529999999992
2015-09-25 14:09:53,130.60967499999992
2015-09-25 15:10:19,130.45342499999992
2015-09-25 16:45:50,130.23467499999992
2015-09-25 17:46:32,130.20342499999992
2015-09-25 18:47:18,130.35967499999992
2015-09-25 23:00:00,130.34404999999992
2015-09-28 14:11:35,130.98467499999992
2015-09-28 15:54:12,131.67217499999992
2015-09-28 16:54:32,131.98467499999992
2015-09-28 17:54:55,132.35967499999992
2015-09-28 18:55:16,132.26592499999992
2015-09-28 23:00:00,132.21904999999992
2015-09-29 14:10:37,132.20342499999992
2015-09-29 15:55:48,132.29717499999992
2015-09-29 16:56:10,132.42217499999992
2015-09-29 17:56:35,132.98467499999992
2015-09-29 18:57:04,132.70342499999992
2015-09-29 23:00:00,132.78154999999992
2015-09-30 14:10:41,132.07842499999992
2015-09-30 15:11:08,132.07842499999992
2015-09-30 16:27:29,132.39092499999992
2015-09-30 17:27:51,132.51592499999992
2015-09-30 18:28:13,132.20342499999992
2015-09-30 23:00:00,132.37529999999992
2015-10-01 14:09:03,133.04717499999992
2015-10-01 15:10:02,133.17217499999992
2015-10-01 16:26:48,133.01592499999992
2015-10-01 17:27:24,133.10967499999992
2015-10-01 18:28:17,132.82842499999992
2015-10-01 23:00:00,132.81279999999992
2015-10-02 14:11:10,134.76592499999992
2015-10-02 15:11:35,135.39092499999992
2015-10-02 16:52:51,134.64092499999992
2015-10-02 17:53:13,134.23467499999992
2015-10-02 18:53:39,133.92217499999992
2015-10-02 23:00:00,133.84404999999992
2015-10-05 14:03:52,133.04717499999992
2015-10-05 15:04:21,132.98467499999992
2015-10-05 16:33:14,132.76592499999992
2015-10-05 17:33:36,132.54717499999992
2015-10-05 18:33:57,132.50029999999992
2015-10-05 23:00:00,132.12529999999992
2015-10-06 14:10:40,131.85967499999992
2015-10-06 15:58:58,132.51592499999992
2015-10-06 16:59:31,132.45342499999992
2015-10-06 18:00:06,132.51592499999992
2015-10-06 19:00:35,132.57842499999992
2015-10-06 23:00:00,132.59404999999992
2015-10-07 14:09:50,131.79717499999992
2015-10-07 15:10:16,131.82842499999992
2015-10-07 16:26:46,132.54717499999992
2015-10-07 17:27:11,132.51592499999992
2015-10-07 18:27:39,132.48467499999992
2015-10-07 23:00:00,132.31279999999992
2015-10-08 14:26:37,132.79717499999992
2015-10-08 15:27:03,132.64092499999992
2015-10-08 16:55:23,132.45342499999992
2015-10-08 17:56:03,132.20342499999992
2015-10-08 18:56:39,131.95342499999992
2015-10-08 23:00:00,131.21904999999992
2015-10-09 14:16:56,131.04717499999992
2015-10-09 15:17:23,131.95342499999992
2015-10-09 16:53:58,131.51592499999992
2015-10-09 17:54:42,131.64092499999992
2015-10-09 18:55:20,131.82842499999992
2015-10-09 23:00:00,131.59404999999992
2015-10-12 14:15:13,132.54717499999992
2015-10-12 15:15:41,132.48467499999992
2015-10-12 23:00:00,132.75029999999992
2015-10-13 14:10:25,133.17217499999992
2015-10-13 15:55:20,132.57842499999992
2015-10-13 16:55:41,132.67217499999992
2015-10-13 17:56:01,132.60967499999992
2015-10-13 18:56:23,132.73467499999992
2015-10-13 23:00:00,132.93779999999992
2015-10-14 14:10:01,133.57842499999992
2015-10-14 15:10:25,133.42217499999992
2015-10-14 16:34:00,134.10967499999992
2015-10-14 17:34:21,133.98467499999992
2015-10-14 18:34:43,134.14092499999992
2015-10-14 23:00:00,134.53154999999992
2015-10-15 14:11:01,134.04717499999992
2015-10-15 15:11:28,133.89092499999992
2015-10-15 16:48:51,134.10967499999992
2015-10-15 17:49:31,133.85967499999992
2015-10-15 18:50:10,133.89092499999992
2015-10-15 23:00:00,133.65654999999992
2015-10-16 14:10:06,134.04717499999992
2015-10-16 15:10:33,133.82842499999992
2015-10-16 16:27:40,133.82842499999992
2015-10-16 17:28:10,133.85967499999992
2015-10-16 18:28:41,133.85967499999992
2015-10-16 23:00:00,133.62529999999992
2015-10-19 14:10:47,133.32842499999992
2015-10-19 15:52:16,132.85967499999992
2015-10-19 16:52:37,132.54717499999992
2015-10-19 17:53:00,132.76592499999992
2015-10-19 18:53:21,133.20342499999992
2015-10-19 23:00:00,133.25029999999992
2015-10-20 14:03:58,132.29717499999992
2015-10-20 15:04:27,132.10967499999992
2015-10-20 16:35:06,132.10967499999992
2015-10-20 17:35:28,132.23467499999992
2015-10-20 18:35:51,132.14092499999992
2015-10-20 23:00:00,132.18779999999992
2015-10-21 14:10:54,132.98467499999992
2015-10-21 15:11:22,133.20342499999992
2015-10-21 16:29:44,133.35967499999992
2015-10-21 17:30:06,133.57842499999992
2015-10-21 18:30:27,133.51592499999992
2015-10-21 23:00:00,133.28154999999992
2015-10-22 14:10:33,133.10967499999992
2015-10-22 15:11:03,133.04717499999992
2015-10-22 16:54:18,132.95342499999992
2015-10-22 17:55:02,133.20342499999992
2015-10-22 18:55:41,133.79717499999992
2015-10-22 23:00:00,133.37529999999992
2015-10-23 14:29:30,131.92217499999992
2015-10-23 15:29:57,132.04717499999992
2015-10-23 17:00:55,131.92217499999992
2015-10-23 18:01:31,131.98467499999992
2015-10-23 23:00:00,131.96904999999992
2015-10-26 14:11:06,133.01592499999992
2015-10-26 15:49:18,132.89092499999992
2015-10-26 16:49:40,132.85967499999992
2015-10-26 17:50:01,133.01592499999992
2015-10-26 18:51:37,132.92217499999992
2015-10-26 23:00:00,132.78154999999992
2015-10-27 14:08:22,133.48467499999992
2015-10-27 15:08:50,133.54717499999992
2015-10-27 16:35:47,133.67217499999992
2015-10-27 17:36:19,133.60967499999992
2015-10-27 18:38:15,133.54717499999992
2015-10-27 23:00:00,133.18779999999992
2015-10-28 14:08:20,132.95342499999992
2015-10-28 15:08:46,132.54717499999992
2015-10-28 16:29:35,132.60967499999992
2015-10-28 17:29:58,132.45342499999992
2015-10-28 18:30:19,132.98467499999992
2015-10-28 23:00:00,132.68779999999992
2015-10-29 23:00:00,132.68779999999992
2015-10-30 23:00:00,132.68779999999992
2015-11-02 14:04:06,130.76592499999992
2015-11-02 15:20:17,130.70342499999992
2015-11-02 16:20:39,130.82842499999992
2015-11-02 17:21:16,130.73467499999992
2015-11-02 18:21:42,130.82842499999992
2015-11-02 23:00:00,130.71904999999992
2015-11-03 14:04:19,130.45342499999992
2015-11-03 15:24:27,130.20342499999992
2015-11-03 16:24:50,130.17217499999992
2015-11-03 17:25:15,129.85967499999992
2015-11-03 18:25:46,129.60967499999992
2015-11-03 23:00:00,129.65654999999992
2015-11-04 14:10:58,129.70342499999992
2015-11-04 15:29:45,130.01592499999992
2015-11-04 16:30:16,129.57842499999992
2015-11-04 17:30:58,129.32842499999992
2015-11-04 18:31:20,129.32842499999992
2015-11-04 23:00:00,129.71904999999992
2015-11-05 14:11:30,129.54717499999992
2015-11-05 15:33:23,129.14092499999992
2015-11-05 16:33:51,128.78154999999992
2015-11-05 17:34:14,128.70342499999992
2015-11-05 18:34:37,128.82842499999992
2015-11-05 23:00:00,129.18779999999992
2015-11-06 14:10:41,127.39092499999992
2015-11-06 15:11:20,127.20342499999992
2015-11-06 16:11:43,127.01592499999992
2015-11-06 17:12:03,126.92217499999992
2015-11-06 18:12:23,126.95342499999992
2015-11-06 23:00:00,127.25029999999992
2015-11-09 14:11:54,127.17217499999992
2015-11-09 15:28:03,126.48467499999992
2015-11-09 16:28:57,126.39092499999992
2015-11-09 17:29:25,126.89092499999992
2015-11-09 18:29:50,126.76592499999992
2015-11-09 23:00:00,126.78154999999992
2015-11-10 14:11:08,127.07842499999992
2015-11-10 15:31:47,126.79717499999992
2015-11-10 16:32:06,127.10967499999992
2015-11-10 17:32:25,127.29717499999992
2015-11-10 18:32:45,127.57842499999992
2015-11-10 23:00:00,127.40654999999992
2015-11-11 14:11:13,127.23467499999992
2015-11-11 15:59:58,126.92217499999992
2015-11-11 17:00:19,127.10967499999992
2015-11-11 18:00:39,126.95342499999992
2015-11-11 19:01:01,127.04717499999992
2015-11-11 23:00:00,127.06279999999992
2015-11-12 14:11:32,126.95342499999992
2015-11-12 15:11:58,127.32842499999992
2015-11-12 16:29:39,127.48467499999992
2015-11-12 17:30:03,127.73467499999992
2015-11-12 18:30:23,127.79717499999992
2015-11-12 23:00:00,127.68779999999992
2015-11-13 14:27:46,128.14092499999992
2015-11-13 15:31:05,128.20342499999992
2015-11-13 16:35:30,128.45342499999992
2015-11-13 17:35:51,128.32842499999992
2015-11-13 18:36:09,128.20342499999992
2015-11-13 23:00:00,128.21904999999992
2015-11-16 14:11:45,128.51592499999992
2015-11-16 15:12:09,128.60967499999992
2015-11-16 16:34:17,128.51592499999992
2015-11-16 17:34:37,128.92217499999992
2015-11-16 18:34:56,128.42217499999992
2015-11-16 23:00:00,128.21904999999992
2015-11-17 14:12:01,128.07842499999992
2015-11-17 15:12:28,128.01592499999992
2015-11-17 16:55:20,127.73467499999992
2015-11-17 17:56:01,128.20342499999992
2015-11-17 18:56:28,128.70342499999992
2015-11-17 23:00:00,128.93779999999992
2015-11-18 14:07:26,128.35967499999992
2015-11-18 15:09:18,128.45342499999992
2015-11-18 17:10:03,128.51592499999992
2015-11-18 18:10:26,128.92217499999992
2015-11-18 23:00:00,128.87529999999992
2015-11-19 14:15:18,129.45342499999992
2015-11-19 15:16:58,129.54717499999992
2015-11-19 16:17:24,129.48467499999992
2015-11-19 17:55:50,129.79717499999992
2015-11-19 18:56:19,129.54717499999992
2015-11-19 23:00:00,129.50029999999992
2015-11-20 14:05:01,129.67217499999992
2015-11-20 15:05:51,129.85967499999992
2015-11-20 16:06:11,129.73467499999992
2015-11-20 18:09:30,129.75029999999992
2015-11-20 23:00:00,129.28154999999992
2015-11-23 14:07:06,129.28154999999992
2015-11-23 15:07:26,129.28154999999992
2015-11-23 16:56:27,129.28154999999992
2015-11-23 17:56:49,129.28154999999992
2015-11-23 18:57:14,129.28154999999992
2015-11-23 23:00:00,129.81279999999992
2015-11-24 15:15:33,129.81279999999992
2015-11-24 16:37:11,129.81279999999992
2015-11-24 17:52:01,129.81279999999992
2015-11-24 23:00:00,129.96904999999992
2015-11-25 15:42:29,129.96904999999992
2015-11-25 17:02:04,129.96904999999992
2015-11-25 18:08:21,129.96904999999992
2015-11-25 23:00:00,130.21904999999992
2015-11-26 15:07:35,130.42217499999992
2015-11-26 16:36:32,130.48467499999992
2015-11-26 17:48:39,130.48467499999992
2015-11-26 18:50:47,130.45342499999992
2015-11-27 15:04:31,130.29717499999992
2015-11-27 16:35:04,130.32842499999992
2015-11-27 17:51:19,130.17217499999992
2015-11-27 23:00:00,130.18779999999992
2015-11-30 15:01:13,130.29717499999992
2015-11-30 16:29:40,130.48467499999992
2015-11-30 18:52:30,130.35967499999992
2015-11-30 23:00:00,130.53154999999992
2015-12-01 15:05:52,131.48467499999992
2015-12-01 16:36:30,131.95342499999992
2015-12-01 23:00:00,132.34404999999992
2015-12-02 14:06:23,132.23467499999992
2015-12-02 15:34:43,132.04717499999992
2015-12-02 16:53:19,131.95342499999992
2015-12-02 23:00:00,132.28154999999992
2015-12-03 15:15:11,129.92217499999992
2015-12-03 16:35:51,129.17217499999992
2015-12-03 17:52:30,128.79717499999992
2015-12-03 23:00:00,128.71904999999992
2015-12-04 14:17:41,128.79717499999992
2015-12-04 15:46:39,128.89092499999992
2015-12-04 17:03:43,130.10967499999992
2015-12-04 23:00:00,130.00029999999992
2015-12-07 15:13:09,130.73467499999992
2015-12-07 16:36:09,131.64092499999992
2015-12-07 18:53:38,131.73467499999992
2015-12-07 23:00:00,131.28154999999992
2015-12-08 15:06:01,131.32842499999992
2015-12-08 16:34:40,131.76592499999992
2015-12-08 23:00:00,131.34404999999992
2015-12-09 14:09:30,131.17217499999992
2015-12-09 15:35:25,130.42217499999992
2015-12-09 16:53:04,130.89092499999992
2015-12-09 23:00:00,131.59404999999992
2015-12-10 14:16:54,131.67217499999992
2015-12-10 15:41:58,131.48467499999992
2015-12-10 17:00:03,131.60967499999992
2015-12-10 23:00:00,131.50029999999992
2015-12-11 14:40:37,132.92217499999992
2015-12-11 16:11:42,132.95342499999992
2015-12-11 17:29:03,133.32842499999992
2015-12-11 23:00:00,133.43779999999992
2015-12-14 14:14:20,132.92217499999992
2015-12-14 15:14:45,132.48467499999992
2015-12-14 17:20:19,131.95342499999992
2015-12-14 18:20:42,131.54717499999992
2015-12-14 23:00:00,131.68779999999992
2015-12-15 23:00:00,131.06279999999992
2015-12-16 18:00:10,130.45342499999992
2015-12-16 23:00:00,130.62529999999992
2015-12-17 18:09:03,131.60967499999992
2015-12-17 23:00:00,132.37529999999992
2015-12-18 18:28:06,132.85967499999992
2015-12-18 23:00:00,132.56279999999992
2015-12-21 14:38:26,132.89092499999992
2015-12-21 15:39:53,132.82842499999992
2015-12-21 16:40:14,133.14092499999992
2015-12-21 17:40:35,132.82842499999992
2015-12-21 23:00:00,132.53154999999992
2015-12-22 14:04:01,131.95342499999992
2015-12-22 15:45:05,131.67217499999992
2015-12-22 16:45:27,131.76592499999992
2015-12-22 17:45:48,131.76592499999992
2015-12-22 18:46:10,131.39092499999992
2015-12-22 23:00:00,131.59404999999992
2015-12-23 14:11:43,130.42217499999992
2015-12-23 15:12:09,130.39092499999992
2015-12-23 16:34:08,130.48467499999992
2015-12-23 17:34:30,130.60967499999992
2015-12-23 18:34:52,130.73467499999992
2015-12-23 23:00:00,130.68779999999992
2015-12-24 18:00:48,131.39092499999992
2015-12-24 23:00:00,131.37529999999992
2015-12-28 14:05:19,131.76592499999992
2015-12-28 15:05:44,131.79717499999992
2015-12-28 16:06:03,132.26592499999992
2015-12-28 17:24:14,132.03154999999992
2015-12-28 18:24:37,131.92217499999992
2015-12-28 23:00:00,131.78154999999992
2015-12-29 14:10:37,131.20342499999992
2015-12-29 15:58:24,130.51592499999992
2015-12-29 16:58:43,130.48467499999992
2015-12-29 17:59:03,130.57842499999992
2015-12-29 18:59:23,129.89092499999992
2015-12-29 23:00:00,129.65654999999992
2015-12-30 14:11:22,129.29717499999992
2015-12-30 15:11:45,129.51592499999992
2015-12-30 16:33:22,129.39092499999992
2015-12-30 17:33:45,129.29717499999992
2015-12-30 18:34:05,129.67217499999992
2015-12-30 23:00:00,129.50029999999992
2015-12-31 14:40:16,129.89092499999992
2015-12-31 15:45:14,130.20342499999992
2015-12-31 17:34:34,129.73467499999992
2015-12-31 18:35:22,130.01592499999992
2015-12-31 23:00:00,129.84404999999992
2016-01-04 14:18:52,130.98467499999992
2016-01-04 15:57:42,131.42217499999992
2016-01-04 16:58:08,131.57842499999992
2016-01-04 17:58:26,131.48467499999992
2016-01-04 18:58:46,131.10967499999992
2016-01-04 23:00:00,130.78154999999992
2016-01-05 14:11:21,130.42217499999992
2016-01-05 15:11:45,130.07842499999992
2016-01-05 16:26:14,130.23467499999992
2016-01-05 17:26:38,130.57842499999992
2016-01-05 18:26:59,130.39092499999992
2016-01-05 23:00:00,129.96904999999992
2016-01-06 14:30:14,131.51592499999992
2016-01-06 15:31:57,131.48467499999992
2016-01-06 17:03:21,131.79717499999992
2016-01-06 18:03:47,131.82842499999992
2016-01-06 23:00:00,131.93779999999992
2016-01-07 14:07:07,132.04717499999992
2016-01-07 15:07:31,131.98467499999992
2016-01-07 17:08:47,131.54717499999992
2016-01-07 18:09:08,131.57842499999992
2016-01-07 23:00:00,132.34404999999992
2016-01-08 14:07:22,131.95342499999992
2016-01-08 15:07:49,132.23467499999992
2016-01-08 16:08:11,132.17217499999992
2016-01-08 17:45:07,132.26592499999992
2016-01-08 18:45:49,132.35967499999992
2016-01-08 23:00:00,133.00029999999992
2016-01-11 14:10:25,131.95342499999992
2016-01-11 15:10:48,131.92217499999992
2016-01-11 16:33:37,132.45342499999992
2016-01-11 17:33:56,132.60967499999992
2016-01-11 18:34:15,132.51592499999992
2016-01-11 23:00:00,131.93779999999992
2016-01-12 14:08:14,131.82842499999992
2016-01-12 15:08:41,132.32842499999992
2016-01-12 17:26:27,133.48467499999992
2016-01-12 18:27:26,133.64092499999992
2016-01-12 23:00:00,133.56279999999992
2016-01-13 14:07:34,133.60967499999992
2016-01-13 15:07:59,133.23467499999992
2016-01-13 16:08:19,133.64092499999992
2016-01-13 17:50:12,133.79717499999992
2016-01-13 18:50:47,134.29717499999992
2016-01-13 23:00:00,134.96904999999992
2016-01-14 14:12:17,134.23467499999992
2016-01-14 15:12:41,134.64092499999992
2016-01-14 16:13:00,134.29717499999992
2016-01-14 18:13:57,133.51592499999992
2016-01-14 23:00:00,133.84404999999992
2016-01-15 14:10:20,135.29717499999992
2016-01-15 15:10:45,135.57842499999992
2016-01-15 16:11:04,135.73467499999992
2016-01-15 17:44:37,135.89092499999992
2016-01-15 18:45:02,135.57842499999992
2016-01-15 23:00:00,135.62529999999992
2016-01-18 14:05:53,135.20342499999992
2016-01-18 15:06:17,135.23467499999992
2016-01-18 17:07:30,135.17217499999992
2016-01-18 18:08:45,135.32842499999992
2016-01-19 14:05:49,134.92217499999992
2016-01-19 15:06:46,135.01592499999992
2016-01-19 17:12:45,135.32842499999992
2016-01-19 18:13:29,135.56279999999992
2016-01-19 23:00:00,135.56279999999992
2016-01-20 14:04:04,136.92217499999992
2016-01-20 15:05:54,136.82842499999992
2016-01-20 16:06:19,137.20342499999992
2016-01-20 17:51:33,137.48467499999992
2016-01-20 18:51:55,137.45342499999992
2016-01-20 23:00:00,136.78154999999992
2016-01-21 14:25:50,136.87529999999992
2016-01-21 15:27:51,137.23467499999992
2016-01-21 16:28:34,136.45342499999992
2016-01-21 18:01:21,136.07842499999992
2016-01-21 23:00:00,135.90654999999992
2016-01-22 14:09:14,135.17217499999992
2016-01-22 15:09:56,134.92217499999992
2016-01-22 16:10:18,134.64092499999992
2016-01-22 18:11:57,135.23467499999992
2016-01-22 23:00:00,135.25029999999992
2016-01-25 14:13:02,135.89092499999992
2016-01-25 15:13:27,135.79717499999992
2016-01-25 17:15:37,136.04717499999992
2016-01-25 18:16:13,135.70342499999992
2016-01-25 23:00:00,136.06279999999992
2016-01-26 14:07:49,135.92217499999992
2016-01-26 15:08:20,136.07842499999992
2016-01-26 17:17:52,135.98467499999992
2016-01-26 18:18:13,136.17217499999992
2016-01-26 23:00:00,136.15654999999992
2016-01-27 14:10:07,135.76592499999992
2016-01-27 15:10:32,135.70342499999992
2016-01-27 16:10:55,135.82842499999992
2016-01-27 17:48:16,135.51592499999992
2016-01-27 18:48:55,135.73467499999992
2016-01-27 23:00:00,136.21904999999992
2016-01-28 14:04:22,136.39092499999992
2016-01-28 15:04:45,135.92217499999992
2016-01-28 16:05:05,136.20342499999992
2016-01-28 18:16:14,136.29717499999992
2016-01-28 23:00:00,136.37529999999992
2016-01-29 14:10:36,137.29717499999992
2016-01-29 15:11:01,137.23467499999992
2016-01-29 16:11:23,137.82842499999992
2016-01-29 17:48:36,137.98467499999992
2016-01-29 18:48:55,137.45342499999992
2016-01-29 23:00:00,137.50029999999992
2016-02-01 14:05:40,137.51592499999992
2016-02-01 15:06:04,137.48467499999992
2016-02-01 17:08:17,137.07842499999992
2016-02-01 18:08:58,137.42217499999992
2016-02-01 23:00:00,137.12529999999992
2016-02-02 14:10:30,138.54717499999992
2016-02-02 15:10:55,139.01592499999992
2016-02-02 17:24:51,139.10967499999992
2016-02-02 18:25:10,139.01592499999992
2016-02-02 23:00:00,139.62529999999992
2016-02-03 14:08:35,138.81279999999992
2016-02-03 15:09:03,139.70342499999992
2016-02-03 16:10:02,139.79717499999992
2016-02-03 17:51:28,139.20342499999992
2016-02-03 18:52:14,139.35967499999992
2016-02-03 23:00:00,138.62529999999992
2016-02-04 14:07:29,138.95342499999992
2016-02-04 15:07:56,138.71904999999992
2016-02-04 16:08:15,138.67217499999992
2016-02-04 17:44:29,138.76592499999992
2016-02-04 18:44:51,138.95342499999992
2016-02-04 23:00:00,139.21904999999992
2016-02-05 14:08:42,138.76592499999992
2016-02-05 15:09:09,138.79717499999992
2016-02-05 16:09:31,138.60967499999992
2016-02-05 17:45:51,139.10967499999992
2016-02-05 18:46:14,139.73467499999992
2016-02-05 23:00:00,139.59404999999992
2016-02-08 14:08:16,140.48467499999992
2016-02-08 15:08:56,141.20342499999992
2016-02-08 17:10:33,141.89092499999992
2016-02-08 18:11:01,141.85967499999992
2016-02-08 23:00:00,142.12529999999992
2016-02-09 14:08:34,142.79717499999992
2016-02-09 15:09:00,141.95342499999992
2016-02-09 17:24:05,142.26592499999992
2016-02-09 18:24:29,142.51592499999992
2016-02-09 23:00:00,142.28154999999992
2016-02-10 14:08:15,142.01592499999992
2016-02-10 15:08:41,142.54717499999992
2016-02-10 16:09:40,142.82842499999992
2016-02-10 17:50:08,142.89092499999992
2016-02-10 18:50:41,143.14092499999992
2016-02-10 23:00:00,143.56279999999992
2016-02-11 14:04:41,145.76592499999992
2016-02-11 15:05:16,145.17217499999992
2016-02-11 16:05:35,146.04717499999992
2016-02-11 17:45:30,145.82842499999992
2016-02-11 18:45:51,145.01592499999992
2016-02-11 23:00:00,144.90654999999992
2016-02-12 14:09:01,144.32842499999992
2016-02-12 15:09:27,144.48467499999992
2016-02-12 16:09:49,143.51592499999992
2016-02-12 17:38:47,143.01592499999992
2016-02-12 18:39:07,142.70342499999992
2016-02-12 23:00:00,143.03154999999992
2016-02-15 14:04:27,142.14092499999992
2016-02-15 15:05:05,142.04717499999992
2016-02-15 17:05:31,142.39092499999992
2016-02-15 18:06:09,142.28154999999992
2016-02-16 14:12:56,142.14092499999992
2016-02-16 15:13:17,142.07842499999992
2016-02-16 16:50:10,141.76592499999992
2016-02-16 17:50:31,141.64092499999992
2016-02-16 18:50:50,141.57842499999992
2016-02-16 23:00:00,141.81279999999992
2016-02-17 14:08:10,141.23467499999992
2016-02-17 15:08:38,141.01592499999992
2016-02-17 16:09:16,140.42217499999992
2016-02-17 17:52:58,140.57842499999992
2016-02-17 18:53:35,140.54717499999992
2016-02-17 23:00:00,140.87529999999992
2016-02-18 14:09:07,140.78154999999992
2016-02-18 15:09:31,141.45342499999992
2016-02-18 16:09:51,142.17217499999992
2016-02-18 17:43:22,141.95342499999992
2016-02-18 18:43:42,142.32842499999992
2016-02-18 23:00:00,142.65654999999992
2016-02-19 14:09:36,142.32842499999992
2016-02-19 15:10:06,143.15654999999992
2016-02-19 16:10:29,143.35967499999992
2016-02-19 17:43:59,142.60967499999992
2016-02-19 18:44:19,142.64092499999992
2016-02-19 23:00:00,142.75029999999992
2016-02-22 14:10:17,142.75029999999992
2016-02-22 15:10:39,142.75029999999992
2016-02-22 17:16:38,142.75029999999992
2016-02-22 18:17:05,142.75029999999992
2016-02-22 23:00:00,142.71904999999992
2016-02-23 14:09:18,142.71904999999992
2016-02-23 15:09:44,142.71904999999992
2016-02-23 17:25:42,142.71904999999992
2016-02-23 18:26:27,142.71904999999992
2016-02-23 23:00:00,142.96904999999992
2016-02-24 14:21:30,142.96904999999992
2016-02-24 15:21:56,142.96904999999992
2016-02-24 16:22:15,142.96904999999992
2016-02-24 18:02:59,142.96904999999992
2016-02-24 23:00:00,142.81279999999992
2016-02-25 14:18:03,142.81279999999992
2016-02-25 15:18:29,142.81279999999992
2016-02-25 16:18:51,142.81279999999992
2016-02-25 17:51:32,142.81279999999992
2016-02-25 18:51:57,142.81279999999992
2016-02-25 23:00:00,143.43779999999992
2016-02-26 14:10:33,141.98467499999992
2016-02-26 15:10:59,141.89092499999992
2016-02-26 16:11:20,141.95342499999992
2016-02-26 17:52:14,141.89092499999992
2016-02-26 18:52:33,141.89092499999992
2016-02-26 23:00:00,142.03154999999992
2016-02-29 14:11:56,142.14092499999992
2016-02-29 15:12:19,142.45342499999992
2016-02-29 17:19:50,142.10967499999992
2016-02-29 18:20:12,141.98467499999992
2016-02-29 23:00:00,142.34404999999992
2016-03-01 14:08:43,142.20342499999992
2016-03-01 15:09:07,141.54717499999992
2016-03-01 17:28:45,139.95342499999992
2016-03-01 18:29:28,140.17217499999992
2016-03-01 23:00:00,140.12529999999992
2016-03-02 14:09:47,140.26592499999992
2016-03-02 15:10:12,140.01592499999992
2016-03-02 16:10:36,140.07842499999992
2016-03-02 17:53:53,140.20342499999992
2016-03-02 18:54:12,140.42217499999992
2016-03-02 23:00:00,140.40654999999992
2016-03-03 14:04:45,140.42217499999992
2016-03-03 15:05:12,140.64092499999992
2016-03-03 16:05:30,140.54717499999992
2016-03-03 18:14:25,141.14092499999992
2016-03-03 23:00:00,141.06279999999992
2016-03-04 14:18:08,140.45342499999992
2016-03-04 15:18:31,140.14092499999992
2016-03-04 16:18:53,139.48467499999992
2016-03-04 17:49:28,139.48467499999992
2016-03-04 18:49:47,139.45342499999992
2016-03-04 23:00:00,140.00029999999992
2016-03-07 14:15:14,139.95342499999992
2016-03-07 15:15:41,139.51592499999992
2016-03-07 17:20:02,139.64092499999992
2016-03-07 18:20:39,139.57842499999992
2016-03-07 23:00:00,139.93779999999992
2016-03-08 14:08:20,141.42217499999992
2016-03-08 15:08:46,142.10967499999992
2016-03-08 17:09:52,142.14092499999992
2016-03-08 18:10:12,142.04717499999992
2016-03-08 23:00:00,141.62529999999992
2016-03-09 14:20:01,140.48467499999992
2016-03-09 15:20:27,141.07842499999992
2016-03-09 16:20:48,140.64092499999992
2016-03-09 18:03:48,140.53154999999992
2016-03-09 23:00:00,140.71904999999992
2016-03-10 14:10:07,140.57842499999992
2016-03-10 15:10:34,140.76592499999992
2016-03-10 16:10:53,139.64092499999992
2016-03-10 18:34:08,139.67217499999992
2016-03-10 23:00:00,140.06279999999992
2016-03-11 14:09:41,140.17217499999992
2016-03-11 15:10:09,139.92217499999992
2016-03-11 16:10:29,139.51592499999992
2016-03-11 18:29:15,138.78154999999992
2016-03-11 23:00:00,138.81279999999992
2016-03-14 14:07:15,139.39092499999992
2016-03-14 15:07:42,139.26592499999992
2016-03-14 17:15:04,139.48467499999992
2016-03-14 18:15:25,139.42217499999992
2016-03-14 23:00:00,139.21904999999992
2016-03-15 14:08:05,139.89092499999992
2016-03-15 15:08:30,139.29717499999992
2016-03-15 17:26:09,139.14092499999992
2016-03-15 18:26:35,139.04717499999992
2016-03-15 23:00:00,139.12529999999992
2016-03-16 14:17:08,138.92217499999992
2016-03-16 15:17:33,139.35967499999992
2016-03-16 16:17:55,139.04717499999992
2016-03-16 17:51:52,138.89092499999992
2016-03-16 18:54:08,138.85967499999992
2016-03-16 23:00:00,139.75029999999992
2016-03-17 14:16:45,140.35967499999992
2016-03-17 15:17:08,140.57842499999992
2016-03-17 16:17:29,140.76592499999992
2016-03-17 18:19:40,140.51592499999992
2016-03-17 23:00:00,140.53154999999992
2016-03-18 14:08:32,140.54717499999992
2016-03-18 15:08:57,140.82842499999992
2016-03-18 16:09:20,140.51592499999992
2016-03-18 18:23:33,140.89092499999992
2016-03-18 23:00:00,140.78154999999992
2016-03-21 14:19:06,139.57842499999992
2016-03-21 15:19:31,139.95342499999992
2016-03-21 17:17:11,139.79717499999992
2016-03-21 18:17:31,139.54717499999992
2016-03-21 23:00:00,139.62529999999992
2016-03-22 14:07:57,140.29717499999992
2016-03-22 15:08:25,140.29717499999992
2016-03-22 17:10:08,140.10967499999992
2016-03-22 18:10:28,139.51592499999992
2016-03-22 23:00:00,139.43779999999992
2016-03-23 14:19:40,139.73467499999992
2016-03-23 15:20:06,139.82842499999992
2016-03-23 16:20:27,140.29717499999992
2016-03-23 18:01:23,140.82842499999992
2016-03-23 23:00:00,140.93779999999992
2016-03-24 14:08:30,141.67217499999992
2016-03-24 15:08:55,141.10967499999992
2016-03-24 16:09:16,140.76592499999992
2016-03-24 18:22:06,140.48467499999992
2016-03-24 23:00:00,140.62529999999992
2016-03-28 14:28:22,140.48467499999992
2016-03-28 15:34:11,140.60967499999992
2016-03-28 16:46:58,141.10967499999992
2016-03-29 14:12:12,141.54717499999992
2016-03-29 15:12:38,141.60967499999992
2016-03-29 16:31:13,141.45342499999992
2016-03-29 17:31:32,141.76592499999992
2016-03-29 18:31:54,141.67217499999992
2016-03-29 23:00:00,142.28154999999992
2016-03-30 14:08:47,141.45342499999992
2016-03-30 15:09:23,141.48467499999992
2016-03-30 17:25:12,140.70342499999992
2016-03-30 18:25:41,140.92217499999992
2016-03-30 23:00:00,141.09404999999992
2016-03-31 14:09:59,141.39092499999992
2016-03-31 15:11:58,141.54717499999992
2016-03-31 16:12:18,141.29717499999992
2016-03-31 17:18:07,141.89092499999992
2016-03-31 18:18:27,141.79717499999992
2016-03-31 23:00:00,142.21904999999992
2016-04-01 14:08:10,142.23467499999992
2016-04-01 15:12:27,142.76592499999992
2016-04-01 16:12:48,142.07842499999992
2016-04-01 17:51:35,142.39092499999992
2016-04-01 18:52:14,142.64092499999992
2016-04-01 23:00:00,142.12529999999992
2016-04-04 14:24:08,142.57842499999992
2016-04-04 15:24:36,142.17217499999992
2016-04-04 16:24:58,142.45342499999992
2016-04-04 18:05:17,142.48467499999992
2016-04-04 23:00:00,142.59404999999992
2016-04-05 14:03:58,143.67217499999992
2016-04-05 15:04:26,143.95342499999992
2016-04-05 16:04:49,143.92217499999992
2016-04-05 18:20:49,143.89092499999992
2016-04-05 23:00:00,144.00029999999992
2016-04-06 14:16:38,143.35967499999992
2016-04-06 15:17:20,143.42217499999992
2016-04-06 16:19:18,143.10967499999992
2016-04-06 17:19:51,142.92217499999992
2016-04-06 23:00:00,143.00029999999992
2016-04-07 14:34:35,143.98467499999992
2016-04-07 15:35:11,144.17217499999992
2016-04-07 16:35:37,144.35967499999992
2016-04-07 17:36:01,144.60967499999992
2016-04-07 23:00:00,144.81279999999992
2016-04-08 14:49:20,144.10967499999992
2016-04-08 15:51:11,143.70342499999992
2016-04-08 16:51:34,143.89092499999992
2016-04-08 17:51:56,143.73467499999992
2016-04-08 23:00:00,143.90654999999992
2016-04-11 14:10:31,143.17217499999992
2016-04-11 15:10:58,143.17217499999992
2016-04-11 16:11:20,143.79717499999992
2016-04-11 17:45:18,143.73467499999992
2016-04-11 18:45:41,143.73467499999992
2016-04-11 23:00:00,143.78154999999992
2016-04-12 14:17:44,143.23467499999992
2016-04-12 15:18:15,143.29717499999992
2016-04-12 16:18:37,143.04717499999992
2016-04-12 18:28:36,142.95342499999992
2016-04-12 23:00:00,142.84404999999992
2016-04-13 14:09:01,142.85967499999992
2016-04-13 15:09:28,142.70342499999992
2016-04-13 16:11:16,142.82842499999992
2016-04-13 17:11:39,143.10967499999992
2016-04-13 18:49:31,143.48467499999992
2016-04-13 23:00:00,143.40654999999992
2016-04-14 14:26:10,142.92217499999992
2016-04-14 15:26:37,143.20342499999992
2016-04-14 16:27:00,142.82842499999992
2016-04-14 17:27:23,142.67217499999992
2016-04-14 23:00:00,142.75029999999992
2016-04-15 14:22:14,143.57842499999992
2016-04-15 15:22:58,144.04717499999992
2016-04-15 16:23:47,143.92217499999992
2016-04-15 17:24:09,143.95342499999992
2016-04-15 23:00:00,143.75029999999992
2016-04-18 14:20:17,143.10967499999992
2016-04-18 15:20:45,142.92217499999992
2016-04-18 16:21:07,142.73467499999992
2016-04-18 18:17:13,142.70342499999992
2016-04-18 23:00:00,143.12529999999992
2016-04-19 14:07:38,143.04717499999992
2016-04-19 15:08:15,142.64092499999992
2016-04-19 16:08:58,142.14092499999992
2016-04-19 18:37:54,142.89092499999992
2016-04-19 23:00:00,142.62529999999992
2016-04-20 14:11:58,142.92217499999992
2016-04-20 15:12:26,143.04717499999992
2016-04-20 16:12:54,143.29717499999992
2016-04-20 17:13:39,142.51592499999992
2016-04-20 18:53:33,141.95342499999992
2016-04-20 23:00:00,141.21904999999992
2016-04-21 14:37:14,140.01592499999992
2016-04-21 15:37:58,140.45342499999992
2016-04-21 16:38:21,140.21904999999992
2016-04-21 17:38:44,140.10967499999992
2016-04-21 23:00:00,140.31279999999992
2016-04-22 14:30:52,140.39092499999992
2016-04-22 15:31:49,139.89092499999992
2016-04-22 16:32:12,140.10967499999992
2016-04-22 17:32:34,140.42217499999992
2016-04-22 23:00:00,140.03154999999992
2016-04-25 14:08:56,139.79717499999992
2016-04-25 15:09:24,139.70342499999992
2016-04-25 16:09:47,139.70342499999992
2016-04-25 18:35:58,139.54717499999992
2016-04-25 23:00:00,139.50029999999992
2016-04-26 14:10:09,139.10967499999992
2016-04-26 15:10:47,139.01592499999992
2016-04-26 16:11:25,138.82842499999992
2016-04-26 18:30:53,138.85967499999992
2016-04-26 23:00:00,138.75029999999992
2016-04-27 14:03:59,139.23467499999992
2016-04-27 15:04:31,139.57842499999992
2016-04-27 16:04:55,139.60967499999992
2016-04-27 17:05:16,139.48467499999992
2016-04-27 18:37:51,139.70342499999992
2016-04-27 23:00:00,140.03154999999992
2016-04-28 14:13:41,139.98467499999992
2016-04-28 15:14:12,139.89092499999992
2016-04-28 16:14:36,140.20342499999992
2016-04-28 17:15:13,139.95342499999992
2016-04-28 19:00:41,140.10967499999992
2016-04-28 23:00:00,140.78154999999992
2016-04-29 14:04:04,140.17217499999992
2016-04-29 15:04:31,140.29717499999992
2016-04-29 16:04:52,140.04717499999992
2016-04-29 17:05:13,140.51592499999992
2016-04-29 18:31:21,140.39092499999992
2016-04-29 23:00:00,140.96904999999992
2016-05-02 14:12:28,140.39092499999992
2016-05-02 15:13:06,139.92217499999992
2016-05-02 17:17:33,140.32842499999992
2016-05-02 18:17:55,140.14092499999992
2016-05-02 23:00:00,139.75029999999992
2016-05-03 14:05:14,141.26592499999992
2016-05-03 15:05:41,141.70342499999992
2016-05-03 17:11:02,141.73467499999992
2016-05-03 18:11:41,141.64092499999992
2016-05-03 23:00:00,141.46904999999992
2016-05-04 14:04:06,142.01592499999992
2016-05-04 15:04:34,141.35967499999992
2016-05-04 16:04:57,141.67217499999992
2016-05-04 17:45:29,141.82842499999992
2016-05-04 18:46:20,142.01592499999992
2016-05-04 23:00:00,142.18779999999992
2016-05-05 14:06:16,142.17217499999992
2016-05-05 15:07:11,141.82842499999992
2016-05-05 16:07:46,142.26592499999992
2016-05-05 17:41:09,142.60967499999992
2016-05-05 18:41:31,142.85967499999992
2016-05-05 23:00:00,143.25029999999992
2016-05-06 14:16:07,143.04717499999992
2016-05-06 15:16:33,142.79717499999992
2016-05-06 16:17:18,142.98467499999992
2016-05-06 17:54:30,142.92217499999992
2016-05-06 18:54:54,142.67217499999992
2016-05-06 23:00:00,142.78154999999992
2016-05-09 14:10:13,142.89092499999992
2016-05-09 15:10:44,142.85967499999992
2016-05-09 17:02:46,143.23467499999992
2016-05-09 18:03:21,143.23467499999992
2016-05-09 23:00:00,143.28154999999992
2016-05-10 14:06:07,143.54717499999992
2016-05-10 15:06:55,143.35967499999992
2016-05-10 17:16:05,143.20342499999992
2016-05-10 18:16:47,143.42217499999992
2016-05-10 23:00:00,143.28154999999992
2016-05-11 14:04:14,143.23467499999992
2016-05-11 15:04:40,143.32842499999992
2016-05-11 16:05:03,143.57842499999992
2016-05-11 17:22:37,143.82842499999992
2016-05-11 18:23:00,144.04717499999992
2016-05-11 23:00:00,143.93779999999992
2016-05-12 14:04:54,142.82842499999992
2016-05-12 15:05:24,143.20342499999992
2016-05-12 16:05:47,143.17217499999992
2016-05-12 18:11:47,143.07842499999992
2016-05-12 23:00:00,143.25029999999992
2016-05-13 14:04:27,143.85967499999992
2016-05-13 15:04:55,143.70342499999992
2016-05-13 16:05:17,143.85967499999992
2016-05-13 18:11:12,144.17217499999992
2016-05-13 23:00:00,144.46904999999992
2016-05-16 14:07:20,143.89092499999992
2016-05-16 15:08:21,143.32842499999992
2016-05-16 16:40:34,143.48467499999992
2016-05-16 17:40:56,143.39092499999992
2016-05-16 18:41:19,143.39092499999992
2016-05-16 23:00:00,143.31279999999992
2016-05-17 14:07:28,143.29717499999992
2016-05-17 15:08:11,143.76592499999992
2016-05-17 17:14:28,143.70342499999992
2016-05-17 18:15:05,143.60967499999992
2016-05-17 23:00:00,143.43779999999992
2016-05-18 14:10:31,142.95342499999992
2016-05-18 15:11:01,141.98467499999992
2016-05-18 16:11:24,141.98467499999992
2016-05-18 17:54:11,141.85967499999992
2016-05-18 18:54:52,141.92217499999992
2016-05-18 23:00:00,141.25029999999992
2016-05-19 14:04:37,141.39092499999992
2016-05-19 15:05:06,142.14092499999992
2016-05-19 16:05:29,141.92217499999992
2016-05-19 18:13:35,141.95342499999992
2016-05-19 23:00:00,141.84404999999992
2016-05-20 14:05:15,141.42217499999992
2016-05-20 15:05:40,141.48467499999992
2016-05-20 16:06:03,141.70342499999992
2016-05-20 18:12:05,141.92217499999992
2016-05-20 23:00:00,141.96904999999992
2016-05-23 14:10:15,141.96904999999992
2016-05-23 15:10:39,141.96904999999992
2016-05-23 17:12:16,141.96904999999992
2016-05-23 18:13:00,141.96904999999992
2016-05-23 23:00:00,142.21904999999992
2016-05-24 14:10:48,142.21904999999992
2016-05-24 15:11:25,142.21904999999992
2016-05-24 17:23:17,142.21904999999992
2016-05-24 18:24:06,142.21904999999992
2016-05-24 23:00:00,141.59404999999992
2016-05-25 14:17:19,141.59404999999992
2016-05-25 15:17:48,141.59404999999992
2016-05-25 16:18:10,141.59404999999992
2016-05-25 17:57:45,141.59404999999992
2016-05-25 18:58:33,141.59404999999992
2016-05-25 23:00:00,141.18779999999992
2016-05-26 14:07:25,141.18779999999992
2016-05-26 15:07:43,141.18779999999992
2016-05-26 16:20:40,141.18779999999992
2016-05-26 17:21:02,141.18779999999992
2016-05-26 18:21:17,141.18779999999992
2016-05-26 23:00:00,141.93779999999992
2016-05-27 14:18:31,141.93779999999992
2016-05-27 15:19:00,141.93779999999992
2016-05-27 16:19:23,141.93779999999992
2016-05-27 17:50:00,141.93779999999992
2016-05-27 18:50:28,141.93779999999992
2016-05-27 23:00:00,141.65654999999992
2016-05-30 14:10:30,141.42217499999992
2016-05-30 15:11:14,141.48467499999992
2016-05-30 17:13:05,141.42217499999992
2016-05-30 18:15:30,141.53154999999992
2016-05-31 14:12:53,140.79717499999992
2016-05-31 15:13:49,140.98467499999992
2016-05-31 17:25:51,141.95342499999992
2016-05-31 18:26:37,142.10967499999992
2016-05-31 23:00:00,142.09404999999992
2016-06-01 14:30:21,142.85967499999992
2016-06-01 15:31:35,143.29717499999992
2016-06-01 16:31:58,143.04717499999992
2016-06-01 18:17:04,142.51592499999992
2016-06-01 23:00:00,142.59404999999992
2016-06-02 14:11:51,143.07842499999992
2016-06-02 15:12:20,143.57842499999992
2016-06-02 16:12:43,143.76592499999992
2016-06-02 17:54:04,143.89092499999992
2016-06-02 18:54:27,143.92217499999992
2016-06-02 23:00:00,143.78154999999992
2016-06-03 14:18:39,145.48467499999992
2016-06-03 15:19:09,145.48467499999992
2016-06-03 16:20:02,145.42217499999992
2016-06-03 18:21:40,145.60967499999992
2016-06-03 23:00:00,145.71904999999992
2016-06-06 14:07:07,145.32842499999992
2016-06-06 15:07:48,145.26592499999992
2016-06-06 17:13:04,145.17217499999992
2016-06-06 18:13:41,145.45342499999992
2016-06-06 23:00:00,144.90654999999992
2016-06-07 14:07:39,145.26592499999992
2016-06-07 15:08:07,145.48467499999992
2016-06-07 17:04:02,145.48467499999992
2016-06-07 18:04:25,145.42217499999992
2016-06-07 23:00:00,145.43779999999992
2016-06-08 14:08:55,145.50029999999992
2016-06-08 15:09:23,145.79717499999992
2016-06-08 16:11:02,145.73467499999992
2016-06-08 17:53:55,145.82842499999992
2016-06-08 18:54:38,145.95342499999992
2016-06-08 23:00:00,145.90654999999992
2016-06-09 14:15:57,146.79717499999992
2016-06-09 15:22:16,146.92217499999992
2016-06-09 16:28:23,146.57842499999992
2016-06-09 18:56:33,146.70342499999992
2016-06-09 23:00:00,146.59404999999992
2016-06-10 14:23:05,147.39092499999992
2016-06-10 15:29:25,147.76592499999992
2016-06-10 16:35:36,147.39092499999992
2016-06-10 23:00:00,147.18779999999992
2016-06-13 14:24:44,147.48467499999992
2016-06-13 15:30:59,147.39092499999992
2016-06-13 18:03:29,147.64092499999992
2016-06-13 23:00:00,147.81279999999992
2016-06-14 14:05:16,148.60967499999992
2016-06-14 15:13:46,148.45342499999992
2016-06-14 16:23:02,148.26592499999992
2016-06-14 17:48:37,148.10967499999992
2016-06-14 18:49:09,148.04717499999992
2016-06-14 23:00:00,147.71904999999992
2016-06-15 14:13:18,147.98467499999992
2016-06-15 15:19:34,148.17217499999992
2016-06-15 16:25:51,148.51592499999992
2016-06-15 18:50:59,148.32842499999992
2016-06-15 23:00:00,148.50029999999992
2016-06-16 14:15:48,149.32842499999992
2016-06-16 15:22:07,149.85967499999992
2016-06-16 16:29:50,149.45342499999992
2016-06-16 18:47:55,149.07842499999992
2016-06-16 23:00:00,149.06279999999992
2016-06-17 14:13:59,148.85967499999992
2016-06-17 15:21:23,148.20342499999992
2016-06-17 16:29:43,148.20342499999992
2016-06-17 18:43:07,148.14092499999992
2016-06-17 23:00:00,148.40654999999992
2016-06-20 14:09:48,147.23467499999992
2016-06-20 15:17:00,146.73467499999992
2016-06-20 17:54:56,146.76592499999992
2016-06-20 18:55:42,146.95342499999992
2016-06-20 23:00:00,146.84404999999992
2016-06-21 14:05:26,146.92217499999992
2016-06-21 15:11:51,147.10967499999992
2016-06-21 16:19:25,146.98467499999992
2016-06-21 18:14:45,146.67217499999992
2016-06-21 23:00:00,146.34404999999992
2016-06-22 14:14:15,146.48467499999992
2016-06-22 15:21:19,146.20342499999992
2016-06-22 16:28:19,146.14092499999992
2016-06-22 18:52:13,146.76592499999992
2016-06-22 23:00:00,146.62529999999992
2016-06-23 14:14:10,145.35967499999992
2016-06-23 15:20:44,145.60967499999992
2016-06-23 16:28:48,145.39092499999992
2016-06-23 18:45:49,145.32842499999992
2016-06-23 23:00:00,144.96904999999992
2016-06-24 14:10:00,149.76592499999992
2016-06-24 15:13:22,149.23467499999992
2016-06-24 16:15:17,149.23467499999992
2016-06-24 17:15:44,149.45342499999992
2016-06-24 23:00:00,149.28154999999992
2016-06-27 14:24:08,151.70342499999992
2016-06-27 15:31:23,152.10967499999992
2016-06-27 17:58:06,152.14092499999992
2016-06-27 18:58:27,152.29717499999992
2016-06-27 23:00:00,152.09404999999992
2016-06-28 14:23:56,152.20342499999992
2016-06-28 15:30:37,151.89092499999992
2016-06-28 18:09:11,152.17217499999992
2016-06-28 23:00:00,152.21904999999992
2016-06-29 14:09:18,152.29717499999992
2016-06-29 15:16:23,152.45342499999992
2016-06-29 16:24:58,152.42217499999992
2016-06-29 18:04:52,152.20342499999992
2016-06-29 23:00:00,151.12529999999992
2016-06-30 14:15:08,151.51592499999992
2016-06-30 15:22:49,151.70342499999992
2016-06-30 16:32:02,152.10967499999992
2016-06-30 18:46:44,151.57842499999992
2016-06-30 23:00:00,151.40654999999992
2016-07-01 14:14:03,153.85967499999992
2016-07-01 15:22:11,153.26592499999992
2016-07-01 16:30:03,152.70342499999992
2016-07-01 23:00:00,153.25029999999992
2016-07-04 14:19:44,153.14092499999992
2016-07-04 15:24:31,153.23467499999992
2016-07-04 17:52:02,153.54717499999992
2016-07-04 18:54:39,153.46904999999992
2016-07-05 14:06:00,154.73467499999992
2016-07-05 15:13:47,154.73467499999992
2016-07-05 16:23:05,154.92217499999992
2016-07-05 18:18:41,155.14092499999992
2016-07-05 23:00:00,154.84404999999992
2016-07-06 14:18:09,155.26592499999992
2016-07-06 15:25:56,154.82842499999992
2016-07-06 16:33:01,154.79717499999992
2016-07-06 18:14:04,154.76592499999992
2016-07-06 23:00:00,155.15654999999992
2016-07-07 14:15:33,154.70342499999992
2016-07-07 15:22:35,154.64092499999992
2016-07-07 16:31:33,155.04717499999992
2016-07-07 18:50:39,155.23467499999992
2016-07-07 23:00:00,155.15654999999992
2016-07-08 14:15:13,155.39092499999992
2016-07-08 15:22:11,155.10967499999992
2016-07-08 16:29:11,155.35967499999992
2016-07-08 23:00:00,156.06279999999992
2016-07-11 14:26:29,155.29717499999992
2016-07-11 15:36:48,155.54717499999992
2016-07-11 18:07:09,154.92217499999992
2016-07-11 23:00:00,154.78154999999992
2016-07-12 14:18:44,152.89092499999992
2016-07-12 15:26:18,153.17217499999992
2016-07-12 18:13:39,152.51592499999992
2016-07-12 23:00:00,152.75029999999992
2016-07-13 14:12:30,153.85967499999992
2016-07-13 15:20:14,153.54717499999992
2016-07-13 16:27:54,154.04717499999992
2016-07-13 18:52:47,153.85967499999992
2016-07-13 23:00:00,153.84404999999992
2016-07-14 14:20:28,151.76592499999992
2016-07-14 15:28:22,151.82842499999992
2016-07-14 16:37:27,152.04717499999992
2016-07-14 18:54:12,151.82842499999992
2016-07-14 23:00:00,151.96904999999992
2016-07-15 14:16:34,151.23467499999992
2016-07-15 15:24:19,150.92217499999992
2016-07-15 16:33:38,150.60967499999992
2016-07-15 18:53:45,150.51592499999992
2016-07-15 23:00:00,150.75029999999992
2016-07-18 14:23:03,151.54717499999992
2016-07-18 15:31:14,150.95342499999992
2016-07-18 18:04:57,150.45342499999992
2016-07-18 23:00:00,150.50029999999992
2016-07-19 14:08:17,151.01592499999992
2016-07-19 15:16:01,150.95342499999992
2016-07-19 16:24:58,151.29717499999992
2016-07-19 18:21:20,151.35967499999992
2016-07-19 23:00:00,151.28154999999992
2016-07-20 14:09:13,150.73467499999992
2016-07-20 15:17:14,150.17217499999992
2016-07-20 16:25:55,150.35967499999992
2016-07-20 23:00:00,150.40654999999992
2016-07-21 14:16:39,149.34404999999992
2016-07-21 15:24:15,149.26592499999992
2016-07-21 16:33:33,149.89092499999992
2016-07-21 18:54:36,150.39092499999992
2016-07-21 23:00:00,150.50029999999992
2016-07-22 14:17:06,149.89092499999992
2016-07-22 15:25:04,150.35967499999992
2016-07-22 16:34:25,150.73467499999992
2016-07-22 18:56:16,151.07842499999992
2016-07-22 23:00:00,150.71904999999992
2016-07-25 14:06:47,150.70342499999992
2016-07-25 15:14:52,151.04717499999992
2016-07-25 16:24:14,150.89092499999992
2016-07-25 18:13:49,150.89092499999992
2016-07-25 23:00:00,150.53154999999992
2016-07-26 14:12:43,151.17217499999992
2016-07-26 15:21:08,150.54717499999992
2016-07-26 17:36:11,150.60967499999992
2016-07-26 18:36:41,150.48467499999992
2016-07-26 23:00:00,150.84404999999992
2016-07-27 14:16:41,151.29717499999992
2016-07-27 15:24:51,151.26592499999992
2016-07-27 16:33:06,151.73467499999992
2016-07-27 18:15:39,151.51592499999992
2016-07-27 23:00:00,152.31279999999992
2016-07-28 14:08:34,151.67217499999992
2016-07-28 15:17:24,151.67217499999992
2016-07-28 16:23:20,152.32842499999992
2016-07-28 18:38:31,152.60967499999992
2016-07-28 23:00:00,152.31279999999992
2016-07-29 23:00:00,153.50029999999992
2016-08-01 23:00:00,152.59404999999992
2016-08-02 23:00:00,151.34404999999992
2016-08-03 23:00:00,151.15654999999992
2016-08-04 23:00:00,152.15654999999992
2016-08-05 15:49:06,150.89092499999992
2016-08-05 23:00:00,150.50029999999992
2016-08-08 17:36:39,150.64092499999992
2016-08-08 23:00:00,150.65654999999992
2016-08-09 18:19:55,151.48467499999992
2016-08-09 23:00:00,151.71904999999992
2016-08-10 18:15:45,152.35967499999992
2016-08-10 23:00:00,152.46904999999992
2016-08-11 18:46:20,151.10967499999992
2016-08-11 23:00:00,150.78154999999992
2016-08-12 15:36:16,152.76592499999992
2016-08-12 23:00:00,152.06279999999992
2016-08-15 15:20:39,151.10967499999992
2016-08-15 16:46:01,151.42217499999992
2016-08-15 18:08:49,151.07842499999992
2016-08-15 23:00:00,150.62529999999992
2016-08-16 15:58:21,150.35967499999992
2016-08-16 17:20:17,150.17217499999992
2016-08-16 18:33:27,150.54717499999992
2016-08-16 23:00:00,150.18779999999992
2016-08-17 15:12:20,150.42217499999992
2016-08-17 16:41:10,150.29717499999992
2016-08-17 17:57:54,150.35967499999992
2016-08-17 23:00:00,150.84404999999992
2016-08-18 14:39:53,150.70342499999992
2016-08-18 16:56:09,150.82842499999992
2016-08-18 18:10:36,151.07842499999992
2016-08-18 23:00:00,150.96904999999992
2016-08-19 14:37:59,150.20342499999992
2016-08-19 16:47:10,149.57842499999992
2016-08-19 18:09:47,149.79717499999992
2016-08-19 23:00:00,150.03154999999992
2016-08-22 14:19:57,151.14092499999992
2016-08-22 17:00:55,151.39092499999992
2016-08-22 18:16:32,151.26592499999992
2016-08-22 23:00:00,151.31279999999992
2016-08-23 14:40:01,151.64092499999992
2016-08-23 17:13:13,151.39092499999992
2016-08-23 18:28:04,151.54717499999992
2016-08-23 23:00:00,151.68779999999992
2016-08-24 14:50:17,151.51592499999992
2016-08-24 17:29:48,151.54717499999992
2016-08-24 18:44:34,151.42217499999992
2016-08-24 23:00:00,151.15654999999992
2016-08-25 14:57:13,150.57842499999992
2016-08-25 16:36:44,150.95342499999992
2016-08-25 18:48:33,150.64092499999992
2016-08-25 23:00:00,150.56279999999992
2016-08-26 15:00:01,151.14092499999992
2016-08-26 16:37:29,151.26592499999992
2016-08-26 23:00:00,149.56279999999992
2016-08-29 14:14:49,150.20342499999992
2016-08-29 15:53:34,150.35967499999992
2016-08-29 18:06:13,150.45342499999992
2016-08-29 23:00:00,151.09404999999992
2016-08-30 23:00:00,150.75029999999992
2016-08-31 15:06:40,150.89092499999992
2016-08-31 16:38:42,150.35967499999992
2016-08-31 18:53:03,150.95342499999992
2016-08-31 23:00:00,150.71904999999992
2016-09-01 14:37:01,149.64092499999992
2016-09-01 16:19:43,150.60967499999992
2016-09-01 18:55:00,150.95342499999992
2016-09-01 23:00:00,150.93779999999992
2016-09-02 14:35:39,150.23467499999992
2016-09-02 16:16:28,149.48467499999992
2016-09-02 18:47:57,149.64092499999992
2016-09-02 23:00:00,149.90654999999992
2016-09-05 15:02:48,149.48467499999992
2016-09-05 16:38:54,149.51592499999992
2016-09-05 18:49:26,149.56279999999992
2016-09-06 14:45:59,150.04717499999992
2016-09-06 17:12:01,151.29717499999992
2016-09-06 18:26:15,151.29717499999992
2016-09-06 23:00:00,151.28154999999992
2016-09-07 14:55:24,151.70342499999992
2016-09-07 16:36:03,151.17217499999992
2016-09-07 18:56:29,151.35967499999992
2016-09-07 23:00:00,151.28154999999992
2016-09-08 15:31:53,150.42217499999992
2016-09-08 16:59:55,149.70342499999992
2016-09-08 23:00:00,149.25029999999992
2016-09-09 15:08:26,147.20342499999992
2016-09-09 16:37:23,147.23467499999992
2016-09-09 23:00:00,147.15654999999992
2016-09-12 14:46:14,147.01592499999992
2016-09-12 17:11:12,147.17217499999992
2016-09-12 18:25:47,146.98467499999992
2016-09-12 23:00:00,147.21904999999992
2016-09-13 14:43:40,147.51592499999992
2016-09-13 17:12:02,145.98467499999992
2016-09-13 18:25:05,145.79717499999992
2016-09-13 23:00:00,145.78154999999992
2016-09-14 15:02:41,146.48467499999992
2016-09-14 16:36:36,146.67217499999992
2016-09-14 18:56:48,146.20342499999992
2016-09-14 23:00:00,146.15654999999992
2016-09-15 15:21:31,145.70342499999992
2016-09-15 16:48:23,145.85967499999992
2016-09-15 23:00:00,145.81279999999992
2016-09-16 15:21:54,146.23467499999992
2016-09-16 16:45:12,146.26592499999992
2016-09-16 23:00:00,146.34404999999992
2016-09-19 14:16:04,146.14092499999992
2016-09-19 16:45:30,146.15654999999992
2016-09-19 18:12:30,146.26592499999992
2016-09-19 23:00:00,145.90654999999992
2016-09-20 14:48:52,146.82842499999992
2016-09-20 17:30:00,146.92217499999992
2016-09-20 18:44:33,146.32842499999992
2016-09-20 23:00:00,146.37529999999992
2016-09-21 15:10:31,146.04717499999992
2016-09-21 16:38:07,145.95342499999992
2016-09-21 18:57:43,146.04717499999992
2016-09-21 23:00:00,147.31279999999992
2016-09-22 14:58:19,148.35967499999992
2016-09-22 16:37:40,148.26592499999992
2016-09-22 23:00:00,148.28154999999992
2016-09-23 14:59:38,148.20342499999992
2016-09-23 16:37:38,148.20342499999992
2016-09-23 23:00:00,148.18779999999992
2016-09-26 14:35:36,148.42217499999992
2016-09-26 16:50:25,148.98467499999992
2016-09-26 18:10:37,149.04717499999992
2016-09-26 23:00:00,148.93779999999992
2016-09-27 14:15:04,149.76592499999992
2016-09-27 15:15:47,149.54717499999992
2016-09-27 17:00:59,149.73467499999992
2016-09-27 18:01:21,149.76592499999992
2016-09-27 23:00:00,149.87529999999992
2016-09-28 14:39:52,149.85967499999992
2016-09-28 16:23:22,150.20342499999992
2016-09-28 18:50:15,150.26592499999992
2016-09-28 23:00:00,149.68779999999992
2016-09-29 14:52:44,149.07842499999992
2016-09-29 16:36:04,149.32842499999992
2016-09-29 18:50:06,150.01592499999992
2016-09-29 23:00:00,150.03154999999992
2016-09-30 14:59:23,149.76592499999992
2016-09-30 16:37:16,148.85967499999992
2016-09-30 23:00:00,148.87529999999992
2016-10-03 14:48:33,149.10967499999992
2016-10-03 17:18:07,148.32842499999992
2016-10-03 18:33:29,148.54717499999992
2016-10-03 23:00:00,148.34404999999992
2016-10-04 14:50:53,148.39092499999992
2016-10-04 17:15:47,147.32842499999992
2016-10-04 18:30:45,147.20342499999992
2016-10-04 23:00:00,146.78154999999992
2016-10-05 15:10:32,146.20342499999992
2016-10-05 16:40:02,145.98467499999992
2016-10-05 18:58:52,146.17217499999992
2016-10-05 23:00:00,146.40654999999992
2016-10-06 14:10:57,145.76592499999992
2016-10-06 15:13:56,145.57842499999992
2016-10-06 16:15:23,145.67217499999992
2016-10-06 17:43:46,145.64092499999992
2016-10-06 18:44:56,145.67217499999992
2016-10-06 23:00:00,145.50029999999992
2016-10-07 15:29:13,145.29717499999992
2016-10-07 16:57:43,144.79717499999992
2016-10-07 23:00:00,145.62529999999992
2016-10-10 14:51:11,144.57842499999992
2016-10-10 17:19:14,144.26592499999992
2016-10-10 18:34:03,144.35967499999992
2016-10-10 23:00:00,144.71904999999992
2016-10-11 14:50:59,144.26592499999992
2016-10-11 17:38:40,145.10967499999992
2016-10-11 18:56:59,144.76592499999992
2016-10-11 23:00:00,144.59404999999992
2016-10-12 15:30:21,144.35967499999992
2016-10-12 18:08:08,144.14092499999992
2016-10-12 23:00:00,144.62529999999992
2016-10-13 15:28:46,145.42217499999992
2016-10-13 16:58:44,145.23467499999992
2016-10-13 23:00:00,145.21904999999992
2016-10-14 15:35:48,144.51592499999992
2016-10-14 18:09:32,144.79717499999992
2016-10-14 23:00:00,143.56279999999992
2016-10-17 14:45:55,144.20342499999992
2016-10-17 17:08:25,144.45342499999992
2016-10-17 18:25:19,144.60967499999992
2016-10-17 23:00:00,144.40654999999992
2016-10-18 14:44:40,143.82842499999992
2016-10-18 17:06:47,144.82842499999992
2016-10-18 18:25:29,144.76592499999992
2016-10-18 23:00:00,144.81279999999992
2016-10-19 15:03:58,144.73467499999992
2016-10-19 17:34:55,145.10967499999992
2016-10-19 18:53:21,144.92217499999992
2016-10-19 23:00:00,144.90654999999992
2016-10-20 15:02:35,145.42217499999992
2016-10-20 16:38:47,145.23467499999992
2016-10-20 23:00:00,145.00029999999992
2016-10-21 15:00:45,145.51592499999992
2016-10-21 17:31:07,145.01592499999992
2016-10-21 18:50:40,145.14092499999992
2016-10-21 23:00:00,145.43779999999992
2016-10-24 14:49:06,145.29717499999992
2016-10-24 17:18:17,144.54717499999992
2016-10-24 18:34:16,144.60967499999992
2016-10-24 23:00:00,144.84404999999992
2016-10-25 15:04:04,144.98467499999992
2016-10-25 17:41:46,145.20342499999992
2016-10-25 18:59:42,145.01592499999992
2016-10-25 23:00:00,145.12529999999992
2016-10-26 15:13:44,144.54717499999992
2016-10-26 16:46:08,144.42217499999992
2016-10-26 23:00:00,144.25029999999992
2016-10-27 14:19:35,143.29717499999992
2016-10-27 15:24:18,142.45342499999992
2016-10-27 16:31:29,142.54717499999992
2016-10-27 18:06:21,142.57842499999992
2016-10-27 23:00:00,142.78154999999992
2016-10-28 15:32:56,142.82842499999992
2016-10-28 17:04:53,142.73467499999992
2016-10-28 23:00:00,142.68779999999992
2016-10-31 14:53:27,142.92217499999992
2016-10-31 17:35:38,142.98467499999992
2016-10-31 18:44:01,143.07842499999992
2016-10-31 23:00:00,143.28154999999992
2016-11-01 15:01:05,142.73467499999992
2016-11-01 17:39:04,142.70342499999992
2016-11-01 18:45:04,143.35967499999992
2016-11-01 23:00:00,143.21904999999992
2016-11-02 14:35:41,143.42217499999992
2016-11-02 16:27:16,143.82842499999992
2016-11-02 18:53:18,143.79717499999992
2016-11-02 23:00:00,143.62529999999992
2016-11-03 14:07:37,142.90654999999992
2016-11-03 15:52:49,143.23467499999992
2016-11-03 18:35:29,143.10967499999992
2016-11-03 23:00:00,143.09404999999992
2016-11-04 15:18:10,143.76592499999992
2016-11-04 16:47:28,144.10967499999992
2016-11-04 23:00:00,143.96904999999992
2016-11-07 15:00:37,143.20342499999992
2016-11-07 17:28:52,142.82842499999992
2016-11-07 18:47:24,143.07842499999992
2016-11-07 23:00:00,143.06279999999992
2016-11-08 14:12:19,143.29717499999992
2016-11-08 16:56:54,142.67217499999992
2016-11-08 18:01:38,142.48467499999992
2016-11-08 23:00:00,142.65654999999992
2016-11-09 15:38:42,139.60967499999992
2016-11-09 18:25:53,138.14092499999992
2016-11-09 23:00:00,137.53154999999992
2016-11-10 11:40:50,137.51592499999992
2016-11-10 15:17:55,136.70342499999992
2016-11-10 16:51:47,137.48467499999992
2016-11-10 23:00:00,136.31279999999992
2016-11-11 15:05:20,136.45342499999992
2016-11-11 16:39:00,136.26592499999992
2016-11-11 23:00:00,135.71904999999992
2016-11-14 23:00:00,134.65654999999992
2016-11-15 23:00:00,134.87529999999992
2016-11-16 23:00:00,135.59404999999992
2016-11-17 14:09:32,134.70342499999992
2016-11-17 15:13:27,134.70342499999992
2016-11-17 16:15:25,134.73467499999992
2016-11-17 17:15:46,134.73467499999992
2016-11-17 18:34:33,134.10967499999992
2016-11-17 23:00:00,134.00029999999992
2016-11-18 14:11:50,134.32842499999992
2016-11-18 15:59:32,133.57842499999992
2016-11-18 16:59:54,133.67217499999992
2016-11-18 18:00:16,133.17217499999992
2016-11-18 19:00:38,133.42217499999992
2016-11-18 23:00:00,133.62529999999992
2016-11-21 14:28:16,133.95342499999992
2016-11-21 15:57:28,133.85967499999992
2016-11-21 16:57:50,133.82842499999992
2016-11-21 17:58:13,133.92217499999992
2016-11-21 18:58:36,133.67217499999992
2016-11-21 23:00:00,133.81279999999992
2016-11-22 14:12:20,134.42217499999992
2016-11-22 15:12:54,133.95342499999992
2016-11-22 16:13:34,133.95342499999992
2016-11-22 17:13:57,134.40654999999992
2016-11-22 18:14:20,134.10967499999992
2016-11-22 23:00:00,133.81279999999992
2016-11-23 14:11:22,132.54717499999992
2016-11-23 16:09:13,132.20342499999992
2016-11-23 17:09:38,132.82842499999992
2016-11-23 18:10:00,133.17217499999992
2016-11-23 23:00:00,133.34404999999992
2016-11-24 14:13:32,133.34404999999992
2016-11-24 15:14:16,133.34404999999992
2016-11-24 16:45:40,133.34404999999992
2016-11-24 17:47:06,133.34404999999992
2016-11-24 18:48:12,133.34404999999992
2016-11-25 14:13:21,133.34404999999992
2016-11-25 16:00:17,133.34404999999992
2016-11-25 17:00:38,133.34404999999992
2016-11-25 18:01:01,133.34404999999992
2016-11-25 23:00:00,133.43779999999992
2016-11-28 14:04:42,133.43779999999992
2016-11-28 15:07:09,133.43779999999992
2016-11-28 16:28:15,133.43779999999992
2016-11-28 17:28:38,133.43779999999992
2016-11-28 23:00:00,134.21904999999992
2016-11-29 14:13:49,133.79717499999992
2016-11-29 15:14:30,134.10967499999992
2016-11-29 16:34:44,133.85967499999992
2016-11-29 17:35:06,134.32842499999992
2016-11-29 18:35:29,134.42217499999992
2016-11-30 14:08:06,132.20342499999992
2016-11-30 15:09:22,132.42217499999992
2016-11-30 16:46:32,132.23467499999992
2016-11-30 17:46:53,132.60967499999992
2016-11-30 18:47:17,132.85967499999992
2016-11-30 23:00:00,132.78154999999992
2016-12-01 14:08:49,131.82842499999992
2016-12-01 15:09:46,131.20342499999992
2016-12-01 17:26:59,130.51592499999992
2016-12-01 18:27:23,131.04717499999992
2016-12-01 23:00:00,131.31279999999992
2016-12-02 14:01:07,131.67217499999992
2016-12-02 15:02:03,132.14092499999992
2016-12-02 17:39:52,132.51592499999992
2016-12-02 18:40:57,132.46904999999992
2016-12-02 23:00:00,132.18779999999992
2016-12-05 14:12:44,131.70342499999992
2016-12-05 15:14:32,131.29717499999992
2016-12-05 16:31:01,132.29717499999992
2016-12-05 17:31:25,132.45342499999992
2016-12-05 18:31:46,132.64092499999992
2016-12-05 23:00:00,132.25029999999992
2016-12-06 14:12:51,132.45342499999992
2016-12-06 16:05:06,132.32842499999992
2016-12-06 17:05:28,132.10967499999992
2016-12-06 18:05:50,132.10967499999992
2016-12-06 23:00:00,132.25029999999992
2016-12-07 14:12:15,132.51592499999992
2016-12-07 15:14:23,132.98467499999992
2016-12-07 16:34:48,132.76592499999992
2016-12-07 17:35:10,132.95342499999992
2016-12-07 18:35:32,133.01592499999992
2016-12-07 23:00:00,133.03154999999992
2016-12-08 14:07:04,131.85967499999992
2016-12-08 15:08:28,131.60967499999992
2016-12-08 16:44:17,131.54717499999992
2016-12-08 17:44:38,131.54717499999992
2016-12-08 18:45:01,131.76592499999992
2016-12-08 23:00:00,131.59404999999992
2016-12-09 14:43:32,131.29717499999992
2016-12-09 16:32:14,130.54717499999992
2016-12-09 17:32:34,129.95342499999992
2016-12-09 18:32:56,130.17217499999992
2016-12-09 23:00:00,130.15654999999992
2016-12-12 14:11:56,129.82842499999992
2016-12-12 15:13:32,129.89092499999992
2016-12-12 16:34:52,129.79717499999992
2016-12-12 17:35:15,130.26592499999992
2016-12-12 18:35:37,130.32842499999992
2016-12-12 23:00:00,130.40654999999992
2016-12-13 14:38:27,131.29717499999992
2016-12-13 16:27:41,130.76592499999992
2016-12-13 17:28:04,130.48467499999992
2016-12-13 18:28:27,130.64092499999992
2016-12-13 23:00:00,130.81279999999992
2016-12-14 14:10:06,131.76592499999992
2016-12-14 15:11:14,131.73467499999992
2016-12-14 17:24:57,131.73467499999992
2016-12-14 18:25:22,131.51592499999992
2016-12-14 23:00:00,129.46904999999992
2016-12-15 14:10:45,130.23467499999992
2016-12-15 15:11:10,129.95342499999992
2016-12-15 17:35:41,130.14092499999992
2016-12-15 18:36:40,130.10967499999992
2016-12-15 23:00:00,129.87529999999992
2016-12-16 14:10:07,130.39092499999992
2016-12-16 15:11:40,130.04717499999992
2016-12-16 16:14:07,129.64092499999992
2016-12-16 17:20:13,130.20342499999992
2016-12-16 18:20:39,130.20342499999992
2016-12-16 23:00:00,129.53154999999992
2016-12-19 14:13:56,130.29717499999992
2016-12-19 15:15:13,130.45342499999992
2016-12-19 16:34:41,130.54717499999992
2016-12-19 17:35:04,130.73467499999992
2016-12-19 18:35:26,130.57842499999992
2016-12-19 23:00:00,130.90654999999992
2016-12-20 14:40:28,130.07842499999992
2016-12-20 16:30:26,129.85967499999992
2016-12-20 17:30:48,130.26592499999992
2016-12-20 18:31:10,130.29717499999992
2016-12-20 23:00:00,130.34404999999992
2016-12-21 14:14:36,130.42217499999992
2016-12-21 15:16:31,130.48467499999992
2016-12-21 17:30:08,130.51592499999992
2016-12-21 18:30:35,130.73467499999992
2016-12-21 23:00:00,130.81279999999992
2016-12-22 14:11:08,130.29717499999992
2016-12-22 15:13:19,130.64092499999992
2016-12-22 17:39:44,130.57842499999992
2016-12-22 18:40:10,130.48467499999992
2016-12-22 23:00:00,130.71904999999992
2016-12-23 14:08:52,131.01592499999992
2016-12-23 15:10:57,130.95342499999992
2016-12-23 16:58:50,130.89092499999992
2016-12-23 17:59:14,130.92217499999992
2016-12-23 23:00:00,130.81279999999992
2016-12-27 14:06:58,130.32842499999992
2016-12-27 15:07:13,130.20342499999992
2016-12-27 16:12:49,130.14092499999992
2016-12-27 17:13:04,130.10967499999992
2016-12-27 18:13:20,130.10967499999992
2016-12-27 23:00:00,130.28154999999992
2016-12-28 14:38:26,130.45342499999992
2016-12-28 16:29:46,130.95342499999992
2016-12-28 17:30:06,130.82842499999992
2016-12-28 18:30:29,131.42217499999992
2016-12-28 23:00:00,131.43779999999992
2016-12-29 14:10:21,131.70342499999992
2016-12-29 15:12:42,131.57842499999992
2016-12-29 17:32:40,131.82842499999992
2016-12-29 18:33:02,132.07842499999992
2016-12-29 23:00:00,131.68779999999992
2016-12-30 14:12:00,131.57842499999992
2016-12-30 15:13:37,131.67217499999992
2016-12-30 17:31:52,132.14092499999992
2016-12-30 18:32:37,132.29717499999992
2016-12-30 23:00:00,132.18779999999992
2017-01-03 23:00:00,132.25029999999992
2017-01-04 14:10:38,132.20342499999992
2017-01-04 16:26:28,132.45342499999992
2017-01-04 17:26:51,132.54717499999992
2017-01-04 18:27:15,132.48467499999992
2017-01-04 23:00:00,132.65654999999992
2017-01-05 15:09:24,133.01592499999992
2017-01-05 17:44:11,134.26592499999992
2017-01-05 23:00:00,134.75029999999992
2017-01-06 14:25:57,133.79717499999992
2017-01-06 16:09:46,133.82842499999992
2017-01-06 18:49:30,133.64092499999992
2017-01-06 23:00:00,133.59404999999992
2017-01-09 14:49:54,134.54717499999992
2017-01-09 17:10:45,134.45342499999992
2017-01-09 18:26:13,134.37529999999992
2017-01-09 23:00:00,134.56279999999992
2017-01-10 14:45:57,134.48467499999992
2017-01-10 17:08:10,134.32842499999992
2017-01-10 18:24:49,134.23467499999992
2017-01-10 23:00:00,134.46904999999992
2017-01-11 14:48:33,134.26592499999992
2017-01-11 17:39:06,134.79717499999992
2017-01-11 18:56:47,134.89092499999992
2017-01-11 23:00:00,134.71904999999992
2017-01-12 15:12:48,135.48467499999992
2017-01-12 16:43:16,135.51592499999992
2017-01-12 23:00:00,134.43779999999992
2017-01-13 14:14:40,134.07842499999992
2017-01-13 15:58:51,133.45342499999992
2017-01-13 18:41:08,133.76592499999992
2017-01-13 23:00:00,133.81279999999992
2017-01-16 16:13:45,134.14092499999992
2017-01-16 17:38:16,134.14092499999992
2017-01-16 18:39:38,134.12529999999992
2017-01-17 14:12:30,135.51592499999992
2017-01-17 15:12:51,135.07842499999992
2017-01-17 16:13:13,135.09404999999992
2017-01-17 18:22:57,134.64092499999992
2017-01-17 23:00:00,135.09404999999992
2017-01-18 14:07:17,134.17217499999992
2017-01-18 15:07:43,134.29717499999992
2017-01-18 16:08:04,134.07842499999992
2017-01-18 17:08:24,134.04717499999992
2017-01-18 18:48:51,133.67217499999992
2017-01-18 23:00:00,133.43779999999992
2017-01-19 14:39:17,132.85967499999992
2017-01-19 15:45:51,132.29717499999992
2017-01-19 16:46:18,132.45342499999992
2017-01-19 17:46:42,132.29717499999992
2017-01-19 23:00:00,132.71904999999992
2017-01-20 14:28:20,132.39092499999992
2017-01-20 15:28:47,132.26592499999992
2017-01-20 16:29:59,131.89092499999992
2017-01-20 17:30:20,132.23467499999992
2017-01-20 23:00:00,132.50029999999992
2017-01-23 14:07:17,132.98467499999992
2017-01-23 15:07:41,133.26592499999992
2017-01-23 16:08:11,133.60967499999992
2017-01-23 18:38:24,133.92217499999992
2017-01-23 23:00:00,133.75029999999992
2017-01-24 14:04:00,133.26592499999992
2017-01-24 15:04:30,133.54717499999992
2017-01-24 16:04:53,133.29717499999992
2017-01-24 17:05:12,132.76592499999992
2017-01-24 18:42:50,132.48467499999992
2017-01-24 23:00:00,132.68779999999992
2017-01-25 14:27:53,131.76592499999992
2017-01-25 15:28:17,131.95342499999992
2017-01-25 16:28:38,131.54717499999992
2017-01-25 17:29:01,131.54717499999992
2017-01-25 23:00:00,131.34404999999992
2017-01-26 14:56:50,131.39092499999992
2017-01-26 15:58:55,131.01592499999992
2017-01-26 16:59:17,131.29717499999992
2017-01-26 17:59:39,131.35967499999992
2017-01-26 23:00:00,131.68779999999992
2017-01-27 15:09:16,131.89092499999992
2017-01-27 16:10:00,132.04717499999992
2017-01-27 17:10:21,131.82842499999992
2017-01-27 18:10:44,131.92217499999992
2017-01-27 23:00:00,132.12529999999992
2017-01-30 14:04:01,132.26592499999992
2017-01-30 15:04:27,131.92217499999992
2017-01-30 16:04:46,132.39092499999992
2017-01-30 17:05:07,132.17217499999992
2017-01-30 18:33:30,132.04717499999992
2017-01-30 23:00:00,131.84404999999992
2017-01-31 14:07:27,131.85967499999992
2017-01-31 15:07:52,132.70342499999992
2017-01-31 16:08:12,132.95342499999992
2017-01-31 17:08:32,132.70342499999992
2017-01-31 23:00:00,132.71904999999992
2017-02-01 14:28:14,131.98467499999992
2017-02-01 15:28:41,131.57842499999992
2017-02-01 16:29:03,131.98467499999992
2017-02-01 17:29:23,132.01592499999992
2017-02-01 23:00:00,132.25029999999992
2017-02-02 15:10:00,133.07842499999992
2017-02-02 16:10:29,132.95342499999992
2017-02-02 17:10:49,132.48467499999992
2017-02-02 18:11:10,132.39092499999992
2017-02-02 23:00:00,132.18779999999992
2017-02-03 15:04:23,132.73467499999992
2017-02-03 16:06:21,132.89092499999992
2017-02-03 17:06:40,132.79717499999992
2017-02-03 18:07:02,132.48467499999992
2017-02-03 23:00:00,132.06279999999992
2017-02-06 14:04:43,133.23467499999992
2017-02-06 15:07:47,132.73467499999992
2017-02-06 16:35:10,132.89092499999992
2017-02-06 17:35:35,133.01592499999992
2017-02-06 18:36:20,133.23467499999992
2017-02-06 23:00:00,133.18779999999992
2017-02-07 14:12:39,132.95342499999992
2017-02-07 15:14:20,133.17217499999992
2017-02-07 16:42:38,133.89092499999992
2017-02-07 17:43:05,134.10967499999992
2017-02-07 18:43:45,133.98467499999992
2017-02-07 23:00:00,133.84404999999992
2017-02-08 14:10:49,134.60967499999992
2017-02-08 15:13:47,134.92217499999992
2017-02-08 16:36:13,134.98467499999992
2017-02-08 17:36:43,135.26592499999992
2017-02-08 18:37:15,134.76592499999992
2017-02-08 23:00:00,135.34404999999992
2017-02-09 14:08:05,134.54717499999992
2017-02-09 15:09:38,134.42217499999992
2017-02-09 17:26:31,134.01592499999992
2017-02-09 18:27:08,133.95342499999992
2017-02-09 23:00:00,133.96904999999992
2017-02-10 14:13:47,133.26592499999992
2017-02-10 15:16:20,133.42217499999992
2017-02-10 17:27:12,133.92217499999992
2017-02-10 18:28:13,133.89092499999992
2017-02-10 23:00:00,133.78154999999992
2017-02-13 14:09:34,133.10967499999992
2017-02-13 15:11:54,132.98467499999992
2017-02-13 16:34:26,132.95342499999992
2017-02-13 17:34:50,133.07842499999992
2017-02-13 18:35:14,133.07842499999992
2017-02-13 23:00:00,133.25029999999992
2017-02-14 14:10:31,133.10967499999992
2017-02-14 15:12:39,132.32842499999992
2017-02-14 16:39:46,131.98467499999992
2017-02-14 17:40:27,131.95342499999992
2017-02-14 18:40:49,132.26592499999992
2017-02-14 23:00:00,132.37529999999992
2017-02-15 14:42:37,131.60967499999992
2017-02-15 16:35:48,131.76592499999992
2017-02-15 17:36:10,131.76592499999992
2017-02-15 18:38:05,131.57842499999992
2017-02-15 23:00:00,131.81279999999992
2017-02-16 14:08:32,131.89092499999992
2017-02-16 15:10:50,132.20342499999992
2017-02-16 17:16:31,132.73467499999992
2017-02-16 18:16:55,132.60967499999992
2017-02-16 23:00:00,132.53154999999992
2017-02-17 14:09:27,133.54717499999992
2017-02-17 15:11:35,133.54717499999992
2017-02-17 16:12:24,133.23467499999992
2017-02-17 17:48:40,133.23467499999992
2017-02-17 18:49:13,133.26592499999992
2017-02-17 23:00:00,133.21904999999992
2017-02-20 14:14:05,133.04717499999992
2017-02-20 15:15:03,133.01592499999992
2017-02-20 16:46:40,133.10967499999992
2017-02-20 17:48:25,133.04717499999992
2017-02-20 18:50:35,133.01592499999992
2017-02-21 14:13:55,132.54717499999992
2017-02-21 15:58:55,132.85967499999992
2017-02-21 16:59:17,133.39092499999992
2017-02-21 17:59:40,133.23467499999992
2017-02-21 19:00:04,133.04717499999992
2017-02-21 23:00:00,133.06279999999992
2017-02-22 14:44:34,133.79717499999992
2017-02-22 16:36:46,133.01592499999992
2017-02-22 17:37:09,132.89092499999992
2017-02-22 18:37:36,132.60967499999992
2017-02-22 23:00:00,133.31279999999992
2017-02-23 14:06:43,133.31279999999992
2017-02-23 15:10:07,133.31279999999992
2017-02-23 16:10:29,133.31279999999992
2017-02-23 18:06:13,133.31279999999992
2017-02-23 23:00:00,133.75029999999992
2017-02-24 14:22:32,133.75029999999992
2017-02-24 15:25:22,133.75029999999992
2017-02-24 17:30:52,133.75029999999992
2017-02-24 18:31:14,133.75029999999992
2017-02-24 23:00:00,135.09404999999992
2017-02-27 14:12:38,134.89092499999992
2017-02-27 15:15:00,134.73467499999992
2017-02-27 16:48:07,134.85967499999992
2017-02-27 17:48:47,134.70342499999992
2017-02-27 18:49:23,134.51592499999992
2017-02-27 23:00:00,134.50029999999992
2017-02-28 14:13:33,134.60967499999992
2017-02-28 15:17:34,134.70342499999992
2017-02-28 16:35:29,134.79717499999992
2017-02-28 17:35:51,135.01592499999992
2017-02-28 18:36:14,134.89092499999992
2017-02-28 23:00:00,134.78154999999992
2017-03-01 14:11:26,132.60967499999992
2017-03-01 15:14:56,132.57842499999992
2017-03-01 18:16:37,132.57842499999992
2017-03-01 23:00:00,132.75029999999992
2017-03-02 14:12:55,132.35967499999992
2017-03-02 16:02:24,132.04717499999992
2017-03-02 17:33:52,132.04717499999992
2017-03-02 23:00:00,132.28154999999992
2017-03-03 14:15:31,132.32842499999992
2017-03-03 16:06:04,132.01592499999992
2017-03-03 18:55:29,132.04717499999992
2017-03-03 23:00:00,132.50029999999992
2017-03-06 14:07:27,132.42217499999992
2017-03-06 15:07:52,132.20342499999992
2017-03-06 16:08:12,132.04717499999992
2017-03-06 17:08:32,132.01592499999992
2017-03-06 23:00:00,132.21904999999992
2017-03-07 14:10:28,132.14092499999992
2017-03-07 15:11:18,131.95342499999992
2017-03-07 16:12:33,131.82842499999992
2017-03-07 17:12:56,132.07842499999992
2017-03-07 23:00:00,131.87529999999992
2017-03-08 14:30:41,130.57842499999992
2017-03-08 15:32:26,130.76592499999992
2017-03-08 16:32:57,130.73467499999992
2017-03-08 17:33:24,130.92217499999992
2017-03-08 23:00:00,130.96904999999992
2017-03-09 14:53:42,130.42217499999992
2017-03-09 15:54:09,130.29717499999992
2017-03-09 16:54:30,130.29717499999992
2017-03-09 17:54:49,130.39092499999992
2017-03-09 23:00:00,129.87529999999992
2017-03-10 16:50:36,129.67217499999992
2017-03-10 17:51:04,130.01592499999992
2017-03-10 18:51:27,130.04717499999992
2017-03-10 23:00:00,130.06279999999992
2017-03-13 14:07:17,129.79717499999992
2017-03-13 15:07:43,129.73467499999992
2017-03-13 16:08:04,129.60967499999992
2017-03-13 17:08:29,129.42217499999992
2017-03-13 18:55:57,129.48467499999992
2017-03-13 23:00:00,129.06279999999992
2017-03-14 14:09:18,129.73467499999992
2017-03-14 15:09:46,129.82842499999992
2017-03-14 16:11:36,129.95342499999992
2017-03-14 17:12:02,130.04717499999992
2017-03-14 18:48:40,129.98467499999992
2017-03-14 23:00:00,129.78154999999992
2017-03-15 14:43:28,130.32842499999992
2017-03-15 23:00:00,131.46904999999992
2017-03-16 15:08:18,130.89092499999992
2017-03-16 16:08:54,130.92217499999992
2017-03-16 17:09:13,130.64092499999992
2017-03-16 18:09:36,130.67217499999992
2017-03-16 23:00:00,130.62529999999992
2017-03-17 15:00:39,131.39092499999992
2017-03-17 16:02:38,131.57842499999992
2017-03-17 17:03:03,131.54717499999992
2017-03-17 18:03:24,131.64092499999992
2017-03-17 23:00:00,131.59404999999992
2017-03-20 14:27:02,131.76592499999992
2017-03-20 15:27:28,132.04717499999992
2017-03-20 16:27:50,132.10967499999992
2017-03-20 17:28:12,132.14092499999992
2017-03-20 23:00:00,132.34404999999992
2017-03-21 18:09:16,133.23467499999992
2017-03-21 23:00:00,133.31279999999992
2017-03-22 14:17:50,134.20342499999992
2017-03-22 15:18:15,133.70342499999992
2017-03-22 16:19:48,133.79717499999992
2017-03-22 17:20:18,133.73467499999992
2017-03-22 23:00:00,133.71904999999992
2017-03-23 14:49:17,133.67217499999992
2017-03-23 15:51:42,133.57842499999992
2017-03-23 16:52:04,133.42217499999992
2017-03-23 17:52:25,133.64092499999992
2017-03-23 23:00:00,133.59404999999992
2017-03-24 14:45:38,133.92217499999992
2017-03-24 15:47:27,134.01592499999992
2017-03-24 16:47:48,133.98467499999992
2017-03-24 17:48:11,134.04717499999992
2017-03-24 23:00:00,133.93779999999992
2017-03-27 14:08:00,134.92217499999992
2017-03-27 15:08:27,134.79717499999992
2017-03-27 16:08:49,134.57842499999992
2017-03-27 18:21:21,134.60967499999992
2017-03-27 23:00:00,134.50029999999992
2017-03-28 23:00:00,133.65654999999992
2017-03-29 14:04:23,134.14092499999992
2017-03-29 15:05:00,134.07842499999992
2017-03-29 23:00:00,134.37529999999992
2017-03-30 14:23:37,134.04717499999992
2017-03-30 15:24:02,133.89092499999992
2017-03-30 16:24:32,133.92217499999992
2017-03-30 17:24:54,133.70342499999992
2017-03-30 23:00:00,133.53154999999992
2017-03-31 14:26:19,133.45342499999992
2017-03-31 15:32:35,133.54717499999992
2017-03-31 16:35:32,133.54717499999992
2017-03-31 17:35:55,133.64092499999992
2017-03-31 23:00:00,133.87529999999992
2017-04-03 14:04:43,134.04717499999992
2017-04-03 15:09:03,134.29717499999992
2017-04-03 16:38:31,135.17217499999992
2017-04-03 17:38:56,135.04717499999992
2017-04-03 18:39:18,134.98467499999992
2017-04-03 23:00:00,135.09404999999992
2017-04-04 14:09:35,135.10967499999992
2017-04-04 15:50:20,135.14092499999992
2017-04-04 16:50:42,134.64092499999992
2017-04-04 17:51:05,134.76592499999992
2017-04-04 18:51:30,134.82842499999992
2017-04-04 23:00:00,134.62529999999992
2017-04-05 14:11:02,134.42217499999992
2017-04-05 15:14:17,134.26592499999992
2017-04-05 16:36:07,134.57842499999992
2017-04-05 17:36:30,134.39092499999992
2017-04-05 18:36:52,134.32842499999992
2017-04-05 23:00:00,135.12529999999992
2017-04-06 14:09:09,134.67217499999992
2017-04-06 15:12:47,134.70342499999992
2017-04-06 16:50:13,134.25029999999992
2017-04-06 17:50:37,134.45342499999992
2017-04-06 18:51:00,134.45342499999992
2017-04-06 23:00:00,134.78154999999992
2017-04-07 14:08:56,135.51592499999992
2017-04-07 15:12:04,135.45342499999992
2017-04-07 17:33:53,135.10967499999992
2017-04-07 18:34:16,134.70342499999992
2017-04-07 23:00:00,134.37529999999992
2017-04-10 14:07:29,134.70342499999992
2017-04-10 15:48:23,134.89092499999992
2017-04-10 16:48:38,134.98467499999992
2017-04-10 17:49:37,134.98467499999992
2017-04-10 18:50:07,134.95342499999992
2017-04-10 23:00:00,134.84404999999992
2017-04-11 14:09:57,135.35967499999992
2017-04-11 15:13:24,135.48467499999992
2017-04-11 16:51:12,135.95342499999992
2017-04-11 17:51:42,135.73467499999992
2017-04-11 18:52:07,135.76592499999992
2017-04-11 23:00:00,135.90654999999992
2017-04-12 14:11:01,136.14092499999992
2017-04-12 15:14:55,135.92217499999992
2017-04-12 16:58:30,136.20342499999992
2017-04-12 17:58:53,136.14092499999992
2017-04-12 18:59:13,135.98467499999992
2017-04-12 23:00:00,136.50029999999992
2017-04-13 14:11:02,136.95342499999992
2017-04-13 15:15:07,136.60967499999992
2017-04-13 17:17:25,136.79717499999992
2017-04-13 18:17:49,137.14092499999992
2017-04-13 23:00:00,136.93779999999992
2017-04-17 14:16:19,136.92217499999992
2017-04-17 15:22:16,136.95342499999992
2017-04-17 16:37:36,136.76592499999992
2017-04-17 17:38:28,136.79717499999992
2017-04-17 18:38:50,136.76592499999992
2017-04-17 23:00:00,136.68779999999992
2017-04-18 14:13:10,137.26592499999992
2017-04-18 16:05:22,137.79717499999992
2017-04-18 17:05:42,138.20342499999992
2017-04-18 18:06:03,138.01592499999992
2017-04-18 23:00:00,138.31279999999992
2017-04-19 14:10:53,137.76592499999992
2017-04-19 15:15:27,137.48467499999992
2017-04-19 16:39:14,137.48467499999992
2017-04-19 17:39:39,137.82842499999992
2017-04-19 18:40:05,137.64092499999992
2017-04-19 23:00:00,137.65654999999992
2017-04-20 14:10:00,137.04717499999992
2017-04-20 15:14:55,137.20342499999992
2017-04-20 16:45:43,137.17217499999992
2017-04-20 17:46:52,136.98467499999992
2017-04-20 18:47:14,137.04717499999992
2017-04-20 23:00:00,137.28154999999992
2017-04-21 14:11:07,137.45342499999992
2017-04-21 15:15:30,137.60967499999992
2017-04-21 17:40:45,137.64092499999992
2017-04-21 18:41:35,137.70342499999992
2017-04-21 23:00:00,137.25029999999992
2017-04-24 14:04:43,136.17217499999992
2017-04-24 15:06:49,136.26592499999992
2017-04-24 16:35:13,136.53154999999992
2017-04-24 17:35:36,136.73467499999992
2017-04-24 18:36:00,136.51592499999992
2017-04-24 23:00:00,136.53154999999992
2017-04-25 14:23:00,135.82842499999992
2017-04-25 15:27:31,136.10967499999992
2017-04-25 16:46:05,135.89092499999992
2017-04-25 17:47:06,135.76592499999992
2017-04-25 18:48:08,135.73467499999992
2017-04-25 23:00:00,135.21904999999992
2017-04-26 14:43:55,135.32842499999992
2017-04-26 16:36:11,135.57842499999992
2017-04-26 17:36:34,135.51592499999992
2017-04-26 18:36:58,135.51592499999992
2017-04-26 23:00:00,135.90654999999992
2017-04-27 14:08:41,135.64092499999992
2017-04-27 15:12:31,135.45342499999992
2017-04-27 16:58:26,136.04717499999992
2017-04-27 17:58:48,135.82842499999992
2017-04-27 18:59:12,135.92217499999992
2017-04-27 23:00:00,135.90654999999992
2017-04-28 14:08:37,135.31279999999992
2017-04-28 15:13:04,135.64092499999992
2017-04-28 16:18:42,135.60967499999992
2017-04-28 18:14:25,135.73467499999992
2017-04-28 23:00:00,136.09404999999992
2017-05-01 14:03:37,135.82842499999992
2017-05-01 15:39:05,136.07842499999992
2017-05-01 16:40:20,135.35967499999992
2017-05-01 17:40:35,134.89092499999992
2017-05-01 18:40:49,134.98467499999992
2017-05-01 23:00:00,135.28154999999992
2017-05-02 14:14:11,135.07842499999992
2017-05-02 15:18:44,135.45342499999992
2017-05-02 16:57:38,135.57842499999992
2017-05-02 17:58:15,135.67217499999992
2017-05-02 18:58:43,135.70342499999992
2017-05-02 23:00:00,135.96904999999992
2017-05-03 14:50:12,136.17217499999992
2017-05-03 15:54:13,136.07842499999992
2017-05-03 17:45:41,136.14092499999992
2017-05-03 18:46:38,136.04717499999992
2017-05-03 23:00:00,135.62529999999992
2017-05-04 14:22:48,134.79717499999992
2017-05-04 15:26:33,134.60967499999992
2017-05-04 17:33:56,134.76592499999992
2017-05-04 18:34:19,134.85967499999992
2017-05-04 23:00:00,134.93779999999992
2017-05-05 14:22:54,135.17217499999992
2017-05-05 15:29:08,134.76592499999992
2017-05-05 17:17:29,134.92217499999992
2017-05-05 18:17:53,134.89092499999992
2017-05-05 23:00:00,134.84404999999992
2017-05-08 15:07:31,134.45342499999992
2017-05-08 16:42:21,134.45342499999992
2017-05-08 23:00:00,134.18779999999992
2017-05-09 15:40:52,133.89092499999992
2017-05-09 18:29:34,133.82842499999992
2017-05-09 23:00:00,134.03154999999992
2017-05-10 14:12:02,134.29717499999992
2017-05-10 16:04:07,134.17217499999992
2017-05-10 18:56:33,133.73467499999992
2017-05-10 23:00:00,133.81279999999992
2017-05-11 15:40:07,133.76592499999992
2017-05-11 17:17:01,133.67217499999992
2017-05-11 23:00:00,133.81279999999992
2017-05-12 14:09:24,134.20342499999992
2017-05-12 15:16:28,134.42217499999992
2017-05-12 16:24:08,134.57842499999992
2017-05-12 18:37:20,134.60967499999992
2017-05-12 23:00:00,134.65654999999992
2017-05-15 15:35:58,134.45342499999992
2017-05-15 18:10:11,134.32842499999992
2017-05-15 23:00:00,134.40654999999992
2017-05-16 15:29:19,134.73467499999992
2017-05-16 18:05:55,134.73467499999992
2017-05-16 23:00:00,134.84404999999992
2017-05-17 15:16:19,136.20342499999992
2017-05-17 16:51:16,136.23467499999992
2017-05-17 23:00:00,136.75029999999992
2017-05-18 14:22:21,137.01592499999992
2017-05-18 16:17:56,137.01592499999992
2017-05-18 23:00:00,136.87529999999992
2017-05-19 15:39:13,136.60967499999992
2017-05-19 17:15:16,136.79717499999992
2017-05-19 23:00:00,137.06279999999992
2017-05-22 14:04:31,136.98467499999992
2017-05-22 15:04:59,137.01592499999992
2017-05-22 16:42:04,136.98467499999992
2017-05-22 17:42:26,137.01592499999992
2017-05-22 18:42:49,136.98467499999992
2017-05-22 23:00:00,136.87529999999992
2017-05-23 14:14:22,136.87529999999992
2017-05-23 16:09:08,136.87529999999992
2017-05-23 17:09:34,136.87529999999992
2017-05-23 18:09:57,136.87529999999992
2017-05-23 23:00:00,136.31279999999992
2017-05-24 14:29:12,136.31279999999992
2017-05-24 15:29:40,136.31279999999992
2017-05-24 16:30:02,136.31279999999992
2017-05-24 17:30:22,136.31279999999992
2017-05-24 23:00:00,136.96904999999992
2017-05-25 15:06:05,136.96904999999992
2017-05-25 16:06:39,136.96904999999992
2017-05-25 17:07:05,136.96904999999992
2017-05-25 18:07:26,136.96904999999992
2017-05-25 23:00:00,136.93779999999992
2017-05-26 14:54:40,136.93779999999992
2017-05-26 15:55:37,136.93779999999992
2017-05-26 16:55:57,136.93779999999992
2017-05-26 17:56:18,136.93779999999992
2017-05-26 23:00:00,137.09404999999992
2017-05-29 14:22:47,137.09404999999992
2017-05-29 15:23:31,137.09404999999992
2017-05-29 16:24:19,137.09404999999992
2017-05-29 17:26:01,137.09404999999992
2017-05-30 14:23:03,137.09404999999992
2017-05-30 15:23:27,137.09404999999992
2017-05-30 16:24:30,137.09404999999992
2017-05-30 17:24:51,137.09404999999992
2017-05-30 23:00:00,137.75029999999992
2017-05-31 15:08:52,138.01592499999992
2017-05-31 16:09:25,137.98467499999992
2017-05-31 17:09:47,137.89092499999992
2017-05-31 18:10:07,138.04717499999992
2017-05-31 23:00:00,137.96904999999992
2017-06-01 15:14:39,137.73467499999992
2017-06-01 16:15:05,137.95342499999992
2017-06-01 17:15:27,137.76592499999992
2017-06-01 18:15:49,137.70342499999992
2017-06-01 23:00:00,137.96904999999992
2017-06-02 23:00:00,139.50029999999992
2017-06-05 14:24:21,138.76592499999992
2017-06-05 15:25:34,138.98467499999992
2017-06-05 16:26:17,138.82842499999992
2017-06-05 17:26:41,138.85967499999992
2017-06-05 23:00:00,138.78154999999992
2017-06-06 14:23:46,139.51592499999992
2017-06-06 15:24:13,139.35967499999992
2017-06-06 16:24:37,139.60967499999992
2017-06-06 17:24:59,139.57842499999992
2017-06-06 23:00:00,139.43779999999992
2017-06-07 14:57:36,139.23467499999992
2017-06-07 15:58:04,139.39092499999992
2017-06-07 16:58:26,138.95342499999992
2017-06-07 17:58:47,139.14092499999992
2017-06-07 23:00:00,138.93779999999992
2017-06-08 15:57:17,138.51592499999992
2017-06-08 16:57:44,138.67217499999992
2017-06-08 17:58:07,138.54717499999992
2017-06-08 18:58:30,138.64092499999992
2017-06-08 23:00:00,138.75029999999992
2017-06-09 16:01:54,138.10967499999992
2017-06-09 17:02:19,138.26592499999992
2017-06-09 18:02:41,138.23467499999992
2017-06-09 23:00:00,138.50029999999992
2017-06-12 14:22:49,138.29717499999992
2017-06-12 15:23:44,138.29717499999992
2017-06-12 16:24:07,138.45342499999992
2017-06-12 17:25:15,139.04717499999992
2017-06-12 23:00:00,138.43779999999992
2017-06-13 14:20:02,138.04717499999992
2017-06-13 15:20:28,138.26592499999992
2017-06-13 16:20:51,138.35967499999992
2017-06-13 17:21:11,138.29717499999992
2017-06-13 23:00:00,138.43779999999992
2017-06-14 15:19:35,140.01592499999992
2017-06-14 16:20:01,140.32842499999992
2017-06-14 17:20:22,140.35967499999992
2017-06-14 18:20:44,140.32842499999992
2017-06-14 23:00:00,140.06279999999992
2017-06-15 16:32:22,139.89092499999992
2017-06-15 17:32:49,139.85967499999992
2017-06-15 18:33:10,139.89092499999992
2017-06-15 23:00:00,139.87529999999992
2017-06-16 16:26:12,140.23467499999992
2017-06-16 17:26:37,140.10967499999992
2017-06-16 18:27:00,140.14092499999992
2017-06-16 23:00:00,140.12529999999992
2017-06-19 14:34:34,140.17217499999992
2017-06-19 15:35:33,140.04717499999992
2017-06-19 16:35:55,140.17217499999992
2017-06-19 17:36:22,140.07842499999992
2017-06-19 23:00:00,139.81279999999992
2017-06-20 14:44:19,140.45342499999992
2017-06-20 15:46:02,140.57842499999992
2017-06-20 16:46:25,140.57842499999992
2017-06-20 17:46:50,140.79717499999992
2017-06-20 23:00:00,140.71904999999992
2017-06-21 15:17:34,140.51592499999992
2017-06-21 16:18:00,140.73467499999992
2017-06-21 17:18:21,140.64092499999992
2017-06-21 18:18:42,140.73467499999992
2017-06-21 23:00:00,140.78154999999992
2017-06-22 14:14:23,140.98467499999992
2017-06-22 15:14:51,140.95342499999992
2017-06-22 17:44:28,140.73467499999992
2017-06-22 18:44:51,140.85967499999992
2017-06-22 23:00:00,141.03154999999992
2017-06-23 14:30:13,140.73467499999992
2017-06-23 15:31:41,140.70342499999992
2017-06-23 16:32:01,140.95342499999992
2017-06-23 17:32:14,140.82842499999992
2017-06-23 23:00:00,141.00029999999992
2017-06-26 16:19:18,141.57842499999992
2017-06-26 17:19:45,141.48467499999992
2017-06-26 18:20:09,141.45342499999992
2017-06-26 23:00:00,141.34404999999992
2017-06-27 14:06:55,140.60967499999992
2017-06-27 15:07:20,140.35967499999992
2017-06-27 17:56:34,140.01592499999992
2017-06-27 18:56:57,139.82842499999992
2017-06-27 23:00:00,139.93779999999992
2017-06-28 14:04:38,139.67217499999992
2017-06-28 17:21:18,139.48467499999992
2017-06-28 18:21:40,139.35967499999992
2017-06-28 23:00:00,139.46904999999992
2017-06-29 14:12:23,138.20342499999992
2017-06-29 15:12:49,138.39092499999992
2017-06-29 18:12:14,138.70342499999992
2017-06-29 23:00:00,138.62529999999992
2017-06-30 23:00:00,138.25029999999992
2017-07-03 14:21:13,138.23467499999992
2017-07-03 15:27:20,137.60967499999992
2017-07-03 16:33:15,137.35967499999992
2017-07-03 18:56:19,137.35967499999992
2017-07-03 23:00:00,137.46904999999992
2017-07-04 14:05:57,137.48467499999992
2017-07-04 15:12:37,137.48467499999992
2017-07-04 16:18:57,137.42217499999992
2017-07-04 18:25:41,137.39092499999992
2017-07-05 14:16:54,137.45342499999992
2017-07-05 15:22:56,137.79717499999992
2017-07-05 16:28:28,137.67217499999992
2017-07-05 23:00:00,137.75029999999992
2017-07-06 14:34:56,136.70342499999992
2017-07-06 15:41:08,136.51592499999992
2017-07-06 16:53:40,136.48467499999992
2017-07-06 23:00:00,136.71904999999992
2017-07-07 14:35:15,136.35967499999992
2017-07-07 18:25:49,136.20342499999992
2017-07-07 23:00:00,136.25029999999992
2017-07-10 23:00:00,136.25029999999992
2017-07-11 23:00:00,136.25029999999992
2017-07-12 14:21:15,137.32842499999992
2017-07-12 15:27:14,137.10967499999992
2017-07-12 16:34:33,137.32842499999992
2017-07-12 18:35:08,137.20342499999992
2017-07-12 23:00:00,137.37529999999992
2017-07-13 16:49:52,136.51592499999992
2017-07-13 18:20:04,136.42217499999992
2017-07-13 23:00:00,136.62529999999992
2017-07-14 14:11:05,137.79717499999992
2017-07-14 17:34:56,137.01592499999992
2017-07-14 18:56:00,137.07842499999992
2017-07-14 23:00:00,136.84404999999992
2017-07-17 14:33:52,137.04717499999992
2017-07-17 15:38:38,137.10967499999992
2017-07-17 16:41:01,137.10967499999992
2017-07-17 23:00:00,137.06279999999992
2017-07-18 14:25:16,137.89092499999992
2017-07-18 16:18:35,138.10967499999992
2017-07-18 17:53:57,138.14092499999992
2017-07-18 23:00:00,138.28154999999992
2017-07-19 16:01:59,138.32842499999992
2017-07-19 17:35:56,138.26592499999992
2017-07-19 23:00:00,138.25029999999992
2017-07-20 16:21:47,138.89092499999992
2017-07-20 17:58:52,138.95342499999992
2017-07-20 23:00:00,138.68779999999992
2017-07-21 14:17:07,139.01592499999992
2017-07-21 18:12:46,139.23467499999992
2017-07-21 23:00:00,139.06279999999992
2017-07-24 16:07:54,138.82842499999992
2017-07-24 17:42:11,138.73467499999992
2017-07-24 23:00:00,138.59404999999992
2017-07-25 16:20:54,137.10967499999992
2017-07-25 17:57:30,137.20342499999992
2017-07-25 23:00:00,137.00029999999992
2017-07-26 17:06:09,136.73467499999992
2017-07-26 18:28:37,137.04717499999992
2017-07-26 23:00:00,137.40654999999992
2017-07-27 14:17:46,136.73467499999992
2017-07-27 17:58:37,136.82842499999992
2017-07-27 23:00:00,136.84404999999992
2017-07-28 17:17:56,137.32842499999992
2017-07-28 18:42:35,137.42217499999992
2017-07-28 23:00:00,137.56279999999992
2017-07-31 16:14:04,137.35967499999992
2017-07-31 17:48:14,137.42217499999992
2017-07-31 23:00:00,137.34404999999992
2017-08-01 16:13:26,138.20342499999992
2017-08-01 17:46:47,138.14092499999992
2017-08-01 23:00:00,138.34404999999992
2017-08-02 16:09:38,138.79717499999992
2017-08-02 17:45:47,138.67217499999992
2017-08-02 23:00:00,138.43779999999992
2017-08-03 17:28:08,139.17217499999992
2017-08-03 18:51:34,139.14092499999992
2017-08-03 23:00:00,139.59404999999992
2017-08-04 16:44:50,138.42217499999992
2017-08-04 18:19:36,138.57842499999992
2017-08-04 23:00:00,138.62529999999992
2017-08-07 16:15:59,138.54717499999992
2017-08-07 17:50:26,138.73467499999992
2017-08-07 23:00:00,138.75029999999992
2017-08-08 16:31:15,138.01592499999992
2017-08-08 18:07:05,138.42217499999992
2017-08-08 23:00:00,138.59404999999992
2017-08-09 16:08:14,139.32842499999992
2017-08-09 17:45:25,139.17217499999992
2017-08-09 23:00:00,139.03154999999992
2017-08-10 14:17:55,139.39092499999992
2017-08-10 18:02:17,139.23467499999992
2017-08-10 23:00:00,139.87529999999992
2017-08-11 15:27:03,139.51592499999992
2017-08-11 16:36:10,139.82842499999992
2017-08-11 17:36:43,139.79717499999992
2017-08-11 18:37:11,139.82842499999992
2017-08-11 23:00:00,139.87529999999992
2017-08-14 16:39:11,139.67217499999992
2017-08-14 18:30:05,139.73467499999992
2017-08-14 23:00:00,139.43779999999992
2017-08-15 16:16:04,138.82842499999992
2017-08-15 17:52:19,138.95342499999992
2017-08-15 23:00:00,138.62529999999992
2017-08-16 14:16:27,138.35967499999992
2017-08-16 17:53:13,139.04717499999992
2017-08-16 23:00:00,139.40654999999992
2017-08-17 14:20:13,139.20342499999992
2017-08-17 18:05:49,139.98467499999992
2017-08-17 23:00:00,140.28154999999992
2017-08-18 17:04:02,140.23467499999992
2017-08-18 18:28:24,140.04717499999992
2017-08-18 23:00:00,140.21904999999992
2017-08-21 16:05:35,140.21904999999992
2017-08-21 17:39:41,140.21904999999992
2017-08-21 23:00:00,140.53154999999992
2017-08-22 16:17:46,140.53154999999992
2017-08-22 17:52:48,140.53154999999992
2017-08-22 23:00:00,140.00029999999992
2017-08-23 16:23:46,140.00029999999992
2017-08-23 17:59:56,140.00029999999992
2017-08-23 23:00:00,140.90654999999992
2017-08-24 17:01:16,140.90654999999992
2017-08-24 18:27:40,140.90654999999992
2017-08-24 23:00:00,140.50029999999992
2017-08-25 16:46:47,140.50029999999992
2017-08-25 18:18:54,140.50029999999992
2017-08-25 23:00:00,140.96904999999992
2017-08-28 16:14:57,140.96904999999992
2017-08-28 17:50:29,140.96904999999992
2017-08-28 23:00:00,141.03154999999992
2017-08-29 16:17:16,141.76592499999992
2017-08-29 17:55:41,141.48467499999992
2017-08-29 23:00:00,141.43779999999992
2017-08-30 17:02:16,141.48467499999992
2017-08-30 18:25:51,141.23467499999992
2017-08-30 23:00:00,141.43779999999992
2017-08-31 14:23:38,141.40654999999992
2017-08-31 18:07:10,141.54717499999992
2017-08-31 23:00:00,141.71904999999992
2017-09-01 14:12:47,141.23467499999992
2017-09-01 17:55:41,141.04717499999992
2017-09-01 23:00:00,140.65654999999992
2017-09-04 14:41:13,141.10967499999992
2017-09-04 16:39:04,141.17217499999992
2017-09-04 18:08:32,141.20342499999992
2017-09-05 16:08:25,142.23467499999992
2017-09-05 17:35:39,142.48467499999992
2017-09-05 23:00:00,142.78154999999992
2017-09-06 16:30:34,142.89092499999992
2017-09-06 18:08:53,142.29717499999992
2017-09-06 23:00:00,141.96904999999992
2017-09-07 16:59:20,143.29717499999992
2017-09-07 18:21:12,142.85967499999992
2017-09-07 23:00:00,143.21904999999992
2017-09-08 16:52:18,142.79717499999992
2017-09-08 18:15:44,142.82842499999992
2017-09-08 23:00:00,143.00029999999992
2017-09-11 16:27:21,141.79717499999992
2017-09-11 18:03:52,141.67217499999992
2017-09-11 23:00:00,141.43779999999992
2017-09-12 16:21:56,140.82842499999992
2017-09-12 17:57:51,140.89092499999992
2017-09-12 23:00:00,140.84404999999992
2017-09-13 16:40:22,140.60967499999992
2017-09-13 18:18:16,140.64092499999992
2017-09-13 23:00:00,140.40654999999992
2017-09-14 23:00:00,140.78154999999992
2017-09-15 16:28:22,140.54717499999992
2017-09-15 18:06:47,140.64092499999992
2017-09-15 23:00:00,140.59404999999992
2017-09-18 14:25:47,140.20342499999992
2017-09-18 16:24:23,140.04717499999992
2017-09-18 23:00:00,139.96904999999992
2017-09-19 16:20:52,139.79717499999992
2017-09-19 17:53:35,139.67217499999992
2017-09-19 23:00:00,139.65654999999992
2017-09-20 16:15:07,139.76592499999992
2017-09-20 17:52:12,139.54717499999992
2017-09-20 23:00:00,139.40654999999992
2017-09-21 17:20:27,139.73467499999992
2017-09-21 18:46:38,139.54717499999992
2017-09-21 23:00:00,139.50029999999992
2017-09-22 17:22:00,139.73467499999992
2017-09-22 18:46:54,139.82842499999992
2017-09-22 23:00:00,139.87529999999992
2017-09-25 16:26:25,140.57842499999992
2017-09-25 18:03:50,140.45342499999992
2017-09-25 23:00:00,140.53154999999992
2017-09-26 15:05:12,140.17217499999992
2017-09-26 16:46:30,140.10967499999992
2017-09-26 18:19:20,140.10967499999992
2017-09-26 23:00:00,140.28154999999992
2017-09-27 17:20:40,138.76592499999992
2017-09-27 18:45:53,138.60967499999992
2017-09-27 23:00:00,138.68779999999992
2017-09-28 14:16:47,137.85967499999992
2017-09-28 17:58:09,138.26592499999992
2017-09-28 23:00:00,138.37529999999992
2017-09-29 17:35:20,138.39092499999992
2017-09-29 23:00:00,138.21904999999992
2017-10-02 16:18:27,138.35967499999992
2017-10-02 17:59:59,138.29717499999992
2017-10-02 23:00:00,138.18779999999992
2017-10-03 16:07:33,138.29717499999992
2017-10-03 17:09:22,138.26592499999992
2017-10-03 18:10:42,138.23467499999992
2017-10-03 23:00:00,138.43779999999992
2017-10-04 16:18:03,137.95342499999992
2017-10-04 18:02:41,138.04717499999992
2017-10-04 23:00:00,138.34404999999992
2017-10-05 14:38:35,138.10967499999992
2017-10-05 18:23:03,137.82842499999992
2017-10-05 23:00:00,137.93779999999992
2017-10-06 14:43:55,136.98467499999992
2017-10-06 18:51:51,137.60967499999992
2017-10-06 23:00:00,137.65654999999992
2017-10-09 16:33:36,137.70342499999992
2017-10-09 18:13:59,137.70342499999992
2017-10-09 23:00:00,137.81279999999992
2017-10-10 14:04:26,137.73467499999992
2017-10-10 15:04:51,138.42217499999992
2017-10-10 16:05:15,138.51592499999992
2017-10-10 17:58:41,138.20342499999992
2017-10-10 18:59:05,138.10967499999992
2017-10-10 23:00:00,137.96904999999992
2017-10-11 15:42:57,138.23467499999992
2017-10-11 16:43:25,138.23467499999992
2017-10-11 17:43:44,138.14092499999992
2017-10-11 18:44:05,138.10967499999992
2017-10-11 23:00:00,138.21904999999992
2017-10-12 14:12:34,138.35967499999992
2017-10-12 17:14:53,138.17217499999992
2017-10-12 18:15:16,138.42217499999992
2017-10-12 23:00:00,138.75029999999992
2017-10-13 14:05:34,139.29717499999992
2017-10-13 17:29:02,139.54717499999992
2017-10-13 18:29:25,139.60967499999992
2017-10-13 23:00:00,139.65654999999992
2017-10-16 23:00:00,139.50029999999992
2017-10-17 15:00:18,139.32842499999992
2017-10-17 23:00:00,139.32842499999992
2017-10-18 14:16:40,138.70342499999992
2017-10-18 15:17:04,138.48467499999992
2017-10-18 18:54:37,138.60967499999992
2017-10-18 23:00:00,138.75029999999992
2017-10-19 14:27:00,139.26592499999992
2017-10-19 15:27:25,139.60967499999992
2017-10-19 16:28:02,139.45342499999992
2017-10-19 23:00:00,139.03154999999992
2017-10-20 14:08:03,137.92217499999992
2017-10-20 17:30:37,137.60967499999992
2017-10-20 18:31:02,137.70342499999992
2017-10-20 23:00:00,137.75029999999992
2017-10-23 14:54:14,138.04717499999992
2017-10-23 15:56:01,138.10967499999992
2017-10-23 16:56:21,138.07842499999992
2017-10-23 17:56:41,138.01592499999992
2017-10-23 23:00:00,138.00029999999992
2017-10-24 15:26:17,137.32842499999992
2017-10-24 16:26:43,137.20342499999992
2017-10-24 17:27:04,137.17217499999992
2017-10-24 18:27:25,137.23467499999992
2017-10-24 23:00:00,137.18779999999992
2017-10-25 14:10:49,136.32842499999992
2017-10-25 17:03:42,136.51592499999992
2017-10-25 18:04:37,136.60967499999992
2017-10-25 23:00:00,136.59404999999992
2017-10-26 14:04:18,136.89092499999992
2017-10-26 15:04:46,136.54717499999992
2017-10-26 17:45:18,136.57842499999992
2017-10-26 18:45:47,136.23467499999992
2017-10-26 23:00:00,136.21904999999992
2017-10-27 14:10:02,136.26592499999992
2017-10-27 15:10:28,136.54717499999992
2017-10-27 23:00:00,136.90654999999992
2017-10-30 14:16:13,137.48467499999992
2017-10-30 15:16:42,137.35967499999992
2017-10-30 23:00:00,137.93779999999992
2017-10-31 14:08:59,137.95342499999992
2017-10-31 16:49:49,138.04717499999992
2017-10-31 17:50:15,138.07842499999992
2017-10-31 18:53:53,138.07842499999992
2017-10-31 23:00:00,137.93779999999992
2017-11-01 14:29:45,138.35967499999992
2017-11-01 15:31:34,138.70342499999992
2017-11-01 18:44:03,138.42217499999992
2017-11-01 23:00:00,138.40654999999992
2017-11-02 14:07:37,138.85967499999992
2017-11-02 15:08:05,138.82842499999992
2017-11-02 18:30:30,139.04717499999992
2017-11-02 23:00:00,139.09404999999992
2017-11-03 14:10:21,139.26592499999992
2017-11-03 15:10:49,138.95342499999992
2017-11-03 18:29:56,139.29717499999992
2017-11-03 23:00:00,139.43779999999992
2017-11-06 16:18:38,139.73467499999992
2017-11-06 17:19:06,139.76592499999992
2017-11-06 18:19:27,139.79717499999992
2017-11-06 23:00:00,139.81279999999992
2017-11-07 14:12:10,139.92217499999992
2017-11-07 16:49:03,140.14092499999992
2017-11-07 17:49:22,140.29717499999992
2017-11-07 18:49:45,140.17217499999992
2017-11-07 23:00:00,140.18779999999992
2017-11-08 14:04:07,140.17217499999992
2017-11-08 15:04:37,140.23467499999992
2017-11-08 17:50:20,139.98467499999992
2017-11-08 18:50:46,139.95342499999992
2017-11-08 23:00:00,139.84404999999992
2017-11-09 14:11:37,139.29717499999992
2017-11-09 23:00:00,139.50029999999992
2017-11-10 14:35:06,138.29717499999992
2017-11-10 15:36:44,138.23467499999992
2017-11-10 18:52:01,137.82842499999992
2017-11-10 23:00:00,137.78154999999992
2017-11-13 15:31:24,138.10967499999992
2017-11-13 16:31:52,138.07842499999992
2017-11-13 17:32:13,138.17217499999992
2017-11-13 18:32:37,138.01592499999992
2017-11-13 23:00:00,137.93779999999992
2017-11-14 14:09:17,138.10967499999992
2017-11-14 16:36:40,138.54717499999992
2017-11-14 17:37:02,138.48467499999992
2017-11-14 18:37:36,138.51592499999992
2017-11-14 23:00:00,138.56279999999992
2017-11-15 14:04:16,139.60967499999992
2017-11-15 15:04:42,139.64092499999992
2017-11-15 17:52:16,139.35967499999992
2017-11-15 18:52:43,139.42217499999992
2017-11-15 23:00:00,139.75029999999992
2017-11-16 14:04:48,139.39092499999992
2017-11-16 15:05:14,139.42217499999992
2017-11-16 16:05:53,139.42217499999992
2017-11-16 23:00:00,138.84404999999992
2017-11-17 14:15:09,139.26592499999992
2017-11-17 15:15:57,139.48467499999992
2017-11-17 18:51:05,139.54717499999992
2017-11-17 23:00:00,139.56279999999992
2017-11-20 14:11:16,139.35967499999992
2017-11-20 17:10:15,139.23467499999992
2017-11-20 18:10:52,139.26592499999992
2017-11-20 23:00:00,139.46904999999992
2017-11-21 14:28:24,140.01592499999992
2017-11-21 17:26:34,139.60967499999992
2017-11-21 18:26:56,139.73467499999992
2017-11-21 23:00:00,139.75029999999992
2017-11-22 14:15:22,139.48467499999992
2017-11-22 15:15:48,139.79717499999992
2017-11-22 18:23:37,139.92217499999992
2017-11-22 23:00:00,140.15654999999992
2017-11-23 14:09:23,140.10967499999992
2017-11-23 15:09:58,140.10967499999992
2017-11-23 16:13:32,140.14092499999992
2017-11-24 14:05:42,139.95342499999992
2017-11-24 15:06:12,139.92217499999992
2017-11-24 16:08:16,139.92217499999992
2017-11-24 23:00:00,139.90654999999992
2017-11-27 14:12:08,139.90654999999992
2017-11-27 16:42:48,139.90654999999992
2017-11-27 17:43:11,139.90654999999992
2017-11-27 18:43:32,139.90654999999992
2017-11-27 23:00:00,139.84404999999992
2017-11-28 14:26:31,140.01592499999992
2017-11-28 17:25:59,140.39092499999992
2017-11-28 18:26:20,140.10967499999992
2017-11-28 23:00:00,139.93779999999992
2017-11-29 23:00:00,139.93779999999992
2017-11-30 14:08:04,138.60967499999992
2017-11-30 15:08:26,138.73467499999992
2017-11-30 16:09:14,138.54717499999992
2017-11-30 17:09:34,138.48467499999992
2017-11-30 23:00:00,138.37529999999992
2017-12-01 14:11:15,139.17217499999992
2017-12-01 15:11:47,139.23467499999992
2017-12-01 18:47:52,139.95342499999992
2017-12-01 23:00:00,139.87529999999992
2017-12-04 16:30:36,139.51592499999992
2017-12-04 17:31:03,139.42217499999992
2017-12-04 18:31:25,139.67217499999992
2017-12-04 23:00:00,139.81279999999992
2017-12-05 16:36:47,139.95342499999992
2017-12-05 17:37:21,140.10967499999992
2017-12-05 18:37:51,140.14092499999992
2017-12-05 23:00:00,140.31279999999992
2017-12-06 14:11:39,140.82842499999992
2017-12-06 15:12:08,141.07842499999992
2017-12-06 17:56:49,141.07842499999992
2017-12-06 18:57:14,141.04717499999992
2017-12-06 23:00:00,140.68779999999992
2017-12-07 14:14:18,140.82842499999992
2017-12-07 15:14:49,140.95342499999992
2017-12-07 23:00:00,139.96904999999992
2017-12-08 14:18:54,139.54717499999992
2017-12-08 15:19:23,139.70342499999992
2017-12-08 18:29:56,139.67217499999992
2017-12-08 23:00:00,139.71904999999992
2017-12-11 14:24:17,139.98467499999992
2017-12-11 16:57:36,140.04717499999992
2017-12-11 17:58:06,139.89092499999992
2017-12-11 18:58:27,139.82842499999992
2017-12-11 23:00:00,139.62529999999992
2017-12-12 23:00:00,139.46904999999992
2017-12-13 14:10:08,139.92217499999992
2017-12-13 16:53:34,139.79717499999992
2017-12-13 17:53:56,139.79717499999992
2017-12-13 18:54:17,140.01592499999992
2017-12-13 23:00:00,140.46904999999992
2017-12-14 15:48:28,139.95342499999992
2017-12-14 16:49:48,140.32842499999992
2017-12-14 17:50:56,140.57842499999992
2017-12-14 18:51:10,140.57842499999992
2017-12-14 23:00:00,140.75029999999992
2017-12-15 14:04:19,140.73467499999992
2017-12-15 15:04:45,140.57842499999992
2017-12-15 16:05:36,140.57842499999992
2017-12-15 23:00:00,141.03154999999992
2017-12-18 16:26:34,140.42217499999992
2017-12-18 17:27:02,140.26592499999992
2017-12-18 18:27:26,140.04717499999992
2017-12-18 23:00:00,140.03154999999992
2017-12-19 14:27:14,139.17217499999992
2017-12-19 17:15:18,138.35967499999992
2017-12-19 18:15:44,138.20342499999992
2017-12-19 23:00:00,138.46904999999992
2017-12-20 14:11:45,137.51592499999992
2017-12-20 15:12:16,137.51592499999992
2017-12-20 17:56:21,137.54717499999992
2017-12-20 18:57:07,137.29717499999992
2017-12-20 23:00:00,137.28154999999992
2017-12-21 14:10:27,137.35967499999992
2017-12-21 15:10:53,137.45342499999992
2017-12-21 18:54:36,137.73467499999992
2017-12-21 23:00:00,137.71904999999992
2017-12-22 14:07:38,137.60967499999992
2017-12-22 15:08:03,137.70342499999992
2017-12-22 18:53:19,137.85967499999992
2017-12-22 23:00:00,137.84404999999992
2017-12-26 15:23:58,138.17217499999992
2017-12-26 16:27:30,138.42217499999992
2017-12-26 17:27:53,138.29717499999992
2017-12-26 18:28:16,138.17217499999992
2017-12-26 23:00:00,138.18779999999992
2017-12-27 14:19:36,138.73467499999992
2017-12-27 17:05:07,139.35967499999992
2017-12-27 18:05:26,139.39092499999992
2017-12-27 23:00:00,139.62529999999992
2017-12-28 14:07:46,139.35967499999992
2017-12-28 15:08:19,139.39092499999992
2017-12-28 18:00:00,139.23467499999992
2017-12-28 19:00:22,139.32842499999992
2017-12-28 23:00:00,139.43779999999992
2017-12-29 23:00:00,139.59404999999992
2018-01-02 14:11:33,139.32842499999992
2018-01-02 15:12:38,138.67217499999992
2018-01-02 16:13:29,138.48467499999992
2018-01-02 17:14:10,138.32842499999992
2018-01-02 23:00:00,138.50029999999992
2018-01-03 15:22:26,138.67217499999992
2018-01-03 16:23:20,138.89092499999992
2018-01-03 17:23:44,138.92217499999992
2018-01-03 18:24:04,138.92217499999992
2018-01-03 23:00:00,138.93779999999992
2018-01-04 14:05:44,138.42217499999992
2018-01-04 16:43:52,138.73467499999992
2018-01-04 17:44:22,138.85967499999992
2018-01-04 18:44:44,138.89092499999992
2018-01-04 23:00:00,138.96904999999992
2018-01-05 14:09:55,138.79717499999992
2018-01-05 15:10:23,139.04717499999992
2018-01-05 17:50:02,138.42217499999992
2018-01-05 23:00:00,138.42217499999992
2018-01-08 15:36:20,138.64092499999992
2018-01-08 16:36:41,138.29717499999992
2018-01-08 17:37:09,138.23467499999992
2018-01-08 18:37:35,138.32842499999992
2018-01-08 23:00:00,138.50029999999992
2018-01-09 14:10:58,137.79717499999992
2018-01-09 16:42:06,137.17217499999992
2018-01-09 17:42:31,137.01592499999992
2018-01-09 18:42:53,137.04717499999992
2018-01-09 23:00:00,136.84404999999992
2018-01-10 14:12:45,135.95342499999992
2018-01-10 17:44:59,136.10967499999992
2018-01-10 18:45:24,136.45342499999992
2018-01-10 23:00:00,136.75029999999992
2018-01-11 14:28:03,136.39092499999992
2018-01-11 15:28:44,136.42217499999992
2018-01-11 19:00:37,137.04717499999992
2018-01-11 23:00:00,137.00029999999992
2018-01-12 14:09:14,136.42217499999992
2018-01-12 15:09:50,136.76592499999992
2018-01-12 23:00:00,137.15654999999992
2018-01-15 14:14:03,137.23467499999992
2018-01-15 15:21:06,137.14092499999992
2018-01-15 16:28:07,137.07842499999992
2018-01-15 18:49:02,137.06279999999992
2018-01-16 14:20:41,137.67217499999992
2018-01-16 15:28:46,137.39092499999992
2018-01-16 16:38:01,137.23467499999992
2018-01-16 23:00:00,137.56279999999992
2018-01-17 18:01:23,137.54717499999992
2018-01-17 23:00:00,137.15654999999992
2018-01-18 15:02:01,136.17217499999992
2018-01-18 16:11:40,136.17217499999992
2018-01-18 17:12:07,136.32842499999992
2018-01-18 18:12:29,136.42217499999992
2018-01-18 23:00:00,136.21904999999992
2018-01-19 15:04:09,135.79717499999992
2018-01-19 16:13:40,135.67217499999992
2018-01-19 17:14:05,135.76592499999992
2018-01-19 18:14:29,135.57842499999992
2018-01-19 23:00:00,135.65654999999992
2018-01-22 14:17:40,135.48467499999992
2018-01-22 15:26:42,135.60967499999992
2018-01-22 16:38:21,135.54717499999992
2018-01-22 18:52:18,135.67217499999992
2018-01-22 23:00:00,135.37529999999992
2018-01-23 14:13:45,135.85967499999992
2018-01-23 15:23:56,136.14092499999992
2018-01-23 16:34:40,136.04717499999992
2018-01-23 18:55:35,135.95342499999992
2018-01-23 23:00:00,135.87529999999992
2018-01-24 14:55:21,135.26592499999992
2018-01-24 16:05:28,135.23467499999992
2018-01-24 17:05:56,135.10967499999992
2018-01-24 18:06:18,134.95342499999992
2018-01-24 23:00:00,135.21904999999992
2018-01-25 14:51:33,135.70342499999992
2018-01-25 16:02:10,135.20342499999992
2018-01-25 17:02:34,135.39092499999992
2018-01-25 18:02:58,135.57842499999992
2018-01-25 23:00:00,136.00029999999992
2018-01-26 17:09:27,135.64092499999992
2018-01-26 18:35:00,135.23467499999992
2018-01-26 23:00:00,135.40654999999992
2018-01-29 17:05:04,134.64092499999992
2018-01-29 18:35:09,134.45342499999992
2018-01-29 23:00:00,134.84404999999992
2018-01-30 14:29:12,134.57842499999992
2018-01-30 18:14:40,134.20342499999992
2018-01-30 23:00:00,134.12529999999992
2018-01-31 14:58:18,134.45342499999992
2018-01-31 23:00:00,134.56279999999992
2018-02-01 14:39:40,134.04717499999992
2018-02-01 18:36:02,133.76592499999992
2018-02-01 23:00:00,133.15654999999992
2018-02-02 14:46:01,132.89092499999992
2018-02-02 18:39:15,131.70342499999992
2018-02-02 23:00:00,131.62529999999992
2018-02-05 16:11:08,131.48467499999992
2018-02-05 17:51:07,131.26592499999992
2018-02-05 23:00:00,133.00029999999992
2018-02-06 14:16:56,132.79717499999992
2018-02-06 15:27:32,132.85967499999992
2018-02-06 16:32:12,132.89092499999992
2018-02-06 17:32:56,132.64092499999992
2018-02-06 23:00:00,132.28154999999992
2018-02-07 14:21:33,132.48467499999992
2018-02-07 15:30:16,132.26592499999992
2018-02-07 16:36:08,132.23467499999992
2018-02-07 18:39:52,131.48467499999992
2018-02-07 23:00:00,131.28154999999992
2018-02-08 14:18:36,130.51592499999992
2018-02-08 15:25:04,130.51592499999992
2018-02-08 16:32:46,130.85967499999992
2018-02-08 18:57:42,130.70342499999992
2018-02-08 23:00:00,130.87529999999992
2018-02-09 14:28:25,130.48467499999992
2018-02-09 15:39:03,130.60967499999992
2018-02-09 16:46:42,130.60967499999992
2018-02-09 23:00:00,130.40654999999992
2018-02-12 14:11:23,130.82842499999992
2018-02-12 16:08:22,131.17217499999992
2018-02-12 23:00:00,130.96904999999992
2018-02-13 17:46:37,131.04717499999992
2018-02-13 23:00:00,131.40654999999992
2018-02-14 14:21:47,130.95342499999992
2018-02-14 18:31:29,130.14092499999992
2018-02-14 23:00:00,130.00029999999992
2018-02-15 15:38:26,130.89092499999992
2018-02-15 16:41:51,130.89092499999992
2018-02-15 17:43:45,130.67217499999992
2018-02-15 18:45:31,130.60967499999992
2018-02-15 23:00:00,130.37529999999992
2018-02-16 14:26:49,131.42217499999992
2018-02-16 18:38:14,131.14092499999992
2018-02-16 23:00:00,130.96904999999992
2018-02-19 16:19:49,130.96904999999992
2018-02-19 17:51:13,130.96904999999992
2018-02-20 16:22:24,130.96904999999992
2018-02-20 18:02:00,130.96904999999992
2018-02-20 23:00:00,130.56279999999992
2018-02-21 16:34:39,130.56279999999992
2018-02-21 18:12:59,130.56279999999992
2018-02-21 23:00:00,129.40654999999992
2018-02-22 14:36:31,129.40654999999992
2018-02-22 18:26:31,129.40654999999992
2018-02-22 23:00:00,129.78154999999992
2018-02-23 16:38:10,129.78154999999992
2018-02-23 18:15:05,129.78154999999992
2018-02-23 23:00:00,130.87529999999992
2018-02-26 16:25:32,130.87529999999992
2018-02-26 18:04:24,130.87529999999992
2018-02-26 23:00:00,130.81279999999992
2018-02-27 16:25:32,129.95342499999992
2018-02-27 18:06:11,130.10967499999992
2018-02-27 23:00:00,130.37529999999992
2018-02-28 17:03:00,130.98467499999992
2018-02-28 18:28:20,130.95342499999992
2018-02-28 23:00:00,131.18779999999992
2018-03-01 14:18:10,131.26592499999992
2018-03-01 18:02:09,131.35967499999992
2018-03-01 23:00:00,131.87529999999992
2018-03-05 14:13:16,131.14092499999992
2018-03-05 15:22:05,131.42217499999992
2018-03-05 17:15:14,131.45342499999992
2018-03-05 18:15:39,130.92217499999992
2018-03-05 23:00:00,130.50029999999992
2018-03-06 14:05:54,130.45342499999992
2018-03-06 15:16:04,130.64092499999992
2018-03-06 17:39:59,131.32842499999992
2018-03-06 18:40:41,131.26592499999992
2018-03-06 23:00:00,131.09404999999992
2018-03-07 14:14:02,131.39092499999992
2018-03-07 15:23:20,131.29717499999992
2018-03-07 16:31:48,130.92217499999992
2018-03-07 23:00:00,130.84404999999992
2018-03-08 14:42:51,130.76592499999992
2018-03-08 15:52:38,131.17217499999992
2018-03-08 17:00:50,131.51592499999992
2018-03-08 23:00:00,131.31279999999992
2018-03-09 14:10:08,131.04717499999992
2018-03-09 15:20:20,131.01592499999992
2018-03-09 16:31:33,130.70342499999992
2018-03-09 17:31:57,130.51592499999992
2018-03-09 23:00:00,130.96904999999992
2018-03-12 14:16:50,130.92217499999992
2018-03-12 15:26:56,131.17217499999992
2018-03-12 16:35:24,131.14092499999992
2018-03-12 23:00:00,131.46904999999992
2018-03-13 23:00:00,131.96904999999992
2018-03-14 14:47:38,131.85967499999992
2018-03-14 15:59:18,132.23467499999992
2018-03-14 16:59:49,132.48467499999992
2018-03-14 18:00:15,132.79717499999992
2018-03-14 23:00:00,132.59404999999992
2018-03-15 23:00:00,132.56279999999992
2018-03-16 14:09:53,132.20342499999992
2018-03-16 16:58:38,132.20342499999992
2018-03-16 17:59:05,132.17217499999992
2018-03-16 19:00:08,132.17217499999992
2018-03-16 23:00:00,132.21904999999992
2018-03-19 16:08:00,132.29717499999992
2018-03-19 17:08:26,132.32842499999992
2018-03-19 18:08:48,132.10967499999992
2018-03-19 23:00:00,132.06279999999992
2018-03-20 16:15:07,131.54717499999992
2018-03-20 17:15:34,131.60967499999992
2018-03-20 18:15:58,131.57842499999992
2018-03-20 23:00:00,131.21904999999992
2018-03-21 14:11:11,131.23467499999992
2018-03-21 15:11:41,131.14092499999992
2018-03-21 18:04:04,131.04717499999992
2018-03-21 23:00:00,131.46904999999992
2018-03-22 15:23:37,132.85967499999992
2018-03-22 16:24:20,132.73467499999992
2018-03-22 17:24:43,132.42217499999992
2018-03-22 18:25:04,132.32842499999992
2018-03-22 23:00:00,132.59404999999992
2018-03-23 14:19:00,132.23467499999992
2018-03-23 15:19:59,132.35967499999992
2018-03-23 17:44:58,132.39092499999992
2018-03-23 18:45:32,132.32842499999992
2018-03-23 23:00:00,132.68779999999992
2018-03-26 14:09:26,132.29717499999992
2018-03-26 15:10:04,132.39092499999992
2018-03-26 18:11:04,132.45342499999992
2018-03-26 23:00:00,132.21904999999992
2018-03-27 14:28:54,132.42217499999992
2018-03-27 17:00:00,132.79717499999992
2018-03-27 18:00:25,133.07842499999992
2018-03-27 19:00:47,133.17217499999992
2018-03-27 23:00:00,133.40654999999992
2018-03-28 15:54:15,133.95342499999992
2018-03-28 16:54:32,133.89092499999992
2018-03-28 17:54:45,133.79717499999992
2018-03-28 18:54:59,133.42217499999992
2018-03-28 23:00:00,133.43779999999992
2018-03-29 14:05:06,133.85967499999992
2018-03-29 15:05:36,134.07842499999992
2018-03-29 16:07:46,134.14092499999992
2018-03-29 17:08:09,134.07842499999992
2018-03-29 23:00:00,134.12529999999992
2018-04-02 16:26:09,134.20342499999992
2018-04-02 17:26:35,134.29717499999992
2018-04-02 18:26:56,134.39092499999992
2018-04-02 23:00:00,134.34404999999992
2018-04-03 16:35:52,133.67217499999992
2018-04-03 17:36:17,133.82842499999992
2018-04-03 18:36:42,133.57842499999992
2018-04-03 23:00:00,133.50029999999992
2018-04-04 14:31:18,133.98467499999992
2018-04-04 17:40:44,133.48467499999992
2018-04-04 18:42:14,133.51592499999992
2018-04-04 23:00:00,133.25029999999992
2018-04-05 14:37:22,132.85967499999992
2018-04-05 15:37:47,132.82842499999992
2018-04-05 16:38:02,132.64092499999992
2018-04-05 17:38:16,132.70342499999992
2018-04-05 23:00:00,132.59404999999992
2018-04-06 14:31:44,133.29717499999992
2018-04-06 15:33:34,133.54717499999992
2018-04-06 18:36:06,133.32842499999992
2018-04-06 23:00:00,133.78154999999992
2018-04-09 15:36:03,133.20342499999992
2018-04-09 16:36:30,133.20342499999992
2018-04-09 17:36:52,133.48467499999992
2018-04-09 18:37:15,133.51592499999992
2018-04-09 23:00:00,133.90654999999992
2018-04-10 14:13:58,133.70342499999992
2018-04-10 16:51:21,133.73467499999992
2018-04-10 17:51:48,133.60967499999992
2018-04-10 18:52:21,133.57842499999992
2018-04-10 23:00:00,133.65654999999992
2018-04-11 14:10:23,134.48467499999992
2018-04-11 15:11:07,134.14092499999992
2018-04-11 18:21:31,133.79717499999992
2018-04-11 23:00:00,134.03154999999992
2018-04-12 14:08:11,133.76592499999992
2018-04-12 15:08:56,133.26592499999992
2018-04-12 16:10:44,133.29717499999992
2018-04-12 23:00:00,133.06279999999992
2018-04-13 14:07:30,133.07842499999992
2018-04-13 15:08:22,133.17217499999992
2018-04-13 16:10:00,133.39092499999992
2018-04-13 23:00:00,133.31279999999992
2018-04-16 14:28:54,132.57842499999992
2018-04-16 17:23:03,133.17217499999992
2018-04-16 18:23:38,133.07842499999992
2018-04-16 23:00:00,133.21904999999992
2018-04-17 14:11:29,133.17217499999992
2018-04-17 17:39:54,133.42217499999992
2018-04-17 18:40:15,133.64092499999992
2018-04-17 23:00:00,133.50029999999992
2018-04-18 14:07:56,133.20342499999992
2018-04-18 15:08:23,133.35967499999992
2018-04-18 18:54:48,132.79717499999992
2018-04-18 23:00:00,132.43779999999992
2018-04-19 14:10:55,131.64092499999992
2018-04-19 15:11:53,131.70342499999992
2018-04-19 16:14:19,131.35967499999992
2018-04-19 23:00:00,131.56279999999992
2018-04-20 14:07:47,131.26592499999992
2018-04-20 15:08:16,131.20342499999992
2018-04-20 18:59:21,130.92217499999992
2018-04-20 23:00:00,130.71904999999992
2018-04-23 16:34:55,130.42217499999992
2018-04-23 17:35:24,130.51592499999992
2018-04-23 18:35:47,130.48467499999992
2018-04-23 23:00:00,130.59404999999992
2018-04-24 14:31:34,130.32842499999992
2018-04-24 17:38:08,130.51592499999992
2018-04-24 18:38:49,130.26592499999992
2018-04-24 23:00:00,130.15654999999992
2018-04-25 14:11:34,129.64092499999992
2018-04-25 15:12:03,129.70342499999992
2018-04-25 18:40:15,129.35967499999992
2018-04-25 23:00:00,129.46904999999992
2018-04-26 14:09:17,130.07842499999992
2018-04-26 15:09:45,130.32842499999992
2018-04-26 23:00:00,130.15654999999992
2018-04-27 14:07:55,130.67217499999992
2018-04-27 15:09:34,130.60967499999992
2018-04-27 18:38:39,130.82842499999992
2018-04-27 23:00:00,130.84404999999992
2018-04-30 14:11:07,131.07842499999992
2018-04-30 17:01:00,131.35967499999992
2018-04-30 18:02:04,131.39092499999992
2018-04-30 23:00:00,131.21904999999992
2018-05-01 14:17:11,131.14092499999992
2018-05-01 17:22:14,130.98467499999992
2018-05-01 18:22:37,131.04717499999992
2018-05-01 23:00:00,130.90654999999992
2018-05-02 23:00:00,130.65654999999992
2018-05-03 14:11:09,131.29717499999992
2018-05-03 18:03:11,131.14092499999992
2018-05-03 23:00:00,131.18779999999992
2018-05-04 23:00:00,131.31279999999992
2018-05-07 14:50:29,131.23467499999992
2018-05-07 15:52:21,131.23467499999992
2018-05-07 16:52:48,131.14092499999992
2018-05-07 17:53:18,131.17217499999992
2018-05-07 23:00:00,131.28154999999992
2018-05-08 15:12:38,130.76592499999992
2018-05-08 16:15:49,130.82842499999992
2018-05-08 23:00:00,131.03154999999992
2018-05-09 15:39:09,130.54717499999992
2018-05-09 16:39:37,130.48467499999992
2018-05-09 17:40:00,130.39092499999992
2018-05-09 18:40:22,130.54717499999992
2018-05-09 23:00:00,130.31279999999992
2018-05-10 14:32:28,130.76592499999992
2018-05-10 15:33:03,130.92217499999992
2018-05-10 18:29:13,130.92217499999992
2018-05-10 23:00:00,130.96904999999992
2018-05-11 16:44:14,130.85967499999992
2018-05-11 17:44:43,130.95342499999992
2018-05-11 18:45:04,130.79717499999992
2018-05-11 23:00:00,130.90654999999992
2018-05-14 16:32:46,130.42217499999992
2018-05-14 17:33:16,130.57842499999992
2018-05-14 18:33:38,130.67217499999992
2018-05-14 23:00:00,130.50029999999992
2018-05-15 23:00:00,129.09404999999992
2018-05-16 14:23:17,129.26592499999992
2018-05-16 15:24:02,128.98467499999992
2018-05-16 16:26:09,128.67217499999992
2018-05-16 23:00:00,128.62529999999992
2018-05-17 14:08:07,128.51592499999992
2018-05-17 15:09:25,128.45342499999992
2018-05-17 16:10:38,128.23467499999992
2018-05-17 23:00:00,128.12529999999992
2018-05-18 14:12:06,128.42217499999992
2018-05-18 15:12:33,128.42217499999992
2018-05-18 16:14:37,128.76592499999992
2018-05-18 23:00:00,128.96904999999992
2018-05-21 16:12:43,128.95342499999992
2018-05-21 17:13:10,128.82842499999992
2018-05-21 18:13:31,128.92217499999992
2018-05-21 23:00:00,129.21904999999992
2018-05-22 14:36:17,129.10967499999992
2018-05-22 17:34:59,128.89092499999992
2018-05-22 18:35:28,128.92217499999992
2018-05-22 23:00:00,129.06279999999992
2018-05-23 14:12:51,129.06279999999992
2018-05-23 17:16:49,129.06279999999992
2018-05-23 18:17:12,129.06279999999992
2018-05-23 23:00:00,130.15654999999992
2018-05-24 14:07:04,130.15654999999992
2018-05-24 15:07:57,130.15654999999992
2018-05-24 18:12:33,130.15654999999992
2018-05-24 23:00:00,130.62529999999992
2018-05-25 14:16:54,130.62529999999992
2018-05-25 15:18:33,130.62529999999992
2018-05-25 16:21:26,130.62529999999992
2018-05-25 17:21:48,130.62529999999992
2018-05-25 23:00:00,131.56279999999992
2018-05-28 14:15:11,131.56279999999992
2018-05-28 16:42:44,131.56279999999992
2018-05-28 17:44:17,131.56279999999992
2018-05-28 18:45:04,131.56279999999992
2018-05-29 23:00:00,134.06279999999992
2018-05-30 14:12:04,132.67217499999992
2018-05-30 15:13:36,133.17217499999992
2018-05-30 18:14:14,132.92217499999992
2018-05-30 23:00:00,133.00029999999992
2018-05-31 14:08:07,133.10967499999992
2018-05-31 15:08:36,133.45342499999992
2018-05-31 18:15:40,133.26592499999992
2018-05-31 23:00:00,133.00029999999992
2018-06-01 14:16:17,132.17217499999992
2018-06-01 15:17:24,132.42217499999992
2018-06-01 18:29:19,132.51592499999992
2018-06-01 23:00:00,132.34404999999992
2018-06-04 17:18:10,131.98467499999992
2018-06-04 18:18:47,131.82842499999992
2018-06-04 23:00:00,131.62529999999992
2018-06-05 15:36:54,131.98467499999992
2018-06-05 16:37:23,132.20342499999992
2018-06-05 17:37:46,132.26592499999992
2018-06-05 18:38:09,132.04717499999992
2018-06-05 23:00:00,131.93779999999992
2018-06-06 19:15:00,131.93779999999992
2018-06-06 23:00:00,131.93779999999992
2018-06-08 14:09:47,131.70342499999992
2018-06-08 15:10:12,131.73467499999992
2018-06-08 17:40:11,131.73467499999992
2018-06-08 18:40:35,131.76592499999992
2018-06-08 23:00:00,131.53154999999992
2018-06-11 15:23:42,131.10967499999992
2018-06-11 16:26:32,131.35967499999992
2018-06-11 17:26:57,131.32842499999992
2018-06-11 18:27:20,131.10967499999992
2018-06-11 23:00:00,131.40654999999992
2018-06-12 14:05:33,130.95342499999992
2018-06-12 15:05:49,131.07842499999992
2018-06-12 16:06:03,131.20342499999992
2018-06-12 17:06:17,131.17217499999992
2018-06-12 18:54:52,131.35967499999992
2018-06-12 23:00:00,131.25029999999992
2018-06-13 21:45:00,131.25029999999992
2018-06-13 23:00:00,131.18779999999992
2018-06-14 14:41:19,131.67217499999992
2018-06-14 17:49:22,131.70342499999992
2018-06-14 18:50:05,131.79717499999992
2018-06-14 23:00:00,131.93779999999992
2018-06-15 14:43:28,132.51592499999992
2018-06-15 17:57:21,132.26592499999992
2018-06-15 18:58:28,132.35967499999992
2018-06-15 23:00:00,132.12529999999992
2018-06-18 14:33:13,132.32842499999992
2018-06-18 17:16:25,131.95342499999992
2018-06-18 18:16:52,132.01592499999992
2018-06-18 23:00:00,132.18779999999992
2018-06-19 14:35:16,132.73467499999992
2018-06-19 17:24:05,132.79717499999992
2018-06-19 18:24:53,132.89092499999992
2018-06-19 23:00:00,132.62529999999992
2018-06-20 14:33:59,132.73467499999992
2018-06-20 15:35:32,132.35967499999992
2018-06-20 18:51:55,132.17217499999992
2018-06-20 23:00:00,131.81279999999992
2018-06-21 13:45:00,131.81279999999992
2018-06-21 14:15:00,131.81279999999992
2018-06-21 14:25:41,132.23467499999992
2018-06-21 14:30:00,132.23467499999992
2018-06-21 14:45:00,132.23467499999992
2018-06-21 15:00:00,132.23467499999992
2018-06-21 15:27:56,132.45342499999992
2018-06-21 16:31:13,132.20342499999992
2018-06-21 23:00:00,132.37529999999992
2018-06-22 12:45:00,132.37529999999992
2018-06-22 14:15:47,132.01592499999992
2018-06-22 15:17:43,132.14092499999992
2018-06-22 16:00:00,132.14092499999992
2018-06-22 18:15:00,132.14092499999992
2018-06-22 19:00:00,132.14092499999992
2018-06-22 19:30:00,132.14092499999992
2018-06-22 19:45:00,132.14092499999992
2018-06-22 23:00:00,132.43779999999992
2018-06-25 17:38:54,132.82842499999992
2018-06-25 18:39:23,132.70342499999992
2018-06-25 23:00:00,132.78154999999992
2018-06-26 07:00:00,132.78154999999992
2018-06-26 14:17:25,132.70342499999992
2018-06-26 17:19:28,132.79717499999992
2018-06-26 18:19:56,132.64092499999992
2018-06-26 23:00:00,132.78154999999992
2018-06-27 14:08:40,133.45342499999992
2018-06-27 15:10:34,133.39092499999992
2018-06-27 18:07:38,133.54717499999992
2018-06-27 20:00:00,133.54717499999992
2018-06-27 20:15:00,133.54717499999992
2018-06-27 23:00:00,133.71904999999992
2018-06-28 12:15:00,133.71904999999992
2018-06-28 14:05:42,133.73467499999992
2018-06-28 15:07:23,133.64092499999992
2018-06-28 16:00:00,133.64092499999992
2018-06-28 16:15:00,133.64092499999992
2018-06-28 18:25:36,133.42217499999992
2018-06-28 23:00:00,133.59404999999992
2018-06-29 14:08:38,133.76592499999992
2018-06-29 15:09:51,133.67217499999992
2018-06-29 18:44:17,133.95342499999992
2018-06-29 20:00:00,133.95342499999992
2018-06-29 23:00:00,133.21904999999992
2018-07-02 01:45:00,133.21904999999992
2018-07-02 07:15:00,133.21904999999992
2018-07-02 07:30:00,133.21904999999992
2018-07-02 09:00:00,133.21904999999992
2018-07-02 11:30:00,133.21904999999992
2018-07-02 15:45:00,133.21904999999992
2018-07-02 16:07:44,133.35967499999992
2018-07-02 17:08:10,133.35967499999992
2018-07-02 17:45:00,133.35967499999992
2018-07-02 18:08:33,133.26592499999992
2018-07-02 23:00:00,133.21904999999992
2018-07-03 13:00:00,133.21904999999992
2018-07-03 14:04:28,133.17217499999992
2018-07-03 16:30:00,133.17217499999992
2018-07-03 16:50:37,133.76592499999992
2018-07-03 17:51:02,133.76592499999992
2018-07-03 18:45:00,133.76592499999992
2018-07-03 18:52:21,133.89092499999992
2018-07-03 23:00:00,133.81279999999992
2018-07-04 14:07:59,133.73467499999992
2018-07-04 15:09:38,133.79717499999992
2018-07-04 18:06:36,133.70342499999992
2018-07-05 14:21:35,133.67217499999992
2018-07-05 15:22:33,134.01592499999992
2018-07-05 16:23:04,134.14092499999992
2018-07-05 19:45:00,134.14092499999992
2018-07-05 23:00:00,134.00029999999992
2018-07-06 07:30:00,134.00029999999992
2018-07-06 13:30:00,134.00029999999992
2018-07-06 13:45:00,134.00029999999992
2018-07-06 14:11:56,134.39092499999992
2018-07-06 15:00:00,134.39092499999992
2018-07-06 15:13:30,134.42217499999992
2018-07-06 15:15:00,134.42217499999992
2018-07-06 16:15:42,134.29717499999992
2018-07-06 21:45:00,134.29717499999992
2018-07-06 23:00:00,134.28154999999992
2018-07-09 14:35:04,133.67217499999992
2018-07-09 17:18:40,133.76592499999992
2018-07-09 18:19:24,133.67217499999992
2018-07-09 23:00:00,133.62529999999992
2018-07-10 08:30:00,133.62529999999992
2018-07-10 14:21:20,133.48467499999992
2018-07-10 17:12:52,133.57842499999992
2018-07-10 18:13:23,133.45342499999992
2018-07-10 23:00:00,133.53154999999992
2018-07-11 14:32:53,133.89092499999992
2018-07-11 15:33:29,133.67217499999992
2018-07-11 17:30:00,133.67217499999992
2018-07-11 18:59:03,133.67217499999992
2018-07-11 19:00:00,133.67217499999992
2018-07-11 19:15:00,133.67217499999992
2018-07-11 23:00:00,133.93779999999992
2018-07-12 14:06:27,133.64092499999992
2018-07-12 15:08:57,133.79717499999992
2018-07-12 16:13:45,133.73467499999992
2018-07-12 23:00:00,133.81279999999992
2018-07-13 08:45:00,133.81279999999992
2018-07-13 13:30:00,133.81279999999992
2018-07-13 15:54:52,134.17217499999992
2018-07-13 16:15:00,134.17217499999992
2018-07-13 16:55:09,134.17217499999992
2018-07-13 17:55:24,134.04717499999992
2018-07-13 18:55:44,134.14092499999992
2018-07-13 19:45:00,134.14092499999992
2018-07-13 23:00:00,134.18779999999992
2018-07-15 23:00:00,134.18779999999992
2018-07-16 13:15:00,134.18779999999992
2018-07-16 14:15:00,134.18779999999992
2018-07-16 15:00:00,134.18779999999992
2018-07-16 15:15:00,134.18779999999992
2018-07-16 15:30:00,134.18779999999992
2018-07-16 15:45:00,134.18779999999992
2018-07-16 16:00:00,134.18779999999992
2018-07-16 16:15:00,134.18779999999992
2018-07-16 16:30:00,134.18779999999992
2018-07-16 17:45:00,134.18779999999992
2018-07-16 18:00:00,134.18779999999992
2018-07-16 23:00:00,133.65654999999992
2018-07-17 14:12:56,133.76592499999992
2018-07-17 15:23:38,133.57842499999992
2018-07-17 16:33:50,133.67217499999992
2018-07-17 18:17:03,133.57842499999992
2018-07-17 19:45:00,133.57842499999992
2018-07-17 23:00:00,133.50029999999992
2018-07-18 01:30:00,133.50029999999992
2018-07-18 14:46:58,133.54717499999992
2018-07-18 16:00:06,133.42217499999992
2018-07-18 17:10:06,133.35967499999992
2018-07-18 17:15:00,133.35967499999992
2018-07-18 20:00:00,133.35967499999992
2018-07-18 21:15:00,133.35967499999992
2018-07-18 21:30:00,133.35967499999992
2018-07-18 23:00:00,133.18779999999992
2018-07-19 01:15:00,133.18779999999992
2018-07-19 08:15:00,133.18779999999992
2018-07-19 13:45:00,133.18779999999992
2018-07-19 15:23:07,133.54717499999992
2018-07-19 16:35:10,133.64092499999992
2018-07-19 17:00:00,133.64092499999992
2018-07-19 17:36:15,133.79717499999992
2018-07-19 18:00:00,133.79717499999992
2018-07-19 18:15:00,133.79717499999992
2018-07-19 20:45:00,133.79717499999992
2018-07-19 23:00:00,133.84404999999992
2018-07-19 23:45:00,133.84404999999992
2018-07-20 01:45:00,133.84404999999992
2018-07-20 13:30:00,133.84404999999992
2018-07-20 15:17:56,133.14092499999992
2018-07-20 15:45:00,133.14092499999992
2018-07-20 16:00:00,133.14092499999992
2018-07-20 16:15:00,133.14092499999992
2018-07-20 16:31:18,132.70342499999992
2018-07-20 17:32:21,132.79717499999992
2018-07-20 21:00:00,132.79717499999992
2018-07-20 23:00:00,132.68779999999992
2018-07-22 23:45:00,132.68779999999992
2018-07-23 13:15:00,132.68779999999992
2018-07-23 14:00:00,132.68779999999992
2018-07-23 14:30:00,132.68779999999992
2018-07-23 14:32:27,132.26592499999992
2018-07-23 14:45:00,132.26592499999992
2018-07-23 15:15:00,132.26592499999992
2018-07-23 15:44:35,131.76592499999992
2018-07-23 16:30:00,131.76592499999992
2018-07-23 16:54:54,131.51592499999992
2018-07-23 17:45:00,131.51592499999992
2018-07-23 19:45:00,131.51592499999992
2018-07-23 20:15:00,131.51592499999992
2018-07-23 20:45:00,131.51592499999992
2018-07-23 21:15:00,131.51592499999992
2018-07-23 23:00:00,131.37529999999992
2018-07-24 08:45:00,131.37529999999992
2018-07-24 09:00:00,131.37529999999992
2018-07-24 14:30:00,131.37529999999992
2018-07-24 15:04:05,131.32842499999992
2018-07-24 15:15:00,131.32842499999992
2018-07-24 16:18:19,131.45342499999992
2018-07-24 16:45:00,131.45342499999992
2018-07-24 17:20:00,131.35967499999992
2018-07-24 18:30:00,131.35967499999992
2018-07-24 18:45:00,131.35967499999992
2018-07-24 20:15:00,131.35967499999992
2018-07-24 23:00:00,131.62529999999992
2018-07-25 01:30:00,131.62529999999992
2018-07-25 02:00:00,131.62529999999992
2018-07-25 02:30:00,131.62529999999992
2018-07-25 04:00:00,131.62529999999992
2018-07-25 04:15:00,131.62529999999992
2018-07-25 04:30:00,131.62529999999992
2018-07-25 07:15:00,131.62529999999992
2018-07-25 15:02:00,131.76592499999992
2018-07-25 15:15:00,131.76592499999992
2018-07-25 15:30:00,131.76592499999992
2018-07-25 16:00:00,131.76592499999992
2018-07-25 16:15:00,131.76592499999992
2018-07-25 16:16:04,131.98467499999992
2018-07-25 17:17:11,131.82842499999992
2018-07-25 17:45:00,131.82842499999992
2018-07-25 19:00:00,131.82842499999992
2018-07-25 20:45:00,131.82842499999992
2018-07-25 21:30:00,131.82842499999992
2018-07-25 23:00:00,131.40654999999992
2018-07-26 04:00:00,131.40654999999992
2018-07-26 06:15:00,131.40654999999992
2018-07-26 11:00:00,131.40654999999992
2018-07-26 12:30:00,131.40654999999992
2018-07-26 13:45:00,131.40654999999992
2018-07-26 14:00:00,131.40654999999992
2018-07-26 14:45:00,131.40654999999992
2018-07-26 14:53:00,131.60967499999992
2018-07-26 15:00:00,131.60967499999992
2018-07-26 15:45:00,131.60967499999992
2018-07-26 16:08:26,131.39092499999992
2018-07-26 16:15:00,131.39092499999992
2018-07-26 17:09:49,131.42217499999992
2018-07-26 17:15:00,131.42217499999992
2018-07-26 17:30:00,131.42217499999992
2018-07-26 18:00:00,131.42217499999992
2018-07-26 18:10:33,131.26592499999992
2018-07-26 18:30:00,131.26592499999992
2018-07-26 19:30:00,131.26592499999992
2018-07-26 19:45:00,131.26592499999992
2018-07-26 20:00:00,131.26592499999992
2018-07-26 20:15:00,131.26592499999992
2018-07-26 20:30:00,131.26592499999992
2018-07-26 20:45:00,131.26592499999992
2018-07-26 21:45:00,131.26592499999992
2018-07-26 23:00:00,131.12529999999992
2018-07-26 23:15:00,131.12529999999992
2018-07-27 02:45:00,131.12529999999992
2018-07-27 04:00:00,131.12529999999992
2018-07-27 07:45:00,131.12529999999992
2018-07-27 08:00:00,131.12529999999992
2018-07-27 10:45:00,131.12529999999992
2018-07-27 13:15:00,131.12529999999992
2018-07-27 13:30:00,131.12529999999992
2018-07-27 13:45:00,131.12529999999992
2018-07-27 14:00:00,131.12529999999992
2018-07-27 14:15:00,131.12529999999992
2018-07-27 14:45:00,131.12529999999992
2018-07-27 15:00:00,131.12529999999992
2018-07-27 16:00:00,131.12529999999992
2018-07-27 16:19:07,131.35967499999992
2018-07-27 17:20:42,131.42217499999992
2018-07-27 18:21:27,131.48467499999992
2018-07-27 21:15:00,131.48467499999992
2018-07-27 23:00:00,131.43779999999992
2018-07-29 23:00:00,131.43779999999992
2018-07-29 23:15:00,131.43779999999992
2018-07-30 01:45:00,131.43779999999992
2018-07-30 02:15:00,131.43779999999992
2018-07-30 04:15:00,131.43779999999992
2018-07-30 06:15:00,131.43779999999992
2018-07-30 08:00:00,131.43779999999992
2018-07-30 10:15:00,131.43779999999992
2018-07-30 10:30:00,131.43779999999992
2018-07-30 10:45:00,131.43779999999992
2018-07-30 14:15:00,131.43779999999992
2018-07-30 14:30:00,131.43779999999992
2018-07-30 15:00:00,131.43779999999992
2018-07-30 16:42:38,131.10967499999992
2018-07-30 17:00:00,131.10967499999992
2018-07-30 17:15:00,131.10967499999992
2018-07-30 18:00:00,131.10967499999992
2018-07-30 18:27:18,131.20342499999992
2018-07-30 19:15:00,131.20342499999992
2018-07-30 20:30:00,131.20342499999992
2018-07-30 23:00:00,131.06279999999992
2018-07-31 02:15:00,131.06279999999992
2018-07-31 05:30:00,131.06279999999992
2018-07-31 05:45:00,131.06279999999992
2018-07-31 06:45:00,131.06279999999992
2018-07-31 07:00:00,131.06279999999992
2018-07-31 07:15:00,131.06279999999992
2018-07-31 07:30:00,131.06279999999992
2018-07-31 08:30:00,131.06279999999992
2018-07-31 09:00:00,131.06279999999992
2018-07-31 12:15:00,131.06279999999992
2018-07-31 12:30:00,131.06279999999992
2018-07-31 13:00:00,131.06279999999992
2018-07-31 13:15:00,131.06279999999992
2018-07-31 14:00:00,131.06279999999992
2018-07-31 14:15:00,131.06279999999992
2018-07-31 14:30:00,131.06279999999992
2018-07-31 14:48:50,131.57842499999992
2018-07-31 15:15:00,131.57842499999992
2018-07-31 15:30:00,131.57842499999992
2018-07-31 16:00:00,131.57842499999992
2018-07-31 16:15:00,131.57842499999992
2018-07-31 16:30:00,131.57842499999992
2018-07-31 17:15:00,131.57842499999992
2018-07-31 18:41:47,131.51592499999992
2018-07-31 19:00:00,131.51592499999992
2018-07-31 19:45:00,131.51592499999992
2018-07-31 20:00:00,131.51592499999992
2018-07-31 20:45:00,131.51592499999992
2018-07-31 23:00:00,131.53154999999992
2018-08-01 03:45:00,131.53154999999992
2018-08-01 06:15:00,131.53154999999992
2018-08-01 08:15:00,131.53154999999992
2018-08-01 10:30:00,131.53154999999992
2018-08-01 12:00:00,131.53154999999992
2018-08-01 12:45:00,131.53154999999992
2018-08-01 13:00:00,131.53154999999992
2018-08-01 13:15:00,131.53154999999992
2018-08-01 13:30:00,131.53154999999992
2018-08-01 13:45:00,131.53154999999992
2018-08-01 14:00:00,131.53154999999992
2018-08-01 14:30:00,131.53154999999992
2018-08-01 14:45:00,131.53154999999992
2018-08-01 14:55:09,130.57842499999992
2018-08-01 15:00:00,130.57842499999992
2018-08-01 15:15:00,130.57842499999992
2018-08-01 15:30:00,130.57842499999992
2018-08-01 15:45:00,130.57842499999992
2018-08-01 16:30:00,130.57842499999992
2018-08-01 16:45:00,130.57842499999992
2018-08-01 17:00:00,130.57842499999992
2018-08-01 17:15:00,130.57842499999992
2018-08-01 17:45:00,130.57842499999992
2018-08-01 18:00:00,130.57842499999992
2018-08-01 18:30:00,130.57842499999992
2018-08-01 18:45:00,130.57842499999992
2018-08-01 19:00:04,130.85967499999992
2018-08-01 19:45:00,130.85967499999992
2018-08-01 20:00:00,130.85967499999992
2018-08-01 21:15:00,130.85967499999992
2018-08-01 21:45:00,130.85967499999992
2018-08-01 23:00:00,130.56279999999992
2018-08-02 01:30:00,130.56279999999992
2018-08-02 05:15:00,130.56279999999992
2018-08-02 06:45:00,130.56279999999992
2018-08-02 08:45:00,130.56279999999992
2018-08-02 10:45:00,130.56279999999992
2018-08-02 11:00:00,130.56279999999992
2018-08-02 11:15:00,130.56279999999992
2018-08-02 11:30:00,130.56279999999992
2018-08-02 11:45:00,130.56279999999992
2018-08-02 12:00:00,130.56279999999992
2018-08-02 12:45:00,130.56279999999992
2018-08-02 13:00:00,130.56279999999992
2018-08-02 13:15:00,130.56279999999992
2018-08-02 13:30:00,130.56279999999992
2018-08-02 13:45:00,130.56279999999992
2018-08-02 14:00:00,130.56279999999992
2018-08-02 14:30:00,130.56279999999992
2018-08-02 14:45:00,130.56279999999992
2018-08-02 15:00:00,130.56279999999992
2018-08-02 15:15:00,130.56279999999992
2018-08-02 15:17:57,130.67217499999992
2018-08-02 15:30:00,130.67217499999992
2018-08-02 15:45:00,130.67217499999992
2018-08-02 16:00:00,130.67217499999992
2018-08-02 16:15:00,130.67217499999992
2018-08-02 16:30:00,130.67217499999992
2018-08-02 16:45:00,130.67217499999992
2018-08-02 17:00:00,130.67217499999992
2018-08-02 17:15:00,130.67217499999992
2018-08-02 17:30:00,130.67217499999992
2018-08-02 18:00:00,130.67217499999992
2018-08-02 18:30:00,130.67217499999992
2018-08-02 18:45:00,130.67217499999992
2018-08-02 19:45:00,130.67217499999992
2018-08-02 20:00:00,130.67217499999992
2018-08-02 20:30:00,130.67217499999992
2018-08-02 20:45:00,130.67217499999992
2018-08-02 21:15:00,130.67217499999992
2018-08-02 23:00:00,130.87529999999992
2018-08-03 02:45:00,130.87529999999992
2018-08-03 08:15:00,130.87529999999992
2018-08-03 12:15:00,130.87529999999992
2018-08-03 13:30:00,130.87529999999992
2018-08-03 13:45:00,130.87529999999992
2018-08-03 14:15:00,130.87529999999992
2018-08-03 14:30:00,130.87529999999992
2018-08-03 14:45:00,130.87529999999992
2018-08-03 15:00:00,130.87529999999992
2018-08-03 15:06:57,131.32842499999992
2018-08-03 15:15:00,131.32842499999992
2018-08-03 15:30:00,131.32842499999992
2018-08-03 15:45:00,131.32842499999992
2018-08-03 16:00:00,131.32842499999992
2018-08-03 16:30:00,131.32842499999992
2018-08-03 19:30:00,131.32842499999992
2018-08-03 19:45:00,131.32842499999992
2018-08-03 20:00:00,131.32842499999992
2018-08-03 21:15:00,131.32842499999992
2018-08-03 21:45:00,131.32842499999992
2018-08-03 23:00:00,131.50029999999992
2018-08-05 23:00:00,131.50029999999992
2018-08-06 01:00:00,131.50029999999992
2018-08-06 04:45:00,131.50029999999992
2018-08-06 07:00:00,131.50029999999992
2018-08-06 09:00:00,131.50029999999992
2018-08-06 09:30:00,131.50029999999992
2018-08-06 12:15:00,131.50029999999992
2018-08-06 13:45:00,131.50029999999992
2018-08-06 14:00:00,131.50029999999992
2018-08-06 14:15:00,131.50029999999992
2018-08-06 14:30:00,131.50029999999992
2018-08-06 14:45:00,131.50029999999992
2018-08-06 15:00:00,131.50029999999992
2018-08-06 15:15:00,131.50029999999992
2018-08-06 15:16:49,131.95342499999992
2018-08-06 15:30:00,131.95342499999992
2018-08-06 16:00:00,131.95342499999992
2018-08-06 16:30:00,131.95342499999992
2018-08-06 16:45:00,131.95342499999992
2018-08-06 17:03:01,131.79717499999992
2018-08-06 17:15:00,131.79717499999992
2018-08-06 17:30:00,131.79717499999992
2018-08-06 18:15:00,131.79717499999992
2018-08-06 18:32:08,131.76592499999992
2018-08-06 19:30:00,131.76592499999992
2018-08-06 20:00:00,131.76592499999992
2018-08-06 20:15:00,131.76592499999992
2018-08-06 20:30:00,131.76592499999992
2018-08-06 20:45:00,131.76592499999992
2018-08-06 23:00:00,131.59404999999992
2018-08-07 01:30:00,131.59404999999992
2018-08-07 03:45:00,131.59404999999992
2018-08-07 06:15:00,131.59404999999992
2018-08-07 08:00:00,131.59404999999992
2018-08-07 09:15:00,131.59404999999992
2018-08-07 12:45:00,131.59404999999992
2018-08-07 13:15:00,131.59404999999992
2018-08-07 13:45:00,131.59404999999992
2018-08-07 14:00:00,131.59404999999992
2018-08-07 14:15:00,131.59404999999992
2018-08-07 14:30:00,131.59404999999992
2018-08-07 14:45:00,131.59404999999992
2018-08-07 15:00:00,131.59404999999992
2018-08-07 15:15:00,131.59404999999992
2018-08-07 15:17:57,131.14092499999992
2018-08-07 15:45:00,131.14092499999992
2018-08-07 16:15:00,131.14092499999992
2018-08-07 16:30:00,131.14092499999992
2018-08-07 16:45:00,131.14092499999992
2018-08-07 17:00:00,131.14092499999992
2018-08-07 17:05:36,131.32842499999992
2018-08-07 17:45:00,131.32842499999992
2018-08-07 18:00:00,131.32842499999992
2018-08-07 18:15:00,131.32842499999992
2018-08-07 18:30:00,131.32842499999992
2018-08-07 18:35:16,131.17217499999992
2018-08-07 18:45:00,131.17217499999992
2018-08-07 19:15:00,131.17217499999992
2018-08-07 19:30:00,131.17217499999992
2018-08-07 19:45:00,131.17217499999992
2018-08-07 20:00:00,131.17217499999992
2018-08-07 20:15:00,131.17217499999992
2018-08-07 20:30:00,131.17217499999992
2018-08-07 21:00:00,131.17217499999992
2018-08-07 21:15:00,131.17217499999992
2018-08-07 21:30:00,131.17217499999992
2018-08-07 23:00:00,131.03154999999992
2018-08-08 02:45:00,131.03154999999992
2018-08-08 04:00:00,131.03154999999992
2018-08-08 07:45:00,131.03154999999992
2018-08-08 08:15:00,131.03154999999992
2018-08-08 08:30:00,131.03154999999992
2018-08-08 11:00:00,131.03154999999992
2018-08-08 12:30:00,131.03154999999992
2018-08-08 12:45:00,131.03154999999992
2018-08-08 13:00:00,131.03154999999992
2018-08-08 13:30:00,131.03154999999992
2018-08-08 13:45:00,131.03154999999992
2018-08-08 14:00:00,131.03154999999992
2018-08-08 14:15:00,131.03154999999992
2018-08-08 14:30:00,131.03154999999992
2018-08-08 14:45:00,131.03154999999992
2018-08-08 15:00:00,131.03154999999992
2018-08-08 15:15:00,131.03154999999992
2018-08-08 15:30:00,131.03154999999992
2018-08-08 15:45:00,131.03154999999992
2018-08-08 16:15:00,131.03154999999992
2018-08-08 16:30:00,131.03154999999992
2018-08-08 16:41:04,131.17217499999992
2018-08-08 17:00:00,131.17217499999992
2018-08-08 17:15:00,131.17217499999992
2018-08-08 17:30:00,131.17217499999992
2018-08-08 18:15:00,131.17217499999992
2018-08-08 18:23:35,131.23467499999992
2018-08-08 18:30:00,131.23467499999992
2018-08-08 18:45:00,131.23467499999992
2018-08-08 19:00:00,131.23467499999992
2018-08-08 19:45:00,131.23467499999992
2018-08-08 20:15:00,131.23467499999992
2018-08-08 20:45:00,131.23467499999992
2018-08-08 21:00:00,131.23467499999992
2018-08-08 23:00:00,131.18779999999992
2018-08-09 01:30:00,131.18779999999992
2018-08-09 01:45:00,131.18779999999992
2018-08-09 03:15:00,131.18779999999992
2018-08-09 04:45:00,131.18779999999992
2018-08-09 07:15:00,131.18779999999992
2018-08-09 09:15:00,131.18779999999992
2018-08-09 09:45:00,131.18779999999992
2018-08-09 10:45:00,131.18779999999992
2018-08-09 11:15:00,131.18779999999992
2018-08-09 12:45:00,131.18779999999992
2018-08-09 13:00:00,131.18779999999992
2018-08-09 13:15:00,131.18779999999992
2018-08-09 13:30:00,131.18779999999992
2018-08-09 13:45:00,131.18779999999992
2018-08-09 14:00:00,131.18779999999992
2018-08-09 14:15:00,131.18779999999992
2018-08-09 14:45:00,131.18779999999992
2018-08-09 15:00:00,131.18779999999992
2018-08-09 15:15:00,131.18779999999992
2018-08-09 15:30:00,131.18779999999992
2018-08-09 15:45:00,131.18779999999992
2018-08-09 16:00:00,131.18779999999992
2018-08-09 16:15:00,131.18779999999992
2018-08-09 16:45:00,131.18779999999992
2018-08-09 17:15:00,131.18779999999992
2018-08-09 17:30:00,131.18779999999992
2018-08-09 17:45:00,131.18779999999992
2018-08-09 18:00:00,131.18779999999992
2018-08-09 18:15:00,131.18779999999992
2018-08-09 18:30:00,131.18779999999992
2018-08-09 18:45:00,131.18779999999992
2018-08-09 19:00:00,131.18779999999992
2018-08-09 19:15:00,131.18779999999992
2018-08-09 19:30:00,131.18779999999992
2018-08-09 19:45:00,131.18779999999992
2018-08-09 20:00:00,131.18779999999992
2018-08-09 20:15:00,131.18779999999992
2018-08-09 20:30:00,131.18779999999992
2018-08-09 20:45:00,131.18779999999992
2018-08-09 21:30:00,131.18779999999992
2018-08-09 21:45:00,131.18779999999992
2018-08-09 23:00:00,131.75029999999992
2018-08-10 01:15:00,131.75029999999992
2018-08-10 02:00:00,131.75029999999992
2018-08-10 02:15:00,131.75029999999992
2018-08-10 02:30:00,131.75029999999992
2018-08-10 04:30:00,131.75029999999992
2018-08-10 06:15:00,131.75029999999992
2018-08-10 06:45:00,131.75029999999992
2018-08-10 07:00:00,131.75029999999992
2018-08-10 07:15:00,131.75029999999992
2018-08-10 07:30:00,131.75029999999992
2018-08-10 07:45:00,131.75029999999992
2018-08-10 08:00:00,131.75029999999992
2018-08-10 08:30:00,131.75029999999992
2018-08-10 08:45:00,131.75029999999992
2018-08-10 09:00:00,131.75029999999992
2018-08-10 09:15:00,131.75029999999992
2018-08-10 10:00:00,131.75029999999992
2018-08-10 12:15:00,131.75029999999992
2018-08-10 12:30:00,131.75029999999992
2018-08-10 12:45:00,131.75029999999992
2018-08-10 13:15:00,131.75029999999992
2018-08-10 13:30:00,131.75029999999992
2018-08-10 13:45:00,131.75029999999992
2018-08-10 14:00:00,131.75029999999992
2018-08-10 14:15:00,131.75029999999992
2018-08-10 14:30:00,131.75029999999992
2018-08-10 14:45:00,131.75029999999992
2018-08-10 15:00:00,131.75029999999992
2018-08-10 15:15:00,131.75029999999992
2018-08-10 15:30:00,131.75029999999992
2018-08-10 15:45:00,131.75029999999992
2018-08-10 16:00:00,131.75029999999992
2018-08-10 16:15:00,131.75029999999992
2018-08-10 16:30:00,131.75029999999992
2018-08-10 16:45:00,131.75029999999992
2018-08-10 17:00:00,131.75029999999992
2018-08-10 17:30:00,131.75029999999992
2018-08-10 17:45:00,131.75029999999992
2018-08-10 18:00:00,131.75029999999992
2018-08-10 18:15:00,131.75029999999992
2018-08-10 18:30:00,131.75029999999992
2018-08-10 18:45:00,131.75029999999992
2018-08-10 19:00:00,131.75029999999992
2018-08-10 19:15:00,131.75029999999992
2018-08-10 19:30:00,131.75029999999992
2018-08-10 19:45:00,131.75029999999992
2018-08-10 20:00:00,131.75029999999992
2018-08-10 20:15:00,131.75029999999992
2018-08-10 20:30:00,131.75029999999992
2018-08-10 20:45:00,131.75029999999992
2018-08-10 21:00:00,131.75029999999992
2018-08-10 21:45:00,131.75029999999992
2018-08-10 23:00:00,133.12529999999992
2018-08-12 23:00:00,133.12529999999992
2018-08-13 00:00:00,133.12529999999992
2018-08-13 00:45:00,133.12529999999992
2018-08-13 01:00:00,133.12529999999992
2018-08-13 01:15:00,133.12529999999992
2018-08-13 01:30:00,133.12529999999992
2018-08-13 01:45:00,133.12529999999992
2018-08-13 02:00:00,133.12529999999992
2018-08-13 02:30:00,133.12529999999992
2018-08-13 02:45:00,133.12529999999992
2018-08-13 03:00:00,133.12529999999992
2018-08-13 03:15:00,133.12529999999992
2018-08-13 03:45:00,133.12529999999992
2018-08-13 04:30:00,133.12529999999992
2018-08-13 06:15:00,133.12529999999992
2018-08-13 06:30:00,133.12529999999992
2018-08-13 07:15:00,133.12529999999992
2018-08-13 07:30:00,133.12529999999992
2018-08-13 07:45:00,133.12529999999992
2018-08-13 08:00:00,133.12529999999992
2018-08-13 08:15:00,133.12529999999992
2018-08-13 08:30:00,133.12529999999992
2018-08-13 09:00:00,133.12529999999992
2018-08-13 09:30:00,133.12529999999992
2018-08-13 10:15:00,133.12529999999992
2018-08-13 11:30:00,133.12529999999992
2018-08-13 11:45:00,133.12529999999992
2018-08-13 12:30:00,133.12529999999992
2018-08-13 12:45:00,133.12529999999992
2018-08-13 13:00:00,133.12529999999992
2018-08-13 13:15:00,133.12529999999992
2018-08-13 13:30:00,133.12529999999992
2018-08-13 13:45:00,133.12529999999992
2018-08-13 14:00:00,133.12529999999992
2018-08-13 14:15:00,133.12529999999992
2018-08-13 14:45:00,133.12529999999992
2018-08-13 15:15:00,133.12529999999992
2018-08-13 15:30:00,133.12529999999992
2018-08-13 15:45:00,133.12529999999992
2018-08-13 16:00:00,133.12529999999992
2018-08-13 16:15:00,133.12529999999992
2018-08-13 16:30:00,133.12529999999992
2018-08-13 16:45:00,133.12529999999992
2018-08-13 17:00:00,133.12529999999992
2018-08-13 17:15:00,133.12529999999992
2018-08-13 17:30:00,133.12529999999992
2018-08-13 18:00:00,133.12529999999992
2018-08-13 18:15:00,133.12529999999992
2018-08-13 18:30:00,133.12529999999992
2018-08-13 18:45:00,133.12529999999992
2018-08-13 19:30:00,133.12529999999992
2018-08-13 19:45:00,133.12529999999992
2018-08-13 20:00:00,133.12529999999992
2018-08-13 20:45:00,133.12529999999992
2018-08-13 23:00:00,132.78154999999992
2018-08-14 03:00:00,132.78154999999992
2018-08-14 04:00:00,132.78154999999992
2018-08-14 07:15:00,132.78154999999992
2018-08-14 07:30:00,132.78154999999992
2018-08-14 08:00:00,132.78154999999992
2018-08-14 08:45:00,132.78154999999992
2018-08-14 09:00:00,132.78154999999992
2018-08-14 09:45:00,132.78154999999992
2018-08-14 12:30:00,132.78154999999992
2018-08-14 12:45:00,132.78154999999992
2018-08-14 13:00:00,132.78154999999992
2018-08-14 13:15:00,132.78154999999992
2018-08-14 13:30:00,132.78154999999992
2018-08-14 13:45:00,132.78154999999992
2018-08-14 14:00:00,132.78154999999992
2018-08-14 14:15:00,132.78154999999992
2018-08-14 14:45:00,132.78154999999992
2018-08-14 15:00:00,132.78154999999992
2018-08-14 15:30:00,132.78154999999992
2018-08-14 15:45:00,132.78154999999992
2018-08-14 16:00:00,132.78154999999992
2018-08-14 16:15:00,132.78154999999992
2018-08-14 16:30:00,132.78154999999992
2018-08-14 16:45:00,132.78154999999992
2018-08-14 17:00:00,132.78154999999992
2018-08-14 17:30:00,132.78154999999992
2018-08-14 17:45:00,132.78154999999992
2018-08-14 18:15:00,132.78154999999992
2018-08-14 18:30:00,132.78154999999992
2018-08-14 18:45:00,132.78154999999992
2018-08-14 19:00:00,132.78154999999992
2018-08-14 19:15:00,132.78154999999992
2018-08-14 19:45:00,132.78154999999992
2018-08-14 20:00:00,132.78154999999992
2018-08-14 20:30:00,132.78154999999992
2018-08-14 20:45:00,132.78154999999992
2018-08-14 21:00:00,132.78154999999992
2018-08-14 21:15:00,132.78154999999992
2018-08-14 21:30:00,132.78154999999992
2018-08-14 21:45:00,132.78154999999992
2018-08-14 23:00:00,132.50029999999992
2018-08-15 01:30:00,132.50029999999992
2018-08-15 02:15:00,132.50029999999992
2018-08-15 03:15:00,132.50029999999992
2018-08-15 03:45:00,132.50029999999992
2018-08-15 04:15:00,132.50029999999992
2018-08-15 04:30:00,132.50029999999992
2018-08-15 06:45:00,132.50029999999992
2018-08-15 07:30:00,132.50029999999992
2018-08-15 09:00:00,132.50029999999992
2018-08-15 10:30:00,132.50029999999992
2018-08-15 11:00:00,132.50029999999992
2018-08-15 11:15:00,132.50029999999992
2018-08-15 11:30:00,132.50029999999992
2018-08-15 11:45:00,132.50029999999992
2018-08-15 12:00:00,132.50029999999992
2018-08-15 12:15:00,132.50029999999992
2018-08-15 12:30:00,132.50029999999992
2018-08-15 12:45:00,132.50029999999992
2018-08-15 13:00:00,132.50029999999992
2018-08-15 13:15:00,132.50029999999992
2018-08-15 13:30:00,132.50029999999992
2018-08-15 13:45:00,132.50029999999992
2018-08-15 14:00:00,132.50029999999992
2018-08-15 14:15:00,132.50029999999992
2018-08-15 14:30:00,132.50029999999992
2018-08-15 14:45:00,132.50029999999992
2018-08-15 15:00:00,132.50029999999992
2018-08-15 15:15:00,132.50029999999992
2018-08-15 15:30:00,132.50029999999992
2018-08-15 15:45:00,132.50029999999992
2018-08-15 16:00:00,132.50029999999992
2018-08-15 16:15:00,132.50029999999992
2018-08-15 16:30:00,132.50029999999992
2018-08-15 16:45:00,132.50029999999992
2018-08-15 17:00:00,132.50029999999992
2018-08-15 17:15:00,132.50029999999992
2018-08-15 17:30:00,132.50029999999992
2018-08-15 17:45:00,132.50029999999992
2018-08-15 18:00:00,132.50029999999992
2018-08-15 18:15:00,132.50029999999992
2018-08-15 18:45:00,132.50029999999992
2018-08-15 19:15:00,132.50029999999992
2018-08-15 19:30:00,132.50029999999992
2018-08-15 19:45:00,132.50029999999992
2018-08-15 20:00:00,132.50029999999992
2018-08-15 20:15:00,132.50029999999992
2018-08-15 20:30:00,132.50029999999992
2018-08-15 20:45:00,132.50029999999992
2018-08-15 21:00:00,132.50029999999992
2018-08-15 21:15:00,132.50029999999992
2018-08-15 21:30:00,132.50029999999992
2018-08-15 21:45:00,132.50029999999992
2018-08-15 23:00:00,133.21904999999992
2018-08-16 00:45:00,133.21904999999992
2018-08-16 01:00:00,133.21904999999992
2018-08-16 01:15:00,133.21904999999992
2018-08-16 01:30:00,133.21904999999992
2018-08-16 02:30:00,133.21904999999992
2018-08-16 02:45:00,133.21904999999992
2018-08-16 03:00:00,133.21904999999992
2018-08-16 04:45:00,133.21904999999992
2018-08-16 08:30:00,133.21904999999992
2018-08-16 09:00:00,133.21904999999992
2018-08-16 10:00:00,133.21904999999992
2018-08-16 10:15:00,133.21904999999992
2018-08-16 11:00:00,133.21904999999992
2018-08-16 11:15:00,133.21904999999992
2018-08-16 11:30:00,133.21904999999992
2018-08-16 11:45:00,133.21904999999992
2018-08-16 12:30:00,133.21904999999992
2018-08-16 12:45:00,133.21904999999992
2018-08-16 13:00:00,133.21904999999992
2018-08-16 13:15:00,133.21904999999992
2018-08-16 13:30:00,133.21904999999992
2018-08-16 13:45:00,133.21904999999992
2018-08-16 14:00:00,133.21904999999992
2018-08-16 14:15:00,133.21904999999992
2018-08-16 14:30:00,133.21904999999992
2018-08-16 14:45:00,133.21904999999992
2018-08-16 15:00:00,133.21904999999992
2018-08-16 15:15:00,133.21904999999992
2018-08-16 15:30:00,133.21904999999992
2018-08-16 15:45:00,133.21904999999992
2018-08-16 16:00:00,133.21904999999992
2018-08-16 16:15:00,133.21904999999992
2018-08-16 16:30:00,133.21904999999992
2018-08-16 16:45:00,133.21904999999992
2018-08-16 17:00:00,133.21904999999992
2018-08-16 17:15:00,133.21904999999992
2018-08-16 17:30:00,133.21904999999992
2018-08-16 17:45:00,133.21904999999992
2018-08-16 18:00:00,133.21904999999992
2018-08-16 18:15:00,133.21904999999992
2018-08-16 18:30:00,133.21904999999992
2018-08-16 18:45:00,133.21904999999992
2018-08-16 19:15:00,133.21904999999992
2018-08-16 19:30:00,133.21904999999992
2018-08-16 19:45:00,133.21904999999992
2018-08-16 20:00:00,133.21904999999992
2018-08-16 20:15:00,133.21904999999992
2018-08-16 20:30:00,133.21904999999992
2018-08-16 20:45:00,133.21904999999992
2018-08-16 21:15:00,133.21904999999992
2018-08-16 21:30:00,133.21904999999992
2018-08-16 21:45:00,133.21904999999992
2018-08-16 23:00:00,133.00029999999992
2018-08-17 00:15:00,133.00029999999992
2018-08-17 01:00:00,133.00029999999992
2018-08-17 01:15:00,133.00029999999992
2018-08-17 02:45:00,133.00029999999992
2018-08-17 03:00:00,133.00029999999992
2018-08-17 03:15:00,133.00029999999992
2018-08-17 03:45:00,133.00029999999992
2018-08-17 05:45:00,133.00029999999992
2018-08-17 06:15:00,133.00029999999992
2018-08-17 06:30:00,133.00029999999992
2018-08-17 06:45:00,133.00029999999992
2018-08-17 07:45:00,133.00029999999992
2018-08-17 08:15:00,133.00029999999992
2018-08-17 08:30:00,133.00029999999992
2018-08-17 08:45:00,133.00029999999992
2018-08-17 09:00:00,133.00029999999992
2018-08-17 09:15:00,133.00029999999992
2018-08-17 09:30:00,133.00029999999992
2018-08-17 09:45:00,133.00029999999992
2018-08-17 10:00:00,133.00029999999992
2018-08-17 10:15:00,133.00029999999992
2018-08-17 10:30:00,133.00029999999992
2018-08-17 10:45:00,133.00029999999992
2018-08-17 11:00:00,133.00029999999992
2018-08-17 11:15:00,133.00029999999992
2018-08-17 11:30:00,133.00029999999992
2018-08-17 11:45:00,133.00029999999992
2018-08-17 12:00:00,133.00029999999992
2018-08-17 12:15:00,133.00029999999992
2018-08-17 12:30:00,133.00029999999992
2018-08-17 12:45:00,133.00029999999992
2018-08-17 13:00:00,133.00029999999992
2018-08-17 13:15:00,133.00029999999992
2018-08-17 13:30:00,133.00029999999992
2018-08-17 13:45:00,133.00029999999992
2018-08-17 14:00:00,133.00029999999992
2018-08-17 14:15:00,133.00029999999992
2018-08-17 14:30:00,133.00029999999992
2018-08-17 14:45:00,133.00029999999992
2018-08-17 15:00:00,133.00029999999992
2018-08-17 15:15:00,133.00029999999992
2018-08-17 15:30:00,133.00029999999992
2018-08-17 15:45:00,133.00029999999992
2018-08-17 16:00:00,133.00029999999992
2018-08-17 16:15:00,133.00029999999992
2018-08-17 16:30:00,133.00029999999992
2018-08-17 17:00:00,133.00029999999992
2018-08-17 17:15:00,133.00029999999992
2018-08-17 17:30:00,133.00029999999992
2018-08-17 17:45:00,133.00029999999992
2018-08-17 18:00:00,133.00029999999992
2018-08-17 18:15:00,133.00029999999992
2018-08-17 18:45:00,133.00029999999992
2018-08-17 19:00:00,133.00029999999992
2018-08-17 19:15:00,133.00029999999992
2018-08-17 19:30:00,133.00029999999992
2018-08-17 19:45:00,133.00029999999992
2018-08-17 20:00:00,133.00029999999992
2018-08-17 20:15:00,133.00029999999992
2018-08-17 20:30:00,133.00029999999992
2018-08-17 20:45:00,133.00029999999992
2018-08-17 21:00:00,133.00029999999992
2018-08-17 21:15:00,133.00029999999992
2018-08-17 21:30:00,133.00029999999992
2018-08-17 21:45:00,133.00029999999992
2018-08-17 23:00:00,133.00029999999992
2018-08-19 23:00:00,133.00029999999992
2018-08-19 23:30:00,133.00029999999992
2018-08-20 00:00:00,133.00029999999992
2018-08-20 00:45:00,133.00029999999992
2018-08-20 01:30:00,133.00029999999992
2018-08-20 02:45:00,133.00029999999992
2018-08-20 03:00:00,133.00029999999992
2018-08-20 03:30:00,133.00029999999992
2018-08-20 04:00:00,133.00029999999992
2018-08-20 04:30:00,133.00029999999992
2018-08-20 04:45:00,133.00029999999992
2018-08-20 05:45:00,133.00029999999992
2018-08-20 06:15:00,133.00029999999992
2018-08-20 06:45:00,133.00029999999992
2018-08-20 07:00:00,133.00029999999992
2018-08-20 07:30:00,133.00029999999992
2018-08-20 07:45:00,133.00029999999992
2018-08-20 08:15:00,133.00029999999992
2018-08-20 08:30:00,133.00029999999992
2018-08-20 08:45:00,133.00029999999992
2018-08-20 09:15:00,133.00029999999992
2018-08-20 10:15:00,133.00029999999992
2018-08-20 10:30:00,133.00029999999992
2018-08-20 11:00:00,133.00029999999992
2018-08-20 11:15:00,133.00029999999992
2018-08-20 11:45:00,133.00029999999992
2018-08-20 12:15:00,133.00029999999992
2018-08-20 12:30:00,133.00029999999992
2018-08-20 13:00:00,133.00029999999992
2018-08-20 13:15:00,133.00029999999992
2018-08-20 13:30:00,133.00029999999992
2018-08-20 13:45:00,133.00029999999992
2018-08-20 14:00:00,133.00029999999992
2018-08-20 14:15:00,133.00029999999992
2018-08-20 14:30:00,133.00029999999992
2018-08-20 14:45:00,133.00029999999992
2018-08-20 15:00:00,133.00029999999992
2018-08-20 15:15:00,133.00029999999992
2018-08-20 15:30:00,133.00029999999992
2018-08-20 15:45:00,133.00029999999992
2018-08-20 16:00:00,133.00029999999992
2018-08-20 16:15:00,133.00029999999992
2018-08-20 16:30:00,133.00029999999992
2018-08-20 16:45:00,133.00029999999992
2018-08-20 17:00:00,133.00029999999992
2018-08-20 17:15:00,133.00029999999992
2018-08-20 17:30:00,133.00029999999992
2018-08-20 17:45:00,133.00029999999992
2018-08-20 18:00:00,133.00029999999992
2018-08-20 18:15:00,133.00029999999992
2018-08-20 18:30:00,133.00029999999992
2018-08-20 18:45:00,133.00029999999992
2018-08-20 19:00:00,133.00029999999992
2018-08-20 19:15:00,133.00029999999992
2018-08-20 19:30:00,133.00029999999992
2018-08-20 19:45:00,133.00029999999992
2018-08-20 20:00:00,133.00029999999992
2018-08-20 20:15:00,133.00029999999992
2018-08-20 20:30:00,133.00029999999992
2018-08-20 20:45:00,133.00029999999992
2018-08-20 21:00:00,133.00029999999992
2018-08-20 21:15:00,133.00029999999992
2018-08-20 21:30:00,133.00029999999992
2018-08-20 21:45:00,133.00029999999992
2018-08-20 23:00:00,133.93779999999992
2018-08-20 23:15:00,133.93779999999992
2018-08-21 00:30:00,133.93779999999992
2018-08-21 00:45:00,133.93779999999992
2018-08-21 01:00:00,133.93779999999992
2018-08-21 01:30:00,133.93779999999992
2018-08-21 02:00:00,133.93779999999992
2018-08-21 02:15:00,133.93779999999992
2018-08-21 02:30:00,133.93779999999992
2018-08-21 03:30:00,133.93779999999992
2018-08-21 03:45:00,133.93779999999992
2018-08-21 04:00:00,133.93779999999992
2018-08-21 04:15:00,133.93779999999992
2018-08-21 04:30:00,133.93779999999992
2018-08-21 04:45:00,133.93779999999992
2018-08-21 05:15:00,133.93779999999992
2018-08-21 05:30:00,133.93779999999992
2018-08-21 05:45:00,133.93779999999992
2018-08-21 06:30:00,133.93779999999992
2018-08-21 06:45:00,133.93779999999992
2018-08-21 07:00:00,133.93779999999992
2018-08-21 07:15:00,133.93779999999992
2018-08-21 07:30:00,133.93779999999992
2018-08-21 07:45:00,133.93779999999992
2018-08-21 08:00:00,133.93779999999992
2018-08-21 08:15:00,133.93779999999992
2018-08-21 08:30:00,133.93779999999992
2018-08-21 08:45:00,133.93779999999992
2018-08-21 09:00:00,133.93779999999992
2018-08-21 09:15:00,133.93779999999992
2018-08-21 09:45:00,133.93779999999992
2018-08-21 10:00:00,133.93779999999992
2018-08-21 10:15:00,133.93779999999992
2018-08-21 10:30:00,133.93779999999992
2018-08-21 10:45:00,133.93779999999992
2018-08-21 11:00:00,133.93779999999992
2018-08-21 11:15:00,133.93779999999992
2018-08-21 11:30:00,133.93779999999992
2018-08-21 11:45:00,133.93779999999992
2018-08-21 12:00:00,133.93779999999992
2018-08-21 12:15:00,133.93779999999992
2018-08-21 12:30:00,133.93779999999992
2018-08-21 12:45:00,133.93779999999992
2018-08-21 13:00:00,133.93779999999992
2018-08-21 13:15:00,133.93779999999992
2018-08-21 13:30:00,133.93779999999992
2018-08-21 13:45:00,133.93779999999992
2018-08-21 14:00:00,133.93779999999992
2018-08-21 14:15:00,133.93779999999992
2018-08-21 14:30:00,133.93779999999992
2018-08-21 14:45:00,133.93779999999992
2018-08-21 15:00:00,133.93779999999992
2018-08-21 15:15:00,133.93779999999992
2018-08-21 15:30:00,133.93779999999992
2018-08-21 15:45:00,133.93779999999992
2018-08-21 16:00:00,133.93779999999992
2018-08-21 16:15:00,133.93779999999992
2018-08-21 16:30:00,133.93779999999992
2018-08-21 16:45:00,133.93779999999992
2018-08-21 17:00:00,133.93779999999992
2018-08-21 17:15:00,133.93779999999992
2018-08-21 17:30:00,133.93779999999992
2018-08-21 17:45:00,133.93779999999992
2018-08-21 18:00:00,133.93779999999992
2018-08-21 18:15:00,133.93779999999992
2018-08-21 18:30:00,133.93779999999992
2018-08-21 18:45:00,133.93779999999992
2018-08-21 19:00:00,133.93779999999992
2018-08-21 19:15:00,133.93779999999992
2018-08-21 19:30:00,133.93779999999992
2018-08-21 19:45:00,133.93779999999992
2018-08-21 20:00:00,133.93779999999992
2018-08-21 20:15:00,133.93779999999992
2018-08-21 20:30:00,133.93779999999992
2018-08-21 20:45:00,133.93779999999992
2018-08-21 21:00:00,133.93779999999992
2018-08-21 21:15:00,133.93779999999992
2018-08-21 21:30:00,133.93779999999992
2018-08-21 21:45:00,133.93779999999992
2018-08-21 23:00:00,133.75029999999992
2018-08-21 23:15:00,133.75029999999992
2018-08-22 00:00:00,133.75029999999992
2018-08-22 00:15:00,133.75029999999992
2018-08-22 00:30:00,133.75029999999992
2018-08-22 00:45:00,133.75029999999992
2018-08-22 01:00:00,133.75029999999992
2018-08-22 01:15:00,133.75029999999992
2018-08-22 01:30:00,133.75029999999992
2018-08-22 01:45:00,133.75029999999992
2018-08-22 02:00:00,133.75029999999992
2018-08-22 02:15:00,133.75029999999992
2018-08-22 02:30:00,133.75029999999992
2018-08-22 02:45:00,133.75029999999992
2018-08-22 03:00:00,133.75029999999992
2018-08-22 03:15:00,133.75029999999992
2018-08-22 03:30:00,133.75029999999992
2018-08-22 04:00:00,133.75029999999992
2018-08-22 04:45:00,133.75029999999992
2018-08-22 05:15:00,133.75029999999992
2018-08-22 05:30:00,133.75029999999992
2018-08-22 05:45:00,133.75029999999992
2018-08-22 06:15:00,133.75029999999992
2018-08-22 06:45:00,133.75029999999992
2018-08-22 07:00:00,133.75029999999992
2018-08-22 07:15:00,133.75029999999992
2018-08-22 07:30:00,133.75029999999992
2018-08-22 08:00:00,133.75029999999992
2018-08-22 08:15:00,133.75029999999992
2018-08-22 08:30:00,133.75029999999992
2018-08-22 08:45:00,133.75029999999992
2018-08-22 09:00:00,133.75029999999992
2018-08-22 09:15:00,133.75029999999992
2018-08-22 09:30:00,133.75029999999992
2018-08-22 09:45:00,133.75029999999992
2018-08-22 10:00:00,133.75029999999992
2018-08-22 10:15:00,133.75029999999992
2018-08-22 10:30:00,133.75029999999992
2018-08-22 10:45:00,133.75029999999992
2018-08-22 11:00:00,133.75029999999992
2018-08-22 11:15:00,133.75029999999992
2018-08-22 11:30:00,133.75029999999992
2018-08-22 11:45:00,133.75029999999992
2018-08-22 12:00:00,133.75029999999992
2018-08-22 12:15:00,133.75029999999992
2018-08-22 12:30:00,133.75029999999992
2018-08-22 12:45:00,133.75029999999992
2018-08-22 13:00:00,133.75029999999992
2018-08-22 13:15:00,133.75029999999992
2018-08-22 13:30:00,133.75029999999992
2018-08-22 13:45:00,133.75029999999992
2018-08-22 14:00:00,133.75029999999992
2018-08-22 14:15:00,133.75029999999992
2018-08-22 14:30:00,133.75029999999992
2018-08-22 14:45:00,133.75029999999992
2018-08-22 15:00:00,133.75029999999992
2018-08-22 15:15:00,133.75029999999992
2018-08-22 15:30:00,133.75029999999992
2018-08-22 15:45:00,133.75029999999992
2018-08-22 16:00:00,133.75029999999992
2018-08-22 16:15:00,133.75029999999992
2018-08-22 16:30:00,133.75029999999992
2018-08-22 16:45:00,133.75029999999992
2018-08-22 17:00:00,133.75029999999992
2018-08-22 17:15:00,133.75029999999992
2018-08-22 17:30:00,133.75029999999992
2018-08-22 17:45:00,133.75029999999992
2018-08-22 18:00:00,133.75029999999992
2018-08-22 18:15:00,133.75029999999992
2018-08-22 18:30:00,133.75029999999992
2018-08-22 18:45:00,133.75029999999992
2018-08-22 19:00:00,133.75029999999992
2018-08-22 19:15:00,133.75029999999992
2018-08-22 19:30:00,133.75029999999992
2018-08-22 19:45:00,133.75029999999992
2018-08-22 20:00:00,133.75029999999992
2018-08-22 20:15:00,133.75029999999992
2018-08-22 20:30:00,133.75029999999992
2018-08-22 20:45:00,133.75029999999992
2018-08-22 21:00:00,133.75029999999992
2018-08-22 21:15:00,133.75029999999992
2018-08-22 21:30:00,133.75029999999992
2018-08-22 21:45:00,133.75029999999992
2018-08-22 23:00:00,133.93779999999992
2018-08-22 23:30:00,133.93779999999992
2018-08-22 23:45:00,133.93779999999992
2018-08-23 00:30:00,133.93779999999992
2018-08-23 01:00:00,133.93779999999992
2018-08-23 01:15:00,133.93779999999992
2018-08-23 01:30:00,133.93779999999992
2018-08-23 01:45:00,133.93779999999992
2018-08-23 02:00:00,133.93779999999992
2018-08-23 02:15:00,133.93779999999992
2018-08-23 02:30:00,133.93779999999992
2018-08-23 02:45:00,133.93779999999992
2018-08-23 03:00:00,133.93779999999992
2018-08-23 03:15:00,133.93779999999992
2018-08-23 03:30:00,133.93779999999992
2018-08-23 03:45:00,133.93779999999992
2018-08-23 04:00:00,133.93779999999992
2018-08-23 04:30:00,133.93779999999992
2018-08-23 04:45:00,133.93779999999992
2018-08-23 05:15:00,133.93779999999992
2018-08-23 05:30:00,133.93779999999992
2018-08-23 05:45:00,133.93779999999992
2018-08-23 06:30:00,133.93779999999992
2018-08-23 06:45:00,133.93779999999992
2018-08-23 07:00:00,133.93779999999992
2018-08-23 07:15:00,133.93779999999992
2018-08-23 07:30:00,133.93779999999992
2018-08-23 07:45:00,133.93779999999992
2018-08-23 08:00:00,133.93779999999992
2018-08-23 08:15:00,133.93779999999992
2018-08-23 08:30:00,133.93779999999992
2018-08-23 08:45:00,133.93779999999992
2018-08-23 09:00:00,133.93779999999992
2018-08-23 09:15:00,133.93779999999992
2018-08-23 09:30:00,133.93779999999992
2018-08-23 09:45:00,133.93779999999992
2018-08-23 10:00:00,133.93779999999992
2018-08-23 10:15:00,133.93779999999992
2018-08-23 10:30:00,133.93779999999992
2018-08-23 10:45:00,133.93779999999992
2018-08-23 11:00:00,133.93779999999992
2018-08-23 11:15:00,133.93779999999992
2018-08-23 11:30:00,133.93779999999992
2018-08-23 11:45:00,133.93779999999992
2018-08-23 12:00:00,133.93779999999992
2018-08-23 12:15:00,133.93779999999992
2018-08-23 12:30:00,133.93779999999992
2018-08-23 12:45:00,133.93779999999992
2018-08-23 13:00:00,133.93779999999992
2018-08-23 13:15:00,133.93779999999992
2018-08-23 13:30:00,133.93779999999992
2018-08-23 13:45:00,133.93779999999992
2018-08-23 14:00:00,133.93779999999992
2018-08-23 14:15:00,133.93779999999992
2018-08-23 14:30:00,133.93779999999992
2018-08-23 14:45:00,133.93779999999992
2018-08-23 15:00:00,133.93779999999992
2018-08-23 15:15:00,133.93779999999992
2018-08-23 15:30:00,133.93779999999992
2018-08-23 15:45:00,133.93779999999992
2018-08-23 16:00:00,133.93779999999992
2018-08-23 16:15:00,133.93779999999992
2018-08-23 16:30:00,133.93779999999992
2018-08-23 16:45:00,133.93779999999992
2018-08-23 17:00:00,133.93779999999992
2018-08-23 17:15:00,133.93779999999992
2018-08-23 17:30:00,133.93779999999992
2018-08-23 17:45:00,133.93779999999992
2018-08-23 18:00:00,133.93779999999992
2018-08-23 18:15:00,133.93779999999992
2018-08-23 18:30:00,133.93779999999992
2018-08-23 18:45:00,133.93779999999992
2018-08-23 19:00:00,133.93779999999992
2018-08-23 19:15:00,133.93779999999992
2018-08-23 19:30:00,133.93779999999992
2018-08-23 19:45:00,133.93779999999992
2018-08-23 20:00:00,133.93779999999992
2018-08-23 20:15:00,133.93779999999992
2018-08-23 20:30:00,133.93779999999992
2018-08-23 20:45:00,133.93779999999992
2018-08-23 21:00:00,133.93779999999992
2018-08-23 21:15:00,133.93779999999992
2018-08-23 21:30:00,133.93779999999992
2018-08-23 21:45:00,133.93779999999992
2018-08-23 23:00:00,134.03154999999992
2018-08-23 23:15:00,134.03154999999992
2018-08-23 23:30:00,134.03154999999992
2018-08-24 00:15:00,134.03154999999992
2018-08-24 01:00:00,134.03154999999992
2018-08-24 01:15:00,134.03154999999992
2018-08-24 01:30:00,134.03154999999992
2018-08-24 01:45:00,134.03154999999992
2018-08-24 02:00:00,134.03154999999992
2018-08-24 02:15:00,134.03154999999992
2018-08-24 02:30:00,134.03154999999992
2018-08-24 02:45:00,134.03154999999992
2018-08-24 03:00:00,134.03154999999992
2018-08-24 03:15:00,134.03154999999992
2018-08-24 03:30:00,134.03154999999992
2018-08-24 03:45:00,134.03154999999992
2018-08-24 04:00:00,134.03154999999992
2018-08-24 04:15:00,134.03154999999992
2018-08-24 04:30:00,134.03154999999992
2018-08-24 04:45:00,134.03154999999992
2018-08-24 05:15:00,134.03154999999992
2018-08-24 05:45:00,134.03154999999992
2018-08-24 06:15:00,134.03154999999992
2018-08-24 06:30:00,134.03154999999992
2018-08-24 06:45:00,134.03154999999992
2018-08-24 07:00:00,134.03154999999992
2018-08-24 07:15:00,134.03154999999992
2018-08-24 07:30:00,134.03154999999992
2018-08-24 07:45:00,134.03154999999992
2018-08-24 08:00:00,134.03154999999992
2018-08-24 08:15:00,134.03154999999992
2018-08-24 08:30:00,134.03154999999992
2018-08-24 08:45:00,134.03154999999992
2018-08-24 09:00:00,134.03154999999992
2018-08-24 09:15:00,134.03154999999992
2018-08-24 09:30:00,134.03154999999992
2018-08-24 09:45:00,134.03154999999992
2018-08-24 10:00:00,134.03154999999992
2018-08-24 10:15:00,134.03154999999992
2018-08-24 10:30:00,134.03154999999992
2018-08-24 10:45:00,134.03154999999992
2018-08-24 11:00:00,134.03154999999992
2018-08-24 11:15:00,134.03154999999992
2018-08-24 11:30:00,134.03154999999992
2018-08-24 11:45:00,134.03154999999992
2018-08-24 12:00:00,134.03154999999992
2018-08-24 12:15:00,134.03154999999992
2018-08-24 12:30:00,134.03154999999992
2018-08-24 12:45:00,134.03154999999992
2018-08-24 13:00:00,134.03154999999992
2018-08-24 13:15:00,134.03154999999992
2018-08-24 13:30:00,134.03154999999992
2018-08-24 13:45:00,134.03154999999992
2018-08-24 14:00:00,134.03154999999992
2018-08-24 14:15:00,134.03154999999992
2018-08-24 14:30:00,134.03154999999992
2018-08-24 14:45:00,134.03154999999992
2018-08-24 15:00:00,134.03154999999992
2018-08-24 15:15:00,134.03154999999992
2018-08-24 15:30:00,134.03154999999992
2018-08-24 15:45:00,134.03154999999992
2018-08-24 16:00:00,134.03154999999992
2018-08-24 16:15:00,134.03154999999992
2018-08-24 16:30:00,134.03154999999992
2018-08-24 16:45:00,134.03154999999992
2018-08-24 17:00:00,134.03154999999992
2018-08-24 17:15:00,134.03154999999992
2018-08-24 17:30:00,134.03154999999992
2018-08-24 17:45:00,134.03154999999992
2018-08-24 18:00:00,134.03154999999992
2018-08-24 18:15:00,134.03154999999992
2018-08-24 18:30:00,134.03154999999992
2018-08-24 18:45:00,134.03154999999992
2018-08-24 19:00:00,134.03154999999992
2018-08-24 19:15:00,134.03154999999992
2018-08-24 19:30:00,134.03154999999992
2018-08-24 19:45:00,134.03154999999992
2018-08-24 20:00:00,134.03154999999992
2018-08-24 20:15:00,134.03154999999992
2018-08-24 20:30:00,134.03154999999992
2018-08-24 20:45:00,134.03154999999992
2018-08-24 21:00:00,134.03154999999992
2018-08-24 21:15:00,134.03154999999992
2018-08-24 21:30:00,134.03154999999992
2018-08-24 21:45:00,134.03154999999992
2018-08-24 23:00:00,134.28154999999992
2018-08-26 23:00:00,134.28154999999992
2018-08-26 23:15:00,134.28154999999992
2018-08-26 23:30:00,134.28154999999992
2018-08-27 00:15:00,134.28154999999992
2018-08-27 00:30:00,134.28154999999992
2018-08-27 00:45:00,134.28154999999992
2018-08-27 01:00:00,134.28154999999992
2018-08-27 01:15:00,134.28154999999992
2018-08-27 01:30:00,134.28154999999992
2018-08-27 01:45:00,134.28154999999992
2018-08-27 02:00:00,134.28154999999992
2018-08-27 02:15:00,134.28154999999992
2018-08-27 02:30:00,134.28154999999992
2018-08-27 02:45:00,134.28154999999992
2018-08-27 03:00:00,134.28154999999992
2018-08-27 03:15:00,134.28154999999992
2018-08-27 03:30:00,134.28154999999992
2018-08-27 03:45:00,134.28154999999992
2018-08-27 04:00:00,134.28154999999992
2018-08-27 04:30:00,134.28154999999992
2018-08-27 04:45:00,134.28154999999992
2018-08-27 05:15:00,134.28154999999992
2018-08-27 05:30:00,134.28154999999992
2018-08-27 05:45:00,134.28154999999992
2018-08-27 06:15:00,134.28154999999992
2018-08-27 06:30:00,134.28154999999992
2018-08-27 06:45:00,134.28154999999992
2018-08-27 07:00:00,134.28154999999992
2018-08-27 07:15:00,134.28154999999992
2018-08-27 07:30:00,134.28154999999992
2018-08-27 07:45:00,134.28154999999992
2018-08-27 08:00:00,134.28154999999992
2018-08-27 08:15:00,134.28154999999992
2018-08-27 08:30:00,134.28154999999992
2018-08-27 08:45:00,134.28154999999992
2018-08-27 09:00:00,134.28154999999992
2018-08-27 09:15:00,134.28154999999992
2018-08-27 09:30:00,134.28154999999992
2018-08-27 09:45:00,134.28154999999992
2018-08-27 10:00:00,134.28154999999992
2018-08-27 10:15:00,134.28154999999992
2018-08-27 10:30:00,134.28154999999992
2018-08-27 10:45:00,134.28154999999992
2018-08-27 11:00:00,134.28154999999992
2018-08-27 11:15:00,134.28154999999992
2018-08-27 11:30:00,134.28154999999992
2018-08-27 11:45:00,134.28154999999992
2018-08-27 12:00:00,134.28154999999992
2018-08-27 12:15:00,134.28154999999992
2018-08-27 12:30:00,134.28154999999992
2018-08-27 12:45:00,134.28154999999992
2018-08-27 13:00:00,134.28154999999992
2018-08-27 13:15:00,134.28154999999992
2018-08-27 13:30:00,134.28154999999992
2018-08-27 13:45:00,134.28154999999992
2018-08-27 14:00:00,134.28154999999992
2018-08-27 14:15:00,134.28154999999992
2018-08-27 14:30:00,134.28154999999992
2018-08-27 14:45:00,134.28154999999992
2018-08-27 15:00:00,134.28154999999992
2018-08-27 15:15:00,134.28154999999992
2018-08-27 15:30:00,134.28154999999992
2018-08-27 15:45:00,134.28154999999992
2018-08-27 16:00:00,134.28154999999992
2018-08-27 16:15:00,134.28154999999992
2018-08-27 16:30:00,134.28154999999992
2018-08-27 16:45:00,134.28154999999992
2018-08-27 17:00:00,134.28154999999992
2018-08-27 17:15:00,134.28154999999992
2018-08-27 17:30:00,134.28154999999992
2018-08-27 17:45:00,134.28154999999992
2018-08-27 18:00:00,134.28154999999992
2018-08-27 18:15:00,134.28154999999992
2018-08-27 18:30:00,134.28154999999992
2018-08-27 18:45:00,134.28154999999992
2018-08-27 19:00:00,134.28154999999992
2018-08-27 19:15:00,134.28154999999992
2018-08-27 19:30:00,134.28154999999992
2018-08-27 19:45:00,134.28154999999992
2018-08-27 20:00:00,134.28154999999992
2018-08-27 20:15:00,134.28154999999992
2018-08-27 20:30:00,134.28154999999992
2018-08-27 20:45:00,134.28154999999992
2018-08-27 21:00:00,134.28154999999992
2018-08-27 21:15:00,134.28154999999992
2018-08-27 21:30:00,134.28154999999992
2018-08-27 21:45:00,134.28154999999992
2018-08-27 23:00:00,133.59404999999992
2018-08-27 23:15:00,133.59404999999992
2018-08-27 23:30:00,133.59404999999992
2018-08-27 23:45:00,133.59404999999992
2018-08-28 00:00:00,133.59404999999992
2018-08-28 00:15:00,133.59404999999992
2018-08-28 00:30:00,133.59404999999992
2018-08-28 00:45:00,133.59404999999992
2018-08-28 01:00:00,133.59404999999992
2018-08-28 01:15:00,133.59404999999992
2018-08-28 01:30:00,133.59404999999992
2018-08-28 01:45:00,133.59404999999992
2018-08-28 02:00:00,133.59404999999992
2018-08-28 02:15:00,133.59404999999992
2018-08-28 02:30:00,133.59404999999992
2018-08-28 02:45:00,133.59404999999992
2018-08-28 03:00:00,133.59404999999992
2018-08-28 03:15:00,133.59404999999992
2018-08-28 03:30:00,133.59404999999992
2018-08-28 03:45:00,133.59404999999992
2018-08-28 04:00:00,133.59404999999992
2018-08-28 04:15:00,133.59404999999992
2018-08-28 04:30:00,133.59404999999992
2018-08-28 04:45:00,133.59404999999992
2018-08-28 05:15:00,133.59404999999992
2018-08-28 05:30:00,133.59404999999992
2018-08-28 05:45:00,133.59404999999992
2018-08-28 06:15:00,133.59404999999992
2018-08-28 06:30:00,133.59404999999992
2018-08-28 06:45:00,133.59404999999992
2018-08-28 07:00:00,133.59404999999992
2018-08-28 07:15:00,133.59404999999992
2018-08-28 07:30:00,133.59404999999992
2018-08-28 07:45:00,133.59404999999992
2018-08-28 08:00:00,133.59404999999992
2018-08-28 08:15:00,133.59404999999992
2018-08-28 08:30:00,133.59404999999992
2018-08-28 08:45:00,133.59404999999992
2018-08-28 09:00:00,133.59404999999992
2018-08-28 09:15:00,133.59404999999992
2018-08-28 09:30:00,133.59404999999992
2018-08-28 09:45:00,133.59404999999992
2018-08-28 10:00:00,133.59404999999992
2018-08-28 10:15:00,133.59404999999992
2018-08-28 10:30:00,133.59404999999992
2018-08-28 10:45:00,133.59404999999992
2018-08-28 11:00:00,133.59404999999992
2018-08-28 11:15:00,133.59404999999992
2018-08-28 11:30:00,133.59404999999992
2018-08-28 11:45:00,133.59404999999992
2018-08-28 12:00:00,133.59404999999992
2018-08-28 12:15:00,133.59404999999992
2018-08-28 12:30:00,133.59404999999992
2018-08-28 12:45:00,133.59404999999992
2018-08-28 13:00:00,133.59404999999992
2018-08-28 13:15:00,133.59404999999992
2018-08-28 13:30:00,133.59404999999992
2018-08-28 13:45:00,133.59404999999992
2018-08-28 14:00:00,133.59404999999992
2018-08-28 14:15:00,133.59404999999992
2018-08-28 14:30:00,133.59404999999992
2018-08-28 14:45:00,133.59404999999992
2018-08-28 15:00:00,133.59404999999992
2018-08-28 15:15:00,133.59404999999992
2018-08-28 15:30:00,133.59404999999992
2018-08-28 15:45:00,133.59404999999992
2018-08-28 16:00:00,133.59404999999992
2018-08-28 16:15:00,133.59404999999992
2018-08-28 16:30:00,133.59404999999992
2018-08-28 16:45:00,133.59404999999992
2018-08-28 17:00:00,133.59404999999992
2018-08-28 17:15:00,133.59404999999992
2018-08-28 17:30:00,133.59404999999992
2018-08-28 17:45:00,133.59404999999992
2018-08-28 18:00:00,133.59404999999992
2018-08-28 18:15:00,133.59404999999992
2018-08-28 18:30:00,133.59404999999992
2018-08-28 18:45:00,133.59404999999992
2018-08-28 19:00:00,133.59404999999992
2018-08-28 19:15:00,133.59404999999992
2018-08-28 19:30:00,133.59404999999992
2018-08-28 19:45:00,133.59404999999992
2018-08-28 20:00:00,133.59404999999992
2018-08-28 20:15:00,133.59404999999992
2018-08-28 20:30:00,133.59404999999992
2018-08-28 20:45:00,133.59404999999992
2018-08-28 21:00:00,133.59404999999992
2018-08-28 21:15:00,133.59404999999992
2018-08-28 21:30:00,133.59404999999992
2018-08-28 21:45:00,133.59404999999992
2018-08-28 23:00:00,132.90654999999992
2018-08-28 23:15:00,132.31274999999994
2018-08-28 23:30:00,132.34404999999992
2018-08-28 23:45:00,132.31274999999994
2018-08-29 00:00:00,132.34404999999992
2018-08-29 00:15:00,132.31274999999994
2018-08-29 00:30:00,132.31274999999994
2018-08-29 00:45:00,132.31274999999994
2018-08-29 01:00:00,132.31274999999994
2018-08-29 01:15:00,132.37524999999994
2018-08-29 01:30:00,132.34404999999992
2018-08-29 01:45:00,132.37524999999994
2018-08-29 02:00:00,132.34404999999992
2018-08-29 02:15:00,132.37524999999994
2018-08-29 02:30:00,132.37524999999994
2018-08-29 02:45:00,132.40654999999992
2018-08-29 03:00:00,132.40654999999992
2018-08-29 03:15:00,132.34404999999992
2018-08-29 03:30:00,132.34404999999992
2018-08-29 03:45:00,132.34404999999992
2018-08-29 04:00:00,132.37524999999994
2018-08-29 04:15:00,132.40654999999992
2018-08-29 04:30:00,132.40654999999992
2018-08-29 04:45:00,132.43774999999994
2018-08-29 05:15:00,132.40654999999992
2018-08-29 05:30:00,132.43774999999994
2018-08-29 05:45:00,132.43774999999994
2018-08-29 06:15:00,132.43774999999994
2018-08-29 06:30:00,132.43774999999994
2018-08-29 06:45:00,132.46904999999992
2018-08-29 07:00:00,132.50024999999994
2018-08-29 07:15:00,132.50024999999994
2018-08-29 07:30:00,132.50024999999994
2018-08-29 07:45:00,132.46904999999992
2018-08-29 08:00:00,132.50024999999994
2018-08-29 08:15:00,132.53154999999992
2018-08-29 08:30:00,132.46904999999992
2018-08-29 08:45:00,132.53154999999992
2018-08-29 09:00:00,132.43774999999994
2018-08-29 09:15:00,132.40654999999992
2018-08-29 09:30:00,132.40654999999992
2018-08-29 09:45:00,132.40654999999992
2018-08-29 10:00:00,132.43774999999994
2018-08-29 10:15:00,132.40654999999992
2018-08-29 10:30:00,132.46904999999992
2018-08-29 10:45:00,132.40654999999992
2018-08-29 11:00:00,132.40654999999992
2018-08-29 11:15:00,132.43774999999994
2018-08-29 11:30:00,132.46904999999992
2018-08-29 11:45:00,132.40654999999992
2018-08-29 12:00:00,132.40654999999992
2018-08-29 12:15:00,132.31274999999994
2018-08-29 12:30:00,132.31274999999994
2018-08-29 12:45:00,132.34404999999992
2018-08-29 13:00:00,132.50024999999994
2018-08-29 13:15:00,132.40654999999992
2018-08-29 13:30:00,132.37524999999994
2018-08-29 13:45:00,132.31274999999994
2018-08-29 14:00:00,132.28154999999992
2018-08-29 14:15:00,132.37524999999994
2018-08-29 14:30:00,132.37524999999994
2018-08-29 14:45:00,132.25024999999994
2018-08-29 15:00:00,132.18774999999994
2018-08-29 15:15:00,132.21904999999992
2018-08-29 15:30:00,132.18774999999994
2018-08-29 15:45:00,132.18774999999994
2018-08-29 16:00:00,132.12524999999994
2018-08-29 16:15:00,132.09404999999992
2018-08-29 16:30:00,132.18774999999994
2018-08-29 16:45:00,132.21904999999992
2018-08-29 17:00:00,132.21904999999992
2018-08-29 17:15:00,132.31274999999994
2018-08-29 17:30:00,132.25024999999994
2018-08-29 17:45:00,132.34404999999992
2018-08-29 18:00:00,132.37524999999994
2018-08-29 18:15:00,132.46904999999992
2018-08-29 18:30:00,132.46904999999992
2018-08-29 18:45:00,132.46904999999992
2018-08-29 19:00:00,132.40654999999992
2018-08-29 19:15:00,132.46904999999992
2018-08-29 19:30:00,132.46904999999992
2018-08-29 19:45:00,132.43774999999994
2018-08-29 20:00:00,132.46904999999992
2018-08-29 20:15:00,132.37524999999994
2018-08-29 20:30:00,132.34404999999992
2018-08-29 20:45:00,132.37524999999994
2018-08-29 21:00:00,132.34404999999992
2018-08-29 21:15:00,132.37524999999994
2018-08-29 21:30:00,132.37524999999994
2018-08-29 21:45:00,132.34404999999992
2018-08-29 23:00:00,132.40654999999992
2018-08-29 23:15:00,132.40654999999992
2018-08-29 23:30:00,132.40654999999992
2018-08-29 23:45:00,132.37524999999994
2018-08-30 00:15:00,132.40654999999992
2018-08-30 00:30:00,132.43774999999994
2018-08-30 00:45:00,132.43774999999994
2018-08-30 01:00:00,132.40654999999992
2018-08-30 01:15:00,132.43774999999994
2018-08-30 01:30:00,132.43774999999994
2018-08-30 01:45:00,132.37524999999994
2018-08-30 02:00:00,132.37524999999994
2018-08-30 02:15:00,132.37524999999994
2018-08-30 02:30:00,132.43774999999994
2018-08-30 02:45:00,132.37524999999994
2018-08-30 03:00:00,132.37524999999994
2018-08-30 03:15:00,132.40654999999992
2018-08-30 03:30:00,132.37524999999994
2018-08-30 03:45:00,132.37524999999994
2018-08-30 04:00:00,132.34404999999992
2018-08-30 04:15:00,132.40654999999992
2018-08-30 04:30:00,132.43774999999994
2018-08-30 04:45:00,132.46904999999992
2018-08-30 05:15:00,132.40654999999992
2018-08-30 05:30:00,132.40654999999992
2018-08-30 05:45:00,132.43774999999994
2018-08-30 06:15:00,132.43774999999994
2018-08-30 06:30:00,132.43774999999994
2018-08-30 06:45:00,132.43774999999994
2018-08-30 07:00:00,132.43774999999994
2018-08-30 07:15:00,132.40654999999992
2018-08-30 07:30:00,132.43774999999994
2018-08-30 07:45:00,132.43774999999994
2018-08-30 08:00:00,132.40654999999992
2018-08-30 08:15:00,132.46904999999992
2018-08-30 08:30:00,132.46904999999992
2018-08-30 08:45:00,132.53154999999992
2018-08-30 09:00:00,132.53154999999992
2018-08-30 09:15:00,132.62524999999994
2018-08-30 09:30:00,132.59404999999992
2018-08-30 09:45:00,132.50024999999994
2018-08-30 10:00:00,132.53154999999992
2018-08-30 10:15:00,132.50024999999994
2018-08-30 10:30:00,132.50024999999994
2018-08-30 10:45:00,132.46904999999992
2018-08-30 11:00:00,132.46904999999992
2018-08-30 11:15:00,132.40654999999992
2018-08-30 11:30:00,132.31274999999994
2018-08-30 11:45:00,132.34404999999992
2018-08-30 12:00:00,132.31274999999994
2018-08-30 12:15:00,132.37524999999994
2018-08-30 12:30:00,132.53154999999992
2018-08-30 12:45:00,132.53154999999992
2018-08-30 13:00:00,132.46904999999992
2018-08-30 13:15:00,132.53154999999992
2018-08-30 13:30:00,132.75024999999994
2018-08-30 13:45:00,132.75024999999994
2018-08-30 14:00:00,132.75024999999994
2018-08-30 14:15:00,132.68774999999994
2018-08-30 14:30:00,132.68774999999994
2018-08-30 14:45:00,132.75024999999994
2018-08-30 15:00:00,132.68774999999994
2018-08-30 15:15:00,132.56274999999994
2018-08-30 15:30:00,132.56274999999994
2018-08-30 15:45:00,132.62524999999994
2018-08-30 16:00:00,132.68774999999994
2018-08-30 16:15:00,132.71904999999992
2018-08-30 16:30:00,132.65654999999992
2018-08-30 16:45:00,132.68774999999994
2018-08-30 17:00:00,132.68774999999994
2018-08-30 17:15:00,132.65654999999992
2018-08-30 17:30:00,132.65654999999992
2018-08-30 17:45:00,132.59404999999992
2018-08-30 18:00:00,132.56274999999994
2018-08-30 18:15:00,132.56274999999994
2018-08-30 18:30:00,132.56274999999994
2018-08-30 18:45:00,132.53154999999992
2018-08-30 19:00:00,132.56274999999994
2018-08-30 19:15:00,132.68774999999994
2018-08-30 19:30:00,132.71904999999992
2018-08-30 19:45:00,132.75024999999994
2018-08-30 20:00:00,132.81274999999994
2018-08-30 20:15:00,132.81274999999994
2018-08-30 20:30:00,132.78154999999992
2018-08-30 20:45:00,132.65654999999992
2018-08-30 21:00:00,132.68774999999994
2018-08-30 21:15:00,132.75024999999994
2018-08-30 21:30:00,132.71904999999992
2018-08-30 21:45:00,132.78154999999992
2018-08-30 23:00:00,132.40654999999992
2018-08-30 23:15:00,132.75024999999994
2018-08-30 23:30:00,132.78154999999992
2018-08-30 23:45:00,132.75024999999994
2018-08-31 00:00:00,132.78154999999992
2018-08-31 00:15:00,132.75024999999994
2018-08-31 00:30:00,132.75024999999994
2018-08-31 00:45:00,132.75024999999994
2018-08-31 01:00:00,132.81274999999994
2018-08-31 01:15:00,132.78154999999992
2018-08-31 01:30:00,132.78154999999992
2018-08-31 01:45:00,132.81274999999994
2018-08-31 02:00:00,132.81274999999994
2018-08-31 02:15:00,132.81274999999994
2018-08-31 02:30:00,132.78154999999992
2018-08-31 02:45:00,132.81274999999994
2018-08-31 03:00:00,132.81274999999994
2018-08-31 03:15:00,132.81274999999994
2018-08-31 03:30:00,132.81274999999994
2018-08-31 03:45:00,132.81274999999994
2018-08-31 04:00:00,132.78154999999992
2018-08-31 04:15:00,132.81274999999994
2018-08-31 04:30:00,132.78154999999992
2018-08-31 04:45:00,132.75024999999994
2018-08-31 05:15:00,132.78154999999992
2018-08-31 05:30:00,132.78154999999992
2018-08-31 05:45:00,132.81274999999994
2018-08-31 06:15:00,132.71904999999992
2018-08-31 06:30:00,132.71904999999992
2018-08-31 06:45:00,132.81274999999994
2018-08-31 07:00:00,132.84404999999992
2018-08-31 07:15:00,132.75024999999994
2018-08-31 07:30:00,132.78154999999992
2018-08-31 07:45:00,132.71904999999992
2018-08-31 08:00:00,132.81274999999994
2018-08-31 08:15:00,132.96904999999992
2018-08-31 08:30:00,132.87524999999994
2018-08-31 08:45:00,132.87524999999994
2018-08-31 09:00:00,132.81274999999994
2018-08-31 09:15:00,132.90654999999992
2018-08-31 09:30:00,132.93774999999994
2018-08-31 09:45:00,133.00024999999994
2018-08-31 10:00:00,132.96904999999992
2018-08-31 10:15:00,132.87524999999994
2018-08-31 10:30:00,132.93774999999994
2018-08-31 10:45:00,132.93774999999994
2018-08-31 11:00:00,132.96904999999992
2018-08-31 11:15:00,132.96904999999992
2018-08-31 11:30:00,132.93774999999994
2018-08-31 11:45:00,132.96904999999992
2018-08-31 12:00:00,132.93774999999994
2018-08-31 12:15:00,133.03154999999992
2018-08-31 12:30:00,133.06274999999994
2018-08-31 12:45:00,133.06274999999994
2018-08-31 13:00:00,133.06274999999994
2018-08-31 13:15:00,133.12524999999994
2018-08-31 13:30:00,133.21904999999992
2018-08-31 13:45:00,133.25024999999994
2018-08-31 14:00:00,133.28154999999992
2018-08-31 14:15:00,133.21904999999992
2018-08-31 14:30:00,133.21904999999992
2018-08-31 14:45:00,133.15654999999992
2018-08-31 15:00:00,133.03154999999992
2018-08-31 15:15:00,133.06274999999994
2018-08-31 15:30:00,133.09404999999992
2018-08-31 15:45:00,133.15654999999992
2018-08-31 16:00:00,133.18774999999994
2018-08-31 16:15:00,133.15654999999992
2018-08-31 16:30:00,133.15654999999992
2018-08-31 16:45:00,133.15654999999992
2018-08-31 17:00:00,133.12524999999994
2018-08-31 17:15:00,133.00024999999994
2018-08-31 17:30:00,133.00024999999994
2018-08-31 17:45:00,132.96904999999992
2018-08-31 18:00:00,132.90654999999992
2018-08-31 18:15:00,132.96904999999992
2018-08-31 18:30:00,133.00024999999994
2018-08-31 18:45:00,133.00024999999994
2018-08-31 19:00:00,132.96904999999992
2018-08-31 19:15:00,132.96904999999992
2018-08-31 19:30:00,132.96904999999992
2018-08-31 19:45:00,132.81274999999994
2018-08-31 20:00:00,132.68774999999994
2018-08-31 20:15:00,132.59404999999992
2018-08-31 20:30:00,132.50024999999994
2018-08-31 20:45:00,132.56274999999994
2018-08-31 21:00:00,132.59404999999992
2018-08-31 21:15:00,132.65654999999992
2018-08-31 21:30:00,132.65654999999992
2018-08-31 21:45:00,132.62524999999994
2018-08-31 23:00:00,132.75024999999994
2018-09-02 23:00:00,132.62524999999994
2018-09-02 23:15:00,132.65654999999992
2018-09-02 23:30:00,132.65654999999992
2018-09-02 23:45:00,132.68774999999994
2018-09-03 00:00:00,132.68774999999994
2018-09-03 00:15:00,132.62524999999994
2018-09-03 00:30:00,132.59404999999992
2018-09-03 00:45:00,132.59404999999992
2018-09-03 01:00:00,132.62524999999994
2018-09-03 01:15:00,132.62524999999994
2018-09-03 01:30:00,132.62524999999994
2018-09-03 01:45:00,132.65654999999992
2018-09-03 02:00:00,132.65654999999992
2018-09-03 02:15:00,132.65654999999992
2018-09-03 02:30:00,132.65654999999992
2018-09-03 02:45:00,132.65654999999992
2018-09-03 03:00:00,132.65654999999992
2018-09-03 03:15:00,132.62524999999994
2018-09-03 03:30:00,132.65654999999992
2018-09-03 03:45:00,132.62524999999994
2018-09-03 04:15:00,132.62524999999994
2018-09-03 04:30:00,132.65654999999992
2018-09-03 04:45:00,132.62524999999994
2018-09-03 05:15:00,132.62524999999994
2018-09-03 05:30:00,132.62524999999994
2018-09-03 05:45:00,132.62524999999994
2018-09-03 06:15:00,132.62524999999994
2018-09-03 06:30:00,132.62524999999994
2018-09-03 06:45:00,132.56274999999994
2018-09-03 07:00:00,132.56274999999994
2018-09-03 07:15:00,132.53154999999992
2018-09-03 07:30:00,132.53154999999992
2018-09-03 07:45:00,132.46904999999992
2018-09-03 08:00:00,132.43774999999994
2018-09-03 08:15:00,132.46904999999992
2018-09-03 08:30:00,132.50024999999994
2018-09-03 08:45:00,132.53154999999992
2018-09-03 09:00:00,132.53154999999992
2018-09-03 09:15:00,132.56274999999994
2018-09-03 09:30:00,132.56274999999994
2018-09-03 09:45:00,132.59404999999992
2018-09-03 10:00:00,132.59404999999992
2018-09-03 10:15:00,132.62524999999994
2018-09-03 10:30:00,132.59404999999992
2018-09-03 10:45:00,132.59404999999992
2018-09-03 11:00:00,132.62524999999994
2018-09-03 11:15:00,132.56274999999994
2018-09-03 11:30:00,132.59404999999992
2018-09-03 11:45:00,132.56274999999994
2018-09-03 12:00:00,132.59404999999992
2018-09-03 12:15:00,132.59404999999992
2018-09-03 12:30:00,132.59404999999992
2018-09-03 12:45:00,132.62524999999994
2018-09-03 13:00:00,132.59404999999992
2018-09-03 13:15:00,132.68774999999994
2018-09-03 13:30:00,132.75024999999994
2018-09-03 13:45:00,132.71904999999992
2018-09-03 14:00:00,132.71904999999992
2018-09-03 14:15:00,132.71904999999992
2018-09-03 14:30:00,132.68774999999994
2018-09-03 14:45:00,132.68774999999994
2018-09-03 15:00:00,132.65654999999992
2018-09-03 15:15:00,132.62524999999994
2018-09-03 15:30:00,132.59404999999992
2018-09-03 15:45:00,132.53154999999992
2018-09-03 16:00:00,132.56274999999994
2018-09-03 16:15:00,132.53154999999992
2018-09-03 16:30:00,132.50024999999994
2018-09-03 16:45:00,132.46904999999992
2018-09-03 17:00:00,132.50024999999994
2018-09-03 17:15:00,132.46904999999992
2018-09-03 17:30:00,132.50024999999994
2018-09-03 17:45:00,132.53154999999992
2018-09-03 23:00:00,132.50024999999994
2018-09-03 23:15:00,132.53154999999992
2018-09-03 23:30:00,132.50024999999994
2018-09-03 23:45:00,132.53154999999992
2018-09-04 00:00:00,132.53154999999992
2018-09-04 00:15:00,132.53154999999992
2018-09-04 00:30:00,132.50024999999994
2018-09-04 00:45:00,132.50024999999994
2018-09-04 01:00:00,132.59404999999992
2018-09-04 01:15:00,132.56274999999994
2018-09-04 01:30:00,132.56274999999994
2018-09-04 01:45:00,132.59404999999992
2018-09-04 02:00:00,132.62524999999994
2018-09-04 02:15:00,132.62524999999994
2018-09-04 02:30:00,132.56274999999994
2018-09-04 02:45:00,132.50024999999994
2018-09-04 03:00:00,132.53154999999992
2018-09-04 03:15:00,132.53154999999992
2018-09-04 03:30:00,132.50024999999994
2018-09-04 03:45:00,132.50024999999994
2018-09-04 04:00:00,132.50024999999994
2018-09-04 04:15:00,132.50024999999994
2018-09-04 04:30:00,132.50024999999994
2018-09-04 04:45:00,132.53154999999992
2018-09-04 05:15:00,132.62524999999994
2018-09-04 05:30:00,132.53154999999992
2018-09-04 05:45:00,132.53154999999992
2018-09-04 06:15:00,132.53154999999992
2018-09-04 06:30:00,132.50024999999994
2018-09-04 06:45:00,132.50024999999994
2018-09-04 07:00:00,132.43774999999994
2018-09-04 07:15:00,132.31274999999994
2018-09-04 07:30:00,132.25024999999994
2018-09-04 07:45:00,132.15654999999992
2018-09-04 08:00:00,132.12524999999994
2018-09-04 08:15:00,132.06274999999994
2018-09-04 08:30:00,132.06274999999994
2018-09-04 08:45:00,132.15654999999992
2018-09-04 09:00:00,132.18774999999994
2018-09-04 09:15:00,132.18774999999994
2018-09-04 09:30:00,132.21904999999992
2018-09-04 09:45:00,132.21904999999992
2018-09-04 10:00:00,132.25024999999994
2018-09-04 10:15:00,132.25024999999994
2018-09-04 10:30:00,132.28154999999992
2018-09-04 10:45:00,132.34404999999992
2018-09-04 11:00:00,132.34404999999992
2018-09-04 11:15:00,132.31274999999994
2018-09-04 11:30:00,132.34404999999992
2018-09-04 11:45:00,132.34404999999992
2018-09-04 12:00:00,132.46904999999992
2018-09-04 12:15:00,132.46904999999992
2018-09-04 12:30:00,132.53154999999992
2018-09-04 12:45:00,132.40654999999992
2018-09-04 13:00:00,132.40654999999992
2018-09-04 13:15:00,132.12524999999994
2018-09-04 13:30:00,132.09404999999992
2018-09-04 13:45:00,132.09404999999992
2018-09-04 14:00:00,131.90654999999992
2018-09-04 14:15:00,131.87524999999994
2018-09-04 14:30:00,131.90654999999992
2018-09-04 14:45:00,132.00024999999994
2018-09-04 15:00:00,131.75024999999994
2018-09-04 15:15:00,131.78154999999992
2018-09-04 15:30:00,131.68774999999994
2018-09-04 15:45:00,131.81274999999994
2018-09-04 16:00:00,131.75024999999994
2018-09-04 16:15:00,131.71904999999992
2018-09-04 16:30:00,131.68774999999994
2018-09-04 16:45:00,131.68774999999994
2018-09-04 17:00:00,131.75024999999994
2018-09-04 17:15:00,131.87524999999994
2018-09-04 17:30:00,131.84404999999992
2018-09-04 17:45:00,131.84404999999992
2018-09-04 18:00:00,131.81274999999994
2018-09-04 18:15:00,131.78154999999992
2018-09-04 18:30:00,131.87524999999994
2018-09-04 18:45:00,131.75024999999994
2018-09-04 19:00:00,131.78154999999992
2018-09-04 19:15:00,131.75024999999994
2018-09-04 19:30:00,131.71904999999992
2018-09-04 19:45:00,131.71904999999992
2018-09-04 20:00:00,131.68774999999994
2018-09-04 20:15:00,131.75024999999994
2018-09-04 20:30:00,131.81274999999994
2018-09-04 20:45:00,131.87524999999994
2018-09-04 21:00:00,131.84404999999992
2018-09-04 21:15:00,131.84404999999992
2018-09-04 21:30:00,131.84404999999992
2018-09-04 21:45:00,131.81274999999994
2018-09-04 23:00:00,132.53154999999992
2018-09-04 23:15:00,131.87524999999994
2018-09-04 23:30:00,131.90654999999992
2018-09-04 23:45:00,131.87524999999994
2018-09-05 00:00:00,131.81274999999994
2018-09-05 00:15:00,131.81274999999994
2018-09-05 00:30:00,131.81274999999994
2018-09-05 00:45:00,131.84404999999992
2018-09-05 01:00:00,131.84404999999992
2018-09-05 01:15:00,131.84404999999992
2018-09-05 01:30:00,131.84404999999992
2018-09-05 01:45:00,131.84404999999992
2018-09-05 02:00:00,131.81274999999994
2018-09-05 02:15:00,131.78154999999992
2018-09-05 02:30:00,131.75024999999994
2018-09-05 02:45:00,131.78154999999992
2018-09-05 03:00:00,131.81274999999994
2018-09-05 03:15:00,131.71904999999992
2018-09-05 03:30:00,131.75024999999994
2018-09-05 03:45:00,131.78154999999992
2018-09-05 04:00:00,131.78154999999992
2018-09-05 04:15:00,131.78154999999992
2018-09-05 04:30:00,131.75024999999994
2018-09-05 04:45:00,131.75024999999994
2018-09-05 05:15:00,131.71904999999992
2018-09-05 05:30:00,131.71904999999992
2018-09-05 05:45:00,131.71904999999992
2018-09-05 06:15:00,131.75024999999994
2018-09-05 06:30:00,131.75024999999994
2018-09-05 06:45:00,131.78154999999992
2018-09-05 07:00:00,131.81274999999994
2018-09-05 07:15:00,131.81274999999994
2018-09-05 07:30:00,131.81274999999994
2018-09-05 07:45:00,131.90654999999992
2018-09-05 08:00:00,131.90654999999992
2018-09-05 08:15:00,132.00024999999994
2018-09-05 08:30:00,131.90654999999992
2018-09-05 08:45:00,131.93774999999994
2018-09-05 09:00:00,131.90654999999992
2018-09-05 09:15:00,132.00024999999994
2018-09-05 09:30:00,131.90654999999992
2018-09-05 09:45:00,131.93774999999994
2018-09-05 10:00:00,131.96904999999992
2018-09-05 10:15:00,132.03154999999992
2018-09-05 10:30:00,132.00024999999994
2018-09-05 10:45:00,132.00024999999994
2018-09-05 11:00:00,131.93774999999994
2018-09-05 11:15:00,131.84404999999992
2018-09-05 11:30:00,131.81274999999994
2018-09-05 11:45:00,131.81274999999994
2018-09-05 12:00:00,131.81274999999994
2018-09-05 12:15:00,131.93774999999994
2018-09-05 12:30:00,131.90654999999992
2018-09-05 12:45:00,132.00024999999994
2018-09-05 13:00:00,132.03154999999992
2018-09-05 13:15:00,132.09404999999992
2018-09-05 13:30:00,132.00024999999994
2018-09-05 13:45:00,131.93774999999994
2018-09-05 14:00:00,131.78154999999992
2018-09-05 14:15:00,131.62524999999994
2018-09-05 14:30:00,131.59404999999992
2018-09-05 14:45:00,131.53154999999992
2018-09-05 15:00:00,131.62524999999994
2018-09-05 15:15:00,131.62524999999994
2018-09-05 15:30:00,131.71904999999992
2018-09-05 15:45:00,131.65654999999992
2018-09-05 16:00:00,131.75024999999994
2018-09-05 16:15:00,131.81274999999994
2018-09-05 16:30:00,131.81274999999994
2018-09-05 16:45:00,131.81274999999994
2018-09-05 17:00:00,131.75024999999994
2018-09-05 17:15:00,131.68774999999994
2018-09-05 17:30:00,131.68774999999994
2018-09-05 17:45:00,131.75024999999994
2018-09-05 18:00:00,131.68774999999994
2018-09-05 18:15:00,131.65654999999992
2018-09-05 18:30:00,131.65654999999992
2018-09-05 18:45:00,131.68774999999994
2018-09-05 19:00:00,131.68774999999994
2018-09-05 19:15:00,131.71904999999992
2018-09-05 19:30:00,131.71904999999992
2018-09-05 19:45:00,131.71904999999992
2018-09-05 20:00:00,131.71904999999992
2018-09-05 20:15:00,131.68774999999994
2018-09-05 20:30:00,131.68774999999994
2018-09-05 20:45:00,131.71904999999992
2018-09-05 21:00:00,131.71904999999992
2018-09-05 21:15:00,131.71904999999992
2018-09-05 21:30:00,131.68774999999994
2018-09-05 21:45:00,131.68774999999994
2018-09-05 23:00:00,131.75024999999994
2018-09-05 23:15:00,131.71904999999992
2018-09-05 23:30:00,131.71904999999992
2018-09-05 23:45:00,131.71904999999992
2018-09-06 00:00:00,131.75024999999994
2018-09-06 00:15:00,131.71904999999992
2018-09-06 00:30:00,131.75024999999994
2018-09-06 00:45:00,131.71904999999992
2018-09-06 01:00:00,131.71904999999992
2018-09-06 01:15:00,131.71904999999992
2018-09-06 01:30:00,131.71904999999992
2018-09-06 01:45:00,131.71904999999992
2018-09-06 02:00:00,131.75024999999994
2018-09-06 02:15:00,131.75024999999994
2018-09-06 02:30:00,131.65654999999992
2018-09-06 02:45:00,131.68774999999994
2018-09-06 03:00:00,131.62524999999994
2018-09-06 03:15:00,131.62524999999994
2018-09-06 03:30:00,131.59404999999992
2018-09-06 03:45:00,131.62524999999994
2018-09-06 04:00:00,131.65654999999992
2018-09-06 04:15:00,131.65654999999992
2018-09-06 04:30:00,131.62524999999994
2018-09-06 04:45:00,131.65654999999992
2018-09-06 05:15:00,131.62524999999994
2018-09-06 05:30:00,131.65654999999992
2018-09-06 05:45:00,131.62524999999994
2018-09-06 06:15:00,131.62524999999994
2018-09-06 06:30:00,131.65654999999992
2018-09-06 06:45:00,131.65654999999992
2018-09-06 07:00:00,131.62524999999994
2018-09-06 07:15:00,131.59404999999992
2018-09-06 07:30:00,131.65654999999992
2018-09-06 07:45:00,131.68774999999994
2018-09-06 08:00:00,131.71904999999992
2018-09-06 08:15:00,131.68774999999994
2018-09-06 08:30:00,131.71904999999992
2018-09-06 08:45:00,131.81274999999994
2018-09-06 09:00:00,131.71904999999992
2018-09-06 09:15:00,131.78154999999992
2018-09-06 09:30:00,131.68774999999994
2018-09-06 09:45:00,131.71904999999992
2018-09-06 10:00:00,131.78154999999992
2018-09-06 10:15:00,131.81274999999994
2018-09-06 10:30:00,131.81274999999994
2018-09-06 10:45:00,131.81274999999994
2018-09-06 11:00:00,131.81274999999994
2018-09-06 11:15:00,131.81274999999994
2018-09-06 11:30:00,131.75024999999994
2018-09-06 11:45:00,131.71904999999992
2018-09-06 12:00:00,131.75024999999994
2018-09-06 12:15:00,131.62524999999994
2018-09-06 12:30:00,131.56274999999994
2018-09-06 12:45:00,131.53154999999992
2018-09-06 13:00:00,131.50024999999994
2018-09-06 13:15:00,131.75024999999994
2018-09-06 13:30:00,131.84404999999992
2018-09-06 13:45:00,131.65654999999992
2018-09-06 14:00:00,131.71904999999992
2018-09-06 14:15:00,131.78154999999992
2018-09-06 14:30:00,131.84404999999992
2018-09-06 14:45:00,131.78154999999992
2018-09-06 15:00:00,131.84404999999992
2018-09-06 15:15:00,131.90654999999992
2018-09-06 15:30:00,132.00024999999994
2018-09-06 15:45:00,132.09404999999992
2018-09-06 16:00:00,132.15654999999992
2018-09-06 16:15:00,132.18774999999994
2018-09-06 16:30:00,132.15654999999992
2018-09-06 16:45:00,132.09404999999992
2018-09-06 17:00:00,132.15654999999992
2018-09-06 17:15:00,132.15654999999992
2018-09-06 17:30:00,132.12524999999994
2018-09-06 17:45:00,132.15654999999992
2018-09-06 18:00:00,132.15654999999992
2018-09-06 18:15:00,132.18774999999994
2018-09-06 18:30:00,132.21904999999992
2018-09-06 18:45:00,132.18774999999994
2018-09-06 19:00:00,132.21904999999992
2018-09-06 19:15:00,132.25024999999994
2018-09-06 19:30:00,132.15654999999992
2018-09-06 19:45:00,132.21904999999992
2018-09-06 20:00:00,132.15654999999992
2018-09-06 20:15:00,132.09404999999992
2018-09-06 20:30:00,132.12524999999994
2018-09-06 20:45:00,132.09404999999992
2018-09-06 21:00:00,132.15654999999992
2018-09-06 21:15:00,132.12524999999994
2018-09-06 21:30:00,132.12524999999994
2018-09-06 21:45:00,132.18774999999994
2018-09-06 23:00:00,131.62524999999994
2018-09-06 23:15:00,132.31274999999994
2018-09-06 23:30:00,132.28154999999992
2018-09-06 23:45:00,132.28154999999992
2018-09-07 00:00:00,132.25024999999994
2018-09-07 00:15:00,132.28154999999992
2018-09-07 00:30:00,132.25024999999994
2018-09-07 00:45:00,132.21904999999992
2018-09-07 01:00:00,132.25024999999994
2018-09-07 01:15:00,132.21904999999992
2018-09-07 01:30:00,132.25024999999994
2018-09-07 01:45:00,132.21904999999992
2018-09-07 02:00:00,132.25024999999994
2018-09-07 02:15:00,132.21904999999992
2018-09-07 02:30:00,132.18774999999994
2018-09-07 02:45:00,132.18774999999994
2018-09-07 03:00:00,132.15654999999992
2018-09-07 03:15:00,132.12524999999994
2018-09-07 03:30:00,132.15654999999992
2018-09-07 03:45:00,132.15654999999992
2018-09-07 04:00:00,132.18774999999994
2018-09-07 04:15:00,132.18774999999994
2018-09-07 04:30:00,132.18774999999994
2018-09-07 04:45:00,132.18774999999994
2018-09-07 05:15:00,132.18774999999994
2018-09-07 05:30:00,132.18774999999994
2018-09-07 05:45:00,132.18774999999994
2018-09-07 06:15:00,132.18774999999994
2018-09-07 06:30:00,132.18774999999994
2018-09-07 06:45:00,132.18774999999994
2018-09-07 07:00:00,132.18774999999994
2018-09-07 07:15:00,132.18774999999994
2018-09-07 07:30:00,132.18774999999994
2018-09-07 07:45:00,132.09404999999992
2018-09-07 08:00:00,132.06274999999994
2018-09-07 08:15:00,132.09404999999992
2018-09-07 08:30:00,132.00024999999994
2018-09-07 08:45:00,131.96904999999992
2018-09-07 09:00:00,132.03154999999992
2018-09-07 09:15:00,132.06274999999994
2018-09-07 09:30:00,132.03154999999992
2018-09-07 09:45:00,132.09404999999992
2018-09-07 10:00:00,132.00024999999994
2018-09-07 10:15:00,132.03154999999992
2018-09-07 10:30:00,132.06274999999994
2018-09-07 10:45:00,132.06274999999994
2018-09-07 11:00:00,132.09404999999992
2018-09-07 11:15:00,132.06274999999994
2018-09-07 11:30:00,132.03154999999992
2018-09-07 11:45:00,132.03154999999992
2018-09-07 12:00:00,132.03154999999992
2018-09-07 12:15:00,132.06274999999994
2018-09-07 12:30:00,132.06274999999994
2018-09-07 12:45:00,132.06274999999994
2018-09-07 13:00:00,132.00024999999994
2018-09-07 13:15:00,132.06274999999994
2018-09-07 13:30:00,131.62524999999994
2018-09-07 13:45:00,131.34404999999992
2018-09-07 14:00:00,131.40654999999992
2018-09-07 14:15:00,131.28154999999992
2018-09-07 14:30:00,131.15654999999992
2018-09-07 14:45:00,131.12524999999994
2018-09-07 15:00:00,131.09404999999992
2018-09-07 15:15:00,131.15654999999992
2018-09-07 15:30:00,131.12524999999994
2018-09-07 15:45:00,131.09404999999992
2018-09-07 16:00:00,131.21904999999992
2018-09-07 16:15:00,131.21904999999992
2018-09-07 16:30:00,131.12524999999994
2018-09-07 16:45:00,131.12524999999994
2018-09-07 17:00:00,131.28154999999992
2018-09-07 17:15:00,131.31274999999994
2018-09-07 17:30:00,131.25024999999994
2018-09-07 17:45:00,131.18774999999994
2018-09-07 18:00:00,131.25024999999994
2018-09-07 18:15:00,131.18774999999994
2018-09-07 18:30:00,131.15654999999992
2018-09-07 18:45:00,131.15654999999992
2018-09-07 19:00:00,131.12524999999994
2018-09-07 19:15:00,131.09404999999992
2018-09-07 19:30:00,131.12524999999994
2018-09-07 19:45:00,131.09404999999992
2018-09-07 20:00:00,131.06274999999994
2018-09-07 20:15:00,131.03154999999992
2018-09-07 20:30:00,131.06274999999994
2018-09-07 20:45:00,131.09404999999992
2018-09-07 21:00:00,131.12524999999994
2018-09-07 21:15:00,131.18774999999994
2018-09-07 21:30:00,131.12524999999994
2018-09-07 21:45:00,131.06274999999994
2018-09-07 23:00:00,132.15654999999992
2018-09-09 23:00:00,131.03154999999992
2018-09-09 23:15:00,131.03154999999992
2018-09-09 23:30:00,131.03154999999992
2018-09-09 23:45:00,131.06274999999994
2018-09-10 00:00:00,131.06274999999994
2018-09-10 00:15:00,131.06274999999994
2018-09-10 00:30:00,131.12524999999994
2018-09-10 00:45:00,131.09404999999992
2018-09-10 01:00:00,131.03154999999992
2018-09-10 01:15:00,131.03154999999992
2018-09-10 01:30:00,131.03154999999992
2018-09-10 01:45:00,131.06274999999994
2018-09-10 02:00:00,131.06274999999994
2018-09-10 02:15:00,131.12524999999994
2018-09-10 02:30:00,131.09404999999992
2018-09-10 02:45:00,131.09404999999992
2018-09-10 03:00:00,131.09404999999992
2018-09-10 03:15:00,131.09404999999992
2018-09-10 03:30:00,131.12524999999994
2018-09-10 03:45:00,131.12524999999994
2018-09-10 04:00:00,131.12524999999994
2018-09-10 04:15:00,131.15654999999992
2018-09-10 04:30:00,131.15654999999992
2018-09-10 04:45:00,131.15654999999992
2018-09-10 05:15:00,131.12524999999994
2018-09-10 05:30:00,131.15654999999992
2018-09-10 05:45:00,131.12524999999994
2018-09-10 06:15:00,131.18774999999994
2018-09-10 06:30:00,131.21904999999992
2018-09-10 06:45:00,131.18774999999994
2018-09-10 07:00:00,131.18774999999994
2018-09-10 07:15:00,131.18774999999994
2018-09-10 07:30:00,131.28154999999992
2018-09-10 07:45:00,131.28154999999992
2018-09-10 08:00:00,131.12524999999994
2018-09-10 08:15:00,131.06274999999994
2018-09-10 08:30:00,131.06274999999994
2018-09-10 08:45:00,131.06274999999994
2018-09-10 09:00:00,131.06274999999994
2018-09-10 09:15:00,131.06274999999994
2018-09-10 09:30:00,131.15654999999992
2018-09-10 09:45:00,131.09404999999992
2018-09-10 10:00:00,131.12524999999994
2018-09-10 10:15:00,131.06274999999994
2018-09-10 10:30:00,131.06274999999994
2018-09-10 10:45:00,131.06274999999994
2018-09-10 11:00:00,131.12524999999994
2018-09-10 11:15:00,131.15654999999992
2018-09-10 11:30:00,131.18774999999994
2018-09-10 11:45:00,131.18774999999994
2018-09-10 12:00:00,131.25024999999994
2018-09-10 12:15:00,131.21904999999992
2018-09-10 12:30:00,131.25024999999994
2018-09-10 12:45:00,131.18774999999994
2018-09-10 13:00:00,131.21904999999992
2018-09-10 13:15:00,131.18774999999994
2018-09-10 13:30:00,131.25024999999994
2018-09-10 13:45:00,131.06274999999994
2018-09-10 14:00:00,131.06274999999994
2018-09-10 14:15:00,131.12524999999994
2018-09-10 14:30:00,131.15654999999992
2018-09-10 14:45:00,131.25024999999994
2018-09-10 15:00:00,131.31274999999994
2018-09-10 15:15:00,131.21904999999992
2018-09-10 15:30:00,131.28154999999992
2018-09-10 15:45:00,131.28154999999992
2018-09-10 16:00:00,131.25024999999994
2018-09-10 16:15:00,131.21904999999992
2018-09-10 16:30:00,131.25024999999994
2018-09-10 16:45:00,131.28154999999992
2018-09-10 17:00:00,131.25024999999994
2018-09-10 17:15:00,131.21904999999992
2018-09-10 17:30:00,131.25024999999994
2018-09-10 17:45:00,131.25024999999994
2018-09-10 18:00:00,131.25024999999994
2018-09-10 18:15:00,131.28154999999992
2018-09-10 18:30:00,131.31274999999994
2018-09-10 18:45:00,131.34404999999992
2018-09-10 19:00:00,131.34404999999992
2018-09-10 19:15:00,131.37524999999994
2018-09-10 19:30:00,131.28154999999992
2018-09-10 19:45:00,131.31274999999994
2018-09-10 20:00:00,131.31274999999994
2018-09-10 20:15:00,131.28154999999992
2018-09-10 20:30:00,131.28154999999992
2018-09-10 20:45:00,131.34404999999992
2018-09-10 21:00:00,131.31274999999994
2018-09-10 21:15:00,131.34404999999992
2018-09-10 21:30:00,131.34404999999992
2018-09-10 21:45:00,131.37524999999994
2018-09-10 23:00:00,131.18774999999994
2018-09-10 23:15:00,131.34404999999992
2018-09-10 23:30:00,131.37524999999994
2018-09-10 23:45:00,131.34404999999992
2018-09-11 00:00:00,131.34404999999992
2018-09-11 00:15:00,131.34404999999992
2018-09-11 00:30:00,131.34404999999992
2018-09-11 00:45:00,131.34404999999992
2018-09-11 01:00:00,131.31274999999994
2018-09-11 01:15:00,131.28154999999992
2018-09-11 01:30:00,131.28154999999992
2018-09-11 01:45:00,131.25024999999994
2018-09-11 02:00:00,131.28154999999992
2018-09-11 02:15:00,131.28154999999992
2018-09-11 02:30:00,131.28154999999992
2018-09-11 02:45:00,131.31274999999994
2018-09-11 03:00:00,131.28154999999992
2018-09-11 03:15:00,131.31274999999994
2018-09-11 03:30:00,131.31274999999994
2018-09-11 03:45:00,131.31274999999994
2018-09-11 04:00:00,131.31274999999994
2018-09-11 04:15:00,131.31274999999994
2018-09-11 04:30:00,131.28154999999992
2018-09-11 04:45:00,131.28154999999992
2018-09-11 05:15:00,131.31274999999994
2018-09-11 05:30:00,131.28154999999992
2018-09-11 05:45:00,131.28154999999992
2018-09-11 06:15:00,131.28154999999992
2018-09-11 06:30:00,131.28154999999992
2018-09-11 06:45:00,131.31274999999994
2018-09-11 07:00:00,131.31274999999994
2018-09-11 07:15:00,131.21904999999992
2018-09-11 07:30:00,131.21904999999992
2018-09-11 07:45:00,131.15654999999992
2018-09-11 08:00:00,131.15654999999992
2018-09-11 08:15:00,131.15654999999992
2018-09-11 08:30:00,131.12524999999994
2018-09-11 08:45:00,131.12524999999994
2018-09-11 09:00:00,131.12524999999994
2018-09-11 09:15:00,131.09404999999992
2018-09-11 09:30:00,131.00024999999994
2018-09-11 09:45:00,131.03154999999992
2018-09-11 10:00:00,131.12524999999994
2018-09-11 10:15:00,131.12524999999994
2018-09-11 10:30:00,131.09404999999992
2018-09-11 10:45:00,131.00024999999994
2018-09-11 11:00:00,131.00024999999994
2018-09-11 11:15:00,130.96904999999992
2018-09-11 11:30:00,131.00024999999994
2018-09-11 11:45:00,131.00024999999994
2018-09-11 12:00:00,131.06274999999994
2018-09-11 12:15:00,131.09404999999992
2018-09-11 12:30:00,131.12524999999994
2018-09-11 12:45:00,131.03154999999992
2018-09-11 13:00:00,131.12524999999994
2018-09-11 13:15:00,131.15654999999992
2018-09-11 13:30:00,131.00024999999994
2018-09-11 13:45:00,130.93774999999994
2018-09-11 14:00:00,130.90654999999992
2018-09-11 14:15:00,130.87524999999994
2018-09-11 14:30:00,130.93774999999994
2018-09-11 14:45:00,130.65654999999992
2018-09-11 15:00:00,130.65654999999992
2018-09-11 15:15:00,130.62524999999994
2018-09-11 15:30:00,130.75024999999994
2018-09-11 15:45:00,130.81274999999994
2018-09-11 16:00:00,130.78154999999992
2018-09-11 16:15:00,130.78154999999992
2018-09-11 16:30:00,130.78154999999992
2018-09-11 16:45:00,130.71904999999992
2018-09-11 17:00:00,130.75024999999994
2018-09-11 17:15:00,130.75024999999994
2018-09-11 17:30:00,130.71904999999992
2018-09-11 17:45:00,130.65654999999992
2018-09-11 18:00:00,130.62524999999994
2018-09-11 18:15:00,130.62524999999994
2018-09-11 18:30:00,130.59404999999992
2018-09-11 18:45:00,130.62524999999994
2018-09-11 19:00:00,130.56274999999994
2018-09-11 19:15:00,130.59404999999992
2018-09-11 19:30:00,130.53154999999992
2018-09-11 19:45:00,130.50024999999994
2018-09-11 20:00:00,130.46904999999992
2018-09-11 20:15:00,130.50024999999994
2018-09-11 20:30:00,130.46904999999992
2018-09-11 20:45:00,130.56274999999994
2018-09-11 21:00:00,130.53154999999992
2018-09-11 21:15:00,130.53154999999992
2018-09-11 21:30:00,130.53154999999992
2018-09-11 21:45:00,130.62524999999994
2018-09-11 23:00:00,131.31274999999994
2018-09-11 23:15:00,130.59404999999992
2018-09-11 23:30:00,130.59404999999992
2018-09-11 23:45:00,130.62524999999994
2018-09-12 00:00:00,130.59404999999992
2018-09-12 00:15:00,130.59404999999992
2018-09-12 00:30:00,130.62524999999994
2018-09-12 00:45:00,130.59404999999992
2018-09-12 01:00:00,130.65654999999992
2018-09-12 01:15:00,130.62524999999994
2018-09-12 01:30:00,130.68774999999994
2018-09-12 01:45:00,130.62524999999994
2018-09-12 02:00:00,130.65654999999992
2018-09-12 02:15:00,130.65654999999992
2018-09-12 02:30:00,130.65654999999992
2018-09-12 02:45:00,130.62524999999994
2018-09-12 03:00:00,130.65654999999992
2018-09-12 03:15:00,130.62524999999994
2018-09-12 03:30:00,130.65654999999992
2018-09-12 03:45:00,130.65654999999992
2018-09-12 04:00:00,130.65654999999992
2018-09-12 04:15:00,130.65654999999992
2018-09-12 04:30:00,130.62524999999994
2018-09-12 04:45:00,130.65654999999992
2018-09-12 05:15:00,130.62524999999994
2018-09-12 05:30:00,130.65654999999992
2018-09-12 05:45:00,130.68774999999994
2018-09-12 06:15:00,130.68774999999994
2018-09-12 06:30:00,130.65654999999992
2018-09-12 06:45:00,130.65654999999992
2018-09-12 07:00:00,130.65654999999992
2018-09-12 07:15:00,130.62524999999994
2018-09-12 07:30:00,130.65654999999992
2018-09-12 07:45:00,130.65654999999992
2018-09-12 08:00:00,130.62524999999994
2018-09-12 08:15:00,130.62524999999994
2018-09-12 08:30:00,130.71904999999992
2018-09-12 08:45:00,130.71904999999992
2018-09-12 09:00:00,130.75024999999994
2018-09-12 09:15:00,130.75024999999994
2018-09-12 09:30:00,130.84404999999992
2018-09-12 09:45:00,130.71904999999992
2018-09-12 10:00:00,130.75024999999994
2018-09-12 10:15:00,130.75024999999994
2018-09-12 10:30:00,130.81274999999994
2018-09-12 10:45:00,130.87524999999994
2018-09-12 11:00:00,130.84404999999992
2018-09-12 11:15:00,130.78154999999992
2018-09-12 11:30:00,130.75024999999994
2018-09-12 11:45:00,130.71904999999992
2018-09-12 12:00:00,130.84404999999992
2018-09-12 12:15:00,130.75024999999994
2018-09-12 12:30:00,130.87524999999994
2018-09-12 12:45:00,130.81274999999994
2018-09-12 13:00:00,130.81274999999994
2018-09-12 13:15:00,130.75024999999994
2018-09-12 13:30:00,130.84404999999992
2018-09-12 13:45:00,130.87524999999994
2018-09-12 14:00:00,130.90654999999992
2018-09-12 14:15:00,130.84404999999992
2018-09-12 14:30:00,130.90654999999992
2018-09-12 14:45:00,130.93774999999994
2018-09-12 15:00:00,130.87524999999994
2018-09-12 15:15:00,130.84404999999992
2018-09-12 15:30:00,130.90654999999992
2018-09-12 15:45:00,130.93774999999994
2018-09-12 16:00:00,130.75024999999994
2018-09-12 16:15:00,130.75024999999994
2018-09-12 16:30:00,130.81274999999994
2018-09-12 16:45:00,130.87524999999994
2018-09-12 17:00:00,130.90654999999992
2018-09-12 17:15:00,130.81274999999994
2018-09-12 17:30:00,130.81274999999994
2018-09-12 17:45:00,130.84404999999992
2018-09-12 18:00:00,130.93774999999994
2018-09-12 18:15:00,130.90654999999992
2018-09-12 18:30:00,130.87524999999994
2018-09-12 18:45:00,130.87524999999994
2018-09-12 19:00:00,130.87524999999994
2018-09-12 19:15:00,130.84404999999992
2018-09-12 19:30:00,130.78154999999992
2018-09-12 19:45:00,130.81274999999994
2018-09-12 20:00:00,130.75024999999994
2018-09-12 20:15:00,130.78154999999992
2018-09-12 20:30:00,130.75024999999994
2018-09-12 20:45:00,130.78154999999992
2018-09-12 21:00:00,130.78154999999992
2018-09-12 21:15:00,130.78154999999992
2018-09-12 21:30:00,130.81274999999994
2018-09-12 21:45:00,130.81274999999994
2018-09-12 23:00:00,130.62524999999994
2018-09-12 23:15:00,130.84404999999992
2018-09-12 23:30:00,130.84404999999992
2018-09-12 23:45:00,130.81274999999994
2018-09-13 00:00:00,130.81274999999994
2018-09-13 00:15:00,130.84404999999992
2018-09-13 00:30:00,130.84404999999992
2018-09-13 00:45:00,130.84404999999992
2018-09-13 01:00:00,130.81274999999994
2018-09-13 01:15:00,130.78154999999992
2018-09-13 01:30:00,130.75024999999994
2018-09-13 01:45:00,130.78154999999992
2018-09-13 02:00:00,130.78154999999992
2018-09-13 02:15:00,130.81274999999994
2018-09-13 02:30:00,130.75024999999994
2018-09-13 02:45:00,130.75024999999994
2018-09-13 03:00:00,130.71904999999992
2018-09-13 03:15:00,130.71904999999992
2018-09-13 03:30:00,130.68774999999994
2018-09-13 03:45:00,130.71904999999992
2018-09-13 04:00:00,130.68774999999994
2018-09-13 04:15:00,130.71904999999992
2018-09-13 04:30:00,130.68774999999994
2018-09-13 04:45:00,130.68774999999994
2018-09-13 05:15:00,130.65654999999992
2018-09-13 05:30:00,130.65654999999992
2018-09-13 05:45:00,130.68774999999994
2018-09-13 06:15:00,130.68774999999994
2018-09-13 06:30:00,130.71904999999992
2018-09-13 06:45:00,130.71904999999992
2018-09-13 07:00:00,130.75024999999994
2018-09-13 07:15:00,130.78154999999992
2018-09-13 07:30:00,130.78154999999992
2018-09-13 07:45:00,130.75024999999994
2018-09-13 08:00:00,130.68774999999994
2018-09-13 08:15:00,130.65654999999992
2018-09-13 08:30:00,130.65654999999992
2018-09-13 08:45:00,130.62524999999994
2018-09-13 09:00:00,130.65654999999992
2018-09-13 09:15:00,130.62524999999994
2018-09-13 09:30:00,130.62524999999994
2018-09-13 09:45:00,130.62524999999994
2018-09-13 10:00:00,130.65654999999992
2018-09-13 10:15:00,130.68774999999994
2018-09-13 10:30:00,130.71904999999992
2018-09-13 10:45:00,130.71904999999992
2018-09-13 11:00:00,130.68774999999994
2018-09-13 11:15:00,130.68774999999994
2018-09-13 11:30:00,130.65654999999992
2018-09-13 11:45:00,130.65654999999992
2018-09-13 12:00:00,130.56274999999994
2018-09-13 12:15:00,130.65654999999992
2018-09-13 12:30:00,130.62524999999994
2018-09-13 12:45:00,130.56274999999994
2018-09-13 13:00:00,130.53154999999992
2018-09-13 13:15:00,130.56274999999994
2018-09-13 13:30:00,131.06274999999994
2018-09-13 13:45:00,131.12524999999994
2018-09-13 14:00:00,131.18774999999994
2018-09-13 14:15:00,131.09404999999992
2018-09-13 14:30:00,130.96904999999992
2018-09-13 14:45:00,130.93774999999994
2018-09-13 15:00:00,130.71904999999992
2018-09-13 15:15:00,130.84404999999992
2018-09-13 15:30:00,131.03154999999992
2018-09-13 15:45:00,131.09404999999992
2018-09-13 16:00:00,131.03154999999992
2018-09-13 16:15:00,131.12524999999994
2018-09-13 16:30:00,131.06274999999994
2018-09-13 16:45:00,131.09404999999992
2018-09-13 17:00:00,131.00024999999994
2018-09-13 17:15:00,131.06274999999994
2018-09-13 17:30:00,131.12524999999994
2018-09-13 17:45:00,131.09404999999992
2018-09-13 18:00:00,131.09404999999992
2018-09-13 18:15:00,131.03154999999992
2018-09-13 18:30:00,131.03154999999992
2018-09-13 18:45:00,131.06274999999994
2018-09-13 19:00:00,131.00024999999994
2018-09-13 19:15:00,131.03154999999992
2018-09-13 19:30:00,130.90654999999992
2018-09-13 19:45:00,130.93774999999994
2018-09-13 20:00:00,130.81274999999994
2018-09-13 20:15:00,130.81274999999994
2018-09-13 20:30:00,130.78154999999992
2018-09-13 20:45:00,130.81274999999994
2018-09-13 21:00:00,130.71904999999992
2018-09-13 21:15:00,130.68774999999994
2018-09-13 21:30:00,130.68774999999994
2018-09-13 21:45:00,130.78154999999992
2018-09-13 23:00:00,130.68774999999994
2018-09-13 23:15:00,130.68774999999994
2018-09-13 23:30:00,130.71904999999992
2018-09-13 23:45:00,130.68774999999994
2018-09-14 00:00:00,130.71904999999992
2018-09-14 00:15:00,130.71904999999992
2018-09-14 00:30:00,130.75024999999994
2018-09-14 00:45:00,130.75024999999994
2018-09-14 01:00:00,130.78154999999992
2018-09-14 01:15:00,130.81274999999994
2018-09-14 01:30:00,130.78154999999992
2018-09-14 01:45:00,130.78154999999992
2018-09-14 02:00:00,130.71904999999992
2018-09-14 02:15:00,130.71904999999992
2018-09-14 02:30:00,130.71904999999992
2018-09-14 02:45:00,130.75024999999994
2018-09-14 03:00:00,130.71904999999992
2018-09-14 03:15:00,130.75024999999994
2018-09-14 03:30:00,130.71904999999992
2018-09-14 03:45:00,130.75024999999994
2018-09-14 04:00:00,130.75024999999994
2018-09-14 04:15:00,130.75024999999994
2018-09-14 04:30:00,130.75024999999994
2018-09-14 04:45:00,130.75024999999994
2018-09-14 05:15:00,130.81274999999994
2018-09-14 05:30:00,130.81274999999994
2018-09-14 05:45:00,130.81274999999994
2018-09-14 06:15:00,130.78154999999992
2018-09-14 06:30:00,130.81274999999994
2018-09-14 06:45:00,130.84404999999992
2018-09-14 07:00:00,130.81274999999994
2018-09-14 07:15:00,130.78154999999992
2018-09-14 07:30:00,130.81274999999994
2018-09-14 07:45:00,130.75024999999994
2018-09-14 08:00:00,130.78154999999992
2018-09-14 08:15:00,130.71904999999992
2018-09-14 08:30:00,130.71904999999992
2018-09-14 08:45:00,130.68774999999994
2018-09-14 09:00:00,130.71904999999992
2018-09-14 09:15:00,130.71904999999992
2018-09-14 09:30:00,130.68774999999994
2018-09-14 09:45:00,130.65654999999992
2018-09-14 10:00:00,130.68774999999994
2018-09-14 10:15:00,130.59404999999992
2018-09-14 10:30:00,130.56274999999994
2018-09-14 10:45:00,130.59404999999992
2018-09-14 11:00:00,130.59404999999992
2018-09-14 11:15:00,130.53154999999992
2018-09-14 11:30:00,130.50024999999994
2018-09-14 11:45:00,130.53154999999992
2018-09-14 12:00:00,130.46904999999992
2018-09-14 12:15:00,130.50024999999994
2018-09-14 12:30:00,130.50024999999994
2018-09-14 12:45:00,130.50024999999994
2018-09-14 13:00:00,130.46904999999992
2018-09-14 13:15:00,130.43774999999994
2018-09-14 13:30:00,130.25024999999994
2018-09-14 13:45:00,130.18774999999994
2018-09-14 14:00:00,130.31274999999994
2018-09-14 14:15:00,130.18774999999994
2018-09-14 14:30:00,130.25024999999994
2018-09-14 14:45:00,130.12524999999994
2018-09-14 15:00:00,130.28154999999992
2018-09-14 15:15:00,130.25024999999994
2018-09-14 15:30:00,130.37524999999994
2018-09-14 15:45:00,130.21904999999992
2018-09-14 16:00:00,130.25024999999994
2018-09-14 16:15:00,130.21904999999992
2018-09-14 16:30:00,130.25024999999994
2018-09-14 16:45:00,130.21904999999992
2018-09-14 17:00:00,130.37524999999994
2018-09-14 17:15:00,130.40654999999992
2018-09-14 17:30:00,130.37524999999994
2018-09-14 17:45:00,130.46904999999992
2018-09-14 18:00:00,130.53154999999992
2018-09-14 18:15:00,130.53154999999992
2018-09-14 18:30:00,130.53154999999992
2018-09-14 18:45:00,130.43774999999994
2018-09-14 19:00:00,130.46904999999992
2018-09-14 19:15:00,130.34404999999992
2018-09-14 19:30:00,130.34404999999992
2018-09-14 19:45:00,130.28154999999992
2018-09-14 20:00:00,130.28154999999992
2018-09-14 20:15:00,130.28154999999992
2018-09-14 20:30:00,130.34404999999992
2018-09-14 20:45:00,130.28154999999992
2018-09-14 21:00:00,130.25024999999994
2018-09-14 21:15:00,130.25024999999994
2018-09-14 21:30:00,130.25024999999994
2018-09-14 21:45:00,130.28154999999992
2018-09-14 22:00:00,130.28154999999992
2018-09-14 23:00:00,130.78154999999992
2018-09-16 23:00:00,130.28154999999992
2018-09-16 23:15:00,130.28154999999992
2018-09-16 23:30:00,130.28154999999992
2018-09-16 23:45:00,130.25024999999994
2018-09-17 00:00:00,130.21904999999992
2018-09-17 00:15:00,130.25024999999994
2018-09-17 00:30:00,130.25024999999994
2018-09-17 00:45:00,130.28154999999992
2018-09-17 01:00:00,130.25024999999994
2018-09-17 01:15:00,130.28154999999992
2018-09-17 01:30:00,130.25024999999994
2018-09-17 01:45:00,130.25024999999994
2018-09-17 02:00:00,130.28154999999992
2018-09-17 02:15:00,130.25024999999994
2018-09-17 02:30:00,130.28154999999992
2018-09-17 02:45:00,130.31274999999994
2018-09-17 03:00:00,130.34404999999992
2018-09-17 03:15:00,130.37524999999994
2018-09-17 03:30:00,130.37524999999994
2018-09-17 03:45:00,130.37524999999994
2018-09-17 04:00:00,130.34404999999992
2018-09-17 04:15:00,130.34404999999992
2018-09-17 04:30:00,130.34404999999992
2018-09-17 04:45:00,130.34404999999992
2018-09-17 05:15:00,130.34404999999992
2018-09-17 05:30:00,130.34404999999992
2018-09-17 05:45:00,130.34404999999992
2018-09-17 06:15:00,130.37524999999994
2018-09-17 06:30:00,130.37524999999994
2018-09-17 06:45:00,130.34404999999992
2018-09-17 07:00:00,130.37524999999994
2018-09-17 07:15:00,130.34404999999992
2018-09-17 07:30:00,130.31274999999994
2018-09-17 07:45:00,130.28154999999992
2018-09-17 08:00:00,130.34404999999992
2018-09-17 08:15:00,130.40654999999992
2018-09-17 08:30:00,130.43774999999994
2018-09-17 08:45:00,130.37524999999994
2018-09-17 09:00:00,130.37524999999994
2018-09-17 09:15:00,130.31274999999994
2018-09-17 09:30:00,130.28154999999992
2018-09-17 09:45:00,130.28154999999992
2018-09-17 10:00:00,130.28154999999992
2018-09-17 10:15:00,130.28154999999992
2018-09-17 10:30:00,130.25024999999994
2018-09-17 10:45:00,130.21904999999992
2018-09-17 11:00:00,130.12524999999994
2018-09-17 11:15:00,130.09404999999992
2018-09-17 11:30:00,130.09404999999992
2018-09-17 11:45:00,130.09404999999992
2018-09-17 12:00:00,129.96904999999992
2018-09-17 12:15:00,130.03154999999992
2018-09-17 12:30:00,130.03154999999992
2018-09-17 12:45:00,129.93774999999994
2018-09-17 13:00:00,129.84404999999992
2018-09-17 13:15:00,129.96904999999992
2018-09-17 13:30:00,129.90654999999992
2018-09-17 13:45:00,129.87524999999994
2018-09-17 14:00:00,129.93774999999994
2018-09-17 14:15:00,129.90654999999992
2018-09-17 14:30:00,129.96904999999992
2018-09-17 14:45:00,130.03154999999992
2018-09-17 15:00:00,130.15654999999992
2018-09-17 15:15:00,130.25024999999994
2018-09-17 15:30:00,130.37524999999994
2018-09-17 15:45:00,130.37524999999994
2018-09-17 16:00:00,130.37524999999994
2018-09-17 16:15:00,130.40654999999992
2018-09-17 16:30:00,130.46904999999992
2018-09-17 16:45:00,130.34404999999992
2018-09-17 17:00:00,130.43774999999994
2018-09-17 17:15:00,130.34404999999992
2018-09-17 17:30:00,130.37524999999994
2018-09-17 17:45:00,130.31274999999994
2018-09-17 18:00:00,130.34404999999992
2018-09-17 18:15:00,130.37524999999994
2018-09-17 18:30:00,130.34404999999992
2018-09-17 18:45:00,130.34404999999992
2018-09-17 19:00:00,130.31274999999994
2018-09-17 19:15:00,130.21904999999992
2018-09-17 19:30:00,130.12524999999994
2018-09-17 19:45:00,130.21904999999992
2018-09-17 20:00:00,130.25024999999994
2018-09-17 20:15:00,130.34404999999992
2018-09-17 20:30:00,130.37524999999994
2018-09-17 20:45:00,130.34404999999992
2018-09-17 21:00:00,130.31274999999994
2018-09-17 21:15:00,130.28154999999992
2018-09-17 21:30:00,130.28154999999992
2018-09-17 21:45:00,130.34404999999992
2018-09-17 23:00:00,130.37524999999994
2018-09-17 23:15:00,130.34404999999992
2018-09-17 23:30:00,130.43774999999994
2018-09-17 23:45:00,130.46904999999992
2018-09-18 00:00:00,130.46904999999992
2018-09-18 00:15:00,130.43774999999994
2018-09-18 00:30:00,130.43774999999994
2018-09-18 00:45:00,130.46904999999992
2018-09-18 01:00:00,130.46904999999992
2018-09-18 01:15:00,130.43774999999994
2018-09-18 01:30:00,130.46904999999992
2018-09-18 01:45:00,130.46904999999992
2018-09-18 02:00:00,130.43774999999994
2018-09-18 02:15:00,130.40654999999992
2018-09-18 02:30:00,130.34404999999992
2018-09-18 02:45:00,130.37524999999994
2018-09-18 03:00:00,130.34404999999992
2018-09-18 03:15:00,130.34404999999992
2018-09-18 03:30:00,130.34404999999992
2018-09-18 03:45:00,130.31274999999994
2018-09-18 04:00:00,130.25024999999994
2018-09-18 04:15:00,130.28154999999992
2018-09-18 04:30:00,130.28154999999992
2018-09-18 04:45:00,130.31274999999994
2018-09-18 05:15:00,130.28154999999992
2018-09-18 05:30:00,130.28154999999992
2018-09-18 05:45:00,130.25024999999994
2018-09-18 06:15:00,130.25024999999994
2018-09-18 06:30:00,130.28154999999992
2018-09-18 06:45:00,130.18774999999994
2018-09-18 07:00:00,130.15654999999992
2018-09-18 07:15:00,130.06274999999994
2018-09-18 07:30:00,130.12524999999994
2018-09-18 07:45:00,130.09404999999992
2018-09-18 08:00:00,130.15654999999992
2018-09-18 08:15:00,130.18774999999994
2018-09-18 08:30:00,130.21904999999992
2018-09-18 08:45:00,130.21904999999992
2018-09-18 09:00:00,130.25024999999994
2018-09-18 09:15:00,130.25024999999994
2018-09-18 09:30:00,130.25024999999994
2018-09-18 09:45:00,130.25024999999994
2018-09-18 10:00:00,130.18774999999994
2018-09-18 10:15:00,130.21904999999992
2018-09-18 10:30:00,130.18774999999994
2018-09-18 10:45:00,130.15654999999992
2018-09-18 11:00:00,130.12524999999994
2018-09-18 11:15:00,130.15654999999992
2018-09-18 11:30:00,130.12524999999994
2018-09-18 11:45:00,130.09404999999992
2018-09-18 12:00:00,130.09404999999992
2018-09-18 12:15:00,130.18774999999994
2018-09-18 12:30:00,130.12524999999994
2018-09-18 12:45:00,130.09404999999992
2018-09-18 13:00:00,130.00024999999994
2018-09-18 13:15:00,129.93774999999994
2018-09-18 13:30:00,129.84404999999992
2018-09-18 13:45:00,129.78154999999992
2018-09-18 14:00:00,129.78154999999992
2018-09-18 14:15:00,129.90654999999992
2018-09-18 14:30:00,129.75024999999994
2018-09-18 14:45:00,129.75024999999994
2018-09-18 15:00:00,129.53154999999992
2018-09-18 15:15:00,129.53154999999992
2018-09-18 15:30:00,129.59404999999992
2018-09-18 15:45:00,129.50024999999994
2018-09-18 16:00:00,129.53154999999992
2018-09-18 16:15:00,129.46904999999992
2018-09-18 16:30:00,129.43774999999994
2018-09-18 16:45:00,129.46904999999992
2018-09-18 17:00:00,129.37524999999994
2018-09-18 17:15:00,129.37524999999994
2018-09-18 17:30:00,129.37524999999994
2018-09-18 17:45:00,129.37524999999994
2018-09-18 18:00:00,129.31274999999994
2018-09-18 18:15:00,129.31274999999994
2018-09-18 18:30:00,129.34404999999992
2018-09-18 18:45:00,129.31274999999994
2018-09-18 19:00:00,129.34404999999992
2018-09-18 19:15:00,129.25024999999994
2018-09-18 19:30:00,129.28154999999992
2018-09-18 19:45:00,129.18774999999994
2018-09-18 20:00:00,129.12524999999994
2018-09-18 20:15:00,129.12524999999994
2018-09-18 20:30:00,129.12524999999994
2018-09-18 20:45:00,129.21904999999992
2018-09-18 21:00:00,129.09404999999992
2018-09-18 21:15:00,129.09404999999992
2018-09-18 21:30:00,129.09404999999992
2018-09-18 21:45:00,129.06274999999994
2018-09-18 23:00:00,130.25024999999994
2018-09-18 23:15:00,129.12524999999994
2018-09-18 23:30:00,129.12524999999994
2018-09-18 23:45:00,129.12524999999994
2018-09-19 00:00:00,129.12524999999994
2018-09-19 00:15:00,129.12524999999994
2018-09-19 00:30:00,129.12524999999994
2018-09-19 00:45:00,129.12524999999994
2018-09-19 01:00:00,129.12524999999994
2018-09-19 01:15:00,129.09404999999992
2018-09-19 01:30:00,129.09404999999992
2018-09-19 01:45:00,129.12524999999994
2018-09-19 02:00:00,129.12524999999994
2018-09-19 02:15:00,129.15654999999992
2018-09-19 02:30:00,129.18774999999994
2018-09-19 02:45:00,129.18774999999994
2018-09-19 03:00:00,129.21904999999992
2018-09-19 03:15:00,129.15654999999992
2018-09-19 03:30:00,129.18774999999994
2018-09-19 03:45:00,129.15654999999992
2018-09-19 04:00:00,129.12524999999994
2018-09-19 04:15:00,129.09404999999992
2018-09-19 04:30:00,129.15654999999992
2018-09-19 04:45:00,129.15654999999992
2018-09-19 05:15:00,129.15654999999992
2018-09-19 05:30:00,129.15654999999992
2018-09-19 05:45:00,129.15654999999992
2018-09-19 06:15:00,129.18774999999994
2018-09-19 06:30:00,129.18774999999994
2018-09-19 06:45:00,129.15654999999992
2018-09-19 07:00:00,129.18774999999994
2018-09-19 07:15:00,129.12524999999994
2018-09-19 07:30:00,129.15654999999992
2018-09-19 07:45:00,129.15654999999992
2018-09-19 08:00:00,129.18774999999994
2018-09-19 08:15:00,129.12524999999994
2018-09-19 08:30:00,129.03154999999992
2018-09-19 08:45:00,129.03154999999992
2018-09-19 09:00:00,129.00024999999994
2018-09-19 09:15:00,128.87524999999994
2018-09-19 09:30:00,128.93774999999994
2018-09-19 09:45:00,128.87524999999994
2018-09-19 10:00:00,128.96904999999992
2018-09-19 10:15:00,129.00024999999994
2018-09-19 10:30:00,129.00024999999994
2018-09-19 10:45:00,129.03154999999992
2018-09-19 11:00:00,129.03154999999992
2018-09-19 11:15:00,129.06274999999994
2018-09-19 11:30:00,129.00024999999994
2018-09-19 11:45:00,129.03154999999992
2018-09-19 12:00:00,129.09404999999992
2018-09-19 12:15:00,129.09404999999992
2018-09-19 12:30:00,129.09404999999992
2018-09-19 12:45:00,129.15654999999992
2018-09-19 13:00:00,129.25024999999994
2018-09-19 13:15:00,129.18774999999994
2018-09-19 13:30:00,129.09404999999992
2018-09-19 13:45:00,129.00024999999994
2018-09-19 14:00:00,129.09404999999992
2018-09-19 14:15:00,129.00024999999994
2018-09-19 14:30:00,128.71904999999992
2018-09-19 14:45:00,128.78154999999992
2018-09-19 15:00:00,128.71904999999992
2018-09-19 15:15:00,128.75024999999994
2018-09-19 15:30:00,128.62524999999994
2018-09-19 15:45:00,128.31274999999994
2018-09-19 16:00:00,128.53154999999992
2018-09-19 16:15:00,128.59404999999992
2018-09-19 16:30:00,128.65654999999992
2018-09-19 16:45:00,128.65654999999992
2018-09-19 17:00:00,128.65654999999992
2018-09-19 17:15:00,128.68774999999994
2018-09-19 17:30:00,128.71904999999992
2018-09-19 17:45:00,128.81274999999994
2018-09-19 18:00:00,128.81274999999994
2018-09-19 18:15:00,128.68774999999994
2018-09-19 18:30:00,128.65654999999992
2018-09-19 18:45:00,128.59404999999992
2018-09-19 19:00:00,128.59404999999992
2018-09-19 19:15:00,128.53154999999992
2018-09-19 19:30:00,128.53154999999992
2018-09-19 19:45:00,128.50024999999994
2018-09-19 20:00:00,128.53154999999992
2018-09-19 20:15:00,128.59404999999992
2018-09-19 20:30:00,128.62524999999994
2018-09-19 20:45:00,128.65654999999992
2018-09-19 21:00:00,128.68774999999994
2018-09-19 21:15:00,128.81274999999994
2018-09-19 21:30:00,128.90654999999992
2018-09-19 21:45:00,128.93774999999994
2018-09-19 23:00:00,129.18774999999994
2018-09-19 23:15:00,128.90654999999992
2018-09-19 23:30:00,128.90654999999992
2018-09-19 23:45:00,128.87524999999994
2018-09-20 00:00:00,128.87524999999994
2018-09-20 00:15:00,128.87524999999994
2018-09-20 00:30:00,128.87524999999994
2018-09-20 00:45:00,128.87524999999994
2018-09-20 01:00:00,128.90654999999992
2018-09-20 01:15:00,128.93774999999994
2018-09-20 01:30:00,128.90654999999992
2018-09-20 01:45:00,128.90654999999992
2018-09-20 02:00:00,128.90654999999992
2018-09-20 02:15:00,128.93774999999994
2018-09-20 02:30:00,128.96904999999992
2018-09-20 02:45:00,128.96904999999992
2018-09-20 03:00:00,128.90654999999992
2018-09-20 03:15:00,128.90654999999992
2018-09-20 03:30:00,128.93774999999994
2018-09-20 03:45:00,128.93774999999994
2018-09-20 04:00:00,128.93774999999994
2018-09-20 04:15:00,128.93774999999994
2018-09-20 04:30:00,128.93774999999994
2018-09-20 04:45:00,128.93774999999994
2018-09-20 05:15:00,128.93774999999994
2018-09-20 05:30:00,128.90654999999992
2018-09-20 05:45:00,128.90654999999992
2018-09-20 06:15:00,128.90654999999992
2018-09-20 06:30:00,128.90654999999992
2018-09-20 06:45:00,128.96904999999992
2018-09-20 07:00:00,128.87524999999994
2018-09-20 07:15:00,128.87524999999994
2018-09-20 07:30:00,128.90654999999992
2018-09-20 07:45:00,128.87524999999994
2018-09-20 08:00:00,128.81274999999994
2018-09-20 08:15:00,128.87524999999994
2018-09-20 08:30:00,128.90654999999992
2018-09-20 08:45:00,128.81274999999994
2018-09-20 09:00:00,128.81274999999994
2018-09-20 09:15:00,128.84404999999992
2018-09-20 09:30:00,128.87524999999994
2018-09-20 09:45:00,128.90654999999992
2018-09-20 10:00:00,128.87524999999994
2018-09-20 10:15:00,128.84404999999992
2018-09-20 10:30:00,128.78154999999992
2018-09-20 10:45:00,128.81274999999994
2018-09-20 11:00:00,128.75024999999994
2018-09-20 11:15:00,128.75024999999994
2018-09-20 11:30:00,128.75024999999994
2018-09-20 11:45:00,128.71904999999992
2018-09-20 12:00:00,128.68774999999994
2018-09-20 12:15:00,128.75024999999994
2018-09-20 12:30:00,128.65654999999992
2018-09-20 12:45:00,128.56274999999994
2018-09-20 13:00:00,128.46904999999992
2018-09-20 13:15:00,128.53154999999992
2018-09-20 13:30:00,128.46904999999992
2018-09-20 13:45:00,128.46904999999992
2018-09-20 14:00:00,128.56274999999994
2018-09-20 14:15:00,128.56274999999994
2018-09-20 14:30:00,128.65654999999992
2018-09-20 14:45:00,128.75024999999994
2018-09-20 15:00:00,128.84404999999992
2018-09-20 15:15:00,128.93774999999994
2018-09-20 15:30:00,128.87524999999994
2018-09-20 15:45:00,128.90654999999992
2018-09-20 16:00:00,128.84404999999992
2018-09-20 16:15:00,128.90654999999992
2018-09-20 16:30:00,129.03154999999992
2018-09-20 16:45:00,129.03154999999992
2018-09-20 17:00:00,129.06274999999994
2018-09-20 17:15:00,129.09404999999992
2018-09-20 17:30:00,129.06274999999994
2018-09-20 17:45:00,129.09404999999992
2018-09-20 18:00:00,129.03154999999992
2018-09-20 18:15:00,128.96904999999992
2018-09-20 18:30:00,128.93774999999994
2018-09-20 18:45:00,128.90654999999992
2018-09-20 19:00:00,128.87524999999994
2018-09-20 19:15:00,128.96904999999992
2018-09-20 19:30:00,128.81274999999994
2018-09-20 19:45:00,128.81274999999994
2018-09-20 20:00:00,128.90654999999992
2018-09-20 20:15:00,128.90654999999992
2018-09-20 20:30:00,129.00024999999994
2018-09-20 20:45:00,129.00024999999994
2018-09-20 21:00:00,128.96904999999992
2018-09-20 21:15:00,129.03154999999992
2018-09-20 21:30:00,129.03154999999992
2018-09-20 21:45:00,129.06274999999994
2018-09-20 23:00:00,128.90654999999992
2018-09-20 23:15:00,129.06274999999994
2018-09-20 23:30:00,129.06274999999994
2018-09-20 23:45:00,129.06274999999994
2018-09-21 00:00:00,129.09404999999992
2018-09-21 00:15:00,129.06274999999994
2018-09-21 00:30:00,129.03154999999992
2018-09-21 00:45:00,129.06274999999994
2018-09-21 01:00:00,129.06274999999994
2018-09-21 01:15:00,129.09404999999992
2018-09-21 01:30:00,129.18774999999994
2018-09-21 01:45:00,129.18774999999994
2018-09-21 02:00:00,129.12524999999994
2018-09-21 02:15:00,129.15654999999992
2018-09-21 02:30:00,129.12524999999994
2018-09-21 02:45:00,129.00024999999994
2018-09-21 03:00:00,129.00024999999994
2018-09-21 03:15:00,129.03154999999992
2018-09-21 03:30:00,129.03154999999992
2018-09-21 03:45:00,129.03154999999992
2018-09-21 04:00:00,129.00024999999994
2018-09-21 04:15:00,129.03154999999992
2018-09-21 04:30:00,129.03154999999992
2018-09-21 04:45:00,129.00024999999994
2018-09-21 05:15:00,129.00024999999994
2018-09-21 05:45:00,129.00024999999994
2018-09-21 06:15:00,128.87524999999994
2018-09-21 06:30:00,128.87524999999994
2018-09-21 06:45:00,128.81274999999994
2018-09-21 07:00:00,128.84404999999992
2018-09-21 07:15:00,128.87524999999994
2018-09-21 07:30:00,128.84404999999992
2018-09-21 07:45:00,128.81274999999994
2018-09-21 08:00:00,128.71904999999992
2018-09-21 08:15:00,128.84404999999992
2018-09-21 08:30:00,128.96904999999992
2018-09-21 08:45:00,128.96904999999992
2018-09-21 09:00:00,128.93774999999994
2018-09-21 09:15:00,128.84404999999992
2018-09-21 09:30:00,128.87524999999994
2018-09-21 09:45:00,128.84404999999992
2018-09-21 10:00:00,128.81274999999994
2018-09-21 10:15:00,128.84404999999992
2018-09-21 10:30:00,128.90654999999992
2018-09-21 10:45:00,128.81274999999994
2018-09-21 11:00:00,128.78154999999992
2018-09-21 11:15:00,128.81274999999994
2018-09-21 11:30:00,128.78154999999992
2018-09-21 11:45:00,128.81274999999994
2018-09-21 12:00:00,128.87524999999994
2018-09-21 12:15:00,128.90654999999992
2018-09-21 12:30:00,128.90654999999992
2018-09-21 12:45:00,128.84404999999992
2018-09-21 13:00:00,128.93774999999994
2018-09-21 13:15:00,128.81274999999994
2018-09-21 13:30:00,128.71904999999992
2018-09-21 13:45:00,128.75024999999994
2018-09-21 14:00:00,128.75024999999994
2018-09-21 14:15:00,128.71904999999992
2018-09-21 14:30:00,128.87524999999994
2018-09-21 14:45:00,129.00024999999994
2018-09-21 15:00:00,129.00024999999994
2018-09-21 15:15:00,129.03154999999992
2018-09-21 15:30:00,129.00024999999994
2018-09-21 15:45:00,128.93774999999994
2018-09-21 16:00:00,128.90654999999992
2018-09-21 16:15:00,128.84404999999992
2018-09-21 16:30:00,128.81274999999994
2018-09-21 16:45:00,128.81274999999994
2018-09-21 17:00:00,128.81274999999994
2018-09-21 17:15:00,128.78154999999992
2018-09-21 17:30:00,128.87524999999994
2018-09-21 17:45:00,128.87524999999994
2018-09-21 18:00:00,128.90654999999992
2018-09-21 18:15:00,128.90654999999992
2018-09-21 18:30:00,128.90654999999992
2018-09-21 18:45:00,128.90654999999992
2018-09-21 19:00:00,128.90654999999992
2018-09-21 19:15:00,128.84404999999992
2018-09-21 19:30:00,128.87524999999994
2018-09-21 19:45:00,128.90654999999992
2018-09-21 20:00:00,128.93774999999994
2018-09-21 20:15:00,128.93774999999994
2018-09-21 20:30:00,129.00024999999994
2018-09-21 20:45:00,128.96904999999992
2018-09-21 21:00:00,129.00024999999994
2018-09-21 21:15:00,129.00024999999994
2018-09-21 21:30:00,128.96904999999992
2018-09-21 21:45:00,129.03154999999992
2018-09-21 23:00:00,128.87524999999994
2018-09-23 23:00:00,129.00024999999994
2018-09-23 23:15:00,129.00024999999994
2018-09-23 23:30:00,128.96904999999992
2018-09-23 23:45:00,128.93774999999994
2018-09-24 00:00:00,128.93774999999994
2018-09-24 00:15:00,128.96904999999992
2018-09-24 00:30:00,128.93774999999994
2018-09-24 00:45:00,128.96904999999992
2018-09-24 01:00:00,128.96904999999992
2018-09-24 01:15:00,128.96904999999992
2018-09-24 01:30:00,128.96904999999992
2018-09-24 01:45:00,128.96904999999992
2018-09-24 02:00:00,128.96904999999992
2018-09-24 02:15:00,128.96904999999992
2018-09-24 02:30:00,128.93774999999994
2018-09-24 02:45:00,128.93774999999994
2018-09-24 03:00:00,128.96904999999992
2018-09-24 03:15:00,128.90654999999992
2018-09-24 03:30:00,128.93774999999994
2018-09-24 03:45:00,128.90654999999992
2018-09-24 04:00:00,128.87524999999994
2018-09-24 04:15:00,128.87524999999994
2018-09-24 04:30:00,128.90654999999992
2018-09-24 04:45:00,128.90654999999992
2018-09-24 05:15:00,128.90654999999992
2018-09-24 05:30:00,128.90654999999992
2018-09-24 05:45:00,128.90654999999992
2018-09-24 06:15:00,128.90654999999992
2018-09-24 06:30:00,128.90654999999992
2018-09-24 06:45:00,128.87524999999994
2018-09-24 07:00:00,128.87524999999994
2018-09-24 07:15:00,128.90654999999992
2018-09-24 07:30:00,128.90654999999992
2018-09-24 07:45:00,128.87524999999994
2018-09-24 08:00:00,128.78154999999992
2018-09-24 08:15:00,128.71904999999992
2018-09-24 08:30:00,128.68774999999994
2018-09-24 08:45:00,128.78154999999992
2018-09-24 09:00:00,128.78154999999992
2018-09-24 09:15:00,128.65654999999992
2018-09-24 09:30:00,128.65654999999992
2018-09-24 09:45:00,128.68774999999994
2018-09-24 10:00:00,128.62524999999994
2018-09-24 10:15:00,128.59404999999992
2018-09-24 10:30:00,128.68774999999994
2018-09-24 10:45:00,128.65654999999992
2018-09-24 11:00:00,128.65654999999992
2018-09-24 11:15:00,128.65654999999992
2018-09-24 11:30:00,128.65654999999992
2018-09-24 11:45:00,128.65654999999992
2018-09-24 12:00:00,128.71904999999992
2018-09-24 12:15:00,128.68774999999994
2018-09-24 12:30:00,128.71904999999992
2018-09-24 12:45:00,128.78154999999992
2018-09-24 13:00:00,128.75024999999994
2018-09-24 13:15:00,128.84404999999992
2018-09-24 13:30:00,128.90654999999992
2018-09-24 13:45:00,128.87524999999994
2018-09-24 14:00:00,128.56274999999994
2018-09-24 14:15:00,128.59404999999992
2018-09-24 14:30:00,128.75024999999994
2018-09-24 14:45:00,128.90654999999992
2018-09-24 15:00:00,128.84404999999992
2018-09-24 15:15:00,128.96904999999992
2018-09-24 15:30:00,129.00024999999994
2018-09-24 15:45:00,128.96904999999992
2018-09-24 16:00:00,128.90654999999992
2018-09-24 16:15:00,128.75024999999994
2018-09-24 16:30:00,128.71904999999992
2018-09-24 16:45:00,128.71904999999992
2018-09-24 17:00:00,128.81274999999994
2018-09-24 17:15:00,128.84404999999992
2018-09-24 17:30:00,128.78154999999992
2018-09-24 17:45:00,128.71904999999992
2018-09-24 18:00:00,128.68774999999994
2018-09-24 18:15:00,128.65654999999992
2018-09-24 18:30:00,128.62524999999994
2018-09-24 18:45:00,128.68774999999994
2018-09-24 19:00:00,128.68774999999994
2018-09-24 19:15:00,128.75024999999994
2018-09-24 19:30:00,128.75024999999994
2018-09-24 19:45:00,128.84404999999992
2018-09-24 20:00:00,128.78154999999992
2018-09-24 20:15:00,128.78154999999992
2018-09-24 20:30:00,128.71904999999992
2018-09-24 20:45:00,128.68774999999994
2018-09-24 21:00:00,128.68774999999994
2018-09-24 21:15:00,128.68774999999994
2018-09-24 21:30:00,128.62524999999994
2018-09-24 21:45:00,128.53154999999992
2018-09-24 23:00:00,128.90654999999992
2018-09-24 23:15:00,128.53154999999992
2018-09-24 23:30:00,128.56274999999994
2018-09-24 23:45:00,128.56274999999994
2018-09-25 00:00:00,128.56274999999994
2018-09-25 00:15:00,128.56274999999994
2018-09-25 00:30:00,128.56274999999994
2018-09-25 00:45:00,128.56274999999994
2018-09-25 01:00:00,128.59404999999992
2018-09-25 01:15:00,128.56274999999994
2018-09-25 01:30:00,128.56274999999994
2018-09-25 01:45:00,128.56274999999994
2018-09-25 02:00:00,128.53154999999992
2018-09-25 02:15:00,128.50024999999994
2018-09-25 02:30:00,128.50024999999994
2018-09-25 02:45:00,128.50024999999994
2018-09-25 03:00:00,128.50024999999994
2018-09-25 03:15:00,128.50024999999994
2018-09-25 03:30:00,128.43774999999994
2018-09-25 03:45:00,128.43774999999994
2018-09-25 04:00:00,128.43774999999994
2018-09-25 04:15:00,128.43774999999994
2018-09-25 04:30:00,128.43774999999994
2018-09-25 04:45:00,128.40654999999992
2018-09-25 05:15:00,128.40654999999992
2018-09-25 05:30:00,128.40654999999992
2018-09-25 05:45:00,128.40654999999992
2018-09-25 06:15:00,128.40654999999992
2018-09-25 06:30:00,128.37524999999994
2018-09-25 06:45:00,128.34404999999992
2018-09-25 07:00:00,128.37524999999994
2018-09-25 07:15:00,128.43774999999994
2018-09-25 07:30:00,128.34404999999992
2018-09-25 07:45:00,128.37524999999994
2018-09-25 08:00:00,128.43774999999994
2018-09-25 08:15:00,128.37524999999994
2018-09-25 08:30:00,128.25024999999994
2018-09-25 08:45:00,128.21904999999992
2018-09-25 09:00:00,128.34404999999992
2018-09-25 09:15:00,128.25024999999994
2018-09-25 09:30:00,128.25024999999994
2018-09-25 09:45:00,128.28154999999992
2018-09-25 10:00:00,128.28154999999992
2018-09-25 10:15:00,128.28154999999992
2018-09-25 10:30:00,128.18774999999994
2018-09-25 10:45:00,128.18774999999994
2018-09-25 11:00:00,128.21904999999992
2018-09-25 11:15:00,128.15654999999992
2018-09-25 11:30:00,128.15654999999992
2018-09-25 11:45:00,128.12524999999994
2018-09-25 12:00:00,128.09404999999992
2018-09-25 12:15:00,128.18774999999994
2018-09-25 12:30:00,128.25024999999994
2018-09-25 12:45:00,128.28154999999992
2018-09-25 13:00:00,128.37524999999994
2018-09-25 13:15:00,128.34404999999992
2018-09-25 13:30:00,128.34404999999992
2018-09-25 13:45:00,128.40654999999992
2018-09-25 14:00:00,128.46904999999992
2018-09-25 14:15:00,128.31274999999994
2018-09-25 14:30:00,128.34404999999992
2018-09-25 14:45:00,128.43774999999994
2018-09-25 15:00:00,128.37524999999994
2018-09-25 15:15:00,128.37524999999994
2018-09-25 15:30:00,128.34404999999992
2018-09-25 15:45:00,128.31274999999994
2018-09-25 16:00:00,128.43774999999994
2018-09-25 16:15:00,128.37524999999994
2018-09-25 16:30:00,128.34404999999992
2018-09-25 16:45:00,128.37524999999994
2018-09-25 17:00:00,128.34404999999992
2018-09-25 17:15:00,128.28154999999992
2018-09-25 17:30:00,128.31274999999994
2018-09-25 17:45:00,128.31274999999994
2018-09-25 18:00:00,128.25024999999994
2018-09-25 18:15:00,128.28154999999992
2018-09-25 18:30:00,128.37524999999994
2018-09-25 18:45:00,128.34404999999992
2018-09-25 19:00:00,128.34404999999992
2018-09-25 19:15:00,128.34404999999992
2018-09-25 19:30:00,128.34404999999992
2018-09-25 19:45:00,128.34404999999992
2018-09-25 20:00:00,128.50024999999994
2018-09-25 20:15:00,128.50024999999994
2018-09-25 20:30:00,128.46904999999992
2018-09-25 20:45:00,128.50024999999994
2018-09-25 21:00:00,128.53154999999992
2018-09-25 21:15:00,128.46904999999992
2018-09-25 21:30:00,128.46904999999992
2018-09-25 21:45:00,128.43774999999994
2018-09-25 23:00:00,128.40654999999992
2018-09-25 23:15:00,128.43774999999994
2018-09-25 23:30:00,128.43774999999994
2018-09-25 23:45:00,128.46904999999992
2018-09-26 00:00:00,128.46904999999992
2018-09-26 00:15:00,128.46904999999992
2018-09-26 00:30:00,128.46904999999992
2018-09-26 00:45:00,128.46904999999992
2018-09-26 01:00:00,128.53154999999992
2018-09-26 01:15:00,128.50024999999994
2018-09-26 01:30:00,128.50024999999994
2018-09-26 01:45:00,128.50024999999994
2018-09-26 02:00:00,128.50024999999994
2018-09-26 02:15:00,128.53154999999992
2018-09-26 02:30:00,128.53154999999992
2018-09-26 02:45:00,128.50024999999994
2018-09-26 03:00:00,128.46904999999992
2018-09-26 03:15:00,128.46904999999992
2018-09-26 03:30:00,128.43774999999994
2018-09-26 03:45:00,128.50024999999994
2018-09-26 04:00:00,128.53154999999992
2018-09-26 04:15:00,128.50024999999994
2018-09-26 04:30:00,128.46904999999992
2018-09-26 04:45:00,128.46904999999992
2018-09-26 05:15:00,128.50024999999994
2018-09-26 05:30:00,128.50024999999994
2018-09-26 05:45:00,128.50024999999994
2018-09-26 06:15:00,128.53154999999992
2018-09-26 06:30:00,128.56274999999994
2018-09-26 06:45:00,128.53154999999992
2018-09-26 07:00:00,128.56274999999994
2018-09-26 07:15:00,128.56274999999994
2018-09-26 07:30:00,128.59404999999992
2018-09-26 07:45:00,128.59404999999992
2018-09-26 08:00:00,128.65654999999992
2018-09-26 08:15:00,128.65654999999992
2018-09-26 08:30:00,128.65654999999992
2018-09-26 08:45:00,128.68774999999994
2018-09-26 09:00:00,128.68774999999994
2018-09-26 09:15:00,128.68774999999994
2018-09-26 09:30:00,128.62524999999994
2018-09-26 09:45:00,128.65654999999992
2018-09-26 10:00:00,128.65654999999992
2018-09-26 10:15:00,128.62524999999994
2018-09-26 10:30:00,128.62524999999994
2018-09-26 10:45:00,128.56274999999994
2018-09-26 11:00:00,128.62524999999994
2018-09-26 11:15:00,128.65654999999992
2018-09-26 11:30:00,128.62524999999994
2018-09-26 11:45:00,128.62524999999994
2018-09-26 12:00:00,128.65654999999992
2018-09-26 12:15:00,128.68774999999994
2018-09-26 12:30:00,128.65654999999992
2018-09-26 12:45:00,128.68774999999994
2018-09-26 13:00:00,128.68774999999994
2018-09-26 13:15:00,128.62524999999994
2018-09-26 13:30:00,128.62524999999994
2018-09-26 13:45:00,128.65654999999992
2018-09-26 14:00:00,128.71904999999992
2018-09-26 14:15:00,128.71904999999992
2018-09-26 14:30:00,128.68774999999994
2018-09-26 14:45:00,128.68774999999994
2018-09-26 15:00:00,128.71904999999992
2018-09-26 15:15:00,128.68774999999994
2018-09-26 15:30:00,128.59404999999992
2018-09-26 15:45:00,128.56274999999994
2018-09-26 16:00:00,128.56274999999994
2018-09-26 16:15:00,128.53154999999992
2018-09-26 16:30:00,128.53154999999992
2018-09-26 16:45:00,128.62524999999994
2018-09-26 17:00:00,128.65654999999992
2018-09-26 17:15:00,128.59404999999992
2018-09-26 17:30:00,128.62524999999994
2018-09-26 17:45:00,128.68774999999994
2018-09-26 18:00:00,128.75024999999994
2018-09-26 18:15:00,128.75024999999994
2018-09-26 18:30:00,128.65654999999992
2018-09-26 18:45:00,128.75024999999994
2018-09-26 19:00:00,128.65654999999992
2018-09-26 19:15:00,128.62524999999994
2018-09-26 19:30:00,128.56274999999994
2018-09-26 19:45:00,129.06274999999994
2018-09-26 20:00:00,129.03154999999992
2018-09-26 20:15:00,129.06274999999994
2018-09-26 20:30:00,129.03154999999992
2018-09-26 20:45:00,129.18774999999994
2018-09-26 21:00:00,129.25024999999994
2018-09-26 21:15:00,129.25024999999994
2018-09-26 21:30:00,129.25024999999994
2018-09-26 21:45:00,129.21904999999992
2018-09-26 23:00:00,128.50024999999994
2018-09-26 23:15:00,129.21904999999992
2018-09-26 23:30:00,129.18774999999994
2018-09-26 23:45:00,129.15654999999992
2018-09-27 00:00:00,129.15654999999992
2018-09-27 00:15:00,129.15654999999992
2018-09-27 00:30:00,129.18774999999994
2018-09-27 00:45:00,129.18774999999994
2018-09-27 01:00:00,129.12524999999994
2018-09-27 01:15:00,129.15654999999992
2018-09-27 01:30:00,129.09404999999992
2018-09-27 01:45:00,129.12524999999994
2018-09-27 02:00:00,129.12524999999994
2018-09-27 02:15:00,129.09404999999992
2018-09-27 02:30:00,129.12524999999994
2018-09-27 02:45:00,129.12524999999994
2018-09-27 03:00:00,129.12524999999994
2018-09-27 03:15:00,129.12524999999994
2018-09-27 03:30:00,129.12524999999994
2018-09-27 03:45:00,129.12524999999994
2018-09-27 04:00:00,129.09404999999992
2018-09-27 04:15:00,129.09404999999992
2018-09-27 04:30:00,129.15654999999992
2018-09-27 04:45:00,129.15654999999992
2018-09-27 05:15:00,129.12524999999994
2018-09-27 05:30:00,129.15654999999992
2018-09-27 05:45:00,129.15654999999992
2018-09-27 06:15:00,129.18774999999994
2018-09-27 06:30:00,129.37524999999994
2018-09-27 06:45:00,129.34404999999992
2018-09-27 07:00:00,129.31274999999994
2018-09-27 07:15:00,129.43774999999994
2018-09-27 07:30:00,129.43774999999994
2018-09-27 07:45:00,129.40654999999992
2018-09-27 08:00:00,129.46904999999992
2018-09-27 08:15:00,129.53154999999992
2018-09-27 08:30:00,129.56274999999994
2018-09-27 08:45:00,129.56274999999994
2018-09-27 09:00:00,129.43774999999994
2018-09-27 09:15:00,129.43774999999994
2018-09-27 09:30:00,129.37524999999994
2018-09-27 09:45:00,129.34404999999992
2018-09-27 10:00:00,129.34404999999992
2018-09-27 10:15:00,129.31274999999994
2018-09-27 10:30:00,129.31274999999994
2018-09-27 10:45:00,129.34404999999992
2018-09-27 11:00:00,129.25024999999994
2018-09-27 11:15:00,129.21904999999992
2018-09-27 11:30:00,129.25024999999994
2018-09-27 11:45:00,129.25024999999994
2018-09-27 12:00:00,129.31274999999994
2018-09-27 12:15:00,129.28154999999992
2018-09-27 12:30:00,129.25024999999994
2018-09-27 12:45:00,129.31274999999994
2018-09-27 13:00:00,129.21904999999992
2018-09-27 13:15:00,129.06274999999994
2018-09-27 13:30:00,129.12524999999994
2018-09-27 13:45:00,129.03154999999992
2018-09-27 14:00:00,128.93774999999994
2018-09-27 14:15:00,128.96904999999992
2018-09-27 14:30:00,129.03154999999992
2018-09-27 14:45:00,129.00024999999994
2018-09-27 15:00:00,129.06274999999994
2018-09-27 15:15:00,129.00024999999994
2018-09-27 15:30:00,128.87524999999994
2018-09-27 15:45:00,128.90654999999992
2018-09-27 16:00:00,128.90654999999992
2018-09-27 16:15:00,128.90654999999992
2018-09-27 16:30:00,128.84404999999992
2018-09-27 16:45:00,128.87524999999994
2018-09-27 17:00:00,128.90654999999992
2018-09-27 17:15:00,128.93774999999994
2018-09-27 17:30:00,128.96904999999992
2018-09-27 17:45:00,129.06274999999994
2018-09-27 18:00:00,129.06274999999994
2018-09-27 18:15:00,129.06274999999994
2018-09-27 18:30:00,129.15654999999992
2018-09-27 18:45:00,129.12524999999994
2018-09-27 19:00:00,129.18774999999994
2018-09-27 19:15:00,129.25024999999994
2018-09-27 19:30:00,129.25024999999994
2018-09-27 19:45:00,129.25024999999994
2018-09-27 20:00:00,129.28154999999992
2018-09-27 20:15:00,129.15654999999992
2018-09-27 20:30:00,129.25024999999994
2018-09-27 20:45:00,129.25024999999994
2018-09-27 21:00:00,129.15654999999992
2018-09-27 21:15:00,129.12524999999994
2018-09-27 21:30:00,129.18774999999994
2018-09-27 21:45:00,129.21904999999992
2018-09-27 23:00:00,129.15654999999992
2018-09-27 23:15:00,129.18774999999994
2018-09-27 23:30:00,129.25024999999994
2018-09-27 23:45:00,129.28154999999992
2018-09-28 00:00:00,129.28154999999992
2018-09-28 00:15:00,129.28154999999992
2018-09-28 00:30:00,129.34404999999992
2018-09-28 00:45:00,129.34404999999992
2018-09-28 01:00:00,129.31274999999994
2018-09-28 01:15:00,129.37524999999994
2018-09-28 01:30:00,129.34404999999992
2018-09-28 01:45:00,129.34404999999992
2018-09-28 02:00:00,129.28154999999992
2018-09-28 02:15:00,129.25024999999994
2018-09-28 02:30:00,129.25024999999994
2018-09-28 02:45:00,129.25024999999994
2018-09-28 03:00:00,129.25024999999994
2018-09-28 03:15:00,129.25024999999994
2018-09-28 03:30:00,129.28154999999992
2018-09-28 03:45:00,129.31274999999994
2018-09-28 04:00:00,129.28154999999992
2018-09-28 04:15:00,129.28154999999992
2018-09-28 04:30:00,129.31274999999994
2018-09-28 04:45:00,129.28154999999992
2018-09-28 05:15:00,129.34404999999992
2018-09-28 05:30:00,129.37524999999994
2018-09-28 05:45:00,129.31274999999994
2018-09-28 06:15:00,129.34404999999992
2018-09-28 06:30:00,129.34404999999992
2018-09-28 06:45:00,129.37524999999994
2018-09-28 07:00:00,129.34404999999992
2018-09-28 07:15:00,129.37524999999994
2018-09-28 07:30:00,129.40654999999992
2018-09-28 07:45:00,129.34404999999992
2018-09-28 08:00:00,129.31274999999994
2018-09-28 08:15:00,129.34404999999992
2018-09-28 08:30:00,129.34404999999992
2018-09-28 08:45:00,129.37524999999994
2018-09-28 09:00:00,129.28154999999992
2018-09-28 09:15:00,129.28154999999992
2018-09-28 09:30:00,129.31274999999994
2018-09-28 09:45:00,129.37524999999994
2018-09-28 10:00:00,129.46904999999992
2018-09-28 10:15:00,129.50024999999994
2018-09-28 10:30:00,129.50024999999994
2018-09-28 10:45:00,129.53154999999992
2018-09-28 11:00:00,129.59404999999992
2018-09-28 11:15:00,129.59404999999992
2018-09-28 11:30:00,129.59404999999992
2018-09-28 11:45:00,129.56274999999994
2018-09-28 12:00:00,129.62524999999994
2018-09-28 12:15:00,129.59404999999992
2018-09-28 12:30:00,129.62524999999994
2018-09-28 12:45:00,129.62524999999994
2018-09-28 13:00:00,129.56274999999994
2018-09-28 13:15:00,129.53154999999992
2018-09-28 13:30:00,129.50024999999994
2018-09-28 13:45:00,129.59404999999992
2018-09-28 14:00:00,129.43774999999994
2018-09-28 14:15:00,129.46904999999992
2018-09-28 14:30:00,129.37524999999994
2018-09-28 14:45:00,129.43774999999994
2018-09-28 15:00:00,129.40654999999992
2018-09-28 15:15:00,129.21904999999992
2018-09-28 15:30:00,129.21904999999992
2018-09-28 15:45:00,129.12524999999994
2018-09-28 16:00:00,129.18774999999994
2018-09-28 16:15:00,129.21904999999992
2018-09-28 16:30:00,129.37524999999994
2018-09-28 16:45:00,129.34404999999992
2018-09-28 17:00:00,129.28154999999992
2018-09-28 17:15:00,129.31274999999994
2018-09-28 17:30:00,129.28154999999992
2018-09-28 17:45:00,129.25024999999994
2018-09-28 18:00:00,129.25024999999994
2018-09-28 18:15:00,129.15654999999992
2018-09-28 18:30:00,129.25024999999994
2018-09-28 18:45:00,129.25024999999994
2018-09-28 19:00:00,129.15654999999992
2018-09-28 19:15:00,129.09404999999992
2018-09-28 19:30:00,129.06274999999994
2018-09-28 19:45:00,129.06274999999994
2018-09-28 20:00:00,129.12524999999994
2018-09-28 20:15:00,129.12524999999994
2018-09-28 20:30:00,129.18774999999994
2018-09-28 20:45:00,129.03154999999992
2018-09-28 21:00:00,129.00024999999994
2018-09-28 21:15:00,128.93774999999994
2018-09-28 21:30:00,128.87524999999994
2018-09-28 21:45:00,128.87524999999994
2018-09-28 23:00:00,129.34404999999992
2018-09-30 23:00:00,128.78154999999992
2018-09-30 23:15:00,128.84404999999992
2018-09-30 23:30:00,128.84404999999992
2018-09-30 23:45:00,128.84404999999992
2018-10-01 00:00:00,128.81274999999994
2018-10-01 00:15:00,128.81274999999994
2018-10-01 00:30:00,128.84404999999992
2018-10-01 00:45:00,128.87524999999994
2018-10-01 01:00:00,128.87524999999994
2018-10-01 01:15:00,128.90654999999992
2018-10-01 01:30:00,128.90654999999992
2018-10-01 01:45:00,128.87524999999994
2018-10-01 02:00:00,128.87524999999994
2018-10-01 02:15:00,128.87524999999994
2018-10-01 02:30:00,128.90654999999992
2018-10-01 02:45:00,128.81274999999994
2018-10-01 03:00:00,128.78154999999992
2018-10-01 03:15:00,128.78154999999992
2018-10-01 03:30:00,128.78154999999992
2018-10-01 03:45:00,128.75024999999994
2018-10-01 04:00:00,128.78154999999992
2018-10-01 04:15:00,128.78154999999992
2018-10-01 04:30:00,128.78154999999992
2018-10-01 04:45:00,128.71904999999992
2018-10-01 05:15:00,128.75024999999994
2018-10-01 05:30:00,128.78154999999992
2018-10-01 05:45:00,128.75024999999994
2018-10-01 06:15:00,128.78154999999992
2018-10-01 06:30:00,128.78154999999992
2018-10-01 06:45:00,128.81274999999994
2018-10-01 07:00:00,128.81274999999994
2018-10-01 07:15:00,128.78154999999992
2018-10-01 07:30:00,128.81274999999994
2018-10-01 07:45:00,128.81274999999994
2018-10-01 08:00:00,128.81274999999994
2018-10-01 08:15:00,128.81274999999994
2018-10-01 08:30:00,128.71904999999992
2018-10-01 08:45:00,128.59404999999992
2018-10-01 09:00:00,128.59404999999992
2018-10-01 09:15:00,128.56274999999994
2018-10-01 09:30:00,128.50024999999994
2018-10-01 09:45:00,128.46904999999992
2018-10-01 10:00:00,128.40654999999992
2018-10-01 10:15:00,128.43774999999994
2018-10-01 10:30:00,128.34404999999992
2018-10-01 10:45:00,128.34404999999992
2018-10-01 11:00:00,128.34404999999992
2018-10-01 11:15:00,128.43774999999994
2018-10-01 11:30:00,128.43774999999994
2018-10-01 11:45:00,128.40654999999992
2018-10-01 12:00:00,128.40654999999992
2018-10-01 12:15:00,128.40654999999992
2018-10-01 12:30:00,128.53154999999992
2018-10-01 12:45:00,128.56274999999994
2018-10-01 13:00:00,128.46904999999992
2018-10-01 13:15:00,128.59404999999992
2018-10-01 13:30:00,128.59404999999992
2018-10-01 13:45:00,128.65654999999992
2018-10-01 14:00:00,128.71904999999992
2018-10-01 14:15:00,128.75024999999994
2018-10-01 14:30:00,128.71904999999992
2018-10-01 14:45:00,128.68774999999994
2018-10-01 15:00:00,128.59404999999992
2018-10-01 15:15:00,128.62524999999994
2018-10-01 15:30:00,128.71904999999992
2018-10-01 15:45:00,128.75024999999994
2018-10-01 16:00:00,128.75024999999994
2018-10-01 16:15:00,128.84404999999992
2018-10-01 16:30:00,128.78154999999992
2018-10-01 16:45:00,128.71904999999992
2018-10-01 17:00:00,128.75024999999994
2018-10-01 17:15:00,128.68774999999994
2018-10-01 17:30:00,128.71904999999992
2018-10-01 17:45:00,128.65654999999992
2018-10-01 18:00:00,128.62524999999994
2018-10-01 18:15:00,128.62524999999994
2018-10-01 18:30:00,128.65654999999992
2018-10-01 18:45:00,128.68774999999994
2018-10-01 19:00:00,128.68774999999994
2018-10-01 19:15:00,128.56274999999994
2018-10-01 19:30:00,128.59404999999992
2018-10-01 19:45:00,128.46904999999992
2018-10-01 20:00:00,128.50024999999994
2018-10-01 20:15:00,128.40654999999992
2018-10-01 20:30:00,128.40654999999992
2018-10-01 20:45:00,128.34404999999992
2018-10-01 21:00:00,128.43774999999994
2018-10-01 21:15:00,128.43774999999994
2018-10-01 21:30:00,128.40654999999992
2018-10-01 21:45:00,128.40654999999992
2018-10-01 23:00:00,128.78154999999992
2018-10-01 23:15:00,128.43774999999994
2018-10-01 23:30:00,128.43774999999994
2018-10-01 23:45:00,128.43774999999994
2018-10-02 00:00:00,128.46904999999992
2018-10-02 00:15:00,128.46904999999992
2018-10-02 00:30:00,128.43774999999994
2018-10-02 00:45:00,128.43774999999994
2018-10-02 01:00:00,128.43774999999994
2018-10-02 01:15:00,128.46904999999992
2018-10-02 01:30:00,128.43774999999994
2018-10-02 01:45:00,128.43774999999994
2018-10-02 02:00:00,128.46904999999992
2018-10-02 02:15:00,128.46904999999992
2018-10-02 02:30:00,128.50024999999994
2018-10-02 02:45:00,128.46904999999992
2018-10-02 03:00:00,128.46904999999992
2018-10-02 03:15:00,128.53154999999992
2018-10-02 03:30:00,128.50024999999994
2018-10-02 03:45:00,128.50024999999994
2018-10-02 04:00:00,128.46904999999992
2018-10-02 04:15:00,128.46904999999992
2018-10-02 04:30:00,128.53154999999992
2018-10-02 04:45:00,128.50024999999994
2018-10-02 05:15:00,128.50024999999994
2018-10-02 05:30:00,128.50024999999994
2018-10-02 05:45:00,128.50024999999994
2018-10-02 06:15:00,128.56274999999994
2018-10-02 06:30:00,128.56274999999994
2018-10-02 06:45:00,128.59404999999992
2018-10-02 07:00:00,128.75024999999994
2018-10-02 07:15:00,128.78154999999992
2018-10-02 07:30:00,128.71904999999992
2018-10-02 07:45:00,128.75024999999994
2018-10-02 08:00:00,128.90654999999992
2018-10-02 08:15:00,129.00024999999994
2018-10-02 08:30:00,128.90654999999992
2018-10-02 08:45:00,128.84404999999992
2018-10-02 09:00:00,128.84404999999992
2018-10-02 09:15:00,128.96904999999992
2018-10-02 09:30:00,128.93774999999994
2018-10-02 09:45:00,128.96904999999992
2018-10-02 10:00:00,129.00024999999994
2018-10-02 10:15:00,128.93774999999994
2018-10-02 10:30:00,128.90654999999992
2018-10-02 10:45:00,128.87524999999994
2018-10-02 11:00:00,128.81274999999994
2018-10-02 11:15:00,128.84404999999992
2018-10-02 11:30:00,128.87524999999994
2018-10-02 11:45:00,128.78154999999992
2018-10-02 12:00:00,128.75024999999994
2018-10-02 12:15:00,128.71904999999992
2018-10-02 12:30:00,128.71904999999992
2018-10-02 12:45:00,128.90654999999992
2018-10-02 13:00:00,128.75024999999994
2018-10-02 13:15:00,128.84404999999992
2018-10-02 13:30:00,128.81274999999994
2018-10-02 13:45:00,128.81274999999994
2018-10-02 14:00:00,128.78154999999992
2018-10-02 14:15:00,128.81274999999994
2018-10-02 14:30:00,128.96904999999992
2018-10-02 14:45:00,129.09404999999992
2018-10-02 15:00:00,129.09404999999992
2018-10-02 15:15:00,129.15654999999992
2018-10-02 15:30:00,129.18774999999994
2018-10-02 15:45:00,129.15654999999992
2018-10-02 16:00:00,129.00024999999994
2018-10-02 16:15:00,129.06274999999994
2018-10-02 16:30:00,129.09404999999992
2018-10-02 16:45:00,129.09404999999992
2018-10-02 17:00:00,129.09404999999992
2018-10-02 17:15:00,129.09404999999992
2018-10-02 17:30:00,129.15654999999992
2018-10-02 17:45:00,129.03154999999992
2018-10-02 18:00:00,128.87524999999994
2018-10-02 18:15:00,128.81274999999994
2018-10-02 18:30:00,128.84404999999992
2018-10-02 18:45:00,128.81274999999994
2018-10-02 19:00:00,128.90654999999992
2018-10-02 19:15:00,128.93774999999994
2018-10-02 19:30:00,128.96904999999992
2018-10-02 19:45:00,129.06274999999994
2018-10-02 20:00:00,129.12524999999994
2018-10-02 20:15:00,129.09404999999992
2018-10-02 20:30:00,129.06274999999994
2018-10-02 20:45:00,129.09404999999992
2018-10-02 21:00:00,129.12524999999994
2018-10-02 21:15:00,129.09404999999992
2018-10-02 21:30:00,128.93774999999994
2018-10-02 21:45:00,128.81274999999994
2018-10-02 23:00:00,128.53154999999992
2018-10-02 23:15:00,128.87524999999994
2018-10-02 23:30:00,128.84404999999992
2018-10-02 23:45:00,128.84404999999992
2018-10-03 00:00:00,128.87524999999994
2018-10-03 00:15:00,128.84404999999992
2018-10-03 00:30:00,128.87524999999994
2018-10-03 00:45:00,128.90654999999992
2018-10-03 01:00:00,128.90654999999992
2018-10-03 01:15:00,128.93774999999994
2018-10-03 01:30:00,128.93774999999994
2018-10-03 01:45:00,128.93774999999994
2018-10-03 02:00:00,129.00024999999994
2018-10-03 02:15:00,128.96904999999992
2018-10-03 02:30:00,129.06274999999994
2018-10-03 02:45:00,128.84404999999992
2018-10-03 03:00:00,128.81274999999994
2018-10-03 03:15:00,128.75024999999994
2018-10-03 03:30:00,128.78154999999992
2018-10-03 03:45:00,128.75024999999994
2018-10-03 04:00:00,128.75024999999994
2018-10-03 04:15:00,128.75024999999994
2018-10-03 04:30:00,128.75024999999994
2018-10-03 04:45:00,128.81274999999994
2018-10-03 05:15:00,128.87524999999994
2018-10-03 05:30:00,128.84404999999992
2018-10-03 05:45:00,128.78154999999992
2018-10-03 06:15:00,128.71904999999992
2018-10-03 06:30:00,128.71904999999992
2018-10-03 06:45:00,128.68774999999994
2018-10-03 07:00:00,128.65654999999992
2018-10-03 07:15:00,128.68774999999994
2018-10-03 07:30:00,128.62524999999994
2018-10-03 07:45:00,128.68774999999994
2018-10-03 08:00:00,128.75024999999994
2018-10-03 08:15:00,128.75024999999994
2018-10-03 08:30:00,128.78154999999992
2018-10-03 08:45:00,128.68774999999994
2018-10-03 09:00:00,128.75024999999994
2018-10-03 09:15:00,128.68774999999994
2018-10-03 09:30:00,128.59404999999992
2018-10-03 09:45:00,128.62524999999994
2018-10-03 10:00:00,128.71904999999992
2018-10-03 10:15:00,128.71904999999992
2018-10-03 10:30:00,128.71904999999992
2018-10-03 10:45:00,128.68774999999994
2018-10-03 11:00:00,128.75024999999994
2018-10-03 11:15:00,128.65654999999992
2018-10-03 11:30:00,128.59404999999992
2018-10-03 11:45:00,128.65654999999992
2018-10-03 12:00:00,128.62524999999994
2018-10-03 12:15:00,128.65654999999992
2018-10-03 12:30:00,128.71904999999992
2018-10-03 12:45:00,128.65654999999992
2018-10-03 13:00:00,128.59404999999992
2018-10-03 13:15:00,128.53154999999992
2018-10-03 13:30:00,128.50024999999994
2018-10-03 13:45:00,128.37524999999994
2018-10-03 14:00:00,128.53154999999992
2018-10-03 14:15:00,128.46904999999992
2018-10-03 14:30:00,128.50024999999994
2018-10-03 14:45:00,128.53154999999992
2018-10-03 15:00:00,128.25024999999994
2018-10-03 15:15:00,128.09404999999992
2018-10-03 15:30:00,128.15654999999992
2018-10-03 15:45:00,128.15654999999992
2018-10-03 16:00:00,128.09404999999992
2018-10-03 16:15:00,127.75024999999994
2018-10-03 16:30:00,127.68774999999994
2018-10-03 16:45:00,127.84404999999992
2018-10-03 17:00:00,127.71904999999992
2018-10-03 17:15:00,127.68774999999994
2018-10-03 17:30:00,127.53154999999992
2018-10-03 17:45:00,127.46904999999992
2018-10-03 18:00:00,127.28154999999992
2018-10-03 18:15:00,127.31274999999994
2018-10-03 18:30:00,127.34404999999992
2018-10-03 18:45:00,127.00024999999994
2018-10-03 19:00:00,127.00024999999994
2018-10-03 19:15:00,126.78154999999992
2018-10-03 19:30:00,126.93774999999994
2018-10-03 19:45:00,127.03154999999992
2018-10-03 20:00:00,127.25024999999994
2018-10-03 20:15:00,127.31274999999994
2018-10-03 20:30:00,127.25024999999994
2018-10-03 20:45:00,127.21904999999992
2018-10-03 21:00:00,127.09404999999992
2018-10-03 21:15:00,126.84404999999992
2018-10-03 21:30:00,126.71904999999992
2018-10-03 21:45:00,126.71904999999992
2018-10-03 23:00:00,128.75024999999994
2018-10-03 23:15:00,126.71904999999992
2018-10-03 23:30:00,126.59404999999992
2018-10-03 23:45:00,126.62524999999994
2018-10-04 00:00:00,126.59404999999992
2018-10-04 00:15:00,126.40654999999992
2018-10-04 00:30:00,126.31274999999994
2018-10-04 00:45:00,126.37524999999994
2018-10-04 01:00:00,126.59404999999992
2018-10-04 01:15:00,126.59404999999992
2018-10-04 01:30:00,126.62524999999994
2018-10-04 01:45:00,126.65654999999992
2018-10-04 02:00:00,126.62524999999994
2018-10-04 02:15:00,126.65654999999992
2018-10-04 02:30:00,126.62524999999994
2018-10-04 02:45:00,126.65654999999992
2018-10-04 03:00:00,126.65654999999992
2018-10-04 03:15:00,126.65654999999992
2018-10-04 03:30:00,126.68774999999994
2018-10-04 03:45:00,126.65654999999992
2018-10-04 04:00:00,126.71904999999992
2018-10-04 04:15:00,126.68774999999994
2018-10-04 04:30:00,126.65654999999992
2018-10-04 04:45:00,126.53154999999992
2018-10-04 05:15:00,126.21904999999992
2018-10-04 05:30:00,126.15654999999992
2018-10-04 05:45:00,126.21904999999992
2018-10-04 06:15:00,126.00024999999994
2018-10-04 06:30:00,126.09404999999992
2018-10-04 06:45:00,126.03154999999992
2018-10-04 07:00:00,125.93774999999994
2018-10-04 07:15:00,126.09404999999992
2018-10-04 07:30:00,126.18774999999994
2018-10-04 07:45:00,126.28154999999992
2018-10-04 08:00:00,126.31274999999994
2018-10-04 08:15:00,126.28154999999992
2018-10-04 08:30:00,126.18774999999994
2018-10-04 08:45:00,126.18774999999994
2018-10-04 09:00:00,126.00024999999994
2018-10-04 09:15:00,125.93774999999994
2018-10-04 09:30:00,125.93774999999994
2018-10-04 09:45:00,126.03154999999992
2018-10-04 10:00:00,126.00024999999994
2018-10-04 10:15:00,126.09404999999992
2018-10-04 10:30:00,125.96904999999992
2018-10-04 10:45:00,126.09404999999992
2018-10-04 11:00:00,126.03154999999992
2018-10-04 11:15:00,126.12524999999994
2018-10-04 11:30:00,126.12524999999994
2018-10-04 11:45:00,126.00024999999994
2018-10-04 12:00:00,125.93774999999994
2018-10-04 12:15:00,125.90654999999992
2018-10-04 12:30:00,126.03154999999992
2018-10-04 12:45:00,125.84404999999992
2018-10-04 13:00:00,126.18774999999994
2018-10-04 13:15:00,126.37524999999994
2018-10-04 13:30:00,126.53154999999992
2018-10-04 13:45:00,126.46904999999992
2018-10-04 14:00:00,126.59404999999992
2018-10-04 14:15:00,126.56274999999994
2018-10-04 14:30:00,126.81274999999994
2018-10-04 14:45:00,126.65654999999992
2018-10-04 15:00:00,126.78154999999992
2018-10-04 15:15:00,126.78154999999992
2018-10-04 15:30:00,126.71904999999992
2018-10-04 15:45:00,126.40654999999992
2018-10-04 16:00:00,126.31274999999994
2018-10-04 16:15:00,126.37524999999994
2018-10-04 16:30:00,126.34404999999992
2018-10-04 16:45:00,126.43774999999994
2018-10-04 17:00:00,126.62524999999994
2018-10-04 17:15:00,126.62524999999994
2018-10-04 17:30:00,126.59404999999992
2018-10-04 17:45:00,126.56274999999994
2018-10-04 18:00:00,126.65654999999992
2018-10-04 18:15:00,126.59404999999992
2018-10-04 18:30:00,126.56274999999994
2018-10-04 18:45:00,126.59404999999992
2018-10-04 19:00:00,126.46904999999992
2018-10-04 19:15:00,126.40654999999992
2018-10-04 19:30:00,126.43774999999994
2018-10-04 19:45:00,126.50024999999994
2018-10-04 20:00:00,126.56274999999994
2018-10-04 20:15:00,126.53154999999992
2018-10-04 20:30:00,126.65654999999992
2018-10-04 20:45:00,126.53154999999992
2018-10-04 21:00:00,126.62524999999994
2018-10-04 21:15:00,126.59404999999992
2018-10-04 21:30:00,126.59404999999992
2018-10-04 21:45:00,126.56274999999994
2018-10-04 23:00:00,126.15654999999992
2018-10-04 23:15:00,126.53154999999992
2018-10-04 23:30:00,126.56274999999994
2018-10-04 23:45:00,126.56274999999994
2018-10-05 00:00:00,126.53154999999992
2018-10-05 00:15:00,126.53154999999992
2018-10-05 00:30:00,126.53154999999992
2018-10-05 00:45:00,126.53154999999992
2018-10-05 01:00:00,126.56274999999994
2018-10-05 01:15:00,126.56274999999994
2018-10-05 01:30:00,126.46904999999992
2018-10-05 01:45:00,126.50024999999994
2018-10-05 02:00:00,126.43774999999994
2018-10-05 02:15:00,126.50024999999994
2018-10-05 02:30:00,126.53154999999992
2018-10-05 02:45:00,126.53154999999992
2018-10-05 03:00:00,126.50024999999994
2018-10-05 03:15:00,126.50024999999994
2018-10-05 03:30:00,126.46904999999992
2018-10-05 03:45:00,126.50024999999994
2018-10-05 04:00:00,126.50024999999994
2018-10-05 04:15:00,126.53154999999992
2018-10-05 04:30:00,126.53154999999992
2018-10-05 04:45:00,126.56274999999994
2018-10-05 05:15:00,126.53154999999992
2018-10-05 05:30:00,126.53154999999992
2018-10-05 05:45:00,126.43774999999994
2018-10-05 06:15:00,126.46904999999992
2018-10-05 06:30:00,126.46904999999992
2018-10-05 06:45:00,126.46904999999992
2018-10-05 07:00:00,126.43774999999994
2018-10-05 07:15:00,126.50024999999994
2018-10-05 07:30:00,126.46904999999992
2018-10-05 07:45:00,126.31274999999994
2018-10-05 08:00:00,126.28154999999992
2018-10-05 08:15:00,126.21904999999992
2018-10-05 08:30:00,126.25024999999994
2018-10-05 08:45:00,126.18774999999994
2018-10-05 09:00:00,126.21904999999992
2018-10-05 09:15:00,126.28154999999992
2018-10-05 09:30:00,126.31274999999994
2018-10-05 09:45:00,126.34404999999992
2018-10-05 10:00:00,126.34404999999992
2018-10-05 10:15:00,126.31274999999994
2018-10-05 10:30:00,126.37524999999994
2018-10-05 10:45:00,126.31274999999994
2018-10-05 11:00:00,126.31274999999994
2018-10-05 11:15:00,126.28154999999992
2018-10-05 11:30:00,126.34404999999992
2018-10-05 11:45:00,126.40654999999992
2018-10-05 12:00:00,126.31274999999994
2018-10-05 12:15:00,126.28154999999992
2018-10-05 12:30:00,126.31274999999994
2018-10-05 12:45:00,126.31274999999994
2018-10-05 13:00:00,126.34404999999992
2018-10-05 13:15:00,126.37524999999994
2018-10-05 13:30:00,125.81274999999994
2018-10-05 13:45:00,126.15654999999992
2018-10-05 14:00:00,126.18774999999994
2018-10-05 14:15:00,126.00024999999994
2018-10-05 14:30:00,126.09404999999992
2018-10-05 14:45:00,126.12524999999994
2018-10-05 15:00:00,126.28154999999992
2018-10-05 15:15:00,126.09404999999992
2018-10-05 15:30:00,126.00024999999994
2018-10-05 15:45:00,126.03154999999992
2018-10-05 16:00:00,125.90654999999992
2018-10-05 16:15:00,126.00024999999994
2018-10-05 16:30:00,125.93774999999994
2018-10-05 16:45:00,125.71904999999992
2018-10-05 17:00:00,125.65654999999992
2018-10-05 17:15:00,125.65654999999992
2018-10-05 17:30:00,125.75024999999994
2018-10-05 17:45:00,125.81274999999994
2018-10-05 18:00:00,125.75024999999994
2018-10-05 18:15:00,125.59404999999992
2018-10-05 18:30:00,125.53154999999992
2018-10-05 18:45:00,125.43774999999994
2018-10-05 19:00:00,125.46904999999992
2018-10-05 19:15:00,125.59404999999992
2018-10-05 19:30:00,125.71904999999992
2018-10-05 19:45:00,125.84404999999992
2018-10-05 20:00:00,125.71904999999992
2018-10-05 20:15:00,125.75024999999994
2018-10-05 20:30:00,125.78154999999992
2018-10-05 20:45:00,125.78154999999992
2018-10-05 21:00:00,125.71904999999992
2018-10-05 21:15:00,125.75024999999994
2018-10-05 21:30:00,125.71904999999992
2018-10-05 21:45:00,125.71904999999992
2018-10-05 23:00:00,126.50024999999994
2018-10-07 23:00:00,125.53154999999992
2018-10-07 23:15:00,125.56274999999994
2018-10-07 23:30:00,125.53154999999992
2018-10-07 23:45:00,125.50024999999994
2018-10-08 00:00:00,125.21904999999992
2018-10-08 00:15:00,125.25024999999994
2018-10-08 00:30:00,125.25024999999994
2018-10-08 00:45:00,125.28154999999992
2018-10-08 01:00:00,125.34404999999992
2018-10-08 01:15:00,125.34404999999992
2018-10-08 01:30:00,125.34404999999992
2018-10-08 01:45:00,125.37524999999994
2018-10-08 02:00:00,125.34404999999992
2018-10-08 02:15:00,125.31274999999994
2018-10-08 02:30:00,125.34404999999992
2018-10-08 02:45:00,125.37524999999994
2018-10-08 03:00:00,125.34404999999992
2018-10-08 03:15:00,125.37524999999994
2018-10-08 03:30:00,125.37524999999994
2018-10-08 03:45:00,125.40654999999992
2018-10-08 04:00:00,125.34404999999992
2018-10-08 04:15:00,125.31274999999994
2018-10-08 04:30:00,125.31274999999994
2018-10-08 04:45:00,125.34404999999992
2018-10-08 05:15:00,125.40654999999992
2018-10-08 05:30:00,125.43774999999994
2018-10-08 05:45:00,125.40654999999992
2018-10-08 06:15:00,125.40654999999992
2018-10-08 06:30:00,125.40654999999992
2018-10-08 06:45:00,125.40654999999992
2018-10-08 07:00:00,125.46904999999992
2018-10-08 07:15:00,125.46904999999992
2018-10-08 07:30:00,125.53154999999992
2018-10-08 07:45:00,125.53154999999992
2018-10-08 08:00:00,125.56274999999994
2018-10-08 08:15:00,125.53154999999992
2018-10-08 08:30:00,125.56274999999994
2018-10-08 08:45:00,125.56274999999994
2018-10-08 09:00:00,125.56274999999994
2018-10-08 09:15:00,125.62524999999994
2018-10-08 09:30:00,125.75024999999994
2018-10-08 09:45:00,125.87524999999994
2018-10-08 10:00:00,125.84404999999992
2018-10-08 10:15:00,125.78154999999992
2018-10-08 10:30:00,125.75024999999994
2018-10-08 10:45:00,125.71904999999992
2018-10-08 11:00:00,125.71904999999992
2018-10-08 11:15:00,125.78154999999992
2018-10-08 11:30:00,125.81274999999994
2018-10-08 11:45:00,125.81274999999994
2018-10-08 12:00:00,125.90654999999992
2018-10-08 12:15:00,125.90654999999992
2018-10-08 12:30:00,125.93774999999994
2018-10-08 12:45:00,125.93774999999994
2018-10-08 13:00:00,125.87524999999994
2018-10-08 13:15:00,125.84404999999992
2018-10-08 13:30:00,125.78154999999992
2018-10-08 13:45:00,125.68774999999994
2018-10-08 14:00:00,125.75024999999994
2018-10-08 14:15:00,125.78154999999992
2018-10-08 14:30:00,125.78154999999992
2018-10-08 14:45:00,125.75024999999994
2018-10-08 15:00:00,125.71904999999992
2018-10-08 15:15:00,125.65654999999992
2018-10-08 15:30:00,125.65654999999992
2018-10-08 15:45:00,125.71904999999992
2018-10-08 16:00:00,125.65654999999992
2018-10-08 16:15:00,125.62524999999994
2018-10-08 16:30:00,125.65654999999992
2018-10-08 16:45:00,125.84404999999992
2018-10-08 17:00:00,125.90654999999992
2018-10-08 17:15:00,125.75024999999994
2018-10-08 17:30:00,125.75024999999994
2018-10-08 17:45:00,125.81274999999994
2018-10-08 18:00:00,125.75024999999994
2018-10-08 18:15:00,125.75024999999994
2018-10-08 18:30:00,125.78154999999992
2018-10-08 18:45:00,125.75024999999994
2018-10-08 19:00:00,125.75024999999994
2018-10-08 19:15:00,125.71904999999992
2018-10-08 19:30:00,125.65654999999992
2018-10-08 19:45:00,125.59404999999992
2018-10-08 20:00:00,125.59404999999992
2018-10-08 20:15:00,125.59404999999992
2018-10-08 20:30:00,125.46904999999992
2018-10-08 20:45:00,125.50024999999994
2018-10-08 21:00:00,125.50024999999994
2018-10-08 21:15:00,125.50024999999994
2018-10-08 21:30:00,125.50024999999994
2018-10-08 21:45:00,125.53154999999992
2018-10-08 23:00:00,125.43774999999994
2018-10-08 23:15:00,125.46904999999992
2018-10-08 23:30:00,125.50024999999994
2018-10-08 23:45:00,125.50024999999994
2018-10-09 00:00:00,125.53154999999992
2018-10-09 00:15:00,125.53154999999992
2018-10-09 00:30:00,125.53154999999992
2018-10-09 00:45:00,125.59404999999992
2018-10-09 01:00:00,125.62524999999994
2018-10-09 01:15:00,125.59404999999992
2018-10-09 01:30:00,125.62524999999994
2018-10-09 01:45:00,125.53154999999992
2018-10-09 02:00:00,125.56274999999994
2018-10-09 02:15:00,125.43774999999994
2018-10-09 02:30:00,125.46904999999992
2018-10-09 02:45:00,125.46904999999992
2018-10-09 03:00:00,125.37524999999994
2018-10-09 03:15:00,125.28154999999992
2018-10-09 03:30:00,125.31274999999994
2018-10-09 03:45:00,125.31274999999994
2018-10-09 04:00:00,125.34404999999992
2018-10-09 04:15:00,125.31274999999994
2018-10-09 04:30:00,125.37524999999994
2018-10-09 04:45:00,125.37524999999994
2018-10-09 05:15:00,125.43774999999994
2018-10-09 05:30:00,125.46904999999992
2018-10-09 05:45:00,125.43774999999994
2018-10-09 06:15:00,125.43774999999994
2018-10-09 06:30:00,125.46904999999992
2018-10-09 06:45:00,125.40654999999992
2018-10-09 07:00:00,125.40654999999992
2018-10-09 07:15:00,125.40654999999992
2018-10-09 07:30:00,125.25024999999994
2018-10-09 07:45:00,125.25024999999994
2018-10-09 08:00:00,125.28154999999992
2018-10-09 08:15:00,125.28154999999992
2018-10-09 08:30:00,125.25024999999994
2018-10-09 08:45:00,125.43774999999994
2018-10-09 09:00:00,125.37524999999994
2018-10-09 09:15:00,125.28154999999992
2018-10-09 09:30:00,125.31274999999994
2018-10-09 09:45:00,125.15654999999992
2018-10-09 10:00:00,125.12524999999994
2018-10-09 10:15:00,125.21904999999992
2018-10-09 10:30:00,125.28154999999992
2018-10-09 10:45:00,125.31274999999994
2018-10-09 11:00:00,125.40654999999992
2018-10-09 11:15:00,125.43774999999994
2018-10-09 11:30:00,125.34404999999992
2018-10-09 11:45:00,125.31274999999994
2018-10-09 12:00:00,125.31274999999994
2018-10-09 12:15:00,125.37524999999994
2018-10-09 12:30:00,125.40654999999992
2018-10-09 12:45:00,125.65654999999992
2018-10-09 13:00:00,125.62524999999994
2018-10-09 13:15:00,125.78154999999992
2018-10-09 13:30:00,125.75024999999994
2018-10-09 13:45:00,125.84404999999992
2018-10-09 14:00:00,125.90654999999992
2018-10-09 14:15:00,125.87524999999994
2018-10-09 14:30:00,125.87524999999994
2018-10-09 14:45:00,125.93774999999994
2018-10-09 15:00:00,126.00024999999994
2018-10-09 15:15:00,125.96904999999992
2018-10-09 15:30:00,126.03154999999992
2018-10-09 15:45:00,126.21904999999992
2018-10-09 16:00:00,126.28154999999992
2018-10-09 16:15:00,126.18774999999994
2018-10-09 16:30:00,126.09404999999992
2018-10-09 16:45:00,126.03154999999992
2018-10-09 17:00:00,126.06274999999994
2018-10-09 17:15:00,126.12524999999994
2018-10-09 17:30:00,126.18774999999994
2018-10-09 17:45:00,126.21904999999992
2018-10-09 18:00:00,126.21904999999992
2018-10-09 18:15:00,126.15654999999992
2018-10-09 18:30:00,126.06274999999994
2018-10-09 18:45:00,126.06274999999994
2018-10-09 19:00:00,126.09404999999992
2018-10-09 19:15:00,126.12524999999994
2018-10-09 19:30:00,126.18774999999994
2018-10-09 19:45:00,126.28154999999992
2018-10-09 20:00:00,126.31274999999994
2018-10-09 20:15:00,126.28154999999992
2018-10-09 20:30:00,126.28154999999992
2018-10-09 20:45:00,126.31274999999994
2018-10-09 21:00:00,126.34404999999992
2018-10-09 21:15:00,126.37524999999994
2018-10-09 21:30:00,126.31274999999994
2018-10-09 21:45:00,126.28154999999992
2018-10-09 23:00:00,125.46904999999992
2018-10-09 23:15:00,126.18774999999994
2018-10-09 23:30:00,126.18774999999994
2018-10-09 23:45:00,126.15654999999992
2018-10-10 00:00:00,126.15654999999992
2018-10-10 00:15:00,126.18774999999994
2018-10-10 00:30:00,126.18774999999994
2018-10-10 00:45:00,126.15654999999992
2018-10-10 01:00:00,126.18774999999994
2018-10-10 01:15:00,126.25024999999994
2018-10-10 01:30:00,126.18774999999994
2018-10-10 01:45:00,126.15654999999992
2018-10-10 02:00:00,126.18774999999994
2018-10-10 02:15:00,126.15654999999992
2018-10-10 02:30:00,126.18774999999994
2018-10-10 02:45:00,126.21904999999992
2018-10-10 03:00:00,126.21904999999992
2018-10-10 03:15:00,126.21904999999992
2018-10-10 03:30:00,126.21904999999992
2018-10-10 03:45:00,126.21904999999992
2018-10-10 04:00:00,126.18774999999994
2018-10-10 04:15:00,126.25024999999994
2018-10-10 04:30:00,126.25024999999994
2018-10-10 04:45:00,126.21904999999992
2018-10-10 05:15:00,126.21904999999992
2018-10-10 05:30:00,126.21904999999992
2018-10-10 05:45:00,126.21904999999992
2018-10-10 06:15:00,126.21904999999992
2018-10-10 06:30:00,126.18774999999994
2018-10-10 06:45:00,126.18774999999994
2018-10-10 07:00:00,126.18774999999994
2018-10-10 07:15:00,126.15654999999992
2018-10-10 07:30:00,126.18774999999994
2018-10-10 07:45:00,126.15654999999992
2018-10-10 08:00:00,126.21904999999992
2018-10-10 08:15:00,126.12524999999994
2018-10-10 08:30:00,126.15654999999992
2018-10-10 08:45:00,126.06274999999994
2018-10-10 09:00:00,126.06274999999994
2018-10-10 09:15:00,126.00024999999994
2018-10-10 09:30:00,125.93774999999994
2018-10-10 09:45:00,125.96904999999992
2018-10-10 10:00:00,125.90654999999992
2018-10-10 10:15:00,125.90654999999992
2018-10-10 10:30:00,125.87524999999994
2018-10-10 10:45:00,125.93774999999994
2018-10-10 11:00:00,125.90654999999992
2018-10-10 11:15:00,125.93774999999994
2018-10-10 11:30:00,126.00024999999994
2018-10-10 11:45:00,125.93774999999994
2018-10-10 12:00:00,125.87524999999994
2018-10-10 12:15:00,125.87524999999994
2018-10-10 12:30:00,126.00024999999994
2018-10-10 12:45:00,126.03154999999992
2018-10-10 13:00:00,125.93774999999994
2018-10-10 13:15:00,125.84404999999992
2018-10-10 13:30:00,125.81274999999994
2018-10-10 13:45:00,125.65654999999992
2018-10-10 14:00:00,125.71904999999992
2018-10-10 14:15:00,125.75024999999994
2018-10-10 14:30:00,125.90654999999992
2018-10-10 14:45:00,126.09404999999992
2018-10-10 15:00:00,126.00024999999994
2018-10-10 15:15:00,125.84404999999992
2018-10-10 15:30:00,125.90654999999992
2018-10-10 15:45:00,125.96904999999992
2018-10-10 16:00:00,126.09404999999992
2018-10-10 16:15:00,126.06274999999994
2018-10-10 16:30:00,125.96904999999992
2018-10-10 16:45:00,125.93774999999994
2018-10-10 17:00:00,126.03154999999992
2018-10-10 17:15:00,126.00024999999994
2018-10-10 17:30:00,126.00024999999994
2018-10-10 17:45:00,126.00024999999994
2018-10-10 18:00:00,125.93774999999994
2018-10-10 18:15:00,125.78154999999992
2018-10-10 18:30:00,125.68774999999994
2018-10-10 18:45:00,125.56274999999994
2018-10-10 19:00:00,125.68774999999994
2018-10-10 19:15:00,125.71904999999992
2018-10-10 19:30:00,125.84404999999992
2018-10-10 19:45:00,125.75024999999994
2018-10-10 20:00:00,126.00024999999994
2018-10-10 20:15:00,125.90654999999992
2018-10-10 20:30:00,126.03154999999992
2018-10-10 20:45:00,126.18774999999994
2018-10-10 21:00:00,126.21904999999992
2018-10-10 21:15:00,126.56274999999994
2018-10-10 21:30:00,126.56274999999994
2018-10-10 21:45:00,126.78154999999992
2018-10-10 23:00:00,126.21904999999992
2018-10-10 23:15:00,126.71904999999992
2018-10-10 23:30:00,126.71904999999992
2018-10-10 23:45:00,126.65654999999992
2018-10-11 00:00:00,126.62524999999994
2018-10-11 00:15:00,126.59404999999992
2018-10-11 00:30:00,126.62524999999994
2018-10-11 00:45:00,126.68774999999994
2018-10-11 01:00:00,126.68774999999994
2018-10-11 01:15:00,126.71904999999992
2018-10-11 01:30:00,126.59404999999992
2018-10-11 01:45:00,126.62524999999994
2018-10-11 02:00:00,126.65654999999992
2018-10-11 02:15:00,126.75024999999994
2018-10-11 02:30:00,126.75024999999994
2018-10-11 02:45:00,127.00024999999994
2018-10-11 03:00:00,126.90654999999992
2018-10-11 03:15:00,126.93774999999994
2018-10-11 03:30:00,126.96904999999992
2018-10-11 03:45:00,127.03154999999992
2018-10-11 04:00:00,127.03154999999992
2018-10-11 04:15:00,127.00024999999994
2018-10-11 04:30:00,126.93774999999994
2018-10-11 04:45:00,126.84404999999992
2018-10-11 05:15:00,126.90654999999992
2018-10-11 05:30:00,126.81274999999994
2018-10-11 05:45:00,126.90654999999992
2018-10-11 06:15:00,126.96904999999992
2018-10-11 06:30:00,126.87524999999994
2018-10-11 06:45:00,126.84404999999992
2018-10-11 07:00:00,127.00024999999994
2018-10-11 07:15:00,126.90654999999992
2018-10-11 07:30:00,126.78154999999992
2018-10-11 07:45:00,126.68774999999994
2018-10-11 08:00:00,126.65654999999992
2018-10-11 08:15:00,126.62524999999994
2018-10-11 08:30:00,126.68774999999994
2018-10-11 08:45:00,126.90654999999992
2018-10-11 09:00:00,126.90654999999992
2018-10-11 09:15:00,126.78154999999992
2018-10-11 09:30:00,126.81274999999994
2018-10-11 09:45:00,126.87524999999994
2018-10-11 10:00:00,126.93774999999994
2018-10-11 10:15:00,126.93774999999994
2018-10-11 10:30:00,126.93774999999994
2018-10-11 10:45:00,126.75024999999994
2018-10-11 11:00:00,126.78154999999992
2018-10-11 11:15:00,126.68774999999994
2018-10-11 11:30:00,126.68774999999994
2018-10-11 11:45:00,126.53154999999992
2018-10-11 12:00:00,126.53154999999992
2018-10-11 12:15:00,126.46904999999992
2018-10-11 12:30:00,126.46904999999992
2018-10-11 12:45:00,126.50024999999994
2018-10-11 13:00:00,126.43774999999994
2018-10-11 13:15:00,126.28154999999992
2018-10-11 13:30:00,126.71904999999992
2018-10-11 13:45:00,126.56274999999994
2018-10-11 14:00:00,126.71904999999992
2018-10-11 14:15:00,126.65654999999992
2018-10-11 14:30:00,126.75024999999994
2018-10-11 14:45:00,126.40654999999992
2018-10-11 15:00:00,126.59404999999992
2018-10-11 15:15:00,126.65654999999992
2018-10-11 15:30:00,126.56274999999994
2018-10-11 15:45:00,126.81274999999994
2018-10-11 16:00:00,126.96904999999992
2018-10-11 16:15:00,126.90654999999992
2018-10-11 16:30:00,126.93774999999994
2018-10-11 16:45:00,126.81274999999994
2018-10-11 17:00:00,126.78154999999992
2018-10-11 17:15:00,126.75024999999994
2018-10-11 17:30:00,126.68774999999994
2018-10-11 17:45:00,126.62524999999994
2018-10-11 18:00:00,126.93774999999994
2018-10-11 18:15:00,126.90654999999992
2018-10-11 18:30:00,126.96904999999992
2018-10-11 18:45:00,127.12524999999994
2018-10-11 19:00:00,127.15654999999992
2018-10-11 19:15:00,127.12524999999994
2018-10-11 19:30:00,127.37524999999994
2018-10-11 19:45:00,127.40654999999992
2018-10-11 20:00:00,127.31274999999994
2018-10-11 20:15:00,127.18774999999994
2018-10-11 20:30:00,127.21904999999992
2018-10-11 20:45:00,127.25024999999994
2018-10-11 21:00:00,127.09404999999992
2018-10-11 21:15:00,127.18774999999994
2018-10-11 21:30:00,127.21904999999992
2018-10-11 21:45:00,127.06274999999994
2018-10-11 23:00:00,126.87524999999994
2018-10-11 23:15:00,127.00024999999994
2018-10-11 23:30:00,126.96904999999992
2018-10-11 23:45:00,126.93774999999994
2018-10-12 00:00:00,126.90654999999992
2018-10-12 00:15:00,126.87524999999994
2018-10-12 00:30:00,126.96904999999992
2018-10-12 00:45:00,127.03154999999992
2018-10-12 01:00:00,126.84404999999992
2018-10-12 01:15:00,126.87524999999994
2018-10-12 01:30:00,126.90654999999992
2018-10-12 01:45:00,126.87524999999994
2018-10-12 02:00:00,126.84404999999992
2018-10-12 02:15:00,126.78154999999992
2018-10-12 02:30:00,126.78154999999992
2018-10-12 02:45:00,126.81274999999994
2018-10-12 03:00:00,126.78154999999992
2018-10-12 03:15:00,126.81274999999994
2018-10-12 03:30:00,126.81274999999994
2018-10-12 03:45:00,126.84404999999992
2018-10-12 04:00:00,126.84404999999992
2018-10-12 04:15:00,126.78154999999992
2018-10-12 04:30:00,126.75024999999994
2018-10-12 04:45:00,126.68774999999994
2018-10-12 05:15:00,126.71904999999992
2018-10-12 05:30:00,126.71904999999992
2018-10-12 05:45:00,126.68774999999994
2018-10-12 06:15:00,126.62524999999994
2018-10-12 06:30:00,126.62524999999994
2018-10-12 06:45:00,126.71904999999992
2018-10-12 07:00:00,126.65654999999992
2018-10-12 07:15:00,126.59404999999992
2018-10-12 07:30:00,126.53154999999992
2018-10-12 07:45:00,126.53154999999992
2018-10-12 08:00:00,126.62524999999994
2018-10-12 08:15:00,126.65654999999992
2018-10-12 08:30:00,126.68774999999994
2018-10-12 08:45:00,126.68774999999994
2018-10-12 09:00:00,126.78154999999992
2018-10-12 09:15:00,126.78154999999992
2018-10-12 09:30:00,126.84404999999992
2018-10-12 09:45:00,126.84404999999992
2018-10-12 10:00:00,126.75024999999994
2018-10-12 10:15:00,126.75024999999994
2018-10-12 10:30:00,126.68774999999994
2018-10-12 10:45:00,126.71904999999992
2018-10-12 11:00:00,126.71904999999992
2018-10-12 11:15:00,126.84404999999992
2018-10-12 11:30:00,126.81274999999994
2018-10-12 11:45:00,126.81274999999994
2018-10-12 12:00:00,126.75024999999994
2018-10-12 12:15:00,126.68774999999994
2018-10-12 12:30:00,126.68774999999994
2018-10-12 12:45:00,126.78154999999992
2018-10-12 13:00:00,126.78154999999992
2018-10-12 13:15:00,126.81274999999994
2018-10-12 13:30:00,126.87524999999994
2018-10-12 13:45:00,126.96904999999992
2018-10-12 14:00:00,126.87524999999994
2018-10-12 14:15:00,126.81274999999994
2018-10-12 14:30:00,126.93774999999994
2018-10-12 14:45:00,126.81274999999994
2018-10-12 15:00:00,126.84404999999992
2018-10-12 15:15:00,126.90654999999992
2018-10-12 15:30:00,126.81274999999994
2018-10-12 15:45:00,126.81274999999994
2018-10-12 16:00:00,126.90654999999992
2018-10-12 16:15:00,127.06274999999994
2018-10-12 16:30:00,127.06274999999994
2018-10-12 16:45:00,127.12524999999994
2018-10-12 17:00:00,127.12524999999994
2018-10-12 17:15:00,127.25024999999994
2018-10-12 17:30:00,127.34404999999992
2018-10-12 17:45:00,127.25024999999994
2018-10-12 18:00:00,127.18774999999994
2018-10-12 18:15:00,127.18774999999994
2018-10-12 18:30:00,127.21904999999992
2018-10-12 18:45:00,127.25024999999994
2018-10-12 19:00:00,127.40654999999992
2018-10-12 19:15:00,127.31274999999994
2018-10-12 19:30:00,127.34404999999992
2018-10-12 19:45:00,127.28154999999992
2018-10-12 20:00:00,127.18774999999994
2018-10-12 20:15:00,127.15654999999992
2018-10-12 20:30:00,127.06274999999994
2018-10-12 20:45:00,126.93774999999994
2018-10-12 21:00:00,126.93774999999994
2018-10-12 21:15:00,126.84404999999992
2018-10-12 21:30:00,126.84404999999992
2018-10-12 21:45:00,126.90654999999992
2018-10-12 23:00:00,126.62524999999994
2018-10-14 23:00:00,127.00024999999994
2018-10-14 23:15:00,126.96904999999992
2018-10-14 23:30:00,127.00024999999994
2018-10-14 23:45:00,127.00024999999994
2018-10-15 00:00:00,127.00024999999994
2018-10-15 00:15:00,127.06274999999994
2018-10-15 00:30:00,127.03154999999992
2018-10-15 00:45:00,127.03154999999992
2018-10-15 01:00:00,127.15654999999992
2018-10-15 01:15:00,127.09404999999992
2018-10-15 01:30:00,127.18774999999994
2018-10-15 01:45:00,127.18774999999994
2018-10-15 02:00:00,127.12524999999994
2018-10-15 02:15:00,127.12524999999994
2018-10-15 02:30:00,127.15654999999992
2018-10-15 02:45:00,127.03154999999992
2018-10-15 03:00:00,127.09404999999992
2018-10-15 03:15:00,127.12524999999994
2018-10-15 03:30:00,127.12524999999994
2018-10-15 03:45:00,127.12524999999994
2018-10-15 04:00:00,127.09404999999992
2018-10-15 04:15:00,127.09404999999992
2018-10-15 04:30:00,127.12524999999994
2018-10-15 04:45:00,127.06274999999994
2018-10-15 05:15:00,127.06274999999994
2018-10-15 05:30:00,127.09404999999992
2018-10-15 06:15:00,127.15654999999992
2018-10-15 06:30:00,127.06274999999994
2018-10-15 06:45:00,127.15654999999992
2018-10-15 07:00:00,127.18774999999994
2018-10-15 07:15:00,127.18774999999994
2018-10-15 07:30:00,127.12524999999994
2018-10-15 07:45:00,127.09404999999992
2018-10-15 08:00:00,127.06274999999994
2018-10-15 08:15:00,127.00024999999994
2018-10-15 08:30:00,127.06274999999994
2018-10-15 08:45:00,126.90654999999992
2018-10-15 09:00:00,127.03154999999992
2018-10-15 09:15:00,127.06274999999994
2018-10-15 09:30:00,127.06274999999994
2018-10-15 09:45:00,127.12524999999994
2018-10-15 10:00:00,127.06274999999994
2018-10-15 10:15:00,127.00024999999994
2018-10-15 10:30:00,127.00024999999994
2018-10-15 10:45:00,127.03154999999992
2018-10-15 11:00:00,127.00024999999994
2018-10-15 11:15:00,127.06274999999994
2018-10-15 11:30:00,127.09404999999992
2018-10-15 11:45:00,127.00024999999994
2018-10-15 12:00:00,127.03154999999992
2018-10-15 12:15:00,127.00024999999994
2018-10-15 12:30:00,126.84404999999992
2018-10-15 12:45:00,126.87524999999994
2018-10-15 13:00:00,126.87524999999994
2018-10-15 13:15:00,126.90654999999992
2018-10-15 13:30:00,127.03154999999992
2018-10-15 13:45:00,127.09404999999992
2018-10-15 14:00:00,126.96904999999992
2018-10-15 14:15:00,127.12524999999994
2018-10-15 14:30:00,127.12524999999994
2018-10-15 14:45:00,127.15654999999992
2018-10-15 15:00:00,127.21904999999992
2018-10-15 15:15:00,126.96904999999992
2018-10-15 15:30:00,126.93774999999994
2018-10-15 15:45:00,127.00024999999994
2018-10-15 16:00:00,126.96904999999992
2018-10-15 16:15:00,126.84404999999992
2018-10-15 16:30:00,126.81274999999994
2018-10-15 16:45:00,126.93774999999994
2018-10-15 17:00:00,127.00024999999994
2018-10-15 17:15:00,126.90654999999992
2018-10-15 17:30:00,126.87524999999994
2018-10-15 17:45:00,126.93774999999994
2018-10-15 18:00:00,126.93774999999994
2018-10-15 18:15:00,127.00024999999994
2018-10-15 18:30:00,126.96904999999992
2018-10-15 18:45:00,126.96904999999992
2018-10-15 19:00:00,127.03154999999992
2018-10-15 19:15:00,127.03154999999992
2018-10-15 19:30:00,127.00024999999994
2018-10-15 19:45:00,126.84404999999992
2018-10-15 20:00:00,126.93774999999994
2018-10-15 20:15:00,126.90654999999992
2018-10-15 20:30:00,126.93774999999994
2018-10-15 20:45:00,126.93774999999994
2018-10-15 21:00:00,127.00024999999994
2018-10-15 21:15:00,126.93774999999994
2018-10-15 21:30:00,126.96904999999992
2018-10-15 21:45:00,126.90654999999992
2018-10-15 23:00:00,127.12524999999994
2018-10-15 23:15:00,127.00024999999994
2018-10-15 23:30:00,127.00024999999994
2018-10-15 23:45:00,127.03154999999992
2018-10-16 00:00:00,127.03154999999992
2018-10-16 00:15:00,126.96904999999992
2018-10-16 00:30:00,126.93774999999994
2018-10-16 00:45:00,126.93774999999994
2018-10-16 01:00:00,126.93774999999994
2018-10-16 01:15:00,126.93774999999994
2018-10-16 01:30:00,126.96904999999992
2018-10-16 01:45:00,126.93774999999994
2018-10-16 02:00:00,126.93774999999994
2018-10-16 02:15:00,126.87524999999994
2018-10-16 02:30:00,126.87524999999994
2018-10-16 02:45:00,126.84404999999992
2018-10-16 03:00:00,126.84404999999992
2018-10-16 03:15:00,126.81274999999994
2018-10-16 03:45:00,126.78154999999992
2018-10-16 04:00:00,126.81274999999994
2018-10-16 04:15:00,126.81274999999994
2018-10-16 04:30:00,126.81274999999994
2018-10-16 04:45:00,126.71904999999992
2018-10-16 05:15:00,126.71904999999992
2018-10-16 05:30:00,126.71904999999992
2018-10-16 05:45:00,126.71904999999992
2018-10-16 06:15:00,126.71904999999992
2018-10-16 06:30:00,126.71904999999992
2018-10-16 06:45:00,126.68774999999994
2018-10-16 07:00:00,126.75024999999994
2018-10-16 07:15:00,126.65654999999992
2018-10-16 07:30:00,126.65654999999992
2018-10-16 07:45:00,126.68774999999994
2018-10-16 08:00:00,126.71904999999992
2018-10-16 08:15:00,126.59404999999992
2018-10-16 08:30:00,126.68774999999994
2018-10-16 08:45:00,126.68774999999994
2018-10-16 09:00:00,126.71904999999992
2018-10-16 09:15:00,126.59404999999992
2018-10-16 09:30:00,126.68774999999994
2018-10-16 09:45:00,126.68774999999994
2018-10-16 10:00:00,126.68774999999994
2018-10-16 10:15:00,126.71904999999992
2018-10-16 10:30:00,126.71904999999992
2018-10-16 10:45:00,126.75024999999994
2018-10-16 11:00:00,126.71904999999992
2018-10-16 11:15:00,126.68774999999994
2018-10-16 11:30:00,126.68774999999994
2018-10-16 11:45:00,126.71904999999992
2018-10-16 12:00:00,126.75024999999994
2018-10-16 12:15:00,126.71904999999992
2018-10-16 12:30:00,126.75024999999994
2018-10-16 12:45:00,126.75024999999994
2018-10-16 13:00:00,126.65654999999992
2018-10-16 13:15:00,126.93774999999994
2018-10-16 13:30:00,126.87524999999994
2018-10-16 13:45:00,126.87524999999994
2018-10-16 14:00:00,126.84404999999992
2018-10-16 14:15:00,126.90654999999992
2018-10-16 14:30:00,126.93774999999994
2018-10-16 14:45:00,126.90654999999992
2018-10-16 15:00:00,126.75024999999994
2018-10-16 15:15:00,126.78154999999992
2018-10-16 15:30:00,126.78154999999992
2018-10-16 15:45:00,126.71904999999992
2018-10-16 16:00:00,126.81274999999994
2018-10-16 16:15:00,126.93774999999994
2018-10-16 16:30:00,126.93774999999994
2018-10-16 16:45:00,127.00024999999994
2018-10-16 17:00:00,127.06274999999994
2018-10-16 17:15:00,127.06274999999994
2018-10-16 17:30:00,127.00024999999994
2018-10-16 17:45:00,126.96904999999992
2018-10-16 18:00:00,127.03154999999992
2018-10-16 18:15:00,127.03154999999992
2018-10-16 18:30:00,126.96904999999992
2018-10-16 18:45:00,126.93774999999994
2018-10-16 19:00:00,126.93774999999994
2018-10-16 19:15:00,126.96904999999992
2018-10-16 19:30:00,126.96904999999992
2018-10-16 19:45:00,127.03154999999992
2018-10-16 20:00:00,127.09404999999992
2018-10-16 20:15:00,127.12524999999994
2018-10-16 20:30:00,127.09404999999992
2018-10-16 20:45:00,127.09404999999992
2018-10-16 21:00:00,127.00024999999994
2018-10-16 21:15:00,127.00024999999994
2018-10-16 21:30:00,126.93774999999994
2018-10-16 21:45:00,126.93774999999994
2018-10-16 23:00:00,126.71904999999992
2018-10-16 23:15:00,127.00024999999994
2018-10-16 23:30:00,126.93774999999994
2018-10-16 23:45:00,126.90654999999992
2018-10-17 00:00:00,126.93774999999994
2018-10-17 00:15:00,126.90654999999992
2018-10-17 00:30:00,126.93774999999994
2018-10-17 00:45:00,126.90654999999992
2018-10-17 01:00:00,126.93774999999994
2018-10-17 01:15:00,126.93774999999994
2018-10-17 01:30:00,126.96904999999992
2018-10-17 01:45:00,126.90654999999992
2018-10-17 02:00:00,126.87524999999994
2018-10-17 02:15:00,126.90654999999992
2018-10-17 02:30:00,126.90654999999992
2018-10-17 02:45:00,126.87524999999994
2018-10-17 03:00:00,126.90654999999992
2018-10-17 03:15:00,126.90654999999992
2018-10-17 03:30:00,126.84404999999992
2018-10-17 03:45:00,126.90654999999992
2018-10-17 04:00:00,126.90654999999992
2018-10-17 04:15:00,126.87524999999994
2018-10-17 04:45:00,126.90654999999992
2018-10-17 05:15:00,126.93774999999994
2018-10-17 05:30:00,126.93774999999994
2018-10-17 05:45:00,126.90654999999992
2018-10-17 06:15:00,126.96904999999992
2018-10-17 06:30:00,126.93774999999994
2018-10-17 06:45:00,126.93774999999994
2018-10-17 07:00:00,127.00024999999994
2018-10-17 07:15:00,126.93774999999994
2018-10-17 07:30:00,126.96904999999992
2018-10-17 07:45:00,127.06274999999994
2018-10-17 08:00:00,127.06274999999994
2018-10-17 08:15:00,127.00024999999994
2018-10-17 08:30:00,126.93774999999994
2018-10-17 08:45:00,126.96904999999992
2018-10-17 09:00:00,127.00024999999994
2018-10-17 09:15:00,126.93774999999994
2018-10-17 09:30:00,126.96904999999992
2018-10-17 09:45:00,126.96904999999992
2018-10-17 10:00:00,126.90654999999992
2018-10-17 10:15:00,126.90654999999992
2018-10-17 10:30:00,126.90654999999992
2018-10-17 10:45:00,126.84404999999992
2018-10-17 11:00:00,126.84404999999992
2018-10-17 11:15:00,126.87524999999994
2018-10-17 11:30:00,126.81274999999994
2018-10-17 11:45:00,126.84404999999992
2018-10-17 12:00:00,126.96904999999992
2018-10-17 12:15:00,126.96904999999992
2018-10-17 12:30:00,127.00024999999994
2018-10-17 12:45:00,127.03154999999992
2018-10-17 13:00:00,127.09404999999992
2018-10-17 13:15:00,127.15654999999992
2018-10-17 13:30:00,127.31274999999994
2018-10-17 13:45:00,127.18774999999994
2018-10-17 14:00:00,127.18774999999994
2018-10-17 14:15:00,127.09404999999992
2018-10-17 14:30:00,126.96904999999992
2018-10-17 14:45:00,127.09404999999992
2018-10-17 15:00:00,127.12524999999994
2018-10-17 15:15:00,127.03154999999992
2018-10-17 15:30:00,127.15654999999992
2018-10-17 15:45:00,127.15654999999992
2018-10-17 16:00:00,127.18774999999994
2018-10-17 16:15:00,127.15654999999992
2018-10-17 16:30:00,127.03154999999992
2018-10-17 16:45:00,127.03154999999992
2018-10-17 17:00:00,127.03154999999992
2018-10-17 17:15:00,126.93774999999994
2018-10-17 17:30:00,126.84404999999992
2018-10-17 17:45:00,126.84404999999992
2018-10-17 18:00:00,126.87524999999994
2018-10-17 18:15:00,126.84404999999992
2018-10-17 18:30:00,126.87524999999994
2018-10-17 18:45:00,126.75024999999994
2018-10-17 19:00:00,126.81274999999994
2018-10-17 19:15:00,126.90654999999992
2018-10-17 19:30:00,126.81274999999994
2018-10-17 19:45:00,126.71904999999992
2018-10-17 20:00:00,126.65654999999992
2018-10-17 20:15:00,126.56274999999994
2018-10-17 20:30:00,126.53154999999992
2018-10-17 20:45:00,126.43774999999994
2018-10-17 21:00:00,126.31274999999994
2018-10-17 21:15:00,126.25024999999994
2018-10-17 21:30:00,126.25024999999994
2018-10-17 21:45:00,126.21904999999992
2018-10-17 23:00:00,126.90654999999992
2018-10-17 23:15:00,126.25024999999994
2018-10-17 23:30:00,126.25024999999994
2018-10-17 23:45:00,126.25024999999994
2018-10-18 00:00:00,126.25024999999994
2018-10-18 00:15:00,126.28154999999992
2018-10-18 00:30:00,126.25024999999994
2018-10-18 00:45:00,126.25024999999994
2018-10-18 01:00:00,126.31274999999994
2018-10-18 01:15:00,126.31274999999994
2018-10-18 01:30:00,126.18774999999994
2018-10-18 01:45:00,126.18774999999994
2018-10-18 02:00:00,126.18774999999994
2018-10-18 02:15:00,126.18774999999994
2018-10-18 02:30:00,126.18774999999994
2018-10-18 02:45:00,126.18774999999994
2018-10-18 03:00:00,126.21904999999992
2018-10-18 03:15:00,126.25024999999994
2018-10-18 03:30:00,126.25024999999994
2018-10-18 03:45:00,126.18774999999994
2018-10-18 04:00:00,126.18774999999994
2018-10-18 04:15:00,126.18774999999994
2018-10-18 04:30:00,126.15654999999992
2018-10-18 04:45:00,126.15654999999992
2018-10-18 05:15:00,126.15654999999992
2018-10-18 05:30:00,126.18774999999994
2018-10-18 05:45:00,126.18774999999994
2018-10-18 06:15:00,126.21904999999992
2018-10-18 06:30:00,126.21904999999992
2018-10-18 06:45:00,126.21904999999992
2018-10-18 07:00:00,126.21904999999992
2018-10-18 07:15:00,126.28154999999992
2018-10-18 07:30:00,126.15654999999992
2018-10-18 07:45:00,126.21904999999992
2018-10-18 08:00:00,126.25024999999994
2018-10-18 08:15:00,126.25024999999994
2018-10-18 08:30:00,126.31274999999994
2018-10-18 08:45:00,126.18774999999994
2018-10-18 09:00:00,126.18774999999994
2018-10-18 09:15:00,126.15654999999992
2018-10-18 09:30:00,126.28154999999992
2018-10-18 09:45:00,126.21904999999992
2018-10-18 10:00:00,126.18774999999994
2018-10-18 10:15:00,126.09404999999992
2018-10-18 10:30:00,126.18774999999994
2018-10-18 10:45:00,126.12524999999994
2018-10-18 11:00:00,126.15654999999992
2018-10-18 11:15:00,126.15654999999992
2018-10-18 11:30:00,126.18774999999994
2018-10-18 11:45:00,126.18774999999994
2018-10-18 12:00:00,126.15654999999992
2018-10-18 12:15:00,126.28154999999992
2018-10-18 12:30:00,126.37524999999994
2018-10-18 12:45:00,126.34404999999992
2018-10-18 13:00:00,126.28154999999992
2018-10-18 13:15:00,126.28154999999992
2018-10-18 13:30:00,126.34404999999992
2018-10-18 13:45:00,126.25024999999994
2018-10-18 14:00:00,126.28154999999992
2018-10-18 14:15:00,126.12524999999994
2018-10-18 14:30:00,126.12524999999994
2018-10-18 14:45:00,126.25024999999994
2018-10-18 15:00:00,126.40654999999992
2018-10-18 15:15:00,126.28154999999992
2018-10-18 15:30:00,126.25024999999994
2018-10-18 15:45:00,126.37524999999994
2018-10-18 16:00:00,126.50024999999994
2018-10-18 16:15:00,126.71904999999992
2018-10-18 16:30:00,126.78154999999992
2018-10-18 16:45:00,126.75024999999994
2018-10-18 17:00:00,126.78154999999992
2018-10-18 17:15:00,126.65654999999992
2018-10-18 17:30:00,126.71904999999992
2018-10-18 17:45:00,126.65654999999992
2018-10-18 18:00:00,126.71904999999992
2018-10-18 18:15:00,126.81274999999994
2018-10-18 18:30:00,126.90654999999992
2018-10-18 18:45:00,126.87524999999994
2018-10-18 19:00:00,126.78154999999992
2018-10-18 19:15:00,126.75024999999994
2018-10-18 19:30:00,126.78154999999992
2018-10-18 19:45:00,126.68774999999994
2018-10-18 20:00:00,126.81274999999994
2018-10-18 20:15:00,126.68774999999994
2018-10-18 20:30:00,126.56274999999994
2018-10-18 20:45:00,126.56274999999994
2018-10-18 21:00:00,126.56274999999994
2018-10-18 21:15:00,126.62524999999994
2018-10-18 21:30:00,126.62524999999994
2018-10-18 21:45:00,126.59404999999992
2018-10-18 23:00:00,126.18774999999994
2018-10-18 23:15:00,126.56274999999994
2018-10-18 23:30:00,126.59404999999992
2018-10-18 23:45:00,126.62524999999994
2018-10-19 00:00:00,126.62524999999994
2018-10-19 00:15:00,126.65654999999992
2018-10-19 00:30:00,126.65654999999992
2018-10-19 00:45:00,126.65654999999992
2018-10-19 01:00:00,126.68774999999994
2018-10-19 01:15:00,126.75024999999994
2018-10-19 01:30:00,126.75024999999994
2018-10-19 01:45:00,126.68774999999994
2018-10-19 02:00:00,126.75024999999994
2018-10-19 02:15:00,126.75024999999994
2018-10-19 02:30:00,126.68774999999994
2018-10-19 02:45:00,126.68774999999994
2018-10-19 03:00:00,126.71904999999992
2018-10-19 03:15:00,126.65654999999992
2018-10-19 03:30:00,126.62524999999994
2018-10-19 03:45:00,126.65654999999992
2018-10-19 04:00:00,126.68774999999994
2018-10-19 04:15:00,126.65654999999992
2018-10-19 04:30:00,126.62524999999994
2018-10-19 04:45:00,126.62524999999994
2018-10-19 05:15:00,126.65654999999992
2018-10-19 05:30:00,126.62524999999994
2018-10-19 05:45:00,126.62524999999994
2018-10-19 06:15:00,126.59404999999992
2018-10-19 06:30:00,126.59404999999992
2018-10-19 06:45:00,126.59404999999992
2018-10-19 07:00:00,126.46904999999992
2018-10-19 07:15:00,126.50024999999994
2018-10-19 07:30:00,126.50024999999994
2018-10-19 07:45:00,126.50024999999994
2018-10-19 08:00:00,126.43774999999994
2018-10-19 08:15:00,126.59404999999992
2018-10-19 08:30:00,126.68774999999994
2018-10-19 08:45:00,126.65654999999992
2018-10-19 09:00:00,126.62524999999994
2018-10-19 09:15:00,126.68774999999994
2018-10-19 09:30:00,126.65654999999992
2018-10-19 09:45:00,126.71904999999992
2018-10-19 10:00:00,126.71904999999992
2018-10-19 10:15:00,126.68774999999994
2018-10-19 10:30:00,126.68774999999994
2018-10-19 10:45:00,126.71904999999992
2018-10-19 11:00:00,126.68774999999994
2018-10-19 11:15:00,126.53154999999992
2018-10-19 11:30:00,126.59404999999992
2018-10-19 11:45:00,126.59404999999992
2018-10-19 12:00:00,126.53154999999992
2018-10-19 12:15:00,126.37524999999994
2018-10-19 12:30:00,126.34404999999992
2018-10-19 12:45:00,126.34404999999992
2018-10-19 13:00:00,126.21904999999992
2018-10-19 13:15:00,126.34404999999992
2018-10-19 13:30:00,126.43774999999994
2018-10-19 13:45:00,126.37524999999994
2018-10-19 14:00:00,126.40654999999992
2018-10-19 14:15:00,126.50024999999994
2018-10-19 14:30:00,126.25024999999994
2018-10-19 14:45:00,126.15654999999992
2018-10-19 15:00:00,126.28154999999992
2018-10-19 15:15:00,126.37524999999994
2018-10-19 15:30:00,126.43774999999994
2018-10-19 15:45:00,126.37524999999994
2018-10-19 16:00:00,126.34404999999992
2018-10-19 16:15:00,126.43774999999994
2018-10-19 16:30:00,126.50024999999994
2018-10-19 16:45:00,126.25024999999994
2018-10-19 17:00:00,126.31274999999994
2018-10-19 17:15:00,126.40654999999992
2018-10-19 17:30:00,126.46904999999992
2018-10-19 17:45:00,126.40654999999992
2018-10-19 18:00:00,126.37524999999994
2018-10-19 18:15:00,126.31274999999994
2018-10-19 18:30:00,126.31274999999994
2018-10-19 18:45:00,126.37524999999994
2018-10-19 19:00:00,126.50024999999994
2018-10-19 19:15:00,126.46904999999992
2018-10-19 19:30:00,126.46904999999992
2018-10-19 19:45:00,126.25024999999994
2018-10-19 20:00:00,126.40654999999992
2018-10-19 20:15:00,126.31274999999994
2018-10-19 20:30:00,126.37524999999994
2018-10-19 20:45:00,126.40654999999992
2018-10-19 21:00:00,126.40654999999992
2018-10-19 21:15:00,126.40654999999992
2018-10-19 21:30:00,126.37524999999994
2018-10-19 21:45:00,126.43774999999994
2018-10-19 23:00:00,126.62524999999994
2018-10-21 23:00:00,126.43774999999994
2018-10-21 23:15:00,126.46904999999992
2018-10-21 23:30:00,126.53154999999992
2018-10-21 23:45:00,126.53154999999992
2018-10-22 00:00:00,126.56274999999994
2018-10-22 00:15:00,126.56274999999994
2018-10-22 00:30:00,126.59404999999992
2018-10-22 00:45:00,126.50024999999994
2018-10-22 01:00:00,126.53154999999992
2018-10-22 01:15:00,126.59404999999992
2018-10-22 01:30:00,126.59404999999992
2018-10-22 01:45:00,126.56274999999994
2018-10-22 02:00:00,126.56274999999994
2018-10-22 02:15:00,126.53154999999992
2018-10-22 02:30:00,126.43774999999994
2018-10-22 02:45:00,126.50024999999994
2018-10-22 03:00:00,126.46904999999992
2018-10-22 03:15:00,126.43774999999994
2018-10-22 03:30:00,126.43774999999994
2018-10-22 03:45:00,126.37524999999994
2018-10-22 04:00:00,126.40654999999992
2018-10-22 04:15:00,126.37524999999994
2018-10-22 04:30:00,126.37524999999994
2018-10-22 04:45:00,126.37524999999994
2018-10-22 05:15:00,126.43774999999994
2018-10-22 05:30:00,126.37524999999994
2018-10-22 05:45:00,126.43774999999994
2018-10-22 06:15:00,126.40654999999992
2018-10-22 06:30:00,126.37524999999994
2018-10-22 06:45:00,126.34404999999992
2018-10-22 07:00:00,126.34404999999992
2018-10-22 07:15:00,126.31274999999994
2018-10-22 07:30:00,126.21904999999992
2018-10-22 07:45:00,126.21904999999992
2018-10-22 08:00:00,126.25024999999994
2018-10-22 08:15:00,126.31274999999994
2018-10-22 08:30:00,126.28154999999992
2018-10-22 08:45:00,126.37524999999994
2018-10-22 09:00:00,126.43774999999994
2018-10-22 09:15:00,126.43774999999994
2018-10-22 09:30:00,126.37524999999994
2018-10-22 09:45:00,126.37524999999994
2018-10-22 10:00:00,126.31274999999994
2018-10-22 10:15:00,126.37524999999994
2018-10-22 10:30:00,126.31274999999994
2018-10-22 10:45:00,126.43774999999994
2018-10-22 11:00:00,126.43774999999994
2018-10-22 11:15:00,126.40654999999992
2018-10-22 11:30:00,126.43774999999994
2018-10-22 11:45:00,126.25024999999994
2018-10-22 12:00:00,126.50024999999994
2018-10-22 12:15:00,126.50024999999994
2018-10-22 12:30:00,126.46904999999992
2018-10-22 12:45:00,126.53154999999992
2018-10-22 13:00:00,126.56274999999994
2018-10-22 13:15:00,126.65654999999992
2018-10-22 13:30:00,126.68774999999994
2018-10-22 13:45:00,126.75024999999994
2018-10-22 14:00:00,126.75024999999994
2018-10-22 14:15:00,126.62524999999994
2018-10-22 14:30:00,126.68774999999994
2018-10-22 14:45:00,126.68774999999994
2018-10-22 15:00:00,126.56274999999994
2018-10-22 15:15:00,126.71904999999992
2018-10-22 15:30:00,126.43774999999994
2018-10-22 15:45:00,126.37524999999994
2018-10-22 16:00:00,126.46904999999992
2018-10-22 16:15:00,126.40654999999992
2018-10-22 16:30:00,126.46904999999992
2018-10-22 16:45:00,126.46904999999992
2018-10-22 17:00:00,126.53154999999992
2018-10-22 17:15:00,126.53154999999992
2018-10-22 17:30:00,126.50024999999994
2018-10-22 17:45:00,126.46904999999992
2018-10-22 18:00:00,126.43774999999994
2018-10-22 18:15:00,126.46904999999992
2018-10-22 18:30:00,126.43774999999994
2018-10-22 18:45:00,126.53154999999992
2018-10-22 19:00:00,126.46904999999992
2018-10-22 19:15:00,126.43774999999994
2018-10-22 19:30:00,126.40654999999992
2018-10-22 19:45:00,126.40654999999992
2018-10-22 20:00:00,126.43774999999994
2018-10-22 20:15:00,126.34404999999992
2018-10-22 20:30:00,126.34404999999992
2018-10-22 20:45:00,126.31274999999994
2018-10-22 21:00:00,126.25024999999994
2018-10-22 21:15:00,126.28154999999992
2018-10-22 21:30:00,126.25024999999994
2018-10-22 21:45:00,126.25024999999994
2018-10-22 23:00:00,126.40654999999992
2018-10-22 23:15:00,126.31274999999994
2018-10-22 23:30:00,126.34404999999992
2018-10-22 23:45:00,126.31274999999994
2018-10-23 00:00:00,126.31274999999994
2018-10-23 00:15:00,126.31274999999994
2018-10-23 00:30:00,126.31274999999994
2018-10-23 00:45:00,126.31274999999994
2018-10-23 01:00:00,126.40654999999992
2018-10-23 01:15:00,126.40654999999992
2018-10-23 01:30:00,126.43774999999994
2018-10-23 01:45:00,126.40654999999992
2018-10-23 02:00:00,126.34404999999992
2018-10-23 02:15:00,126.37524999999994
2018-10-23 02:30:00,126.37524999999994
2018-10-23 02:45:00,126.43774999999994
2018-10-23 03:00:00,126.43774999999994
2018-10-23 03:15:00,126.46904999999992
2018-10-23 03:30:00,126.50024999999994
2018-10-23 03:45:00,126.46904999999992
2018-10-23 04:00:00,126.53154999999992
2018-10-23 04:15:00,126.59404999999992
2018-10-23 04:30:00,126.68774999999994
2018-10-23 04:45:00,126.62524999999994
2018-10-23 05:15:00,126.65654999999992
2018-10-23 05:30:00,126.62524999999994
2018-10-23 05:45:00,126.62524999999994
2018-10-23 06:15:00,126.65654999999992
2018-10-23 06:30:00,126.65654999999992
2018-10-23 06:45:00,126.68774999999994
2018-10-23 07:00:00,126.78154999999992
2018-10-23 07:15:00,126.84404999999992
2018-10-23 07:30:00,126.96904999999992
2018-10-23 07:45:00,127.03154999999992
2018-10-23 08:00:00,127.12524999999994
2018-10-23 08:15:00,127.12524999999994
2018-10-23 08:30:00,127.03154999999992
2018-10-23 08:45:00,127.12524999999994
2018-10-23 09:00:00,127.12524999999994
2018-10-23 09:15:00,127.12524999999994
2018-10-23 09:30:00,127.06274999999994
2018-10-23 09:45:00,127.12524999999994
2018-10-23 10:00:00,127.21904999999992
2018-10-23 10:15:00,127.18774999999994
2018-10-23 10:30:00,127.18774999999994
2018-10-23 10:45:00,127.15654999999992
2018-10-23 11:00:00,127.09404999999992
2018-10-23 11:15:00,127.09404999999992
2018-10-23 11:30:00,127.06274999999994
2018-10-23 11:45:00,127.03154999999992
2018-10-23 12:00:00,127.03154999999992
2018-10-23 12:15:00,127.03154999999992
2018-10-23 12:30:00,127.25024999999994
2018-10-23 12:45:00,127.15654999999992
2018-10-23 13:00:00,127.18774999999994
2018-10-23 13:15:00,127.28154999999992
2018-10-23 13:30:00,127.31274999999994
2018-10-23 13:45:00,127.34404999999992
2018-10-23 14:00:00,127.56274999999994
2018-10-23 14:15:00,127.50024999999994
2018-10-23 14:30:00,127.43774999999994
2018-10-23 14:45:00,127.50024999999994
2018-10-23 15:00:00,127.62524999999994
2018-10-23 15:15:00,127.65654999999992
2018-10-23 15:30:00,127.56274999999994
2018-10-23 15:45:00,127.56274999999994
2018-10-23 16:00:00,127.40654999999992
2018-10-23 16:15:00,127.31274999999994
2018-10-23 16:30:00,127.40654999999992
2018-10-23 16:45:00,127.59404999999992
2018-10-23 17:00:00,127.40654999999992
2018-10-23 17:15:00,127.31274999999994
2018-10-23 17:30:00,127.21904999999992
2018-10-23 17:45:00,127.25024999999994
2018-10-23 18:00:00,127.12524999999994
2018-10-23 18:15:00,127.15654999999992
2018-10-23 18:30:00,127.15654999999992
2018-10-23 18:45:00,127.18774999999994
2018-10-23 19:00:00,127.15654999999992
2018-10-23 19:15:00,126.87524999999994
2018-10-23 19:30:00,126.81274999999994
2018-10-23 19:45:00,126.78154999999992
2018-10-23 20:00:00,126.75024999999994
2018-10-23 20:15:00,126.65654999999992
2018-10-23 20:30:00,126.68774999999994
2018-10-23 20:45:00,126.71904999999992
2018-10-23 21:00:00,126.71904999999992
2018-10-23 21:15:00,126.68774999999994
2018-10-23 21:30:00,126.68774999999994
2018-10-23 21:45:00,126.68774999999994
2018-10-23 23:00:00,126.62524999999994
2018-10-23 23:15:00,126.71904999999992
2018-10-23 23:30:00,126.71904999999992
2018-10-23 23:45:00,126.78154999999992
2018-10-24 00:00:00,126.78154999999992
2018-10-24 00:15:00,126.78154999999992
2018-10-24 00:30:00,126.68774999999994
2018-10-24 00:45:00,126.68774999999994
2018-10-24 01:00:00,126.78154999999992
2018-10-24 01:15:00,126.78154999999992
2018-10-24 01:30:00,126.81274999999994
2018-10-24 01:45:00,126.81274999999994
2018-10-24 02:00:00,126.81274999999994
2018-10-24 02:15:00,126.87524999999994
2018-10-24 02:30:00,126.84404999999992
2018-10-24 02:45:00,126.90654999999992
2018-10-24 03:00:00,126.93774999999994
2018-10-24 03:15:00,126.90654999999992
2018-10-24 03:30:00,126.96904999999992
2018-10-24 03:45:00,126.96904999999992
2018-10-24 04:00:00,126.90654999999992
2018-10-24 04:15:00,126.87524999999994
2018-10-24 04:30:00,126.87524999999994
2018-10-24 04:45:00,126.90654999999992
2018-10-24 05:15:00,126.84404999999992
2018-10-24 05:30:00,126.84404999999992
2018-10-24 05:45:00,126.84404999999992
2018-10-24 06:15:00,126.93774999999994
2018-10-24 06:30:00,126.90654999999992
2018-10-24 06:45:00,126.90654999999992
2018-10-24 07:00:00,126.93774999999994
2018-10-24 07:15:00,126.87524999999994
2018-10-24 07:30:00,127.00024999999994
2018-10-24 07:45:00,127.03154999999992
2018-10-24 08:00:00,127.09404999999992
2018-10-24 08:15:00,127.15654999999992
2018-10-24 08:30:00,127.12524999999994
2018-10-24 08:45:00,127.15654999999992
2018-10-24 09:00:00,127.15654999999992
2018-10-24 09:15:00,127.21904999999992
2018-10-24 09:30:00,127.31274999999994
2018-10-24 09:45:00,127.31274999999994
2018-10-24 10:00:00,127.28154999999992
2018-10-24 10:15:00,127.28154999999992
2018-10-24 10:30:00,127.25024999999994
2018-10-24 10:45:00,127.18774999999994
2018-10-24 11:00:00,127.12524999999994
2018-10-24 11:15:00,127.12524999999994
2018-10-24 11:30:00,127.09404999999992
2018-10-24 11:45:00,127.00024999999994
2018-10-24 12:00:00,126.96904999999992
2018-10-24 12:15:00,126.90654999999992
2018-10-24 12:30:00,126.81274999999994
2018-10-24 12:45:00,126.81274999999994
2018-10-24 13:00:00,126.96904999999992
2018-10-24 13:15:00,127.03154999999992
2018-10-24 13:30:00,127.12524999999994
2018-10-24 13:45:00,127.09404999999992
2018-10-24 14:00:00,127.21904999999992
2018-10-24 14:15:00,127.21904999999992
2018-10-24 14:30:00,127.15654999999992
2018-10-24 14:45:00,127.31274999999994
2018-10-24 15:00:00,127.34404999999992
2018-10-24 15:15:00,127.37524999999994
2018-10-24 15:30:00,127.43774999999994
2018-10-24 15:45:00,127.43774999999994
2018-10-24 16:00:00,127.40654999999992
2018-10-24 16:15:00,127.43774999999994
2018-10-24 16:30:00,127.43774999999994
2018-10-24 16:45:00,127.31274999999994
2018-10-24 17:00:00,127.34404999999992
2018-10-24 17:15:00,127.34404999999992
2018-10-24 17:30:00,127.40654999999992
2018-10-24 17:45:00,127.34404999999992
2018-10-24 18:00:00,127.46904999999992
2018-10-24 18:15:00,127.43774999999994
2018-10-24 18:30:00,127.37524999999994
2018-10-24 18:45:00,127.43774999999994
2018-10-24 19:00:00,127.46904999999992
2018-10-24 19:15:00,127.34404999999992
2018-10-24 19:30:00,127.34404999999992
2018-10-24 19:45:00,127.37524999999994
2018-10-24 20:00:00,127.40654999999992
2018-10-24 20:15:00,127.68774999999994
2018-10-24 20:30:00,127.62524999999994
2018-10-24 20:45:00,127.71904999999992
2018-10-24 21:00:00,127.59404999999992
2018-10-24 21:15:00,127.59404999999992
2018-10-24 21:30:00,127.53154999999992
2018-10-24 21:45:00,127.62524999999994
2018-10-24 23:00:00,126.87524999999994
2018-10-24 23:15:00,127.68774999999994
2018-10-24 23:30:00,127.68774999999994
2018-10-24 23:45:00,127.62524999999994
2018-10-25 00:00:00,127.65654999999992
2018-10-25 00:15:00,127.62524999999994
2018-10-25 00:30:00,127.71904999999992
2018-10-25 00:45:00,127.65654999999992
2018-10-25 01:00:00,127.68774999999994
2018-10-25 01:15:00,127.59404999999992
2018-10-25 01:30:00,127.62524999999994
2018-10-25 01:45:00,127.62524999999994
2018-10-25 02:00:00,127.68774999999994
2018-10-25 02:15:00,127.68774999999994
2018-10-25 02:30:00,127.65654999999992
2018-10-25 02:45:00,127.62524999999994
2018-10-25 03:00:00,127.59404999999992
2018-10-25 03:15:00,127.53154999999992
2018-10-25 03:30:00,127.59404999999992
2018-10-25 03:45:00,127.56274999999994
2018-10-25 04:00:00,127.56274999999994
2018-10-25 04:15:00,127.56274999999994
2018-10-25 04:30:00,127.56274999999994
2018-10-25 04:45:00,127.56274999999994
2018-10-25 05:15:00,127.59404999999992
2018-10-25 05:30:00,127.62524999999994
2018-10-25 05:45:00,127.62524999999994
2018-10-25 06:15:00,127.62524999999994
2018-10-25 06:30:00,127.62524999999994
2018-10-25 06:45:00,127.68774999999994
2018-10-25 07:00:00,127.65654999999992
2018-10-25 07:15:00,127.59404999999992
2018-10-25 07:30:00,127.59404999999992
2018-10-25 07:45:00,127.56274999999994
2018-10-25 08:00:00,127.56274999999994
2018-10-25 08:15:00,127.50024999999994
2018-10-25 08:30:00,127.46904999999992
2018-10-25 08:45:00,127.43774999999994
2018-10-25 09:00:00,127.43774999999994
2018-10-25 09:15:00,127.40654999999992
2018-10-25 09:30:00,127.46904999999992
2018-10-25 09:45:00,127.43774999999994
2018-10-25 10:00:00,127.31274999999994
2018-10-25 10:15:00,127.25024999999994
2018-10-25 10:30:00,127.21904999999992
2018-10-25 10:45:00,127.25024999999994
2018-10-25 11:00:00,127.31274999999994
2018-10-25 11:15:00,127.31274999999994
2018-10-25 11:30:00,127.28154999999992
2018-10-25 11:45:00,127.25024999999994
2018-10-25 12:00:00,127.25024999999994
2018-10-25 12:15:00,127.09404999999992
2018-10-25 12:30:00,127.12524999999994
2018-10-25 12:45:00,127.12524999999994
2018-10-25 13:00:00,127.09404999999992
2018-10-25 13:15:00,127.00024999999994
2018-10-25 13:30:00,127.15654999999992
2018-10-25 13:45:00,127.12524999999994
2018-10-25 14:00:00,127.31274999999994
2018-10-25 14:15:00,127.40654999999992
2018-10-25 14:30:00,127.43774999999994
2018-10-25 14:45:00,127.25024999999994
2018-10-25 15:00:00,127.21904999999992
2018-10-25 15:15:00,127.31274999999994
2018-10-25 15:30:00,127.25024999999994
2018-10-25 15:45:00,127.37524999999994
2018-10-25 16:00:00,127.40654999999992
2018-10-25 16:15:00,127.21904999999992
2018-10-25 16:30:00,127.25024999999994
2018-10-25 16:45:00,127.25024999999994
2018-10-25 17:00:00,127.34404999999992
2018-10-25 17:15:00,127.37524999999994
2018-10-25 17:30:00,127.34404999999992
2018-10-25 17:45:00,127.28154999999992
2018-10-25 18:00:00,127.18774999999994
2018-10-25 18:15:00,127.18774999999994
2018-10-25 18:30:00,127.15654999999992
2018-10-25 18:45:00,127.25024999999994
2018-10-25 19:00:00,127.31274999999994
2018-10-25 19:15:00,127.25024999999994
2018-10-25 19:30:00,127.31274999999994
2018-10-25 19:45:00,127.25024999999994
2018-10-25 20:00:00,127.25024999999994
2018-10-25 20:15:00,127.21904999999992
2018-10-25 20:30:00,127.25024999999994
2018-10-25 20:45:00,127.21904999999992
2018-10-25 21:00:00,127.43774999999994
2018-10-25 21:15:00,127.37524999999994
2018-10-25 21:30:00,127.31274999999994
2018-10-25 21:45:00,127.40654999999992
2018-10-25 23:00:00,127.62524999999994
2018-10-25 23:15:00,127.53154999999992
2018-10-25 23:30:00,127.53154999999992
2018-10-25 23:45:00,127.50024999999994
2018-10-26 00:00:00,127.53154999999992
2018-10-26 00:15:00,127.56274999999994
2018-10-26 00:30:00,127.62524999999994
2018-10-26 00:45:00,127.68774999999994
2018-10-26 01:00:00,127.68774999999994
2018-10-26 01:15:00,127.62524999999994
2018-10-26 01:30:00,127.56274999999994
2018-10-26 01:45:00,127.53154999999992
2018-10-26 02:00:00,127.53154999999992
2018-10-26 02:15:00,127.56274999999994
2018-10-26 02:30:00,127.59404999999992
2018-10-26 02:45:00,127.50024999999994
2018-10-26 03:00:00,127.53154999999992
2018-10-26 03:15:00,127.59404999999992
2018-10-26 03:30:00,127.62524999999994
2018-10-26 03:45:00,127.68774999999994
2018-10-26 04:00:00,127.71904999999992
2018-10-26 04:15:00,127.71904999999992
2018-10-26 04:30:00,127.71904999999992
2018-10-26 04:45:00,127.71904999999992
2018-10-26 05:15:00,127.71904999999992
2018-10-26 05:30:00,127.65654999999992
2018-10-26 05:45:00,127.65654999999992
2018-10-26 06:15:00,127.71904999999992
2018-10-26 06:30:00,127.71904999999992
2018-10-26 06:45:00,127.78154999999992
2018-10-26 07:00:00,127.71904999999992
2018-10-26 07:15:00,127.68774999999994
2018-10-26 07:30:00,127.65654999999992
2018-10-26 07:45:00,127.59404999999992
2018-10-26 08:00:00,127.62524999999994
2018-10-26 08:15:00,127.71904999999992
2018-10-26 08:30:00,127.75024999999994
2018-10-26 08:45:00,127.75024999999994
2018-10-26 09:00:00,127.71904999999992
2018-10-26 09:15:00,127.84404999999992
2018-10-26 09:30:00,127.90654999999992
2018-10-26 09:45:00,127.87524999999994
2018-10-26 10:00:00,127.90654999999992
2018-10-26 10:15:00,127.96904999999992
2018-10-26 10:30:00,127.90654999999992
2018-10-26 10:45:00,127.96904999999992
2018-10-26 11:00:00,128.00024999999994
2018-10-26 11:15:00,128.00024999999994
2018-10-26 11:30:00,128.00024999999994
2018-10-26 11:45:00,128.03154999999992
2018-10-26 12:00:00,128.00024999999994
2018-10-26 12:15:00,127.90654999999992
2018-10-26 12:30:00,127.96904999999992
2018-10-26 12:45:00,127.96904999999992
2018-10-26 13:00:00,127.96904999999992
2018-10-26 13:15:00,127.96904999999992
2018-10-26 13:30:00,127.71904999999992
2018-10-26 13:45:00,127.75024999999994
2018-10-26 14:00:00,127.81274999999994
2018-10-26 14:15:00,127.87524999999994
2018-10-26 14:30:00,127.93774999999994
2018-10-26 14:45:00,127.90654999999992
2018-10-26 15:00:00,128.06274999999994
2018-10-26 15:15:00,128.06274999999994
2018-10-26 15:30:00,128.15654999999992
2018-10-26 15:45:00,128.31274999999994
2018-10-26 16:00:00,128.21904999999992
2018-10-26 16:15:00,128.09404999999992
2018-10-26 16:30:00,128.09404999999992
2018-10-26 16:45:00,128.06274999999994
2018-10-26 17:00:00,128.06274999999994
2018-10-26 17:15:00,127.93774999999994
2018-10-26 17:30:00,127.90654999999992
2018-10-26 17:45:00,127.93774999999994
2018-10-26 18:00:00,127.84404999999992
2018-10-26 18:15:00,127.93774999999994
2018-10-26 18:30:00,127.90654999999992
2018-10-26 18:45:00,127.84404999999992
2018-10-26 19:00:00,127.90654999999992
2018-10-26 19:15:00,127.87524999999994
2018-10-26 19:30:00,127.84404999999992
2018-10-26 19:45:00,128.03154999999992
2018-10-26 20:00:00,128.03154999999992
2018-10-26 20:15:00,128.00024999999994
2018-10-26 20:30:00,128.03154999999992
2018-10-26 20:45:00,127.96904999999992
2018-10-26 21:00:00,127.96904999999992
2018-10-26 21:15:00,128.03154999999992
2018-10-26 21:30:00,128.03154999999992
2018-10-26 21:45:00,128.06274999999994
2018-10-26 23:00:00,127.68774999999994
2018-10-28 23:00:00,128.03154999999992
2018-10-28 23:15:00,127.93774999999994
2018-10-28 23:30:00,127.90654999999992
2018-10-28 23:45:00,127.90654999999992
2018-10-29 00:00:00,127.93774999999994
2018-10-29 00:15:00,127.93774999999994
2018-10-29 00:30:00,127.93774999999994
2018-10-29 00:45:00,127.93774999999994
2018-10-29 01:00:00,127.90654999999992
2018-10-29 01:15:00,127.84404999999992
2018-10-29 01:30:00,127.84404999999992
2018-10-29 01:45:00,127.84404999999992
2018-10-29 02:00:00,127.87524999999994
2018-10-29 02:15:00,127.87524999999994
2018-10-29 02:30:00,127.96904999999992
2018-10-29 02:45:00,127.96904999999992
2018-10-29 03:00:00,128.00024999999994
2018-10-29 03:15:00,128.03154999999992
2018-10-29 03:30:00,128.00024999999994
2018-10-29 03:45:00,127.93774999999994
2018-10-29 04:00:00,127.96904999999992
2018-10-29 04:15:00,127.93774999999994
2018-10-29 04:30:00,127.96904999999992
2018-10-29 04:45:00,128.00024999999994
2018-10-29 05:15:00,128.00024999999994
2018-10-29 05:30:00,127.96904999999992
2018-10-29 05:45:00,128.00024999999994
2018-10-29 06:15:00,128.03154999999992
2018-10-29 06:30:00,128.09404999999992
2018-10-29 06:45:00,128.18774999999994
2018-10-29 07:00:00,128.21904999999992
2018-10-29 07:15:00,128.28154999999992
2018-10-29 07:30:00,128.21904999999992
2018-10-29 07:45:00,128.15654999999992
2018-10-29 08:00:00,128.12524999999994
2018-10-29 08:15:00,128.12524999999994
2018-10-29 08:30:00,128.21904999999992
2018-10-29 08:45:00,128.25024999999994
2018-10-29 09:00:00,128.25024999999994
2018-10-29 09:15:00,128.31274999999994
2018-10-29 09:30:00,128.31274999999994
2018-10-29 09:45:00,128.34404999999992
2018-10-29 10:00:00,128.28154999999992
2018-10-29 10:15:00,128.15654999999992
2018-10-29 10:30:00,128.00024999999994
2018-10-29 10:45:00,127.96904999999992
2018-10-29 11:00:00,127.87524999999994
2018-10-29 11:15:00,127.81274999999994
2018-10-29 11:30:00,127.84404999999992
2018-10-29 11:45:00,127.75024999999994
2018-10-29 12:00:00,127.68774999999994
2018-10-29 12:15:00,127.68774999999994
2018-10-29 12:30:00,127.75024999999994
2018-10-29 12:45:00,127.75024999999994
2018-10-29 13:00:00,127.78154999999992
2018-10-29 13:15:00,127.84404999999992
2018-10-29 13:30:00,127.96904999999992
2018-10-29 13:45:00,127.78154999999992
2018-10-29 14:00:00,127.90654999999992
2018-10-29 14:15:00,127.84404999999992
2018-10-29 14:30:00,127.81274999999994
2018-10-29 14:45:00,127.71904999999992
2018-10-29 15:00:00,127.62524999999994
2018-10-29 15:15:00,127.59404999999992
2018-10-29 15:30:00,127.59404999999992
2018-10-29 15:45:00,127.40654999999992
2018-10-29 16:00:00,127.56274999999994
2018-10-29 16:15:00,127.59404999999992
2018-10-29 16:30:00,127.53154999999992
2018-10-29 16:45:00,127.65654999999992
2018-10-29 17:00:00,127.75024999999994
2018-10-29 17:15:00,127.75024999999994
2018-10-29 17:30:00,127.62524999999994
2018-10-29 17:45:00,127.68774999999994
2018-10-29 18:00:00,127.62524999999994
2018-10-29 18:15:00,127.65654999999992
2018-10-29 18:30:00,127.59404999999992
2018-10-29 18:45:00,127.62524999999994
2018-10-29 19:00:00,127.68774999999994
2018-10-29 19:15:00,127.68774999999994
2018-10-29 19:30:00,127.71904999999992
2018-10-29 19:45:00,127.90654999999992
2018-10-29 20:00:00,128.00024999999994
2018-10-29 20:15:00,127.96904999999992
2018-10-29 20:30:00,128.15654999999992
2018-10-29 20:45:00,127.90654999999992
2018-10-29 21:00:00,127.84404999999992
2018-10-29 21:15:00,127.81274999999994
2018-10-29 21:30:00,127.81274999999994
2018-10-29 21:45:00,127.84404999999992
2018-10-29 23:00:00,128.03154999999992
2018-10-29 23:15:00,127.87524999999994
2018-10-29 23:30:00,127.87524999999994
2018-10-29 23:45:00,127.93774999999994
2018-10-30 00:00:00,127.93774999999994
2018-10-30 00:15:00,127.93774999999994
2018-10-30 00:30:00,127.90654999999992
2018-10-30 00:45:00,127.87524999999994
2018-10-30 01:00:00,127.93774999999994
2018-10-30 01:15:00,127.78154999999992
2018-10-30 01:30:00,127.71904999999992
2018-10-30 01:45:00,127.71904999999992
2018-10-30 02:00:00,127.75024999999994
2018-10-30 02:15:00,127.68774999999994
2018-10-30 02:30:00,127.71904999999992
2018-10-30 02:45:00,127.75024999999994
2018-10-30 03:00:00,127.78154999999992
2018-10-30 03:15:00,127.75024999999994
2018-10-30 03:30:00,127.59404999999992
2018-10-30 03:45:00,127.62524999999994
2018-10-30 04:00:00,127.59404999999992
2018-10-30 04:15:00,127.68774999999994
2018-10-30 04:30:00,127.62524999999994
2018-10-30 04:45:00,127.62524999999994
2018-10-30 05:15:00,127.59404999999992
2018-10-30 05:30:00,127.59404999999992
2018-10-30 05:45:00,127.62524999999994
2018-10-30 06:15:00,127.62524999999994
2018-10-30 06:30:00,127.59404999999992
2018-10-30 06:45:00,127.59404999999992
2018-10-30 07:00:00,127.59404999999992
2018-10-30 07:15:00,127.56274999999994
2018-10-30 07:30:00,127.62524999999994
2018-10-30 07:45:00,127.56274999999994
2018-10-30 08:00:00,127.43774999999994
2018-10-30 08:15:00,127.53154999999992
2018-10-30 08:30:00,127.53154999999992
2018-10-30 08:45:00,127.53154999999992
2018-10-30 09:00:00,127.46904999999992
2018-10-30 09:15:00,127.40654999999992
2018-10-30 09:30:00,127.40654999999992
2018-10-30 09:45:00,127.40654999999992
2018-10-30 10:00:00,127.50024999999994
2018-10-30 10:15:00,127.53154999999992
2018-10-30 10:30:00,127.37524999999994
2018-10-30 10:45:00,127.28154999999992
2018-10-30 11:00:00,127.34404999999992
2018-10-30 11:15:00,127.34404999999992
2018-10-30 11:30:00,127.40654999999992
2018-10-30 11:45:00,127.43774999999994
2018-10-30 12:00:00,127.43774999999994
2018-10-30 12:15:00,127.53154999999992
2018-10-30 12:30:00,127.40654999999992
2018-10-30 12:45:00,127.37524999999994
2018-10-30 13:00:00,127.37524999999994
2018-10-30 13:15:00,127.37524999999994
2018-10-30 13:30:00,127.25024999999994
2018-10-30 13:45:00,127.40654999999992
2018-10-30 14:00:00,127.53154999999992
2018-10-30 14:15:00,127.50024999999994
2018-10-30 14:30:00,127.40654999999992
2018-10-30 14:45:00,127.31274999999994
2018-10-30 15:00:00,127.43774999999994
2018-10-30 15:15:00,127.50024999999994
2018-10-30 15:30:00,127.68774999999994
2018-10-30 15:45:00,127.59404999999992
2018-10-30 16:00:00,127.65654999999992
2018-10-30 16:15:00,127.59404999999992
2018-10-30 16:30:00,127.56274999999994
2018-10-30 16:45:00,127.59404999999992
2018-10-30 17:00:00,127.56274999999994
2018-10-30 17:15:00,127.50024999999994
2018-10-30 17:30:00,127.56274999999994
2018-10-30 17:45:00,127.62524999999994
2018-10-30 18:00:00,127.78154999999992
2018-10-30 18:15:00,127.68774999999994
2018-10-30 18:30:00,127.59404999999992
2018-10-30 18:45:00,127.50024999999994
2018-10-30 19:00:00,127.56274999999994
2018-10-30 19:15:00,127.56274999999994
2018-10-30 19:30:00,127.53154999999992
2018-10-30 19:45:00,127.46904999999992
2018-10-30 20:00:00,127.50024999999994
2018-10-30 20:15:00,127.40654999999992
2018-10-30 20:30:00,127.40654999999992
2018-10-30 20:45:00,127.43774999999994
2018-10-30 21:00:00,127.43774999999994
2018-10-30 21:15:00,127.43774999999994
2018-10-30 21:30:00,127.37524999999994
2018-10-30 21:45:00,127.25024999999994
2018-10-30 23:00:00,127.62524999999994
2018-10-30 23:15:00,127.21904999999992
2018-10-30 23:30:00,127.25024999999994
2018-10-30 23:45:00,127.28154999999992
2018-10-31 00:00:00,127.28154999999992
2018-10-31 00:15:00,127.25024999999994
2018-10-31 00:30:00,127.28154999999992
2018-10-31 00:45:00,127.31274999999994
2018-10-31 01:00:00,127.25024999999994
2018-10-31 01:15:00,127.25024999999994
2018-10-31 01:30:00,127.21904999999992
2018-10-31 01:45:00,127.15654999999992
2018-10-31 02:00:00,127.15654999999992
2018-10-31 02:15:00,127.18774999999994
2018-10-31 02:30:00,127.18774999999994
2018-10-31 02:45:00,127.15654999999992
2018-10-31 03:00:00,127.15654999999992
2018-10-31 03:15:00,127.15654999999992
2018-10-31 03:30:00,127.15654999999992
2018-10-31 03:45:00,127.15654999999992
2018-10-31 04:00:00,127.15654999999992
2018-10-31 04:15:00,127.12524999999994
2018-10-31 04:30:00,127.09404999999992
2018-10-31 04:45:00,127.09404999999992
2018-10-31 05:15:00,127.12524999999994
2018-10-31 05:30:00,127.12524999999994
2018-10-31 05:45:00,127.12524999999994
2018-10-31 06:15:00,127.00024999999994
2018-10-31 06:30:00,126.96904999999992
2018-10-31 06:45:00,127.00024999999994
2018-10-31 07:00:00,126.96904999999992
2018-10-31 07:15:00,126.96904999999992
2018-10-31 07:30:00,126.93774999999994
2018-10-31 07:45:00,127.00024999999994
2018-10-31 08:00:00,126.96904999999992
2018-10-31 08:15:00,126.96904999999992
2018-10-31 08:30:00,126.90654999999992
2018-10-31 08:45:00,126.90654999999992
2018-10-31 09:00:00,126.96904999999992
2018-10-31 09:15:00,126.84404999999992
2018-10-31 09:30:00,126.78154999999992
2018-10-31 09:45:00,126.78154999999992
2018-10-31 10:00:00,126.84404999999992
2018-10-31 10:15:00,126.84404999999992
2018-10-31 10:30:00,126.93774999999994
2018-10-31 10:45:00,126.93774999999994
2018-10-31 11:00:00,127.00024999999994
2018-10-31 11:15:00,127.00024999999994
2018-10-31 11:30:00,126.93774999999994
2018-10-31 11:45:00,126.96904999999992
2018-10-31 12:00:00,126.96904999999992
2018-10-31 12:15:00,127.03154999999992
2018-10-31 12:30:00,126.96904999999992
2018-10-31 12:45:00,126.93774999999994
2018-10-31 13:00:00,126.87524999999994
2018-10-31 13:15:00,126.78154999999992
2018-10-31 13:30:00,126.78154999999992
2018-10-31 13:45:00,126.78154999999992
2018-10-31 14:00:00,127.03154999999992
2018-10-31 14:15:00,126.90654999999992
2018-10-31 14:30:00,127.00024999999994
2018-10-31 14:45:00,126.87524999999994
2018-10-31 15:00:00,126.81274999999994
2018-10-31 15:15:00,126.81274999999994
2018-10-31 15:30:00,126.93774999999994
2018-10-31 15:45:00,127.09404999999992
2018-10-31 16:00:00,127.09404999999992
2018-10-31 16:15:00,126.90654999999992
2018-10-31 16:30:00,127.09404999999992
2018-10-31 16:45:00,127.09404999999992
2018-10-31 17:00:00,127.06274999999994
2018-10-31 17:15:00,127.03154999999992
2018-10-31 17:30:00,127.00024999999994
2018-10-31 17:45:00,127.03154999999992
2018-10-31 18:00:00,127.06274999999994
2018-10-31 18:15:00,127.06274999999994
2018-10-31 18:30:00,126.96904999999992
2018-10-31 18:45:00,127.03154999999992
2018-10-31 19:00:00,127.03154999999992
2018-10-31 19:15:00,126.96904999999992
2018-10-31 19:30:00,126.90654999999992
2018-10-31 19:45:00,126.62524999999994
2018-10-31 20:00:00,126.75024999999994
2018-10-31 20:15:00,126.81274999999994
2018-10-31 20:30:00,126.78154999999992
2018-10-31 20:45:00,126.87524999999994
2018-10-31 21:00:00,126.81274999999994
2018-10-31 21:15:00,126.81274999999994
2018-10-31 21:30:00,126.78154999999992
2018-10-31 21:45:00,126.87524999999994
2018-10-31 23:00:00,127.06274999999994
2018-10-31 23:15:00,126.71904999999992
2018-10-31 23:30:00,126.71904999999992
2018-10-31 23:45:00,126.68774999999994
2018-11-01 00:00:00,126.71904999999992
2018-11-01 00:15:00,126.75024999999994
2018-11-01 00:30:00,126.71904999999992
2018-11-01 00:45:00,126.68774999999994
2018-11-01 01:00:00,126.71904999999992
2018-11-01 01:15:00,126.71904999999992
2018-11-01 01:30:00,126.62524999999994
2018-11-01 01:45:00,126.59404999999992
2018-11-01 02:00:00,126.65654999999992
2018-11-01 02:15:00,126.62524999999994
2018-11-01 02:30:00,126.62524999999994
2018-11-01 02:45:00,126.56274999999994
2018-11-01 03:00:00,126.56274999999994
2018-11-01 03:15:00,126.56274999999994
2018-11-01 03:30:00,126.62524999999994
2018-11-01 03:45:00,126.56274999999994
2018-11-01 04:00:00,126.53154999999992
2018-11-01 04:15:00,126.53154999999992
2018-11-01 04:30:00,126.56274999999994
2018-11-01 04:45:00,126.59404999999992
2018-11-01 05:15:00,126.59404999999992
2018-11-01 05:30:00,126.56274999999994
2018-11-01 05:45:00,126.62524999999994
2018-11-01 06:15:00,126.59404999999992
2018-11-01 06:30:00,126.65654999999992
2018-11-01 06:45:00,126.62524999999994
2018-11-01 07:00:00,126.65654999999992
2018-11-01 07:15:00,126.71904999999992
2018-11-01 07:30:00,126.65654999999992
2018-11-01 07:45:00,126.68774999999994
2018-11-01 08:00:00,126.62524999999994
2018-11-01 08:15:00,126.59404999999992
2018-11-01 08:30:00,126.68774999999994
2018-11-01 08:45:00,126.71904999999992
2018-11-01 09:00:00,126.62524999999994
2018-11-01 09:15:00,126.62524999999994
2018-11-01 09:30:00,126.68774999999994
2018-11-01 09:45:00,126.50024999999994
2018-11-01 10:00:00,126.46904999999992
2018-11-01 10:15:00,126.43774999999994
2018-11-01 10:30:00,126.46904999999992
2018-11-01 10:45:00,126.43774999999994
2018-11-01 11:00:00,126.53154999999992
2018-11-01 11:15:00,126.53154999999992
2018-11-01 11:30:00,126.46904999999992
2018-11-01 11:45:00,126.56274999999994
2018-11-01 12:00:00,126.59404999999992
2018-11-01 12:15:00,126.50024999999994
2018-11-01 12:30:00,126.50024999999994
2018-11-01 12:45:00,126.46904999999992
2018-11-01 13:00:00,126.53154999999992
2018-11-01 13:15:00,126.56274999999994
2018-11-01 13:30:00,126.59404999999992
2018-11-01 13:45:00,126.34404999999992
2018-11-01 14:00:00,126.43774999999994
2018-11-01 14:15:00,126.56274999999994
2018-11-01 14:30:00,126.62524999999994
2018-11-01 14:45:00,126.71904999999992
2018-11-01 15:00:00,126.75024999999994
2018-11-01 15:15:00,126.75024999999994
2018-11-01 15:30:00,126.78154999999992
2018-11-01 15:45:00,126.93774999999994
2018-11-01 16:00:00,127.03154999999992
2018-11-01 16:15:00,127.00024999999994
2018-11-01 16:30:00,126.93774999999994
2018-11-01 16:45:00,127.00024999999994
2018-11-01 17:00:00,126.96904999999992
2018-11-01 17:15:00,127.06274999999994
2018-11-01 17:30:00,127.03154999999992
2018-11-01 17:45:00,127.03154999999992
2018-11-01 18:00:00,127.09404999999992
2018-11-01 18:15:00,127.06274999999994
2018-11-01 18:30:00,127.12524999999994
2018-11-01 18:45:00,127.09404999999992
2018-11-01 19:00:00,127.03154999999992
2018-11-01 19:15:00,127.00024999999994
2018-11-01 19:30:00,127.03154999999992
2018-11-01 19:45:00,127.00024999999994
2018-11-01 20:00:00,127.09404999999992
2018-11-01 20:15:00,127.03154999999992
2018-11-01 20:30:00,127.06274999999994
2018-11-01 20:45:00,127.06274999999994
2018-11-01 21:00:00,127.06274999999994
2018-11-01 21:15:00,127.09404999999992
2018-11-01 21:30:00,127.15654999999992
2018-11-01 21:45:00,127.18774999999994
2018-11-01 23:00:00,126.59404999999992
2018-11-01 23:15:00,127.28154999999992
2018-11-01 23:30:00,127.21904999999992
2018-11-01 23:45:00,127.15654999999992
2018-11-02 00:00:00,127.12524999999994
2018-11-02 00:15:00,127.12524999999994
2018-11-02 00:30:00,127.12524999999994
2018-11-02 00:45:00,127.09404999999992
2018-11-02 01:00:00,127.06274999999994
2018-11-02 01:15:00,127.03154999999992
2018-11-02 01:30:00,127.06274999999994
2018-11-02 01:45:00,127.00024999999994
2018-11-02 02:00:00,127.03154999999992
2018-11-02 02:15:00,127.03154999999992
2018-11-02 02:30:00,127.03154999999992
2018-11-02 02:45:00,127.03154999999992
2018-11-02 03:00:00,127.06274999999994
2018-11-02 03:15:00,127.03154999999992
2018-11-02 03:30:00,127.00024999999994
2018-11-02 03:45:00,127.03154999999992
2018-11-02 04:00:00,127.06274999999994
2018-11-02 04:15:00,127.06274999999994
2018-11-02 04:30:00,127.06274999999994
2018-11-02 04:45:00,127.06274999999994
2018-11-02 05:15:00,127.06274999999994
2018-11-02 05:30:00,127.03154999999992
2018-11-02 05:45:00,126.71904999999992
2018-11-02 06:15:00,126.53154999999992
2018-11-02 06:30:00,126.59404999999992
2018-11-02 06:45:00,126.62524999999994
2018-11-02 07:00:00,126.59404999999992
2018-11-02 07:15:00,126.59404999999992
2018-11-02 07:30:00,126.59404999999992
2018-11-02 07:45:00,126.56274999999994
2018-11-02 08:00:00,126.50024999999994
2018-11-02 08:15:00,126.56274999999994
2018-11-02 08:30:00,126.53154999999992
2018-11-02 08:45:00,126.56274999999994
2018-11-02 09:00:00,126.62524999999994
2018-11-02 09:15:00,126.53154999999992
2018-11-02 09:30:00,126.53154999999992
2018-11-02 09:45:00,126.62524999999994
2018-11-02 10:00:00,126.68774999999994
2018-11-02 10:15:00,126.71904999999992
2018-11-02 10:30:00,126.71904999999992
2018-11-02 10:45:00,126.75024999999994
2018-11-02 11:00:00,126.68774999999994
2018-11-02 11:15:00,126.65654999999992
2018-11-02 11:30:00,126.65654999999992
2018-11-02 11:45:00,126.71904999999992
2018-11-02 12:00:00,126.75024999999994
2018-11-02 12:15:00,126.75024999999994
2018-11-02 12:30:00,126.75024999999994
2018-11-02 12:45:00,126.75024999999994
2018-11-02 13:00:00,126.90654999999992
2018-11-02 13:15:00,126.87524999999994
2018-11-02 13:30:00,126.81274999999994
2018-11-02 13:45:00,126.75024999999994
2018-11-02 14:00:00,126.71904999999992
2018-11-02 14:15:00,126.68774999999994
2018-11-02 14:30:00,126.56274999999994
2018-11-02 14:45:00,126.59404999999992
2018-11-02 15:00:00,126.62524999999994
2018-11-02 15:15:00,126.46904999999992
2018-11-02 15:30:00,126.59404999999992
2018-11-02 15:45:00,126.31274999999994
2018-11-02 16:00:00,126.25024999999994
2018-11-02 16:15:00,126.18774999999994
2018-11-02 16:30:00,126.06274999999994
2018-11-02 16:45:00,126.00024999999994
2018-11-02 17:00:00,126.03154999999992
2018-11-02 17:15:00,126.00024999999994
2018-11-02 17:30:00,126.09404999999992
2018-11-02 17:45:00,126.12524999999994
2018-11-02 18:00:00,126.00024999999994
2018-11-02 18:15:00,125.93774999999994
2018-11-02 18:30:00,125.93774999999994
2018-11-02 18:45:00,125.96904999999992
2018-11-02 19:00:00,126.03154999999992
2018-11-02 19:15:00,125.84404999999992
2018-11-02 19:30:00,125.81274999999994
2018-11-02 19:45:00,125.71904999999992
2018-11-02 20:00:00,125.62524999999994
2018-11-02 20:15:00,125.68774999999994
2018-11-02 20:30:00,125.71904999999992
2018-11-02 20:45:00,125.71904999999992
2018-11-02 21:00:00,125.65654999999992
2018-11-02 21:15:00,125.62524999999994
2018-11-02 21:30:00,125.62524999999994
2018-11-02 21:45:00,125.75024999999994
2018-11-02 23:00:00,126.56274999999994
2018-11-04 23:00:00,125.68774999999994
2018-11-04 23:15:00,125.75024999999994
2018-11-04 23:30:00,125.71904999999992
2018-11-04 23:45:00,125.81274999999994
2018-11-05 00:00:00,125.78154999999992
2018-11-05 00:15:00,125.78154999999992
2018-11-05 00:30:00,125.81274999999994
2018-11-05 00:45:00,125.84404999999992
2018-11-05 01:00:00,125.84404999999992
2018-11-05 01:15:00,125.81274999999994
2018-11-05 01:30:00,125.87524999999994
2018-11-05 01:45:00,125.87524999999994
2018-11-05 02:00:00,125.81274999999994
2018-11-05 02:15:00,125.87524999999994
2018-11-05 02:30:00,125.87524999999994
2018-11-05 02:45:00,125.81274999999994
2018-11-05 03:00:00,125.87524999999994
2018-11-05 03:15:00,125.84404999999992
2018-11-05 03:30:00,125.84404999999992
2018-11-05 03:45:00,125.84404999999992
2018-11-05 04:00:00,125.84404999999992
2018-11-05 04:15:00,125.81274999999994
2018-11-05 04:30:00,125.78154999999992
2018-11-05 04:45:00,125.81274999999994
2018-11-05 05:15:00,125.78154999999992
2018-11-05 05:30:00,125.78154999999992
2018-11-05 05:45:00,125.81274999999994
2018-11-05 06:15:00,125.81274999999994
2018-11-05 06:30:00,125.90654999999992
2018-11-05 06:45:00,125.87524999999994
2018-11-05 07:00:00,125.84404999999992
2018-11-05 07:15:00,125.87524999999994
2018-11-05 07:30:00,126.00024999999994
2018-11-05 07:45:00,125.93774999999994
2018-11-05 08:00:00,125.96904999999992
2018-11-05 08:15:00,125.90654999999992
2018-11-05 08:30:00,125.90654999999992
2018-11-05 08:45:00,125.93774999999994
2018-11-05 09:00:00,125.93774999999994
2018-11-05 09:15:00,125.93774999999994
2018-11-05 09:30:00,125.93774999999994
2018-11-05 09:45:00,125.87524999999994
2018-11-05 10:00:00,125.87524999999994
2018-11-05 10:15:00,125.93774999999994
2018-11-05 10:30:00,125.87524999999994
2018-11-05 10:45:00,125.78154999999992
2018-11-05 11:00:00,125.84404999999992
2018-11-05 11:15:00,125.84404999999992
2018-11-05 11:30:00,125.84404999999992
2018-11-05 11:45:00,125.87524999999994
2018-11-05 12:00:00,125.81274999999994
2018-11-05 12:15:00,125.84404999999992
2018-11-05 12:30:00,125.81274999999994
2018-11-05 12:45:00,125.81274999999994
2018-11-05 13:00:00,125.78154999999992
2018-11-05 13:15:00,125.96904999999992
2018-11-05 13:30:00,126.03154999999992
2018-11-05 13:45:00,126.00024999999994
2018-11-05 14:00:00,126.12524999999994
2018-11-05 14:15:00,126.15654999999992
2018-11-05 14:30:00,126.18774999999994
2018-11-05 14:45:00,126.25024999999994
2018-11-05 15:00:00,126.25024999999994
2018-11-05 15:15:00,126.25024999999994
2018-11-05 15:30:00,126.21904999999992
2018-11-05 15:45:00,126.12524999999994
2018-11-05 16:00:00,126.12524999999994
2018-11-05 16:15:00,126.25024999999994
2018-11-05 16:30:00,126.31274999999994
2018-11-05 16:45:00,126.28154999999992
2018-11-05 17:00:00,126.28154999999992
2018-11-05 17:15:00,126.28154999999992
2018-11-05 17:30:00,126.28154999999992
2018-11-05 17:45:00,126.21904999999992
2018-11-05 18:00:00,126.18774999999994
2018-11-05 18:15:00,126.21904999999992
2018-11-05 18:30:00,126.12524999999994
2018-11-05 18:45:00,126.15654999999992
2018-11-05 19:00:00,126.06274999999994
2018-11-05 19:15:00,126.09404999999992
2018-11-05 19:30:00,126.09404999999992
2018-11-05 19:45:00,126.09404999999992
2018-11-05 20:00:00,126.09404999999992
2018-11-05 20:15:00,126.12524999999994
2018-11-05 20:30:00,126.09404999999992
2018-11-05 20:45:00,126.06274999999994
2018-11-05 21:00:00,126.09404999999992
2018-11-05 21:15:00,126.12524999999994
2018-11-05 21:30:00,126.12524999999994
2018-11-05 21:45:00,126.12524999999994
2018-11-05 23:00:00,125.81274999999994
2018-11-05 23:15:00,126.03154999999992
2018-11-05 23:30:00,126.00024999999994
2018-11-05 23:45:00,125.93774999999994
2018-11-06 00:00:00,125.96904999999992
2018-11-06 00:15:00,125.93774999999994
2018-11-06 00:30:00,125.96904999999992
2018-11-06 00:45:00,125.96904999999992
2018-11-06 01:00:00,126.00024999999994
2018-11-06 01:15:00,125.96904999999992
2018-11-06 01:30:00,126.03154999999992
2018-11-06 01:45:00,126.00024999999994
2018-11-06 02:00:00,126.00024999999994
2018-11-06 02:15:00,126.06274999999994
2018-11-06 02:30:00,126.06274999999994
2018-11-06 02:45:00,126.06274999999994
2018-11-06 03:00:00,126.09404999999992
2018-11-06 03:15:00,126.09404999999992
2018-11-06 03:30:00,126.12524999999994
2018-11-06 03:45:00,126.12524999999994
2018-11-06 04:00:00,126.09404999999992
2018-11-06 04:15:00,126.09404999999992
2018-11-06 04:30:00,126.09404999999992
2018-11-06 04:45:00,126.09404999999992
2018-11-06 05:15:00,126.06274999999994
2018-11-06 05:30:00,126.06274999999994
2018-11-06 05:45:00,126.09404999999992
2018-11-06 06:15:00,126.09404999999992
2018-11-06 06:30:00,126.12524999999994
2018-11-06 06:45:00,126.09404999999992
2018-11-06 07:00:00,126.06274999999994
2018-11-06 07:15:00,126.06274999999994
2018-11-06 07:30:00,126.06274999999994
2018-11-06 07:45:00,126.06274999999994
2018-11-06 08:00:00,125.96904999999992
2018-11-06 08:15:00,126.00024999999994
2018-11-06 08:30:00,126.03154999999992
2018-11-06 08:45:00,126.03154999999992
2018-11-06 09:00:00,126.03154999999992
2018-11-06 09:15:00,126.00024999999994
2018-11-06 09:30:00,126.00024999999994
2018-11-06 09:45:00,126.12524999999994
2018-11-06 10:00:00,126.25024999999994
2018-11-06 10:15:00,126.21904999999992
2018-11-06 10:30:00,126.18774999999994
2018-11-06 10:45:00,126.21904999999992
2018-11-06 11:00:00,126.21904999999992
2018-11-06 11:15:00,126.18774999999994
2018-11-06 11:30:00,126.21904999999992
2018-11-06 11:45:00,126.18774999999994
2018-11-06 12:00:00,126.21904999999992
2018-11-06 12:15:00,126.18774999999994
2018-11-06 12:30:00,126.12524999999994
2018-11-06 12:45:00,126.21904999999992
2018-11-06 13:00:00,126.21904999999992
2018-11-06 13:15:00,126.28154999999992
2018-11-06 13:30:00,126.21904999999992
2018-11-06 13:45:00,126.25024999999994
2018-11-06 14:00:00,126.15654999999992
2018-11-06 14:15:00,126.12524999999994
2018-11-06 14:30:00,126.09404999999992
2018-11-06 14:45:00,126.12524999999994
2018-11-06 15:00:00,126.12524999999994
2018-11-06 15:15:00,126.12524999999994
2018-11-06 15:30:00,126.09404999999992
2018-11-06 15:45:00,126.09404999999992
2018-11-06 16:00:00,126.03154999999992
2018-11-06 16:15:00,126.03154999999992
2018-11-06 16:30:00,125.93774999999994
2018-11-06 16:45:00,125.93774999999994
2018-11-06 17:00:00,125.93774999999994
2018-11-06 17:15:00,125.93774999999994
2018-11-06 17:30:00,125.87524999999994
2018-11-06 17:45:00,125.84404999999992
2018-11-06 18:00:00,125.84404999999992
2018-11-06 18:15:00,126.00024999999994
2018-11-06 18:30:00,125.93774999999994
2018-11-06 18:45:00,125.90654999999992
2018-11-06 19:00:00,125.96904999999992
2018-11-06 19:15:00,126.06274999999994
2018-11-06 19:30:00,126.03154999999992
2018-11-06 19:45:00,126.00024999999994
2018-11-06 20:00:00,125.93774999999994
2018-11-06 20:15:00,125.96904999999992
2018-11-06 20:30:00,125.87524999999994
2018-11-06 20:45:00,125.81274999999994
2018-11-06 21:00:00,125.84404999999992
2018-11-06 21:15:00,125.81274999999994
2018-11-06 21:30:00,125.71904999999992
2018-11-06 21:45:00,125.71904999999992
2018-11-06 23:00:00,126.06274999999994
2018-11-06 23:15:00,125.87524999999994
2018-11-06 23:30:00,125.84404999999992
2018-11-06 23:45:00,125.90654999999992
2018-11-07 00:00:00,125.84404999999992
2018-11-07 00:15:00,125.93774999999994
2018-11-07 00:30:00,126.25024999999994
2018-11-07 00:45:00,126.21904999999992
2018-11-07 01:00:00,126.09404999999992
2018-11-07 01:15:00,125.62524999999994
2018-11-07 01:30:00,125.68774999999994
2018-11-07 01:45:00,125.59404999999992
2018-11-07 02:00:00,125.43774999999994
2018-11-07 02:15:00,125.37524999999994
2018-11-07 02:30:00,125.75024999999994
2018-11-07 02:45:00,126.00024999999994
2018-11-07 03:00:00,126.28154999999992
2018-11-07 03:15:00,126.21904999999992
2018-11-07 03:30:00,126.25024999999994
2018-11-07 03:45:00,126.34404999999992
2018-11-07 04:00:00,126.43774999999994
2018-11-07 04:15:00,126.53154999999992
2018-11-07 04:30:00,126.50024999999994
2018-11-07 04:45:00,126.50024999999994
2018-11-07 05:15:00,126.40654999999992
2018-11-07 05:30:00,126.37524999999994
2018-11-07 05:45:00,126.37524999999994
2018-11-07 06:15:00,126.25024999999994
2018-11-07 06:30:00,126.37524999999994
2018-11-07 06:45:00,126.34404999999992
2018-11-07 07:00:00,126.50024999999994
2018-11-07 07:15:00,126.56274999999994
2018-11-07 07:30:00,126.59404999999992
2018-11-07 07:45:00,126.59404999999992
2018-11-07 08:00:00,126.43774999999994
2018-11-07 08:15:00,126.40654999999992
2018-11-07 08:30:00,126.43774999999994
2018-11-07 08:45:00,126.53154999999992
2018-11-07 09:00:00,126.56274999999994
2018-11-07 09:15:00,126.53154999999992
2018-11-07 09:30:00,126.59404999999992
2018-11-07 09:45:00,126.56274999999994
2018-11-07 10:00:00,126.56274999999994
2018-11-07 10:15:00,126.59404999999992
2018-11-07 10:30:00,126.56274999999994
2018-11-07 10:45:00,126.46904999999992
2018-11-07 11:00:00,126.43774999999994
2018-11-07 11:15:00,126.50024999999994
2018-11-07 11:30:00,126.40654999999992
2018-11-07 11:45:00,126.34404999999992
2018-11-07 12:00:00,126.31274999999994
2018-11-07 12:15:00,126.25024999999994
2018-11-07 12:30:00,126.28154999999992
2018-11-07 12:45:00,126.37524999999994
2018-11-07 13:00:00,126.31274999999994
2018-11-07 13:15:00,126.25024999999994
2018-11-07 13:30:00,126.31274999999994
2018-11-07 13:45:00,126.31274999999994
2018-11-07 14:00:00,126.37524999999994
2018-11-07 14:15:00,126.43774999999994
2018-11-07 14:30:00,126.46904999999992
2018-11-07 14:45:00,126.56274999999994
2018-11-07 15:00:00,126.46904999999992
2018-11-07 15:15:00,126.56274999999994
2018-11-07 15:30:00,126.46904999999992
2018-11-07 15:45:00,126.53154999999992
2018-11-07 16:00:00,126.46904999999992
2018-11-07 16:15:00,126.53154999999992
2018-11-07 16:30:00,126.59404999999992
2018-11-07 16:45:00,126.56274999999994
2018-11-07 17:00:00,126.53154999999992
2018-11-07 17:15:00,126.50024999999994
2018-11-07 17:30:00,126.46904999999992
2018-11-07 17:45:00,126.40654999999992
2018-11-07 18:00:00,126.18774999999994
2018-11-07 18:15:00,126.21904999999992
2018-11-07 18:30:00,126.31274999999994
2018-11-07 18:45:00,126.37524999999994
2018-11-07 19:00:00,126.25024999999994
2018-11-07 19:15:00,126.21904999999992
2018-11-07 19:30:00,126.12524999999994
2018-11-07 19:45:00,125.90654999999992
2018-11-07 20:00:00,125.81274999999994
2018-11-07 20:15:00,125.81274999999994
2018-11-07 20:30:00,125.78154999999992
2018-11-07 20:45:00,125.84404999999992
2018-11-07 21:00:00,125.68774999999994
2018-11-07 21:15:00,125.65654999999992
2018-11-07 21:30:00,125.62524999999994
2018-11-07 21:45:00,125.62524999999994
2018-11-07 23:00:00,126.37524999999994
2018-11-07 23:15:00,125.59404999999992
2018-11-07 23:30:00,125.65654999999992
2018-11-07 23:45:00,125.68774999999994
2018-11-08 00:00:00,125.68774999999994
2018-11-08 00:15:00,125.68774999999994
2018-11-08 00:30:00,125.68774999999994
2018-11-08 00:45:00,125.71904999999992
2018-11-08 01:00:00,125.75024999999994
2018-11-08 01:15:00,125.68774999999994
2018-11-08 01:30:00,125.65654999999992
2018-11-08 01:45:00,125.65654999999992
2018-11-08 02:00:00,125.68774999999994
2018-11-08 02:15:00,125.65654999999992
2018-11-08 02:30:00,125.68774999999994
2018-11-08 02:45:00,125.68774999999994
2018-11-08 03:00:00,125.62524999999994
2018-11-08 03:15:00,125.65654999999992
2018-11-08 03:30:00,125.68774999999994
2018-11-08 03:45:00,125.65654999999992
2018-11-08 04:00:00,125.62524999999994
2018-11-08 04:15:00,125.59404999999992
2018-11-08 04:30:00,125.62524999999994
2018-11-08 04:45:00,125.65654999999992
2018-11-08 05:15:00,125.68774999999994
2018-11-08 05:30:00,125.65654999999992
2018-11-08 05:45:00,125.71904999999992
2018-11-08 06:15:00,125.75024999999994
2018-11-08 06:30:00,125.78154999999992
2018-11-08 06:45:00,125.78154999999992
2018-11-08 07:00:00,125.71904999999992
2018-11-08 07:15:00,125.68774999999994
2018-11-08 07:30:00,125.71904999999992
2018-11-08 07:45:00,125.75024999999994
2018-11-08 08:00:00,125.78154999999992
2018-11-08 08:15:00,125.78154999999992
2018-11-08 08:30:00,125.78154999999992
2018-11-08 08:45:00,125.78154999999992
2018-11-08 09:00:00,125.78154999999992
2018-11-08 09:15:00,125.87524999999994
2018-11-08 09:30:00,125.87524999999994
2018-11-08 09:45:00,125.90654999999992
2018-11-08 10:00:00,125.84404999999992
2018-11-08 10:15:00,125.81274999999994
2018-11-08 10:30:00,125.87524999999994
2018-11-08 10:45:00,125.87524999999994
2018-11-08 11:00:00,125.93774999999994
2018-11-08 11:15:00,125.84404999999992
2018-11-08 11:30:00,125.84404999999992
2018-11-08 11:45:00,125.87524999999994
2018-11-08 12:00:00,125.90654999999992
2018-11-08 12:15:00,126.00024999999994
2018-11-08 12:30:00,126.00024999999994
2018-11-08 12:45:00,126.00024999999994
2018-11-08 13:00:00,125.93774999999994
2018-11-08 13:15:00,125.96904999999992
2018-11-08 13:30:00,126.09404999999992
2018-11-08 13:45:00,126.00024999999994
2018-11-08 14:00:00,126.06274999999994
2018-11-08 14:15:00,126.18774999999994
2018-11-08 14:30:00,126.09404999999992
2018-11-08 14:45:00,126.06274999999994
2018-11-08 15:00:00,126.09404999999992
2018-11-08 15:15:00,126.00024999999994
2018-11-08 15:30:00,125.96904999999992
2018-11-08 15:45:00,125.93774999999994
2018-11-08 16:00:00,125.84404999999992
2018-11-08 16:15:00,125.87524999999994
2018-11-08 16:30:00,125.81274999999994
2018-11-08 16:45:00,125.78154999999992
2018-11-08 17:00:00,125.71904999999992
2018-11-08 17:15:00,125.81274999999994
2018-11-08 17:30:00,125.75024999999994
2018-11-08 17:45:00,125.78154999999992
2018-11-08 18:00:00,125.78154999999992
2018-11-08 18:15:00,125.84404999999992
2018-11-08 18:30:00,125.84404999999992
2018-11-08 18:45:00,125.75024999999994
2018-11-08 19:00:00,125.75024999999994
2018-11-08 19:15:00,125.68774999999994
2018-11-08 19:30:00,125.78154999999992
2018-11-08 19:45:00,125.78154999999992
2018-11-08 20:00:00,125.71904999999992
2018-11-08 20:15:00,125.62524999999994
2018-11-08 20:30:00,125.59404999999992
2018-11-08 20:45:00,125.62524999999994
2018-11-08 21:00:00,125.53154999999992
2018-11-08 21:15:00,125.53154999999992
2018-11-08 21:30:00,125.59404999999992
2018-11-08 21:45:00,125.62524999999994
2018-11-08 23:00:00,125.75024999999994
2018-11-08 23:15:00,125.65654999999992
2018-11-08 23:30:00,125.68774999999994
2018-11-08 23:45:00,125.71904999999992
2018-11-09 00:00:00,125.68774999999994
2018-11-09 00:15:00,125.68774999999994
2018-11-09 00:30:00,125.75024999999994
2018-11-09 00:45:00,125.81274999999994
2018-11-09 01:00:00,125.81274999999994
2018-11-09 01:15:00,125.84404999999992
2018-11-09 01:30:00,125.81274999999994
2018-11-09 01:45:00,125.81274999999994
2018-11-09 02:00:00,125.84404999999992
2018-11-09 02:15:00,125.84404999999992
2018-11-09 02:30:00,125.87524999999994
2018-11-09 02:45:00,125.90654999999992
2018-11-09 03:00:00,125.87524999999994
2018-11-09 03:15:00,125.87524999999994
2018-11-09 03:30:00,125.84404999999992
2018-11-09 03:45:00,125.84404999999992
2018-11-09 04:00:00,125.81274999999994
2018-11-09 04:15:00,125.87524999999994
2018-11-09 04:30:00,125.81274999999994
2018-11-09 04:45:00,125.81274999999994
2018-11-09 05:15:00,125.84404999999992
2018-11-09 05:30:00,125.84404999999992
2018-11-09 05:45:00,125.84404999999992
2018-11-09 06:15:00,125.84404999999992
2018-11-09 06:30:00,125.84404999999992
2018-11-09 06:45:00,125.84404999999992
2018-11-09 07:00:00,125.93774999999994
2018-11-09 07:15:00,125.93774999999994
2018-11-09 07:30:00,126.03154999999992
2018-11-09 07:45:00,126.09404999999992
2018-11-09 08:00:00,126.15654999999992
2018-11-09 08:15:00,126.15654999999992
2018-11-09 08:30:00,126.21904999999992
2018-11-09 08:45:00,126.21904999999992
2018-11-09 09:00:00,126.25024999999994
2018-11-09 09:15:00,126.18774999999994
2018-11-09 09:30:00,126.25024999999994
2018-11-09 09:45:00,126.18774999999994
2018-11-09 10:00:00,126.25024999999994
2018-11-09 10:15:00,126.21904999999992
2018-11-09 10:30:00,126.18774999999994
2018-11-09 10:45:00,126.18774999999994
2018-11-09 11:00:00,126.15654999999992
2018-11-09 11:15:00,126.06274999999994
2018-11-09 11:30:00,126.18774999999994
2018-11-09 11:45:00,126.12524999999994
2018-11-09 12:00:00,126.09404999999992
2018-11-09 12:15:00,126.12524999999994
2018-11-09 12:30:00,126.12524999999994
2018-11-09 12:45:00,126.12524999999994
2018-11-09 13:00:00,126.09404999999992
2018-11-09 13:15:00,126.06274999999994
2018-11-09 13:30:00,125.87524999999994
2018-11-09 13:45:00,125.78154999999992
2018-11-09 14:00:00,125.81274999999994
2018-11-09 14:15:00,125.87524999999994
2018-11-09 14:30:00,126.12524999999994
2018-11-09 14:45:00,126.21904999999992
2018-11-09 15:00:00,126.28154999999992
2018-11-09 15:15:00,126.21904999999992
2018-11-09 15:30:00,126.31274999999994
2018-11-09 15:45:00,126.46904999999992
2018-11-09 16:00:00,126.46904999999992
2018-11-09 16:15:00,126.43774999999994
2018-11-09 16:30:00,126.56274999999994
2018-11-09 16:45:00,126.59404999999992
2018-11-09 17:00:00,126.50024999999994
2018-11-09 17:15:00,126.40654999999992
2018-11-09 17:30:00,126.37524999999994
2018-11-09 17:45:00,126.40654999999992
2018-11-09 18:00:00,126.34404999999992
2018-11-09 18:15:00,126.40654999999992
2018-11-09 18:30:00,126.46904999999992
2018-11-09 18:45:00,126.43774999999994
2018-11-09 19:00:00,126.53154999999992
2018-11-09 19:15:00,126.50024999999994
2018-11-09 19:30:00,126.43774999999994
2018-11-09 19:45:00,126.43774999999994
2018-11-09 20:00:00,126.43774999999994
2018-11-09 20:15:00,126.40654999999992
2018-11-09 20:30:00,126.37524999999994
2018-11-09 20:45:00,126.50024999999994
2018-11-09 21:00:00,126.53154999999992
2018-11-09 21:15:00,126.53154999999992
2018-11-09 21:30:00,126.56274999999994
2018-11-09 21:45:00,126.56274999999994
2018-11-09 23:00:00,125.87524999999994
2018-11-11 23:00:00,126.59404999999992
2018-11-11 23:15:00,126.59404999999992
2018-11-11 23:30:00,126.56274999999994
2018-11-11 23:45:00,126.50024999999994
2018-11-12 00:00:00,126.50024999999994
2018-11-12 00:15:00,126.46904999999992
2018-11-12 00:30:00,126.46904999999992
2018-11-12 00:45:00,126.46904999999992
2018-11-12 01:00:00,126.43774999999994
2018-11-12 01:15:00,126.43774999999994
2018-11-12 01:30:00,126.43774999999994
2018-11-12 01:45:00,126.43774999999994
2018-11-12 02:00:00,126.43774999999994
2018-11-12 02:15:00,126.37524999999994
2018-11-12 02:30:00,126.40654999999992
2018-11-12 02:45:00,126.40654999999992
2018-11-12 03:00:00,126.40654999999992
2018-11-12 03:15:00,126.40654999999992
2018-11-12 03:30:00,126.37524999999994
2018-11-12 03:45:00,126.37524999999994
2018-11-12 04:00:00,126.40654999999992
2018-11-12 04:15:00,126.40654999999992
2018-11-12 04:30:00,126.37524999999994
2018-11-12 04:45:00,126.37524999999994
2018-11-12 05:15:00,126.40654999999992
2018-11-12 05:30:00,126.40654999999992
2018-11-12 05:45:00,126.37524999999994
2018-11-12 06:15:00,126.43774999999994
2018-11-12 06:30:00,126.43774999999994
2018-11-12 06:45:00,126.40654999999992
2018-11-12 07:00:00,126.43774999999994
2018-11-12 07:15:00,126.46904999999992
2018-11-12 07:30:00,126.53154999999992
2018-11-12 07:45:00,126.53154999999992
2018-11-12 08:00:00,126.62524999999994
2018-11-12 08:15:00,126.71904999999992
2018-11-12 08:30:00,126.78154999999992
2018-11-12 08:45:00,126.65654999999992
2018-11-12 09:00:00,126.65654999999992
2018-11-12 09:15:00,126.81274999999994
2018-11-12 09:30:00,126.84404999999992
2018-11-12 09:45:00,126.78154999999992
2018-11-12 10:00:00,126.87524999999994
2018-11-12 10:15:00,126.81274999999994
2018-11-12 10:30:00,126.81274999999994
2018-11-12 10:45:00,126.78154999999992
2018-11-12 11:00:00,126.81274999999994
2018-11-12 11:15:00,126.81274999999994
2018-11-12 11:30:00,126.84404999999992
2018-11-12 11:45:00,126.93774999999994
2018-11-12 12:00:00,126.87524999999994
2018-11-12 12:15:00,126.87524999999994
2018-11-12 12:30:00,126.87524999999994
2018-11-12 12:45:00,126.87524999999994
2018-11-12 13:00:00,126.96904999999992
2018-11-12 13:15:00,126.96904999999992
2018-11-12 13:30:00,127.12524999999994
2018-11-12 13:45:00,126.90654999999992
2018-11-12 14:00:00,126.93774999999994
2018-11-12 14:15:00,126.96904999999992
2018-11-12 14:30:00,127.03154999999992
2018-11-12 14:45:00,127.06274999999994
2018-11-12 15:00:00,127.06274999999994
2018-11-12 15:15:00,127.06274999999994
2018-11-12 15:30:00,127.09404999999992
2018-11-12 15:45:00,127.15654999999992
2018-11-12 16:00:00,127.15654999999992
2018-11-12 16:15:00,127.21904999999992
2018-11-12 16:30:00,127.12524999999994
2018-11-12 16:45:00,126.96904999999992
2018-11-12 17:00:00,127.00024999999994
2018-11-12 17:15:00,127.00024999999994
2018-11-12 17:30:00,126.96904999999992
2018-11-12 17:45:00,126.96904999999992
2018-11-12 18:00:00,127.03154999999992
2018-11-12 18:15:00,127.06274999999994
2018-11-12 18:30:00,127.09404999999992
2018-11-12 18:45:00,127.06274999999994
2018-11-12 19:00:00,127.03154999999992
2018-11-12 19:15:00,127.06274999999994
2018-11-12 19:30:00,127.00024999999994
2018-11-12 19:45:00,127.03154999999992
2018-11-12 20:00:00,127.06274999999994
2018-11-12 20:15:00,127.06274999999994
2018-11-12 20:30:00,127.09404999999992
2018-11-12 20:45:00,127.09404999999992
2018-11-12 21:00:00,127.12524999999994
2018-11-12 21:15:00,127.12524999999994
2018-11-12 21:30:00,127.15654999999992
2018-11-12 21:45:00,127.06274999999994
2018-11-12 23:00:00,126.40654999999992
2018-11-12 23:15:00,127.00024999999994
2018-11-12 23:30:00,127.06274999999994
2018-11-12 23:45:00,127.09404999999992
2018-11-13 00:00:00,127.09404999999992
2018-11-13 00:15:00,127.18774999999994
2018-11-13 00:30:00,127.15654999999992
2018-11-13 00:45:00,127.15654999999992
2018-11-13 01:00:00,127.06274999999994
2018-11-13 01:15:00,127.00024999999994
2018-11-13 01:30:00,127.03154999999992
2018-11-13 01:45:00,127.00024999999994
2018-11-13 02:00:00,127.06274999999994
2018-11-13 02:15:00,127.12524999999994
2018-11-13 02:30:00,127.09404999999992
2018-11-13 02:45:00,127.09404999999992
2018-11-13 03:00:00,127.03154999999992
2018-11-13 03:15:00,126.87524999999994
2018-11-13 03:30:00,126.81274999999994
2018-11-13 03:45:00,126.78154999999992
2018-11-13 04:00:00,126.81274999999994
2018-11-13 04:15:00,126.75024999999994
2018-11-13 04:30:00,126.78154999999992
2018-11-13 04:45:00,126.81274999999994
2018-11-13 05:15:00,126.78154999999992
2018-11-13 05:30:00,126.81274999999994
2018-11-13 05:45:00,126.81274999999994
2018-11-13 06:15:00,126.84404999999992
2018-11-13 06:30:00,126.93774999999994
2018-11-13 06:45:00,126.96904999999992
2018-11-13 07:00:00,127.00024999999994
2018-11-13 07:15:00,126.96904999999992
2018-11-13 07:30:00,126.87524999999994
2018-11-13 07:45:00,126.81274999999994
2018-11-13 08:00:00,126.78154999999992
2018-11-13 08:15:00,126.84404999999992
2018-11-13 08:30:00,126.71904999999992
2018-11-13 08:45:00,126.78154999999992
2018-11-13 09:00:00,126.81274999999994
2018-11-13 09:15:00,126.84404999999992
2018-11-13 09:30:00,126.87524999999994
2018-11-13 09:45:00,126.90654999999992
2018-11-13 10:00:00,126.90654999999992
2018-11-13 10:15:00,126.93774999999994
2018-11-13 10:30:00,126.90654999999992
2018-11-13 10:45:00,126.90654999999992
2018-11-13 11:00:00,126.93774999999994
2018-11-13 11:15:00,126.81274999999994
2018-11-13 11:30:00,126.81274999999994
2018-11-13 11:45:00,126.78154999999992
2018-11-13 12:00:00,126.71904999999992
2018-11-13 12:15:00,126.75024999999994
2018-11-13 12:30:00,126.78154999999992
2018-11-13 12:45:00,126.75024999999994
2018-11-13 13:00:00,126.81274999999994
2018-11-13 13:15:00,126.93774999999994
2018-11-13 13:30:00,126.93774999999994
2018-11-13 13:45:00,126.93774999999994
2018-11-13 14:00:00,126.87524999999994
2018-11-13 14:15:00,126.87524999999994
2018-11-13 14:30:00,126.84404999999992
2018-11-13 14:45:00,126.78154999999992
2018-11-13 15:00:00,126.75024999999994
2018-11-13 15:15:00,127.12524999999994
2018-11-13 15:30:00,127.09404999999992
2018-11-13 15:45:00,127.00024999999994
2018-11-13 16:00:00,126.90654999999992
2018-11-13 16:15:00,126.84404999999992
2018-11-13 16:30:00,126.81274999999994
2018-11-13 16:45:00,126.81274999999994
2018-11-13 17:00:00,126.84404999999992
2018-11-13 17:15:00,126.84404999999992
2018-11-13 17:30:00,126.90654999999992
2018-11-13 17:45:00,127.00024999999994
2018-11-13 18:00:00,127.03154999999992
2018-11-13 18:15:00,127.03154999999992
2018-11-13 18:30:00,127.00024999999994
2018-11-13 18:45:00,127.06274999999994
2018-11-13 19:00:00,127.06274999999994
2018-11-13 19:15:00,127.09404999999992
2018-11-13 19:30:00,127.15654999999992
2018-11-13 19:45:00,127.12524999999994
2018-11-13 20:00:00,127.21904999999992
2018-11-13 20:15:00,127.21904999999992
2018-11-13 20:30:00,127.21904999999992
2018-11-13 20:45:00,127.21904999999992
2018-11-13 21:00:00,127.15654999999992
2018-11-13 21:15:00,127.18774999999994
2018-11-13 21:30:00,127.18774999999994
2018-11-13 21:45:00,127.18774999999994
2018-11-13 23:00:00,126.84404999999992
2018-11-13 23:15:00,127.18774999999994
2018-11-13 23:30:00,127.18774999999994
2018-11-13 23:45:00,127.21904999999992
2018-11-14 00:00:00,127.06274999999994
2018-11-14 00:15:00,127.12524999999994
2018-11-14 00:30:00,127.12524999999994
2018-11-14 00:45:00,127.09404999999992
2018-11-14 01:00:00,127.06274999999994
2018-11-14 01:15:00,127.12524999999994
2018-11-14 01:30:00,127.12524999999994
2018-11-14 01:45:00,127.15654999999992
2018-11-14 02:00:00,127.09404999999992
2018-11-14 02:15:00,127.21904999999992
2018-11-14 02:30:00,127.18774999999994
2018-11-14 02:45:00,127.18774999999994
2018-11-14 03:00:00,127.15654999999992
2018-11-14 03:15:00,127.15654999999992
2018-11-14 03:30:00,127.18774999999994
2018-11-14 03:45:00,127.18774999999994
2018-11-14 04:00:00,127.18774999999994
2018-11-14 04:15:00,127.18774999999994
2018-11-14 04:30:00,127.18774999999994
2018-11-14 04:45:00,127.28154999999992
2018-11-14 05:15:00,127.21904999999992
2018-11-14 05:30:00,127.25024999999994
2018-11-14 05:45:00,127.21904999999992
2018-11-14 06:15:00,127.21904999999992
2018-11-14 06:30:00,127.18774999999994
2018-11-14 06:45:00,127.18774999999994
2018-11-14 07:00:00,127.25024999999994
2018-11-14 07:15:00,127.15654999999992
2018-11-14 07:30:00,127.15654999999992
2018-11-14 07:45:00,127.18774999999994
2018-11-14 08:00:00,127.21904999999992
2018-11-14 08:15:00,127.18774999999994
2018-11-14 08:30:00,127.31274999999994
2018-11-14 08:45:00,127.37524999999994
2018-11-14 09:00:00,127.37524999999994
2018-11-14 09:15:00,127.31274999999994
2018-11-14 09:30:00,127.31274999999994
2018-11-14 09:45:00,127.28154999999992
2018-11-14 10:00:00,127.25024999999994
2018-11-14 10:15:00,127.21904999999992
2018-11-14 10:30:00,127.31274999999994
2018-11-14 10:45:00,127.34404999999992
2018-11-14 11:00:00,127.34404999999992
2018-11-14 11:15:00,127.40654999999992
2018-11-14 11:30:00,127.31274999999994
2018-11-14 11:45:00,127.34404999999992
2018-11-14 12:00:00,127.37524999999994
2018-11-14 12:15:00,127.28154999999992
2018-11-14 12:30:00,127.28154999999992
2018-11-14 12:45:00,127.25024999999994
2018-11-14 13:00:00,127.18774999999994
2018-11-14 13:15:00,127.15654999999992
2018-11-14 13:30:00,127.09404999999992
2018-11-14 13:45:00,126.93774999999994
2018-11-14 14:00:00,126.93774999999994
2018-11-14 14:15:00,126.78154999999992
2018-11-14 14:30:00,126.71904999999992
2018-11-14 14:45:00,126.68774999999994
2018-11-14 15:00:00,126.81274999999994
2018-11-14 15:15:00,126.81274999999994
2018-11-14 15:30:00,126.71904999999992
2018-11-14 15:45:00,126.81274999999994
2018-11-14 16:00:00,127.09404999999992
2018-11-14 16:15:00,127.21904999999992
2018-11-14 16:30:00,127.31274999999994
2018-11-14 16:45:00,127.21904999999992
2018-11-14 17:00:00,127.37524999999994
2018-11-14 17:15:00,127.28154999999992
2018-11-14 17:30:00,127.56274999999994
2018-11-14 17:45:00,127.62524999999994
2018-11-14 18:00:00,127.62524999999994
2018-11-14 18:15:00,127.59404999999992
2018-11-14 18:30:00,127.84404999999992
2018-11-14 18:45:00,127.71904999999992
2018-11-14 19:00:00,127.71904999999992
2018-11-14 19:15:00,127.53154999999992
2018-11-14 19:30:00,127.53154999999992
2018-11-14 19:45:00,127.43774999999994
2018-11-14 20:00:00,127.37524999999994
2018-11-14 20:15:00,127.50024999999994
2018-11-14 20:30:00,127.53154999999992
2018-11-14 20:45:00,127.46904999999992
2018-11-14 21:00:00,127.34404999999992
2018-11-14 21:15:00,127.34404999999992
2018-11-14 21:30:00,127.28154999999992
2018-11-14 21:45:00,127.28154999999992
2018-11-14 23:00:00,127.25024999999994
2018-11-14 23:15:00,127.25024999999994
2018-11-14 23:30:00,127.28154999999992
2018-11-14 23:45:00,127.37524999999994
2018-11-15 00:00:00,127.34404999999992
2018-11-15 00:15:00,127.37524999999994
2018-11-15 00:30:00,127.34404999999992
2018-11-15 00:45:00,127.34404999999992
2018-11-15 01:00:00,127.28154999999992
2018-11-15 01:15:00,127.34404999999992
2018-11-15 01:30:00,127.40654999999992
2018-11-15 01:45:00,127.46904999999992
2018-11-15 02:00:00,127.43774999999994
2018-11-15 02:15:00,127.37524999999994
2018-11-15 02:30:00,127.34404999999992
2018-11-15 02:45:00,127.40654999999992
2018-11-15 03:00:00,127.40654999999992
2018-11-15 03:15:00,127.34404999999992
2018-11-15 03:30:00,127.37524999999994
2018-11-15 03:45:00,127.34404999999992
2018-11-15 04:00:00,127.34404999999992
2018-11-15 04:15:00,127.34404999999992
2018-11-15 04:30:00,127.34404999999992
2018-11-15 04:45:00,127.34404999999992
2018-11-15 05:15:00,127.34404999999992
2018-11-15 05:30:00,127.31274999999994
2018-11-15 05:45:00,127.31274999999994
2018-11-15 06:15:00,127.28154999999992
2018-11-15 06:30:00,127.28154999999992
2018-11-15 06:45:00,127.25024999999994
2018-11-15 07:00:00,127.25024999999994
2018-11-15 07:15:00,127.21904999999992
2018-11-15 07:30:00,127.28154999999992
2018-11-15 07:45:00,127.31274999999994
2018-11-15 08:00:00,127.37524999999994
2018-11-15 08:15:00,127.50024999999994
2018-11-15 08:30:00,127.46904999999992
2018-11-15 08:45:00,127.62524999999994
2018-11-15 09:00:00,127.68774999999994
2018-11-15 09:15:00,127.78154999999992
2018-11-15 09:30:00,127.84404999999992
2018-11-15 09:45:00,127.81274999999994
2018-11-15 10:00:00,127.93774999999994
2018-11-15 10:15:00,127.75024999999994
2018-11-15 10:30:00,127.75024999999994
2018-11-15 10:45:00,127.75024999999994
2018-11-15 11:00:00,127.62524999999994
2018-11-15 11:15:00,127.65654999999992
2018-11-15 11:30:00,127.62524999999994
2018-11-15 11:45:00,127.59404999999992
2018-11-15 12:00:00,127.59404999999992
2018-11-15 12:15:00,127.59404999999992
2018-11-15 12:30:00,127.62524999999994
2018-11-15 12:45:00,127.71904999999992
2018-11-15 13:00:00,127.65654999999992
2018-11-15 13:15:00,127.65654999999992
2018-11-15 13:30:00,127.81274999999994
2018-11-15 13:45:00,127.81274999999994
2018-11-15 14:00:00,127.96904999999992
2018-11-15 14:15:00,127.84404999999992
2018-11-15 14:30:00,127.71904999999992
2018-11-15 14:45:00,127.78154999999992
2018-11-15 15:00:00,127.78154999999992
2018-11-15 15:15:00,127.81274999999994
2018-11-15 15:30:00,127.93774999999994
2018-11-15 15:45:00,127.84404999999992
2018-11-15 16:00:00,127.81274999999994
2018-11-15 16:15:00,127.78154999999992
2018-11-15 16:30:00,127.75024999999994
2018-11-15 16:45:00,127.71904999999992
2018-11-15 17:00:00,127.71904999999992
2018-11-15 17:15:00,127.65654999999992
2018-11-15 17:30:00,127.62524999999994
2018-11-15 17:45:00,127.75024999999994
2018-11-15 18:00:00,127.75024999999994
2018-11-15 18:15:00,127.56274999999994
2018-11-15 18:30:00,127.34404999999992
2018-11-15 18:45:00,127.25024999999994
2018-11-15 19:00:00,127.21904999999992
2018-11-15 19:15:00,127.12524999999994
2018-11-15 19:30:00,127.21904999999992
2018-11-15 19:45:00,127.31274999999994
2018-11-15 20:00:00,127.31274999999994
2018-11-15 20:15:00,127.43774999999994
2018-11-15 20:30:00,127.50024999999994
2018-11-15 20:45:00,127.40654999999992
2018-11-15 21:00:00,127.31274999999994
2018-11-15 21:15:00,127.37524999999994
2018-11-15 21:30:00,127.40654999999992
2018-11-15 21:45:00,127.37524999999994
2018-11-15 23:00:00,127.28154999999992
2018-11-15 23:15:00,127.37524999999994
2018-11-15 23:30:00,127.50024999999994
2018-11-15 23:45:00,127.46904999999992
2018-11-16 00:00:00,127.37524999999994
2018-11-16 00:15:00,127.43774999999994
2018-11-16 00:30:00,127.37524999999994
2018-11-16 00:45:00,127.34404999999992
2018-11-16 01:00:00,127.37524999999994
2018-11-16 01:15:00,127.43774999999994
2018-11-16 01:30:00,127.46904999999992
2018-11-16 01:45:00,127.50024999999994
2018-11-16 02:00:00,127.53154999999992
2018-11-16 02:15:00,127.50024999999994
2018-11-16 02:30:00,127.43774999999994
2018-11-16 02:45:00,127.46904999999992
2018-11-16 03:00:00,127.46904999999992
2018-11-16 03:15:00,127.43774999999994
2018-11-16 03:30:00,127.40654999999992
2018-11-16 03:45:00,127.34404999999992
2018-11-16 04:00:00,127.37524999999994
2018-11-16 04:15:00,127.40654999999992
2018-11-16 04:30:00,127.37524999999994
2018-11-16 04:45:00,127.34404999999992
2018-11-16 05:15:00,127.43774999999994
2018-11-16 05:30:00,127.43774999999994
2018-11-16 05:45:00,127.40654999999992
2018-11-16 06:15:00,127.43774999999994
2018-11-16 06:30:00,127.43774999999994
2018-11-16 06:45:00,127.46904999999992
2018-11-16 07:00:00,127.53154999999992
2018-11-16 07:15:00,127.53154999999992
2018-11-16 07:30:00,127.53154999999992
2018-11-16 07:45:00,127.59404999999992
2018-11-16 08:00:00,127.50024999999994
2018-11-16 08:15:00,127.50024999999994
2018-11-16 08:30:00,127.37524999999994
2018-11-16 08:45:00,127.46904999999992
2018-11-16 09:00:00,127.40654999999992
2018-11-16 09:15:00,127.40654999999992
2018-11-16 09:30:00,127.37524999999994
2018-11-16 09:45:00,127.31274999999994
2018-11-16 10:00:00,127.25024999999994
2018-11-16 10:15:00,127.31274999999994
2018-11-16 10:30:00,127.31274999999994
2018-11-16 10:45:00,127.37524999999994
2018-11-16 11:00:00,127.34404999999992
2018-11-16 11:15:00,127.37524999999994
2018-11-16 11:30:00,127.37524999999994
2018-11-16 11:45:00,127.37524999999994
2018-11-16 12:00:00,127.37524999999994
2018-11-16 12:15:00,127.53154999999992
2018-11-16 12:30:00,127.59404999999992
2018-11-16 12:45:00,127.50024999999994
2018-11-16 13:00:00,127.56274999999994
2018-11-16 13:15:00,127.68774999999994
2018-11-16 13:30:00,127.81274999999994
2018-11-16 13:45:00,127.81274999999994
2018-11-16 14:00:00,127.59404999999992
2018-11-16 14:15:00,127.71904999999992
2018-11-16 14:30:00,127.65654999999992
2018-11-16 14:45:00,127.50024999999994
2018-11-16 15:00:00,127.71904999999992
2018-11-16 15:15:00,127.78154999999992
2018-11-16 15:30:00,127.62524999999994
2018-11-16 15:45:00,127.68774999999994
2018-11-16 16:00:00,127.78154999999992
2018-11-16 16:15:00,127.75024999999994
2018-11-16 16:30:00,127.90654999999992
2018-11-16 16:45:00,127.93774999999994
2018-11-16 17:00:00,127.96904999999992
2018-11-16 17:15:00,128.12524999999994
2018-11-16 17:30:00,127.96904999999992
2018-11-16 17:45:00,127.96904999999992
2018-11-16 18:00:00,128.06274999999994
2018-11-16 18:15:00,128.09404999999992
2018-11-16 18:30:00,128.12524999999994
2018-11-16 18:45:00,128.18774999999994
2018-11-16 19:00:00,128.21904999999992
2018-11-16 19:15:00,128.15654999999992
2018-11-16 19:30:00,128.09404999999992
2018-11-16 19:45:00,128.12524999999994
2018-11-16 20:00:00,128.12524999999994
2018-11-16 20:15:00,128.09404999999992
2018-11-16 20:30:00,128.12524999999994
2018-11-16 20:45:00,128.09404999999992
2018-11-16 21:00:00,128.12524999999994
2018-11-16 21:15:00,128.18774999999994
2018-11-16 21:30:00,128.28154999999992
2018-11-16 21:45:00,128.31274999999994
2018-11-16 23:00:00,127.40654999999992
2018-11-18 23:00:00,128.40654999999992
2018-11-18 23:15:00,128.40654999999992
2018-11-18 23:30:00,128.46904999999992
2018-11-18 23:45:00,128.46904999999992
2018-11-19 00:00:00,128.31274999999994
2018-11-19 00:15:00,128.37524999999994
2018-11-19 00:30:00,128.40654999999992
2018-11-19 00:45:00,128.37524999999994
2018-11-19 01:00:00,128.40654999999992
2018-11-19 01:15:00,128.37524999999994
2018-11-19 01:30:00,128.40654999999992
2018-11-19 01:45:00,128.37524999999994
2018-11-19 02:00:00,128.37524999999994
2018-11-19 02:15:00,128.37524999999994
2018-11-19 02:30:00,128.37524999999994
2018-11-19 02:45:00,128.37524999999994
2018-11-19 03:00:00,128.37524999999994
2018-11-19 03:15:00,128.37524999999994
2018-11-19 03:30:00,128.31274999999994
2018-11-19 03:45:00,128.31274999999994
2018-11-19 04:00:00,128.31274999999994
2018-11-19 04:15:00,128.31274999999994
2018-11-19 04:30:00,128.31274999999994
2018-11-19 04:45:00,128.28154999999992
2018-11-19 05:15:00,128.28154999999992
2018-11-19 05:30:00,128.28154999999992
2018-11-19 05:45:00,128.28154999999992
2018-11-19 06:15:00,128.25024999999994
2018-11-19 06:30:00,128.21904999999992
2018-11-19 06:45:00,128.25024999999994
2018-11-19 07:00:00,128.25024999999994
2018-11-19 07:15:00,128.18774999999994
2018-11-19 07:30:00,128.18774999999994
2018-11-19 07:45:00,128.12524999999994
2018-11-19 08:00:00,128.03154999999992
2018-11-19 08:15:00,127.93774999999994
2018-11-19 08:30:00,127.81274999999994
2018-11-19 08:45:00,127.81274999999994
2018-11-19 09:00:00,127.84404999999992
2018-11-19 09:15:00,127.87524999999994
2018-11-19 09:30:00,127.87524999999994
2018-11-19 09:45:00,127.84404999999992
2018-11-19 10:00:00,127.87524999999994
2018-11-19 10:15:00,127.87524999999994
2018-11-19 10:30:00,127.96904999999992
2018-11-19 10:45:00,127.87524999999994
2018-11-19 11:00:00,127.87524999999994
2018-11-19 11:15:00,127.81274999999994
2018-11-19 11:30:00,127.84404999999992
2018-11-19 11:45:00,127.87524999999994
2018-11-19 12:00:00,127.87524999999994
2018-11-19 12:15:00,127.90654999999992
2018-11-19 12:30:00,127.87524999999994
2018-11-19 12:45:00,127.90654999999992
2018-11-19 13:00:00,127.87524999999994
2018-11-19 13:15:00,127.62524999999994
2018-11-19 13:30:00,127.68774999999994
2018-11-19 13:45:00,127.75024999999994
2018-11-19 14:00:00,127.78154999999992
2018-11-19 14:15:00,127.84404999999992
2018-11-19 14:30:00,127.90654999999992
2018-11-19 14:45:00,127.96904999999992
2018-11-19 15:00:00,128.06274999999994
2018-11-19 15:15:00,128.09404999999992
2018-11-19 15:30:00,128.25024999999994
2018-11-19 15:45:00,128.12524999999994
2018-11-19 16:00:00,128.18774999999994
2018-11-19 16:15:00,128.06274999999994
2018-11-19 16:30:00,128.03154999999992
2018-11-19 16:45:00,128.00024999999994
2018-11-19 17:00:00,128.09404999999992
2018-11-19 17:15:00,128.15654999999992
2018-11-19 17:30:00,128.15654999999992
2018-11-19 17:45:00,128.15654999999992
2018-11-19 18:00:00,128.18774999999994
2018-11-19 18:15:00,128.21904999999992
2018-11-19 18:30:00,128.21904999999992
2018-11-19 18:45:00,128.34404999999992
2018-11-19 19:00:00,128.34404999999992
2018-11-19 19:15:00,128.34404999999992
2018-11-19 19:30:00,128.31274999999994
2018-11-19 19:45:00,128.31274999999994
2018-11-19 20:00:00,128.28154999999992
2018-11-19 20:15:00,128.31274999999994
2018-11-19 20:30:00,128.37524999999994
2018-11-19 20:45:00,128.37524999999994
2018-11-19 21:00:00,128.25024999999994
2018-11-19 21:15:00,128.25024999999994
2018-11-19 21:30:00,128.25024999999994
2018-11-19 21:45:00,128.25024999999994
2018-11-19 23:00:00,128.25024999999994
2018-11-19 23:15:00,128.21904999999992
2018-11-19 23:30:00,128.21904999999992
2018-11-19 23:45:00,128.28154999999992
2018-11-20 00:00:00,128.31274999999994
2018-11-20 00:15:00,128.21904999999992
2018-11-20 00:30:00,128.25024999999994
2018-11-20 00:45:00,128.21904999999992
2018-11-20 01:00:00,128.25024999999994
2018-11-20 01:15:00,128.21904999999992
2018-11-20 01:30:00,128.18774999999994
2018-11-20 01:45:00,128.21904999999992
2018-11-20 02:00:00,128.25024999999994
2018-11-20 02:15:00,128.28154999999992
2018-11-20 02:30:00,128.25024999999994
2018-11-20 02:45:00,128.25024999999994
2018-11-20 03:00:00,128.25024999999994
2018-11-20 03:15:00,128.28154999999992
2018-11-20 03:30:00,128.25024999999994
2018-11-20 03:45:00,128.21904999999992
2018-11-20 04:00:00,128.21904999999992
2018-11-20 04:15:00,128.21904999999992
2018-11-20 04:30:00,128.25024999999994
2018-11-20 04:45:00,128.25024999999994
2018-11-20 05:15:00,128.18774999999994
2018-11-20 05:30:00,128.25024999999994
2018-11-20 05:45:00,128.21904999999992
2018-11-20 06:15:00,128.18774999999994
2018-11-20 06:30:00,128.21904999999992
2018-11-20 06:45:00,128.25024999999994
2018-11-20 07:00:00,128.34404999999992
2018-11-20 07:15:00,128.40654999999992
2018-11-20 07:30:00,128.34404999999992
2018-11-20 07:45:00,128.34404999999992
2018-11-20 08:00:00,128.31274999999994
2018-11-20 08:15:00,128.34404999999992
2018-11-20 08:30:00,128.43774999999994
2018-11-20 08:45:00,128.59404999999992
2018-11-20 09:00:00,128.62524999999994
2018-11-20 09:15:00,128.53154999999992
2018-11-20 09:30:00,128.53154999999992
2018-11-20 09:45:00,128.59404999999992
2018-11-20 10:00:00,128.62524999999994
2018-11-20 10:15:00,128.53154999999992
2018-11-20 10:30:00,128.56274999999994
2018-11-20 10:45:00,128.53154999999992
2018-11-20 11:00:00,128.50024999999994
2018-11-20 11:15:00,128.50024999999994
2018-11-20 11:30:00,128.46904999999992
2018-11-20 11:45:00,128.50024999999994
2018-11-20 12:00:00,128.43774999999994
2018-11-20 12:15:00,128.53154999999992
2018-11-20 12:30:00,128.62524999999994
2018-11-20 12:45:00,128.68774999999994
2018-11-20 13:00:00,128.68774999999994
2018-11-20 13:15:00,128.68774999999994
2018-11-20 13:30:00,128.81274999999994
2018-11-20 13:45:00,128.71904999999992
2018-11-20 14:00:00,128.71904999999992
2018-11-20 14:15:00,128.59404999999992
2018-11-20 14:30:00,128.50024999999994
2018-11-20 14:45:00,128.62524999999994
2018-11-20 15:00:00,128.78154999999992
2018-11-20 15:15:00,128.65654999999992
2018-11-20 15:30:00,128.53154999999992
2018-11-20 15:45:00,128.43774999999994
2018-11-20 16:00:00,128.50024999999994
2018-11-20 16:15:00,128.50024999999994
2018-11-20 16:30:00,128.37524999999994
2018-11-20 16:45:00,128.50024999999994
2018-11-20 17:00:00,128.43774999999994
2018-11-20 17:15:00,128.37524999999994
2018-11-20 17:30:00,128.46904999999992
2018-11-20 17:45:00,128.50024999999994
2018-11-20 18:00:00,128.43774999999994
2018-11-20 18:15:00,128.53154999999992
2018-11-20 18:30:00,128.50024999999994
2018-11-20 18:45:00,128.50024999999994
2018-11-20 19:00:00,128.50024999999994
2018-11-20 19:15:00,128.56274999999994
2018-11-20 19:30:00,128.59404999999992
2018-11-20 19:45:00,128.62524999999994
2018-11-20 20:00:00,128.62524999999994
2018-11-20 20:15:00,128.46904999999992
2018-11-20 20:30:00,128.43774999999994
2018-11-20 20:45:00,128.46904999999992
2018-11-20 21:00:00,128.46904999999992
2018-11-20 21:15:00,128.37524999999994
2018-11-20 21:30:00,128.40654999999992
2018-11-20 21:45:00,128.37524999999994
2018-11-20 23:00:00,128.25024999999994
2018-11-20 23:15:00,128.46904999999992
2018-11-20 23:30:00,128.46904999999992
2018-11-20 23:45:00,128.40654999999992
2018-11-21 00:00:00,128.31274999999994
2018-11-21 00:15:00,128.31274999999994
2018-11-21 00:30:00,128.31274999999994
2018-11-21 00:45:00,128.34404999999992
2018-11-21 01:00:00,128.37524999999994
2018-11-21 01:15:00,128.28154999999992
2018-11-21 01:30:00,128.25024999999994
2018-11-21 01:45:00,128.21904999999992
2018-11-21 02:00:00,128.25024999999994
2018-11-21 02:15:00,128.28154999999992
2018-11-21 02:30:00,128.34404999999992
2018-11-21 02:45:00,128.31274999999994
2018-11-21 03:00:00,128.31274999999994
2018-11-21 03:15:00,128.28154999999992
2018-11-21 03:30:00,128.28154999999992
2018-11-21 03:45:00,128.31274999999994
2018-11-21 04:00:00,128.28154999999992
2018-11-21 04:15:00,128.31274999999994
2018-11-21 04:30:00,128.28154999999992
2018-11-21 04:45:00,128.31274999999994
2018-11-21 05:15:00,128.31274999999994
2018-11-21 05:30:00,128.31274999999994
2018-11-21 05:45:00,128.31274999999994
2018-11-21 06:15:00,128.34404999999992
2018-11-21 06:30:00,128.34404999999992
2018-11-21 06:45:00,128.21904999999992
2018-11-21 07:00:00,128.21904999999992
2018-11-21 07:15:00,128.21904999999992
2018-11-21 07:30:00,128.15654999999992
2018-11-21 07:45:00,128.18774999999994
2018-11-21 08:00:00,128.15654999999992
2018-11-21 08:15:00,128.09404999999992
2018-11-21 08:30:00,128.12524999999994
2018-11-21 08:45:00,128.12524999999994
2018-11-21 09:00:00,128.15654999999992
2018-11-21 09:15:00,128.09404999999992
2018-11-21 09:30:00,128.21904999999992
2018-11-21 09:45:00,128.15654999999992
2018-11-21 10:00:00,128.12524999999994
2018-11-21 10:15:00,128.12524999999994
2018-11-21 10:30:00,128.15654999999992
2018-11-21 10:45:00,128.18774999999994
2018-11-21 11:00:00,128.15654999999992
2018-11-21 11:15:00,128.18774999999994
2018-11-21 11:30:00,128.18774999999994
2018-11-21 11:45:00,128.18774999999994
2018-11-21 12:00:00,128.12524999999994
2018-11-21 12:15:00,128.09404999999992
2018-11-21 12:30:00,128.09404999999992
2018-11-21 12:45:00,128.06274999999994
2018-11-21 13:00:00,128.06274999999994
2018-11-21 13:15:00,128.25024999999994
2018-11-21 13:30:00,128.37524999999994
2018-11-21 13:45:00,128.37524999999994
2018-11-21 14:00:00,128.43774999999994
2018-11-21 14:15:00,128.31274999999994
2018-11-21 14:30:00,128.37524999999994
2018-11-21 14:45:00,128.31274999999994
2018-11-21 15:00:00,128.25024999999994
2018-11-21 15:15:00,128.21904999999992
2018-11-21 15:30:00,128.28154999999992
2018-11-21 15:45:00,128.15654999999992
2018-11-21 16:00:00,128.15654999999992
2018-11-21 16:15:00,128.21904999999992
2018-11-21 16:30:00,128.06274999999994
2018-11-21 16:45:00,128.03154999999992
2018-11-21 17:00:00,128.18774999999994
2018-11-21 17:15:00,128.21904999999992
2018-11-21 17:30:00,128.18774999999994
2018-11-21 17:45:00,128.21904999999992
2018-11-21 18:00:00,128.18774999999994
2018-11-21 18:15:00,128.25024999999994
2018-11-21 18:30:00,128.31274999999994
2018-11-21 18:45:00,128.34404999999992
2018-11-21 19:00:00,128.40654999999992
2018-11-21 19:15:00,128.40654999999992
2018-11-21 19:30:00,128.34404999999992
2018-11-21 19:45:00,128.46904999999992
2018-11-21 20:00:00,128.40654999999992
2018-11-21 20:15:00,128.40654999999992
2018-11-21 20:30:00,128.46904999999992
2018-11-21 20:45:00,128.43774999999994
2018-11-21 21:00:00,128.40654999999992
2018-11-21 21:15:00,128.37524999999994
2018-11-21 21:30:00,128.37524999999994
2018-11-21 21:45:00,128.37524999999994
2018-11-21 23:00:00,128.31274999999994
2018-11-21 23:15:00,128.31274999999994
2018-11-21 23:30:00,128.40654999999992
2018-11-21 23:45:00,128.40654999999992
2018-11-22 00:00:00,128.46904999999992
2018-11-22 00:15:00,128.46904999999992
2018-11-22 00:30:00,128.46904999999992
2018-11-22 00:45:00,128.46904999999992
2018-11-22 01:00:00,128.46904999999992
2018-11-22 01:15:00,128.46904999999992
2018-11-22 01:30:00,128.46904999999992
2018-11-22 01:45:00,128.50024999999994
2018-11-22 02:00:00,128.50024999999994
2018-11-22 02:15:00,128.53154999999992
2018-11-22 02:30:00,128.53154999999992
2018-11-22 02:45:00,128.53154999999992
2018-11-22 03:00:00,128.53154999999992
2018-11-22 03:15:00,128.53154999999992
2018-11-22 03:30:00,128.53154999999992
2018-11-22 03:45:00,128.53154999999992
2018-11-22 04:00:00,128.53154999999992
2018-11-22 04:15:00,128.53154999999992
2018-11-22 04:30:00,128.46904999999992
2018-11-22 04:45:00,128.46904999999992
2018-11-22 05:15:00,128.46904999999992
2018-11-22 05:30:00,128.46904999999992
2018-11-22 05:45:00,128.43774999999994
2018-11-22 06:15:00,128.43774999999994
2018-11-22 06:30:00,128.46904999999992
2018-11-22 06:45:00,128.43774999999994
2018-11-22 07:00:00,128.37524999999994
2018-11-22 07:15:00,128.34404999999992
2018-11-22 07:30:00,128.34404999999992
2018-11-22 07:45:00,128.37524999999994
2018-11-22 08:00:00,128.40654999999992
2018-11-22 08:15:00,128.43774999999994
2018-11-22 08:30:00,128.50024999999994
2018-11-22 08:45:00,128.53154999999992
2018-11-22 09:00:00,128.53154999999992
2018-11-22 09:15:00,128.56274999999994
2018-11-22 09:30:00,128.56274999999994
2018-11-22 09:45:00,128.53154999999992
2018-11-22 10:00:00,128.40654999999992
2018-11-22 10:15:00,128.37524999999994
2018-11-22 10:30:00,128.34404999999992
2018-11-22 10:45:00,128.37524999999994
2018-11-22 11:00:00,128.34404999999992
2018-11-22 11:15:00,128.43774999999994
2018-11-22 11:30:00,128.37524999999994
2018-11-22 11:45:00,128.34404999999992
2018-11-22 12:00:00,128.34404999999992
2018-11-22 12:15:00,128.37524999999994
2018-11-22 12:30:00,128.37524999999994
2018-11-22 12:45:00,128.37524999999994
2018-11-22 13:00:00,128.40654999999992
2018-11-22 13:15:00,128.43774999999994
2018-11-22 13:30:00,128.40654999999992
2018-11-22 13:45:00,128.40654999999992
2018-11-22 14:00:00,128.37524999999994
2018-11-22 14:15:00,128.37524999999994
2018-11-22 14:30:00,128.34404999999992
2018-11-22 14:45:00,128.34404999999992
2018-11-22 15:00:00,128.28154999999992
2018-11-22 15:15:00,128.28154999999992
2018-11-22 15:30:00,128.28154999999992
2018-11-22 15:45:00,128.31274999999994
2018-11-22 16:00:00,128.34404999999992
2018-11-22 16:15:00,128.37524999999994
2018-11-22 16:30:00,128.37524999999994
2018-11-22 16:45:00,128.34404999999992
2018-11-22 17:00:00,128.37524999999994
2018-11-22 17:15:00,128.40654999999992
2018-11-22 17:30:00,128.37524999999994
2018-11-22 17:45:00,128.40654999999992
2018-11-22 23:00:00,128.46904999999992
2018-11-22 23:15:00,128.34404999999992
2018-11-22 23:30:00,128.40654999999992
2018-11-22 23:45:00,128.40654999999992
2018-11-23 00:00:00,128.40654999999992
2018-11-23 00:15:00,128.43774999999994
2018-11-23 00:30:00,128.40654999999992
2018-11-23 00:45:00,128.37524999999994
2018-11-23 01:00:00,128.37524999999994
2018-11-23 01:15:00,128.40654999999992
2018-11-23 01:30:00,128.40654999999992
2018-11-23 01:45:00,128.40654999999992
2018-11-23 02:00:00,128.40654999999992
2018-11-23 02:15:00,128.40654999999992
2018-11-23 02:30:00,128.40654999999992
2018-11-23 02:45:00,128.40654999999992
2018-11-23 03:00:00,128.43774999999994
2018-11-23 03:15:00,128.46904999999992
2018-11-23 03:30:00,128.46904999999992
2018-11-23 03:45:00,128.46904999999992
2018-11-23 04:00:00,128.46904999999992
2018-11-23 04:15:00,128.46904999999992
2018-11-23 04:30:00,128.46904999999992
2018-11-23 04:45:00,128.50024999999994
2018-11-23 05:15:00,128.50024999999994
2018-11-23 05:30:00,128.46904999999992
2018-11-23 05:45:00,128.50024999999994
2018-11-23 06:15:00,128.46904999999992
2018-11-23 06:30:00,128.50024999999994
2018-11-23 06:45:00,128.46904999999992
2018-11-23 07:00:00,128.43774999999994
2018-11-23 07:15:00,128.40654999999992
2018-11-23 07:30:00,128.31274999999994
2018-11-23 07:45:00,128.31274999999994
2018-11-23 08:00:00,128.28154999999992
2018-11-23 08:15:00,128.28154999999992
2018-11-23 08:30:00,128.37524999999994
2018-11-23 08:45:00,128.46904999999992
2018-11-23 09:00:00,128.53154999999992
2018-11-23 09:15:00,128.46904999999992
2018-11-23 09:30:00,128.53154999999992
2018-11-23 09:45:00,128.50024999999994
2018-11-23 10:00:00,128.50024999999994
2018-11-23 10:15:00,128.53154999999992
2018-11-23 10:30:00,128.62524999999994
2018-11-23 10:45:00,128.65654999999992
2018-11-23 11:00:00,128.65654999999992
2018-11-23 11:15:00,128.65654999999992
2018-11-23 11:30:00,128.65654999999992
2018-11-23 11:45:00,128.68774999999994
2018-11-23 12:00:00,128.68774999999994
2018-11-23 12:15:00,128.65654999999992
2018-11-23 12:30:00,128.65654999999992
2018-11-23 12:45:00,128.62524999999994
2018-11-23 13:00:00,128.62524999999994
2018-11-23 13:15:00,128.75024999999994
2018-11-23 13:30:00,128.87524999999994
2018-11-23 13:45:00,128.90654999999992
2018-11-23 14:00:00,128.96904999999992
2018-11-23 14:15:00,129.00024999999994
2018-11-23 14:30:00,129.00024999999994
2018-11-23 14:45:00,128.90654999999992
2018-11-23 15:00:00,128.87524999999994
2018-11-23 15:15:00,128.93774999999994
2018-11-23 15:30:00,128.96904999999992
2018-11-23 15:45:00,128.87524999999994
2018-11-23 16:00:00,128.78154999999992
2018-11-23 16:15:00,128.71904999999992
2018-11-23 16:30:00,128.68774999999994
2018-11-23 16:45:00,128.62524999999994
2018-11-23 17:00:00,128.59404999999992
2018-11-23 17:15:00,128.56274999999994
2018-11-23 17:30:00,128.59404999999992
2018-11-23 17:45:00,128.56274999999994
2018-11-23 18:00:00,128.59404999999992
2018-11-23 23:00:00,128.50024999999994
2018-11-25 23:00:00,128.62524999999994
2018-11-25 23:15:00,128.65654999999992
2018-11-25 23:30:00,128.75024999999994
2018-11-25 23:45:00,128.71904999999992
2018-11-26 00:00:00,128.68774999999994
2018-11-26 00:15:00,128.71904999999992
2018-11-26 00:30:00,128.75024999999994
2018-11-26 00:45:00,128.75024999999994
2018-11-26 01:00:00,128.71904999999992
2018-11-26 01:15:00,128.68774999999994
2018-11-26 01:30:00,128.71904999999992
2018-11-26 01:45:00,128.71904999999992
2018-11-26 02:00:00,128.71904999999992
2018-11-26 02:15:00,128.71904999999992
2018-11-26 02:30:00,128.71904999999992
2018-11-26 02:45:00,128.75024999999994
2018-11-26 03:00:00,128.68774999999994
2018-11-26 03:15:00,128.68774999999994
2018-11-26 03:30:00,128.71904999999992
2018-11-26 03:45:00,128.71904999999992
2018-11-26 04:00:00,128.71904999999992
2018-11-26 04:15:00,128.71904999999992
2018-11-26 04:30:00,128.75024999999994
2018-11-26 04:45:00,128.75024999999994
2018-11-26 05:15:00,128.75024999999994
2018-11-26 05:30:00,128.75024999999994
2018-11-26 05:45:00,128.71904999999992
2018-11-26 06:15:00,128.71904999999992
2018-11-26 06:30:00,128.68774999999994
2018-11-26 06:45:00,128.68774999999994
2018-11-26 07:00:00,128.65654999999992
2018-11-26 07:15:00,128.59404999999992
2018-11-26 07:30:00,128.59404999999992
2018-11-26 07:45:00,128.59404999999992
2018-11-26 08:00:00,128.53154999999992
2018-11-26 08:15:00,128.53154999999992
2018-11-26 08:30:00,128.56274999999994
2018-11-26 08:45:00,128.56274999999994
2018-11-26 09:00:00,128.59404999999992
2018-11-26 09:15:00,128.53154999999992
2018-11-26 09:30:00,128.50024999999994
2018-11-26 09:45:00,128.53154999999992
2018-11-26 10:00:00,128.50024999999994
2018-11-26 10:15:00,128.56274999999994
2018-11-26 10:30:00,128.53154999999992
2018-11-26 10:45:00,128.46904999999992
2018-11-26 11:00:00,128.53154999999992
2018-11-26 11:15:00,128.56274999999994
2018-11-26 11:30:00,128.50024999999994
2018-11-26 11:45:00,128.50024999999994
2018-11-26 12:00:00,128.50024999999994
2018-11-26 12:15:00,128.43774999999994
2018-11-26 12:30:00,128.46904999999992
2018-11-26 12:45:00,128.53154999999992
2018-11-26 13:00:00,128.56274999999994
2018-11-26 13:15:00,128.65654999999992
2018-11-26 13:30:00,128.65654999999992
2018-11-26 13:45:00,128.40654999999992
2018-11-26 14:00:00,128.37524999999994
2018-11-26 14:15:00,128.34404999999992
2018-11-26 14:30:00,128.31274999999994
2018-11-26 14:45:00,128.25024999999994
2018-11-26 15:00:00,128.31274999999994
2018-11-26 15:15:00,128.31274999999994
2018-11-26 15:30:00,128.34404999999992
2018-11-26 15:45:00,128.28154999999992
2018-11-26 16:00:00,128.34404999999992
2018-11-26 16:15:00,128.40654999999992
2018-11-26 16:30:00,128.40654999999992
2018-11-26 16:45:00,128.34404999999992
2018-11-26 17:00:00,128.31274999999994
2018-11-26 17:15:00,128.37524999999994
2018-11-26 17:30:00,128.43774999999994
2018-11-26 17:45:00,128.37524999999994
2018-11-26 18:00:00,128.40654999999992
2018-11-26 18:15:00,128.40654999999992
2018-11-26 18:30:00,128.46904999999992
2018-11-26 18:45:00,128.43774999999994
2018-11-26 19:00:00,128.50024999999994
2018-11-26 19:15:00,128.46904999999992
2018-11-26 19:30:00,128.46904999999992
2018-11-26 19:45:00,128.43774999999994
2018-11-26 20:00:00,128.43774999999994
2018-11-26 20:15:00,128.40654999999992
2018-11-26 20:30:00,128.40654999999992
2018-11-26 20:45:00,128.43774999999994
2018-11-26 21:00:00,128.53154999999992
2018-11-26 21:15:00,128.56274999999994
2018-11-26 21:30:00,128.53154999999992
2018-11-26 21:45:00,128.62524999999994
2018-11-26 23:00:00,128.71904999999992
2018-11-26 23:15:00,128.56274999999994
2018-11-26 23:30:00,128.56274999999994
2018-11-26 23:45:00,128.59404999999992
2018-11-27 00:00:00,128.59404999999992
2018-11-27 00:15:00,128.53154999999992
2018-11-27 00:30:00,128.56274999999994
2018-11-27 00:45:00,128.59404999999992
2018-11-27 01:00:00,128.59404999999992
2018-11-27 01:15:00,128.59404999999992
2018-11-27 01:30:00,128.56274999999994
2018-11-27 01:45:00,128.56274999999994
2018-11-27 02:00:00,128.56274999999994
2018-11-27 02:15:00,128.59404999999992
2018-11-27 02:30:00,128.59404999999992
2018-11-27 02:45:00,128.59404999999992
2018-11-27 03:00:00,128.59404999999992
2018-11-27 03:15:00,128.59404999999992
2018-11-27 03:30:00,128.59404999999992
2018-11-27 03:45:00,128.56274999999994
2018-11-27 04:00:00,128.59404999999992
2018-11-27 04:15:00,128.56274999999994
2018-11-27 04:30:00,128.59404999999992
2018-11-27 04:45:00,128.59404999999992
2018-11-27 05:15:00,128.62524999999994
2018-11-27 05:30:00,128.62524999999994
2018-11-27 05:45:00,128.62524999999994
2018-11-27 06:15:00,128.68774999999994
2018-11-27 06:30:00,128.65654999999992
2018-11-27 06:45:00,128.62524999999994
2018-11-27 07:00:00,128.71904999999992
2018-11-27 07:15:00,128.71904999999992
2018-11-27 07:30:00,128.59404999999992
2018-11-27 07:45:00,128.68774999999994
2018-11-27 08:00:00,128.71904999999992
2018-11-27 08:15:00,128.71904999999992
2018-11-27 08:30:00,128.71904999999992
2018-11-27 08:45:00,128.68774999999994
2018-11-27 09:00:00,128.62524999999994
2018-11-27 09:15:00,128.50024999999994
2018-11-27 09:30:00,128.53154999999992
2018-11-27 09:45:00,128.53154999999992
2018-11-27 10:00:00,128.59404999999992
2018-11-27 10:15:00,128.56274999999994
2018-11-27 10:30:00,128.59404999999992
2018-11-27 10:45:00,128.59404999999992
2018-11-27 11:00:00,128.62524999999994
2018-11-27 11:15:00,128.62524999999994
2018-11-27 11:30:00,128.59404999999992
2018-11-27 11:45:00,128.53154999999992
2018-11-27 12:00:00,128.53154999999992
2018-11-27 12:15:00,128.53154999999992
2018-11-27 12:30:00,128.50024999999994
2018-11-27 12:45:00,128.53154999999992
2018-11-27 13:00:00,128.62524999999994
2018-11-27 13:15:00,128.59404999999992
2018-11-27 13:30:00,128.53154999999992
2018-11-27 13:45:00,128.43774999999994
2018-11-27 14:00:00,128.31274999999994
2018-11-27 14:15:00,128.34404999999992
2018-11-27 14:30:00,128.59404999999992
2018-11-27 14:45:00,128.53154999999992
2018-11-27 15:00:00,128.40654999999992
2018-11-27 15:15:00,128.56274999999994
2018-11-27 15:30:00,128.56274999999994
2018-11-27 15:45:00,128.56274999999994
2018-11-27 16:00:00,128.50024999999994
2018-11-27 16:15:00,128.50024999999994
2018-11-27 16:30:00,128.50024999999994
2018-11-27 16:45:00,128.46904999999992
2018-11-27 17:00:00,128.46904999999992
2018-11-27 17:15:00,128.50024999999994
2018-11-27 17:30:00,128.53154999999992
2018-11-27 17:45:00,128.62524999999994
2018-11-27 18:00:00,128.68774999999994
2018-11-27 18:15:00,128.68774999999994
2018-11-27 18:30:00,128.75024999999994
2018-11-27 18:45:00,128.71904999999992
2018-11-27 19:00:00,128.68774999999994
2018-11-27 19:15:00,128.65654999999992
2018-11-27 19:30:00,128.59404999999992
2018-11-27 19:45:00,128.53154999999992
2018-11-27 20:00:00,128.53154999999992
2018-11-27 20:15:00,128.53154999999992
2018-11-27 20:30:00,128.53154999999992
2018-11-27 20:45:00,128.53154999999992
2018-11-27 21:00:00,128.53154999999992
2018-11-27 21:15:00,128.56274999999994
2018-11-27 21:30:00,128.53154999999992
2018-11-27 21:45:00,128.50024999999994
2018-11-27 23:00:00,128.62524999999994
2018-11-27 23:15:00,128.50024999999994
2018-11-27 23:30:00,128.53154999999992
2018-11-27 23:45:00,128.56274999999994
2018-11-28 00:00:00,128.53154999999992
2018-11-28 00:15:00,128.56274999999994
2018-11-28 00:30:00,128.56274999999994
2018-11-28 00:45:00,128.59404999999992
2018-11-28 01:00:00,128.56274999999994
2018-11-28 01:15:00,128.56274999999994
2018-11-28 01:30:00,128.56274999999994
2018-11-28 01:45:00,128.62524999999994
2018-11-28 02:00:00,128.62524999999994
2018-11-28 02:15:00,128.62524999999994
2018-11-28 02:30:00,128.59404999999992
2018-11-28 02:45:00,128.59404999999992
2018-11-28 03:00:00,128.59404999999992
2018-11-28 03:15:00,128.59404999999992
2018-11-28 03:30:00,128.59404999999992
2018-11-28 04:00:00,128.59404999999992
2018-11-28 04:15:00,128.53154999999992
2018-11-28 04:30:00,128.53154999999992
2018-11-28 04:45:00,128.53154999999992
2018-11-28 05:15:00,128.50024999999994
2018-11-28 05:30:00,128.50024999999994
2018-11-28 05:45:00,128.46904999999992
2018-11-28 06:15:00,128.46904999999992
2018-11-28 06:30:00,128.53154999999992
2018-11-28 06:45:00,128.50024999999994
2018-11-28 07:00:00,128.46904999999992
2018-11-28 07:15:00,128.46904999999992
2018-11-28 07:30:00,128.46904999999992
2018-11-28 07:45:00,128.50024999999994
2018-11-28 08:00:00,128.56274999999994
2018-11-28 08:15:00,128.59404999999992
2018-11-28 08:30:00,128.65654999999992
2018-11-28 08:45:00,128.56274999999994
2018-11-28 09:00:00,128.59404999999992
2018-11-28 09:15:00,128.62524999999994
2018-11-28 09:30:00,128.62524999999994
2018-11-28 09:45:00,128.65654999999992
2018-11-28 10:00:00,128.62524999999994
2018-11-28 10:15:00,128.62524999999994
2018-11-28 10:30:00,128.56274999999994
2018-11-28 10:45:00,128.62524999999994
2018-11-28 11:00:00,128.65654999999992
2018-11-28 11:15:00,128.68774999999994
2018-11-28 11:30:00,128.68774999999994
2018-11-28 11:45:00,128.68774999999994
2018-11-28 12:00:00,128.65654999999992
2018-11-28 12:15:00,128.56274999999994
2018-11-28 12:30:00,128.56274999999994
2018-11-28 12:45:00,128.43774999999994
2018-11-28 13:00:00,128.46904999999992
2018-11-28 13:15:00,128.43774999999994
2018-11-28 13:30:00,128.50024999999994
2018-11-28 13:45:00,128.53154999999992
2018-11-28 14:00:00,128.40654999999992
2018-11-28 14:15:00,128.40654999999992
2018-11-28 14:30:00,128.37524999999994
2018-11-28 14:45:00,128.25024999999994
2018-11-28 15:00:00,128.25024999999994
2018-11-28 15:15:00,128.31274999999994
2018-11-28 15:30:00,128.37524999999994
2018-11-28 15:45:00,128.40654999999992
2018-11-28 16:00:00,128.31274999999994
2018-11-28 16:15:00,128.37524999999994
2018-11-28 16:30:00,128.37524999999994
2018-11-28 16:45:00,128.31274999999994
2018-11-28 17:00:00,128.50024999999994
2018-11-28 17:15:00,128.50024999999994
2018-11-28 17:30:00,128.34404999999992
2018-11-28 17:45:00,128.15654999999992
2018-11-28 18:00:00,128.28154999999992
2018-11-28 18:15:00,128.37524999999994
2018-11-28 18:30:00,128.53154999999992
2018-11-28 18:45:00,128.56274999999994
2018-11-28 19:00:00,128.46904999999992
2018-11-28 19:15:00,128.53154999999992
2018-11-28 19:30:00,128.53154999999992
2018-11-28 19:45:00,128.56274999999994
2018-11-28 20:00:00,128.37524999999994
2018-11-28 20:15:00,128.34404999999992
2018-11-28 20:30:00,128.31274999999994
2018-11-28 20:45:00,128.21904999999992
2018-11-28 21:00:00,128.25024999999994
2018-11-28 21:15:00,128.28154999999992
2018-11-28 21:30:00,128.28154999999992
2018-11-28 21:45:00,128.25024999999994
2018-11-28 23:00:00,128.46904999999992
2018-11-28 23:15:00,128.37524999999994
2018-11-28 23:30:00,128.43774999999994
2018-11-28 23:45:00,128.40654999999992
2018-11-29 00:00:00,128.37524999999994
2018-11-29 00:15:00,128.40654999999992
2018-11-29 00:30:00,128.43774999999994
2018-11-29 00:45:00,128.43774999999994
2018-11-29 01:00:00,128.40654999999992
2018-11-29 01:15:00,128.40654999999992
2018-11-29 01:30:00,128.43774999999994
2018-11-29 01:45:00,128.43774999999994
2018-11-29 02:00:00,128.59404999999992
2018-11-29 02:15:00,128.59404999999992
2018-11-29 02:30:00,128.56274999999994
2018-11-29 02:45:00,128.65654999999992
2018-11-29 03:00:00,128.62524999999994
2018-11-29 03:15:00,128.59404999999992
2018-11-29 03:30:00,128.68774999999994
2018-11-29 03:45:00,128.71904999999992
2018-11-29 04:00:00,128.87524999999994
2018-11-29 04:15:00,128.90654999999992
2018-11-29 04:30:00,128.84404999999992
2018-11-29 04:45:00,128.81274999999994
2018-11-29 05:15:00,128.84404999999992
2018-11-29 05:30:00,128.90654999999992
2018-11-29 05:45:00,129.03154999999992
2018-11-29 06:15:00,128.96904999999992
2018-11-29 06:30:00,128.93774999999994
2018-11-29 06:45:00,128.90654999999992
2018-11-29 07:00:00,128.93774999999994
2018-11-29 07:15:00,128.90654999999992
2018-11-29 07:30:00,128.93774999999994
2018-11-29 07:45:00,128.96904999999992
2018-11-29 08:00:00,128.96904999999992
2018-11-29 08:15:00,129.06274999999994
2018-11-29 08:30:00,129.06274999999994
2018-11-29 08:45:00,129.06274999999994
2018-11-29 09:00:00,129.34404999999992
2018-11-29 09:15:00,129.31274999999994
2018-11-29 09:30:00,129.25024999999994
2018-11-29 09:45:00,129.18774999999994
2018-11-29 10:00:00,129.28154999999992
2018-11-29 10:15:00,129.21904999999992
2018-11-29 10:30:00,129.18774999999994
2018-11-29 10:45:00,129.21904999999992
2018-11-29 11:00:00,129.15654999999992
2018-11-29 11:15:00,129.09404999999992
2018-11-29 11:30:00,129.12524999999994
2018-11-29 11:45:00,128.96904999999992
2018-11-29 12:00:00,128.96904999999992
2018-11-29 12:15:00,128.90654999999992
2018-11-29 12:30:00,129.06274999999994
2018-11-29 12:45:00,129.12524999999994
2018-11-29 13:00:00,129.09404999999992
2018-11-29 13:15:00,129.18774999999994
2018-11-29 13:30:00,128.93774999999994
2018-11-29 13:45:00,128.87524999999994
2018-11-29 14:00:00,128.81274999999994
2018-11-29 14:15:00,128.75024999999994
2018-11-29 14:30:00,128.78154999999992
2018-11-29 14:45:00,128.87524999999994
2018-11-29 15:00:00,128.84404999999992
2018-11-29 15:15:00,129.00024999999994
2018-11-29 15:30:00,129.00024999999994
2018-11-29 15:45:00,129.00024999999994
2018-11-29 16:00:00,129.00024999999994
2018-11-29 16:15:00,128.78154999999992
2018-11-29 16:30:00,128.81274999999994
2018-11-29 16:45:00,128.78154999999992
2018-11-29 17:00:00,128.84404999999992
2018-11-29 17:15:00,128.78154999999992
2018-11-29 17:30:00,128.71904999999992
2018-11-29 17:45:00,128.68774999999994
2018-11-29 18:00:00,128.62524999999994
2018-11-29 18:15:00,128.62524999999994
2018-11-29 18:30:00,128.62524999999994
2018-11-29 18:45:00,128.65654999999992
2018-11-29 19:00:00,128.62524999999994
2018-11-29 19:15:00,128.50024999999994
2018-11-29 19:30:00,128.75024999999994
2018-11-29 19:45:00,128.71904999999992
2018-11-29 20:00:00,128.78154999999992
2018-11-29 20:15:00,128.81274999999994
2018-11-29 20:30:00,128.84404999999992
2018-11-29 20:45:00,128.81274999999994
2018-11-29 21:00:00,128.84404999999992
2018-11-29 21:15:00,128.81274999999994
2018-11-29 21:30:00,128.75024999999994
2018-11-29 21:45:00,128.78154999999992
2018-11-29 23:00:00,128.96904999999992
2018-11-29 23:15:00,128.81274999999994
2018-11-29 23:30:00,128.90654999999992
2018-11-29 23:45:00,128.87524999999994
2018-11-30 00:00:00,128.81274999999994
2018-11-30 00:15:00,128.84404999999992
2018-11-30 00:30:00,128.84404999999992
2018-11-30 00:45:00,128.84404999999992
2018-11-30 01:00:00,128.84404999999992
2018-11-30 01:15:00,128.90654999999992
2018-11-30 01:30:00,128.87524999999994
2018-11-30 01:45:00,128.84404999999992
2018-11-30 02:00:00,128.84404999999992
2018-11-30 02:15:00,128.84404999999992
2018-11-30 02:30:00,128.87524999999994
2018-11-30 02:45:00,128.81274999999994
2018-11-30 03:00:00,128.81274999999994
2018-11-30 03:15:00,128.84404999999992
2018-11-30 03:30:00,128.84404999999992
2018-11-30 03:45:00,128.87524999999994
2018-11-30 04:00:00,128.87524999999994
2018-11-30 04:15:00,128.87524999999994
2018-11-30 04:30:00,128.84404999999992
2018-11-30 04:45:00,128.87524999999994
2018-11-30 05:15:00,128.87524999999994
2018-11-30 05:30:00,128.87524999999994
2018-11-30 05:45:00,128.84404999999992
2018-11-30 06:15:00,128.84404999999992
2018-11-30 06:30:00,128.90654999999992
2018-11-30 06:45:00,128.90654999999992
2018-11-30 07:00:00,128.90654999999992
2018-11-30 07:15:00,128.93774999999994
2018-11-30 07:30:00,128.84404999999992
2018-11-30 07:45:00,128.81274999999994
2018-11-30 08:00:00,128.90654999999992
2018-11-30 08:15:00,128.93774999999994
2018-11-30 08:30:00,129.00024999999994
2018-11-30 08:45:00,128.96904999999992
2018-11-30 09:00:00,128.96904999999992
2018-11-30 09:15:00,129.06274999999994
2018-11-30 09:30:00,128.96904999999992
2018-11-30 09:45:00,128.93774999999994
2018-11-30 10:00:00,128.96904999999992
2018-11-30 10:15:00,128.93774999999994
2018-11-30 10:30:00,129.00024999999994
2018-11-30 10:45:00,129.03154999999992
2018-11-30 11:00:00,129.06274999999994
2018-11-30 11:15:00,129.03154999999992
2018-11-30 11:30:00,129.09404999999992
2018-11-30 11:45:00,129.12524999999994
2018-11-30 12:00:00,129.12524999999994
2018-11-30 12:15:00,129.12524999999994
2018-11-30 12:30:00,129.09404999999992
2018-11-30 12:45:00,129.12524999999994
2018-11-30 13:00:00,129.15654999999992
2018-11-30 13:15:00,129.03154999999992
2018-11-30 13:30:00,129.12524999999994
2018-11-30 13:45:00,129.12524999999994
2018-11-30 14:00:00,129.12524999999994
2018-11-30 14:15:00,129.21904999999992
2018-11-30 14:30:00,129.09404999999992
2018-11-30 14:45:00,129.25024999999994
2018-11-30 15:00:00,129.18774999999994
2018-11-30 15:15:00,129.09404999999992
2018-11-30 15:30:00,129.06274999999994
2018-11-30 15:45:00,129.12524999999994
2018-11-30 16:00:00,129.15654999999992
2018-11-30 16:15:00,129.15654999999992
2018-11-30 16:30:00,129.03154999999992
2018-11-30 16:45:00,129.03154999999992
2018-11-30 17:00:00,129.09404999999992
2018-11-30 17:15:00,129.06274999999994
2018-11-30 17:30:00,129.06274999999994
2018-11-30 17:45:00,129.06274999999994
2018-11-30 18:00:00,129.06274999999994
2018-11-30 18:15:00,129.12524999999994
2018-11-30 18:30:00,129.09404999999992
2018-11-30 18:45:00,129.15654999999992
2018-11-30 19:00:00,129.18774999999994
2018-11-30 19:15:00,129.21904999999992
2018-11-30 19:30:00,129.18774999999994
2018-11-30 19:45:00,129.15654999999992
2018-11-30 20:00:00,129.37524999999994
2018-11-30 20:15:00,129.31274999999994
2018-11-30 20:30:00,129.31274999999994
2018-11-30 20:45:00,129.34404999999992
2018-11-30 21:00:00,129.37524999999994
2018-11-30 21:15:00,129.46904999999992
2018-11-30 21:30:00,129.46904999999992
2018-11-30 21:45:00,129.53154999999992
2018-11-30 23:00:00,128.87524999999994
2018-12-02 23:00:00,128.87524999999994
2018-12-02 23:15:00,128.84404999999992
2018-12-02 23:30:00,128.81274999999994
2018-12-02 23:45:00,128.84404999999992
2018-12-03 00:00:00,128.90654999999992
2018-12-03 00:15:00,128.90654999999992
2018-12-03 00:30:00,128.90654999999992
2018-12-03 00:45:00,128.93774999999994
2018-12-03 01:00:00,128.81274999999994
2018-12-03 01:15:00,128.87524999999994
2018-12-03 01:30:00,128.90654999999992
2018-12-03 01:45:00,128.90654999999992
2018-12-03 02:00:00,128.84404999999992
2018-12-03 02:15:00,128.84404999999992
2018-12-03 02:30:00,128.81274999999994
2018-12-03 02:45:00,128.78154999999992
2018-12-03 03:00:00,128.78154999999992
2018-12-03 03:15:00,128.75024999999994
2018-12-03 03:30:00,128.75024999999994
2018-12-03 03:45:00,128.75024999999994
2018-12-03 04:00:00,128.75024999999994
2018-12-03 04:15:00,128.75024999999994
2018-12-03 04:30:00,128.75024999999994
2018-12-03 04:45:00,128.75024999999994
2018-12-03 05:15:00,128.78154999999992
2018-12-03 05:30:00,128.78154999999992
2018-12-03 05:45:00,128.75024999999994
2018-12-03 06:15:00,128.78154999999992
2018-12-03 06:30:00,128.78154999999992
2018-12-03 06:45:00,128.75024999999994
2018-12-03 07:00:00,128.71904999999992
2018-12-03 07:15:00,128.71904999999992
2018-12-03 07:30:00,128.75024999999994
2018-12-03 07:45:00,128.81274999999994
2018-12-03 08:00:00,128.87524999999994
2018-12-03 08:15:00,128.93774999999994
2018-12-03 08:30:00,128.90654999999992
2018-12-03 08:45:00,128.87524999999994
2018-12-03 09:00:00,128.90654999999992
2018-12-03 09:15:00,128.93774999999994
2018-12-03 09:30:00,128.87524999999994
2018-12-03 09:45:00,128.84404999999992
2018-12-03 10:00:00,128.87524999999994
2018-12-03 10:15:00,128.90654999999992
2018-12-03 10:30:00,128.96904999999992
2018-12-03 10:45:00,128.96904999999992
2018-12-03 11:00:00,128.93774999999994
2018-12-03 11:15:00,129.00024999999994
2018-12-03 11:30:00,128.93774999999994
2018-12-03 11:45:00,128.93774999999994
2018-12-03 12:00:00,129.03154999999992
2018-12-03 12:15:00,128.84404999999992
2018-12-03 12:30:00,128.87524999999994
2018-12-03 12:45:00,128.93774999999994
2018-12-03 13:00:00,128.81274999999994
2018-12-03 13:15:00,128.93774999999994
2018-12-03 13:30:00,128.87524999999994
2018-12-03 13:45:00,128.84404999999992
2018-12-03 14:00:00,128.84404999999992
2018-12-03 14:15:00,129.00024999999994
2018-12-03 14:30:00,129.09404999999992
2018-12-03 14:45:00,129.18774999999994
2018-12-03 15:00:00,129.15654999999992
2018-12-03 15:15:00,129.15654999999992
2018-12-03 15:30:00,129.34404999999992
2018-12-03 15:45:00,129.43774999999994
2018-12-03 16:00:00,129.43774999999994
2018-12-03 16:15:00,129.50024999999994
2018-12-03 16:30:00,129.59404999999992
2018-12-03 16:45:00,129.56274999999994
2018-12-03 17:00:00,129.62524999999994
2018-12-03 17:15:00,129.62524999999994
2018-12-03 17:30:00,129.65654999999992
2018-12-03 17:45:00,129.62524999999994
2018-12-03 18:00:00,129.65654999999992
2018-12-03 18:15:00,129.71904999999992
2018-12-03 18:30:00,129.75024999999994
2018-12-03 18:45:00,129.81274999999994
2018-12-03 19:00:00,129.81274999999994
2018-12-03 19:15:00,129.75024999999994
2018-12-03 19:30:00,129.84404999999992
2018-12-03 19:45:00,129.81274999999994
2018-12-03 20:00:00,129.84404999999992
2018-12-03 20:15:00,129.93774999999994
2018-12-03 20:30:00,129.90654999999992
2018-12-03 20:45:00,130.00024999999994
2018-12-03 21:00:00,130.15654999999992
2018-12-03 21:15:00,130.15654999999992
2018-12-03 21:30:00,130.21904999999992
2018-12-03 21:45:00,130.15654999999992
2018-12-03 23:00:00,128.78154999999992
2018-12-03 23:15:00,130.25024999999994
2018-12-03 23:30:00,130.21904999999992
2018-12-03 23:45:00,130.15654999999992
2018-12-04 00:00:00,130.12524999999994
2018-12-04 00:15:00,130.15654999999992
2018-12-04 00:30:00,130.18774999999994
2018-12-04 00:45:00,130.25024999999994
2018-12-04 01:00:00,130.37524999999994
2018-12-04 01:15:00,130.37524999999994
2018-12-04 01:30:00,130.37524999999994
2018-12-04 01:45:00,130.37524999999994
2018-12-04 02:00:00,130.43774999999994
2018-12-04 02:15:00,130.53154999999992
2018-12-04 02:30:00,130.62524999999994
2018-12-04 02:45:00,130.71904999999992
2018-12-04 03:00:00,130.81274999999994
2018-12-04 03:15:00,130.84404999999992
2018-12-04 03:30:00,130.81274999999994
2018-12-04 03:45:00,130.84404999999992
2018-12-04 04:00:00,130.84404999999992
2018-12-04 04:15:00,130.90654999999992
2018-12-04 04:30:00,130.90654999999992
2018-12-04 04:45:00,130.87524999999994
2018-12-04 05:15:00,130.90654999999992
2018-12-04 05:30:00,130.90654999999992
2018-12-04 05:45:00,130.84404999999992
2018-12-04 06:15:00,130.78154999999992
2018-12-04 06:30:00,130.71904999999992
2018-12-04 06:45:00,130.68774999999994
2018-12-04 07:00:00,130.59404999999992
2018-12-04 07:15:00,130.56274999999994
2018-12-04 07:30:00,130.53154999999992
2018-12-04 07:45:00,130.59404999999992
2018-12-04 08:00:00,130.62524999999994
2018-12-04 08:15:00,130.65654999999992
2018-12-04 08:30:00,130.65654999999992
2018-12-04 08:45:00,130.65654999999992
2018-12-04 09:00:00,130.62524999999994
2018-12-04 09:15:00,130.56274999999994
2018-12-04 09:30:00,130.68774999999994
2018-12-04 09:45:00,130.62524999999994
2018-12-04 10:00:00,130.62524999999994
2018-12-04 10:15:00,130.59404999999992
2018-12-04 10:30:00,130.56274999999994
2018-12-04 10:45:00,130.56274999999994
2018-12-04 11:00:00,130.62524999999994
2018-12-04 11:15:00,130.59404999999992
2018-12-04 11:30:00,130.56274999999994
2018-12-04 11:45:00,130.50024999999994
2018-12-04 12:00:00,130.50024999999994
2018-12-04 12:15:00,130.59404999999992
2018-12-04 12:30:00,130.43774999999994
2018-12-04 12:45:00,130.43774999999994
2018-12-04 13:00:00,130.34404999999992
2018-12-04 13:15:00,130.43774999999994
2018-12-04 13:30:00,130.37524999999994
2018-12-04 13:45:00,130.59404999999992
2018-12-04 14:00:00,130.71904999999992
2018-12-04 14:15:00,130.62524999999994
2018-12-04 14:30:00,130.65654999999992
2018-12-04 14:45:00,130.81274999999994
2018-12-04 15:00:00,130.84404999999992
2018-12-04 15:15:00,130.78154999999992
2018-12-04 15:30:00,130.78154999999992
2018-12-04 15:45:00,130.75024999999994
2018-12-04 16:00:00,131.00024999999994
2018-12-04 16:15:00,130.93774999999994
2018-12-04 16:30:00,130.96904999999992
2018-12-04 16:45:00,131.09404999999992
2018-12-04 17:00:00,131.31274999999994
2018-12-04 17:15:00,131.43774999999994
2018-12-04 17:30:00,131.50024999999994
2018-12-04 17:45:00,131.71904999999992
2018-12-04 18:00:00,131.81274999999994
2018-12-04 18:15:00,132.12524999999994
2018-12-04 18:30:00,132.03154999999992
2018-12-04 18:45:00,131.65654999999992
2018-12-04 19:00:00,131.53154999999992
2018-12-04 19:15:00,131.56274999999994
2018-12-04 19:30:00,131.46904999999992
2018-12-04 19:45:00,131.40654999999992
2018-12-04 20:00:00,131.59404999999992
2018-12-04 20:15:00,131.68774999999994
2018-12-04 20:30:00,131.65654999999992
2018-12-04 20:45:00,131.50024999999994
2018-12-04 21:00:00,131.62524999999994
2018-12-04 21:15:00,131.59404999999992
2018-12-04 21:30:00,131.59404999999992
2018-12-04 21:45:00,131.53154999999992
2018-12-04 23:00:00,130.81274999999994
2018-12-05 23:00:00,131.59404999999992
2018-12-05 23:15:00,131.53154999999992
2018-12-05 23:30:00,131.65654999999992
2018-12-05 23:45:00,131.53154999999992
2018-12-06 00:00:00,131.50024999999994
2018-12-06 00:15:00,131.46904999999992
2018-12-06 00:30:00,131.56274999999994
2018-12-06 00:45:00,131.68774999999994
2018-12-06 01:00:00,131.78154999999992
2018-12-06 01:15:00,131.78154999999992
2018-12-06 01:30:00,131.75024999999994
2018-12-06 01:45:00,131.78154999999992
2018-12-06 02:00:00,131.84404999999992
2018-12-06 02:15:00,131.81274999999994
2018-12-06 02:30:00,131.78154999999992
2018-12-06 02:45:00,131.78154999999992
2018-12-06 03:00:00,132.00024999999994
2018-12-06 03:15:00,131.96904999999992
2018-12-06 03:30:00,131.93774999999994
2018-12-06 03:45:00,132.03154999999992
2018-12-06 04:00:00,132.09404999999992
2018-12-06 04:15:00,132.09404999999992
2018-12-06 04:30:00,132.21904999999992
2018-12-06 04:45:00,132.21904999999992
2018-12-06 05:15:00,132.12524999999994
2018-12-06 05:30:00,132.09404999999992
2018-12-06 05:45:00,132.06274999999994
2018-12-06 06:15:00,131.96904999999992
2018-12-06 06:30:00,131.90654999999992
2018-12-06 06:45:00,131.93774999999994
2018-12-06 07:00:00,131.87524999999994
2018-12-06 07:15:00,131.78154999999992
2018-12-06 07:30:00,131.68774999999994
2018-12-06 07:45:00,131.65654999999992
2018-12-06 08:00:00,131.65654999999992
2018-12-06 08:15:00,131.62524999999994
2018-12-06 08:30:00,131.65654999999992
2018-12-06 08:45:00,131.65654999999992
2018-12-06 09:00:00,131.81274999999994
2018-12-06 09:15:00,131.81274999999994
2018-12-06 09:30:00,131.71904999999992
2018-12-06 09:45:00,132.00024999999994
2018-12-06 10:00:00,131.93774999999994
2018-12-06 10:15:00,131.90654999999992
2018-12-06 10:30:00,131.87524999999994
2018-12-06 10:45:00,131.87524999999994
2018-12-06 11:00:00,131.78154999999992
2018-12-06 11:15:00,131.81274999999994
2018-12-06 11:30:00,131.93774999999994
2018-12-06 11:45:00,131.90654999999992
2018-12-06 12:00:00,131.90654999999992
2018-12-06 12:15:00,131.93774999999994
2018-12-06 12:30:00,131.90654999999992
2018-12-06 12:45:00,132.03154999999992
2018-12-06 13:00:00,131.96904999999992
2018-12-06 13:15:00,131.87524999999994
2018-12-06 13:30:00,131.93774999999994
2018-12-06 13:45:00,132.06274999999994
2018-12-06 14:00:00,132.34404999999992
2018-12-06 14:15:00,132.25024999999994
2018-12-06 14:30:00,132.40654999999992
2018-12-06 14:45:00,132.53154999999992
2018-12-06 15:00:00,132.56274999999994
2018-12-06 15:15:00,132.71904999999992
2018-12-06 15:30:00,132.46904999999992
2018-12-06 15:45:00,132.78154999999992
2018-12-06 16:00:00,132.84404999999992
2018-12-06 16:15:00,132.90654999999992
2018-12-06 16:30:00,132.65654999999992
2018-12-06 16:45:00,132.62524999999994
2018-12-06 17:00:00,132.62524999999994
2018-12-06 17:15:00,132.34404999999992
2018-12-06 17:30:00,132.43774999999994
2018-12-06 17:45:00,132.40654999999992
2018-12-06 18:00:00,132.59404999999992
2018-12-06 18:15:00,132.78154999999992
2018-12-06 18:30:00,132.65654999999992
2018-12-06 18:45:00,132.43774999999994
2018-12-06 19:00:00,132.53154999999992
2018-12-06 19:15:00,132.53154999999992
2018-12-06 19:30:00,132.40654999999992
2018-12-06 19:45:00,132.43774999999994
2018-12-06 20:00:00,132.50024999999994
2018-12-06 20:15:00,132.43774999999994
2018-12-06 20:30:00,132.21904999999992
2018-12-06 20:45:00,132.12524999999994
2018-12-06 21:00:00,132.06274999999994
2018-12-06 21:15:00,132.03154999999992
2018-12-06 21:30:00,132.03154999999992
2018-12-06 21:45:00,131.93774999999994
2018-12-06 23:00:00,132.00024999999994
2018-12-06 23:15:00,132.03154999999992
2018-12-06 23:30:00,131.96904999999992
2018-12-06 23:45:00,131.96904999999992
2018-12-07 00:00:00,132.00024999999994
2018-12-07 00:15:00,132.00024999999994
2018-12-07 00:30:00,132.09404999999992
2018-12-07 00:45:00,132.03154999999992
2018-12-07 01:00:00,132.03154999999992
2018-12-07 01:15:00,132.03154999999992
2018-12-07 01:30:00,132.09404999999992
2018-12-07 01:45:00,132.12524999999994
2018-12-07 02:00:00,132.12524999999994
2018-12-07 02:15:00,132.12524999999994
2018-12-07 02:30:00,132.12524999999994
2018-12-07 02:45:00,132.15654999999992
2018-12-07 03:00:00,132.15654999999992
2018-12-07 03:15:00,132.12524999999994
2018-12-07 03:30:00,132.12524999999994
2018-12-07 03:45:00,132.12524999999994
2018-12-07 04:00:00,132.12524999999994
2018-12-07 04:15:00,132.15654999999992
2018-12-07 04:30:00,132.15654999999992
2018-12-07 04:45:00,132.15654999999992
2018-12-07 05:15:00,132.18774999999994
2018-12-07 05:30:00,132.15654999999992
2018-12-07 05:45:00,132.15654999999992
2018-12-07 06:15:00,132.18774999999994
2018-12-07 06:30:00,132.18774999999994
2018-12-07 06:45:00,132.21904999999992
2018-12-07 07:00:00,132.28154999999992
2018-12-07 07:15:00,132.40654999999992
2018-12-07 07:30:00,132.46904999999992
2018-12-07 07:45:00,132.43774999999994
2018-12-07 08:00:00,132.50024999999994
2018-12-07 08:15:00,132.34404999999992
2018-12-07 08:30:00,132.25024999999994
2018-12-07 08:45:00,132.31274999999994
2018-12-07 09:00:00,132.34404999999992
2018-12-07 09:15:00,132.28154999999992
2018-12-07 09:30:00,132.31274999999994
2018-12-07 09:45:00,132.28154999999992
2018-12-07 10:00:00,132.34404999999992
2018-12-07 10:15:00,132.28154999999992
2018-12-07 10:30:00,132.18774999999994
2018-12-07 10:45:00,132.18774999999994
2018-12-07 11:00:00,132.21904999999992
2018-12-07 11:15:00,132.25024999999994
2018-12-07 11:30:00,132.21904999999992
2018-12-07 11:45:00,132.28154999999992
2018-12-07 12:00:00,132.21904999999992
2018-12-07 12:15:00,132.25024999999994
2018-12-07 12:30:00,132.25024999999994
2018-12-07 12:45:00,132.09404999999992
2018-12-07 13:00:00,131.93774999999994
2018-12-07 13:15:00,132.18774999999994
2018-12-07 13:30:00,131.78154999999992
2018-12-07 13:45:00,132.00024999999994
2018-12-07 14:00:00,132.09404999999992
2018-12-07 14:15:00,131.87524999999994
2018-12-07 14:30:00,131.71904999999992
2018-12-07 14:45:00,131.68774999999994
2018-12-07 15:00:00,131.87524999999994
2018-12-07 15:15:00,131.87524999999994
2018-12-07 15:30:00,131.87524999999994
2018-12-07 15:45:00,131.81274999999994
2018-12-07 16:00:00,132.06274999999994
2018-12-07 16:15:00,132.21904999999992
2018-12-07 16:30:00,132.06274999999994
2018-12-07 16:45:00,132.15654999999992
2018-12-07 17:00:00,132.06274999999994
2018-12-07 17:15:00,132.15654999999992
2018-12-07 17:30:00,132.18774999999994
2018-12-07 17:45:00,132.09404999999992
2018-12-07 18:00:00,132.18774999999994
2018-12-07 18:15:00,132.21904999999992
2018-12-07 18:30:00,132.34404999999992
2018-12-07 18:45:00,132.34404999999992
2018-12-07 19:00:00,132.43774999999994
2018-12-07 19:15:00,132.31274999999994
2018-12-07 19:30:00,132.43774999999994
2018-12-07 19:45:00,132.62524999999994
2018-12-07 20:00:00,132.56274999999994
2018-12-07 20:15:00,132.56274999999994
2018-12-07 20:30:00,132.46904999999992
2018-12-07 20:45:00,132.56274999999994
2018-12-07 21:00:00,132.53154999999992
2018-12-07 21:15:00,132.53154999999992
2018-12-07 21:30:00,132.46904999999992
2018-12-07 21:45:00,132.68774999999994
2018-12-07 23:00:00,132.18774999999994
2018-12-09 23:00:00,132.93774999999994
2018-12-09 23:15:00,133.03154999999992
2018-12-09 23:30:00,133.00024999999994
2018-12-09 23:45:00,133.03154999999992
2018-12-10 00:00:00,132.90654999999992
2018-12-10 00:15:00,132.93774999999994
2018-12-10 00:30:00,132.78154999999992
2018-12-10 00:45:00,132.81274999999994
2018-12-10 01:00:00,132.87524999999994
2018-12-10 01:15:00,132.84404999999992
2018-12-10 01:30:00,133.00024999999994
2018-12-10 01:45:00,132.90654999999992
2018-12-10 02:00:00,132.96904999999992
2018-12-10 02:15:00,132.96904999999992
2018-12-10 02:30:00,132.96904999999992
2018-12-10 02:45:00,132.90654999999992
2018-12-10 03:00:00,132.93774999999994
2018-12-10 03:15:00,132.93774999999994
2018-12-10 03:30:00,132.93774999999994
2018-12-10 03:45:00,133.00024999999994
2018-12-10 04:00:00,132.90654999999992
2018-12-10 04:15:00,132.87524999999994
2018-12-10 04:30:00,132.84404999999992
2018-12-10 04:45:00,132.84404999999992
2018-12-10 05:15:00,132.84404999999992
2018-12-10 05:30:00,132.84404999999992
2018-12-10 05:45:00,132.81274999999994
2018-12-10 06:15:00,132.78154999999992
2018-12-10 06:30:00,132.78154999999992
2018-12-10 06:45:00,132.81274999999994
2018-12-10 07:00:00,132.65654999999992
2018-12-10 07:15:00,132.62524999999994
2018-12-10 07:30:00,132.59404999999992
2018-12-10 07:45:00,132.65654999999992
2018-12-10 08:00:00,132.65654999999992
2018-12-10 08:15:00,132.71904999999992
2018-12-10 08:30:00,132.71904999999992
2018-12-10 08:45:00,132.56274999999994
2018-12-10 09:00:00,132.56274999999994
2018-12-10 09:15:00,132.50024999999994
2018-12-10 09:30:00,132.46904999999992
2018-12-10 09:45:00,132.50024999999994
2018-12-10 10:00:00,132.50024999999994
2018-12-10 10:15:00,132.59404999999992
2018-12-10 10:30:00,132.56274999999994
2018-12-10 10:45:00,132.50024999999994
2018-12-10 11:00:00,132.46904999999992
2018-12-10 11:15:00,132.56274999999994
2018-12-10 11:30:00,132.68774999999994
2018-12-10 11:45:00,132.68774999999994
2018-12-10 12:00:00,132.71904999999992
2018-12-10 12:15:00,132.68774999999994
2018-12-10 12:30:00,132.59404999999992
2018-12-10 12:45:00,132.62524999999994
2018-12-10 13:00:00,132.56274999999994
2018-12-10 13:15:00,132.53154999999992
2018-12-10 13:30:00,132.65654999999992
2018-12-10 13:45:00,132.71904999999992
2018-12-10 14:00:00,132.62524999999994
2018-12-10 14:15:00,132.78154999999992
2018-12-10 14:30:00,132.68774999999994
2018-12-10 14:45:00,132.93774999999994
2018-12-10 15:00:00,132.65654999999992
2018-12-10 15:15:00,132.78154999999992
2018-12-10 15:30:00,133.00024999999994
2018-12-10 15:45:00,132.96904999999992
2018-12-10 16:00:00,133.12524999999994
2018-12-10 16:15:00,133.03154999999992
2018-12-10 16:30:00,132.84404999999992
2018-12-10 16:45:00,132.75024999999994
2018-12-10 17:00:00,132.62524999999994
2018-12-10 17:15:00,132.75024999999994
2018-12-10 17:30:00,132.62524999999994
2018-12-10 17:45:00,132.56274999999994
2018-12-10 18:00:00,132.56274999999994
2018-12-10 18:15:00,132.75024999999994
2018-12-10 18:30:00,132.53154999999992
2018-12-10 18:45:00,132.46904999999992
2018-12-10 19:00:00,132.62524999999994
2018-12-10 19:15:00,132.68774999999994
2018-12-10 19:30:00,132.56274999999994
2018-12-10 19:45:00,132.68774999999994
2018-12-10 20:00:00,132.78154999999992
2018-12-10 20:15:00,132.78154999999992
2018-12-10 20:30:00,132.81274999999994
2018-12-10 20:45:00,132.87524999999994
2018-12-10 21:00:00,132.68774999999994
2018-12-10 21:15:00,132.68774999999994
2018-12-10 21:30:00,132.62524999999994
2018-12-10 21:45:00,132.65654999999992
2018-12-10 23:00:00,132.78154999999992
2018-12-10 23:15:00,132.71904999999992
2018-12-10 23:30:00,132.81274999999994
2018-12-10 23:45:00,132.84404999999992
2018-12-11 00:00:00,132.87524999999994
2018-12-11 00:15:00,132.84404999999992
2018-12-11 00:30:00,132.84404999999992
2018-12-11 00:45:00,132.93774999999994
2018-12-11 01:00:00,132.87524999999994
2018-12-11 01:15:00,132.87524999999994
2018-12-11 01:30:00,132.78154999999992
2018-12-11 01:45:00,132.87524999999994
2018-12-11 02:00:00,132.90654999999992
2018-12-11 02:15:00,132.93774999999994
2018-12-11 02:30:00,132.90654999999992
2018-12-11 02:45:00,132.87524999999994
2018-12-11 03:00:00,132.87524999999994
2018-12-11 03:15:00,132.87524999999994
2018-12-11 03:30:00,132.84404999999992
2018-12-11 03:45:00,132.81274999999994
2018-12-11 04:00:00,132.81274999999994
2018-12-11 04:15:00,132.78154999999992
2018-12-11 04:30:00,132.75024999999994
2018-12-11 04:45:00,132.71904999999992
2018-12-11 05:15:00,132.71904999999992
2018-12-11 05:30:00,132.71904999999992
2018-12-11 05:45:00,132.68774999999994
2018-12-11 06:15:00,132.71904999999992
2018-12-11 06:30:00,132.68774999999994
2018-12-11 06:45:00,132.68774999999994
2018-12-11 07:00:00,132.65654999999992
2018-12-11 07:15:00,132.59404999999992
2018-12-11 07:30:00,132.56274999999994
2018-12-11 07:45:00,132.56274999999994
2018-12-11 08:00:00,132.62524999999994
2018-12-11 08:15:00,132.53154999999992
2018-12-11 08:30:00,132.56274999999994
2018-12-11 08:45:00,132.59404999999992
2018-12-11 09:00:00,132.53154999999992
2018-12-11 09:15:00,132.43774999999994
2018-12-11 09:30:00,132.40654999999992
2018-12-11 09:45:00,132.34404999999992
2018-12-11 10:00:00,132.31274999999994
2018-12-11 10:15:00,132.34404999999992
2018-12-11 10:30:00,132.21904999999992
2018-12-11 10:45:00,132.28154999999992
2018-12-11 11:00:00,132.31274999999994
2018-12-11 11:15:00,132.34404999999992
2018-12-11 11:30:00,132.40654999999992
2018-12-11 11:45:00,132.37524999999994
2018-12-11 12:00:00,132.31274999999994
2018-12-11 12:15:00,132.28154999999992
2018-12-11 12:30:00,132.28154999999992
2018-12-11 12:45:00,132.28154999999992
2018-12-11 13:00:00,132.46904999999992
2018-12-11 13:15:00,132.50024999999994
2018-12-11 13:30:00,132.62524999999994
2018-12-11 13:45:00,132.75024999999994
2018-12-11 14:00:00,132.75024999999994
2018-12-11 14:15:00,132.68774999999994
2018-12-11 14:30:00,132.71904999999992
2018-12-11 14:45:00,132.87524999999994
2018-12-11 15:00:00,132.90654999999992
2018-12-11 15:15:00,132.81274999999994
2018-12-11 15:30:00,132.90654999999992
2018-12-11 15:45:00,132.96904999999992
2018-12-11 16:00:00,132.96904999999992
2018-12-11 16:15:00,132.90654999999992
2018-12-11 16:30:00,132.87524999999994
2018-12-11 16:45:00,132.87524999999994
2018-12-11 17:00:00,133.00024999999994
2018-12-11 17:15:00,132.96904999999992
2018-12-11 17:30:00,132.87524999999994
2018-12-11 17:45:00,132.87524999999994
2018-12-11 18:00:00,132.84404999999992
2018-12-11 18:15:00,132.71904999999992
2018-12-11 18:30:00,132.71904999999992
2018-12-11 18:45:00,132.71904999999992
2018-12-11 19:00:00,132.71904999999992
2018-12-11 19:15:00,132.53154999999992
2018-12-11 19:30:00,132.50024999999994
2018-12-11 19:45:00,132.46904999999992
2018-12-11 20:00:00,132.34404999999992
2018-12-11 20:15:00,132.40654999999992
2018-12-11 20:30:00,132.50024999999994
2018-12-11 20:45:00,132.56274999999994
2018-12-11 21:00:00,132.50024999999994
2018-12-11 21:15:00,132.53154999999992
2018-12-11 21:30:00,132.53154999999992
2018-12-11 21:45:00,132.46904999999992
2018-12-11 23:00:00,132.68774999999994
2018-12-11 23:15:00,132.50024999999994
2018-12-11 23:30:00,132.56274999999994
2018-12-11 23:45:00,132.46904999999992
2018-12-12 00:00:00,132.46904999999992
2018-12-12 00:15:00,132.43774999999994
2018-12-12 00:30:00,132.31274999999994
2018-12-12 00:45:00,132.34404999999992
2018-12-12 01:00:00,132.37524999999994
2018-12-12 01:15:00,132.28154999999992
2018-12-12 01:30:00,132.28154999999992
2018-12-12 01:45:00,132.28154999999992
2018-12-12 02:00:00,132.31274999999994
2018-12-12 02:15:00,132.34404999999992
2018-12-12 02:30:00,132.34404999999992
2018-12-12 02:45:00,132.37524999999994
2018-12-12 03:00:00,132.37524999999994
2018-12-12 03:15:00,132.34404999999992
2018-12-12 03:30:00,132.31274999999994
2018-12-12 03:45:00,132.34404999999992
2018-12-12 04:00:00,132.34404999999992
2018-12-12 04:15:00,132.37524999999994
2018-12-12 04:30:00,132.40654999999992
2018-12-12 04:45:00,132.37524999999994
2018-12-12 05:15:00,132.37524999999994
2018-12-12 05:30:00,132.37524999999994
2018-12-12 05:45:00,132.37524999999994
2018-12-12 06:15:00,132.25024999999994
2018-12-12 06:30:00,132.25024999999994
2018-12-12 06:45:00,132.25024999999994
2018-12-12 07:00:00,132.28154999999992
2018-12-12 07:15:00,132.25024999999994
2018-12-12 07:30:00,132.43774999999994
2018-12-12 07:45:00,132.43774999999994
2018-12-12 08:00:00,132.40654999999992
2018-12-12 08:15:00,132.25024999999994
2018-12-12 08:30:00,132.18774999999994
2018-12-12 08:45:00,132.18774999999994
2018-12-12 09:00:00,132.12524999999994
2018-12-12 09:15:00,132.15654999999992
2018-12-12 09:30:00,132.18774999999994
2018-12-12 09:45:00,132.15654999999992
2018-12-12 10:00:00,132.18774999999994
2018-12-12 10:15:00,132.25024999999994
2018-12-12 10:30:00,132.25024999999994
2018-12-12 10:45:00,132.18774999999994
2018-12-12 11:00:00,132.21904999999992
2018-12-12 11:15:00,132.28154999999992
2018-12-12 11:30:00,132.34404999999992
2018-12-12 11:45:00,132.40654999999992
2018-12-12 12:00:00,132.31274999999994
2018-12-12 12:15:00,132.28154999999992
2018-12-12 12:30:00,132.18774999999994
2018-12-12 12:45:00,132.15654999999992
2018-12-12 13:00:00,132.21904999999992
2018-12-12 13:15:00,132.18774999999994
2018-12-12 13:30:00,132.31274999999994
2018-12-12 13:45:00,132.06274999999994
2018-12-12 14:00:00,132.09404999999992
2018-12-12 14:15:00,132.21904999999992
2018-12-12 14:30:00,132.15654999999992
2018-12-12 14:45:00,132.21904999999992
2018-12-12 15:00:00,132.15654999999992
2018-12-12 15:15:00,132.15654999999992
2018-12-12 15:30:00,132.25024999999994
2018-12-12 15:45:00,132.18774999999994
2018-12-12 16:00:00,132.18774999999994
2018-12-12 16:15:00,132.15654999999992
2018-12-12 16:30:00,132.09404999999992
2018-12-12 16:45:00,132.03154999999992
2018-12-12 17:00:00,132.09404999999992
2018-12-12 17:15:00,132.06274999999994
2018-12-12 17:30:00,132.03154999999992
2018-12-12 17:45:00,131.93774999999994
2018-12-12 18:00:00,131.87524999999994
2018-12-12 18:15:00,131.93774999999994
2018-12-12 18:30:00,131.93774999999994
2018-12-12 18:45:00,132.03154999999992
2018-12-12 19:00:00,132.09404999999992
2018-12-12 19:15:00,132.15654999999992
2018-12-12 19:30:00,132.06274999999994
2018-12-12 19:45:00,132.00024999999994
2018-12-12 20:00:00,131.93774999999994
2018-12-12 20:15:00,131.93774999999994
2018-12-12 20:30:00,131.90654999999992
2018-12-12 20:45:00,131.90654999999992
2018-12-12 21:00:00,131.87524999999994
2018-12-12 21:15:00,131.87524999999994
2018-12-12 21:30:00,131.93774999999994
2018-12-12 21:45:00,131.87524999999994
2018-12-12 23:00:00,132.25024999999994
2018-12-12 23:15:00,131.96904999999992
2018-12-12 23:30:00,131.96904999999992
2018-12-12 23:45:00,131.96904999999992
2018-12-13 00:00:00,131.93774999999994
2018-12-13 00:15:00,131.87524999999994
2018-12-13 00:30:00,131.96904999999992
2018-12-13 00:45:00,131.96904999999992
2018-12-13 01:00:00,131.96904999999992
2018-12-13 01:15:00,131.93774999999994
2018-12-13 01:30:00,131.93774999999994
2018-12-13 01:45:00,131.93774999999994
2018-12-13 02:00:00,131.87524999999994
2018-12-13 02:15:00,131.84404999999992
2018-12-13 02:30:00,131.81274999999994
2018-12-13 02:45:00,131.81274999999994
2018-12-13 03:00:00,131.81274999999994
2018-12-13 03:15:00,131.84404999999992
2018-12-13 03:30:00,131.81274999999994
2018-12-13 03:45:00,131.84404999999992
2018-12-13 04:00:00,131.84404999999992
2018-12-13 04:15:00,131.81274999999994
2018-12-13 04:30:00,131.81274999999994
2018-12-13 04:45:00,131.84404999999992
2018-12-13 05:15:00,131.84404999999992
2018-12-13 05:30:00,131.84404999999992
2018-12-13 05:45:00,131.81274999999994
2018-12-13 06:15:00,131.84404999999992
2018-12-13 06:30:00,131.81274999999994
2018-12-13 06:45:00,131.84404999999992
2018-12-13 07:00:00,131.90654999999992
2018-12-13 07:15:00,131.84404999999992
2018-12-13 07:30:00,131.87524999999994
2018-12-13 07:45:00,131.81274999999994
2018-12-13 08:00:00,131.84404999999992
2018-12-13 08:15:00,131.84404999999992
2018-12-13 08:30:00,131.93774999999994
2018-12-13 08:45:00,131.96904999999992
2018-12-13 09:00:00,132.03154999999992
2018-12-13 09:15:00,132.03154999999992
2018-12-13 09:30:00,132.06274999999994
2018-12-13 09:45:00,132.18774999999994
2018-12-13 10:00:00,132.21904999999992
2018-12-13 10:15:00,132.15654999999992
2018-12-13 10:30:00,132.15654999999992
2018-12-13 10:45:00,132.18774999999994
2018-12-13 11:00:00,132.18774999999994
2018-12-13 11:15:00,132.18774999999994
2018-12-13 11:30:00,132.18774999999994
2018-12-13 11:45:00,132.15654999999992
2018-12-13 12:00:00,132.12524999999994
2018-12-13 12:15:00,132.03154999999992
2018-12-13 12:30:00,132.06274999999994
2018-12-13 12:45:00,132.03154999999992
2018-12-13 13:00:00,131.90654999999992
2018-12-13 13:15:00,131.93774999999994
2018-12-13 13:30:00,132.03154999999992
2018-12-13 13:45:00,132.15654999999992
2018-12-13 14:00:00,132.00024999999994
2018-12-13 14:15:00,132.03154999999992
2018-12-13 14:30:00,132.12524999999994
2018-12-13 14:45:00,132.09404999999992
2018-12-13 15:00:00,131.87524999999994
2018-12-13 15:15:00,131.90654999999992
2018-12-13 15:30:00,131.84404999999992
2018-12-13 15:45:00,131.87524999999994
2018-12-13 16:00:00,131.87524999999994
2018-12-13 16:15:00,131.71904999999992
2018-12-13 16:30:00,131.62524999999994
2018-12-13 16:45:00,131.71904999999992
2018-12-13 17:00:00,131.75024999999994
2018-12-13 17:15:00,131.75024999999994
2018-12-13 17:30:00,131.71904999999992
2018-12-13 17:45:00,131.59404999999992
2018-12-13 18:00:00,131.84404999999992
2018-12-13 18:15:00,131.75024999999994
2018-12-13 18:30:00,131.78154999999992
2018-12-13 18:45:00,131.93774999999994
2018-12-13 19:00:00,131.90654999999992
2018-12-13 19:15:00,131.78154999999992
2018-12-13 19:30:00,131.75024999999994
2018-12-13 19:45:00,131.71904999999992
2018-12-13 20:00:00,131.65654999999992
2018-12-13 20:15:00,131.68774999999994
2018-12-13 20:30:00,131.59404999999992
2018-12-13 20:45:00,131.62524999999994
2018-12-13 21:00:00,131.62524999999994
2018-12-13 21:15:00,131.62524999999994
2018-12-13 21:30:00,131.65654999999992
2018-12-13 21:45:00,131.59404999999992
2018-12-13 23:00:00,131.81274999999994
2018-12-13 23:15:00,131.68774999999994
2018-12-13 23:30:00,131.71904999999992
2018-12-13 23:45:00,131.71904999999992
2018-12-14 00:00:00,131.68774999999994
2018-12-14 00:15:00,131.71904999999992
2018-12-14 00:30:00,131.78154999999992
2018-12-14 00:45:00,131.81274999999994
2018-12-14 01:00:00,131.84404999999992
2018-12-14 01:15:00,131.87524999999994
2018-12-14 01:30:00,131.96904999999992
2018-12-14 01:45:00,131.96904999999992
2018-12-14 02:00:00,132.03154999999992
2018-12-14 02:15:00,132.03154999999992
2018-12-14 02:30:00,132.00024999999994
2018-12-14 02:45:00,131.96904999999992
2018-12-14 03:00:00,131.90654999999992
2018-12-14 03:15:00,131.90654999999992
2018-12-14 03:30:00,131.90654999999992
2018-12-14 03:45:00,131.90654999999992
2018-12-14 04:00:00,131.90654999999992
2018-12-14 04:15:00,131.93774999999994
2018-12-14 04:30:00,131.96904999999992
2018-12-14 04:45:00,131.93774999999994
2018-12-14 05:15:00,131.93774999999994
2018-12-14 05:30:00,131.96904999999992
2018-12-14 05:45:00,132.00024999999994
2018-12-14 06:15:00,132.00024999999994
2018-12-14 06:30:00,131.96904999999992
2018-12-14 06:45:00,132.00024999999994
2018-12-14 07:00:00,132.00024999999994
2018-12-14 07:15:00,132.15654999999992
2018-12-14 07:30:00,132.18774999999994
2018-12-14 07:45:00,132.12524999999994
2018-12-14 08:00:00,132.09404999999992
2018-12-14 08:15:00,132.21904999999992
2018-12-14 08:30:00,132.31274999999994
2018-12-14 08:45:00,132.34404999999992
2018-12-14 09:00:00,132.34404999999992
2018-12-14 09:15:00,132.37524999999994
2018-12-14 09:30:00,132.31274999999994
2018-12-14 09:45:00,132.31274999999994
2018-12-14 10:00:00,132.25024999999994
2018-12-14 10:15:00,132.28154999999992
2018-12-14 10:30:00,132.28154999999992
2018-12-14 10:45:00,132.21904999999992
2018-12-14 11:00:00,132.18774999999994
2018-12-14 11:15:00,132.21904999999992
2018-12-14 11:30:00,132.28154999999992
2018-12-14 11:45:00,132.18774999999994
2018-12-14 12:00:00,132.21904999999992
2018-12-14 12:15:00,132.12524999999994
2018-12-14 12:30:00,132.15654999999992
2018-12-14 12:45:00,132.12524999999994
2018-12-14 13:00:00,132.12524999999994
2018-12-14 13:15:00,132.21904999999992
2018-12-14 13:30:00,132.09404999999992
2018-12-14 13:45:00,132.00024999999994
2018-12-14 14:00:00,132.09404999999992
2018-12-14 14:15:00,132.09404999999992
2018-12-14 14:30:00,132.00024999999994
2018-12-14 14:45:00,131.90654999999992
2018-12-14 15:00:00,131.96904999999992
2018-12-14 15:15:00,132.06274999999994
2018-12-14 15:30:00,131.96904999999992
2018-12-14 15:45:00,131.96904999999992
2018-12-14 16:00:00,132.09404999999992
2018-12-14 16:15:00,132.12524999999994
2018-12-14 16:30:00,132.12524999999994
2018-12-14 16:45:00,132.25024999999994
2018-12-14 17:00:00,132.18774999999994
2018-12-14 17:15:00,132.12524999999994
2018-12-14 17:30:00,132.09404999999992
2018-12-14 17:45:00,132.00024999999994
2018-12-14 18:00:00,131.93774999999994
2018-12-14 18:15:00,131.84404999999992
2018-12-14 18:30:00,131.90654999999992
2018-12-14 18:45:00,132.03154999999992
2018-12-14 19:00:00,132.03154999999992
2018-12-14 19:15:00,132.03154999999992
2018-12-14 19:30:00,132.18774999999994
2018-12-14 19:45:00,132.00024999999994
2018-12-14 20:00:00,132.00024999999994
2018-12-14 20:15:00,131.96904999999992
2018-12-14 20:30:00,132.03154999999992
2018-12-14 20:45:00,131.93774999999994
2018-12-14 21:00:00,131.93774999999994
2018-12-14 21:15:00,131.93774999999994
2018-12-14 21:30:00,131.90654999999992
2018-12-14 21:45:00,131.96904999999992
2018-12-14 23:00:00,132.00024999999994
2018-12-16 23:00:00,132.00024999999994
2018-12-16 23:15:00,132.03154999999992
2018-12-16 23:30:00,132.00024999999994
2018-12-16 23:45:00,131.96904999999992
2018-12-17 00:00:00,132.00024999999994
2018-12-17 00:15:00,131.93774999999994
2018-12-17 00:30:00,131.96904999999992
2018-12-17 00:45:00,131.96904999999992
2018-12-17 01:00:00,131.96904999999992
2018-12-17 01:15:00,131.96904999999992
2018-12-17 01:30:00,131.96904999999992
2018-12-17 01:45:00,131.93774999999994
2018-12-17 02:00:00,131.93774999999994
2018-12-17 02:15:00,131.93774999999994
2018-12-17 02:30:00,131.90654999999992
2018-12-17 02:45:00,131.90654999999992
2018-12-17 03:00:00,131.87524999999994
2018-12-17 03:15:00,131.90654999999992
2018-12-17 03:30:00,131.90654999999992
2018-12-17 03:45:00,131.90654999999992
2018-12-17 04:00:00,131.90654999999992
2018-12-17 04:15:00,131.93774999999994
2018-12-17 04:30:00,131.93774999999994
2018-12-17 04:45:00,131.93774999999994
2018-12-17 05:15:00,131.90654999999992
2018-12-17 05:30:00,131.90654999999992
2018-12-17 05:45:00,131.93774999999994
2018-12-17 06:15:00,131.93774999999994
2018-12-17 06:45:00,131.93774999999994
2018-12-17 07:00:00,131.93774999999994
2018-12-17 07:15:00,132.00024999999994
2018-12-17 07:30:00,132.06274999999994
2018-12-17 07:45:00,132.03154999999992
2018-12-17 08:00:00,132.06274999999994
2018-12-17 08:15:00,132.06274999999994
2018-12-17 08:30:00,132.09404999999992
2018-12-17 08:45:00,132.00024999999994
2018-12-17 09:00:00,132.06274999999994
2018-12-17 09:15:00,132.06274999999994
2018-12-17 09:30:00,132.12524999999994
2018-12-17 09:45:00,132.15654999999992
2018-12-17 10:00:00,132.15654999999992
2018-12-17 10:15:00,132.09404999999992
2018-12-17 10:30:00,132.15654999999992
2018-12-17 10:45:00,132.15654999999992
2018-12-17 11:00:00,132.12524999999994
2018-12-17 11:15:00,132.15654999999992
2018-12-17 11:30:00,132.15654999999992
2018-12-17 11:45:00,132.15654999999992
2018-12-17 12:00:00,132.12524999999994
2018-12-17 12:15:00,132.09404999999992
2018-12-17 12:30:00,132.09404999999992
2018-12-17 12:45:00,132.15654999999992
2018-12-17 13:00:00,132.18774999999994
2018-12-17 13:15:00,132.09404999999992
2018-12-17 13:30:00,132.03154999999992
2018-12-17 13:45:00,132.00024999999994
2018-12-17 14:00:00,131.96904999999992
2018-12-17 14:15:00,132.03154999999992
2018-12-17 14:30:00,132.25024999999994
2018-12-17 14:45:00,132.25024999999994
2018-12-17 15:00:00,132.31274999999994
2018-12-17 15:15:00,132.40654999999992
2018-12-17 15:30:00,132.34404999999992
2018-12-17 15:45:00,132.31274999999994
2018-12-17 16:00:00,132.31274999999994
2018-12-17 16:15:00,132.31274999999994
2018-12-17 16:30:00,132.37524999999994
2018-12-17 16:45:00,132.21904999999992
2018-12-17 17:00:00,132.37524999999994
2018-12-17 17:15:00,132.37524999999994
2018-12-17 17:30:00,132.40654999999992
2018-12-17 17:45:00,132.40654999999992
2018-12-17 18:00:00,132.37524999999994
2018-12-17 18:15:00,132.40654999999992
2018-12-17 18:30:00,132.40654999999992
2018-12-17 18:45:00,132.46904999999992
2018-12-17 19:00:00,132.50024999999994
2018-12-17 19:15:00,132.50024999999994
2018-12-17 19:30:00,132.37524999999994
2018-12-17 19:45:00,132.50024999999994
2018-12-17 20:00:00,132.40654999999992
2018-12-17 20:15:00,132.53154999999992
2018-12-17 20:30:00,132.59404999999992
2018-12-17 20:45:00,132.50024999999994
2018-12-17 21:00:00,132.50024999999994
2018-12-17 21:15:00,132.50024999999994
2018-12-17 21:30:00,132.50024999999994
2018-12-17 21:45:00,132.50024999999994
2018-12-17 23:00:00,131.93774999999994
2018-12-17 23:15:00,132.53154999999992
2018-12-17 23:30:00,132.50024999999994
2018-12-17 23:45:00,132.46904999999992
2018-12-18 00:00:00,132.50024999999994
2018-12-18 00:15:00,132.53154999999992
2018-12-18 00:30:00,132.56274999999994
2018-12-18 00:45:00,132.50024999999994
2018-12-18 01:00:00,132.46904999999992
2018-12-18 01:15:00,132.53154999999992
2018-12-18 01:30:00,132.50024999999994
2018-12-18 01:45:00,132.53154999999992
2018-12-18 02:00:00,132.53154999999992
2018-12-18 02:15:00,132.53154999999992
2018-12-18 02:30:00,132.53154999999992
2018-12-18 02:45:00,132.53154999999992
2018-12-18 03:00:00,132.56274999999994
2018-12-18 03:15:00,132.59404999999992
2018-12-18 03:30:00,132.68774999999994
2018-12-18 03:45:00,132.62524999999994
2018-12-18 04:00:00,132.62524999999994
2018-12-18 04:15:00,132.62524999999994
2018-12-18 04:30:00,132.59404999999992
2018-12-18 04:45:00,132.59404999999992
2018-12-18 05:15:00,132.59404999999992
2018-12-18 05:30:00,132.59404999999992
2018-12-18 05:45:00,132.62524999999994
2018-12-18 06:15:00,132.62524999999994
2018-12-18 06:30:00,132.62524999999994
2018-12-18 06:45:00,132.62524999999994
2018-12-18 07:00:00,132.65654999999992
2018-12-18 07:15:00,132.65654999999992
2018-12-18 07:30:00,132.65654999999992
2018-12-18 07:45:00,132.75024999999994
2018-12-18 08:00:00,132.90654999999992
2018-12-18 08:15:00,132.87524999999994
2018-12-18 08:30:00,132.87524999999994
2018-12-18 08:45:00,132.90654999999992
2018-12-18 09:00:00,132.96904999999992
2018-12-18 09:15:00,133.03154999999992
2018-12-18 09:30:00,133.03154999999992
2018-12-18 09:45:00,132.96904999999992
2018-12-18 10:00:00,132.96904999999992
2018-12-18 10:15:00,132.87524999999994
2018-12-18 10:30:00,132.90654999999992
2018-12-18 10:45:00,133.03154999999992
2018-12-18 11:00:00,133.00024999999994
2018-12-18 11:15:00,133.03154999999992
2018-12-18 11:30:00,133.00024999999994
2018-12-18 11:45:00,133.03154999999992
2018-12-18 12:00:00,132.93774999999994
2018-12-18 12:15:00,132.90654999999992
2018-12-18 12:30:00,132.90654999999992
2018-12-18 12:45:00,132.93774999999994
2018-12-18 13:00:00,132.93774999999994
2018-12-18 13:15:00,132.90654999999992
2018-12-18 13:30:00,132.81274999999994
2018-12-18 13:45:00,132.81274999999994
2018-12-18 14:00:00,132.81274999999994
2018-12-18 14:15:00,132.65654999999992
2018-12-18 14:30:00,132.65654999999992
2018-12-18 14:45:00,132.53154999999992
2018-12-18 15:00:00,132.65654999999992
2018-12-18 15:15:00,132.56274999999994
2018-12-18 15:30:00,132.65654999999992
2018-12-18 15:45:00,132.71904999999992
2018-12-18 16:00:00,132.84404999999992
2018-12-18 16:15:00,133.12524999999994
2018-12-18 16:30:00,133.06274999999994
2018-12-18 16:45:00,133.03154999999992
2018-12-18 17:00:00,132.96904999999992
2018-12-18 17:15:00,132.96904999999992
2018-12-18 17:30:00,133.03154999999992
2018-12-18 17:45:00,133.00024999999994
2018-12-18 18:00:00,132.96904999999992
2018-12-18 18:15:00,133.03154999999992
2018-12-18 18:30:00,133.03154999999992
2018-12-18 18:45:00,133.12524999999994
2018-12-18 19:00:00,133.06274999999994
2018-12-18 19:15:00,133.15654999999992
2018-12-18 19:30:00,133.18774999999994
2018-12-18 19:45:00,133.15654999999992
2018-12-18 20:00:00,133.21904999999992
2018-12-18 20:15:00,133.25024999999994
2018-12-18 20:30:00,133.15654999999992
2018-12-18 20:45:00,133.15654999999992
2018-12-18 21:00:00,133.15654999999992
2018-12-18 21:15:00,133.21904999999992
2018-12-18 21:30:00,133.21904999999992
2018-12-18 21:45:00,133.25024999999994
2018-12-18 23:00:00,132.59404999999992
2018-12-18 23:15:00,133.31274999999994
2018-12-18 23:30:00,133.28154999999992
2018-12-18 23:45:00,133.28154999999992
2018-12-19 00:00:00,133.46904999999992
2018-12-19 00:15:00,133.46904999999992
2018-12-19 00:30:00,133.37524999999994
2018-12-19 00:45:00,133.37524999999994
2018-12-19 01:00:00,133.37524999999994
2018-12-19 01:15:00,133.37524999999994
2018-12-19 01:30:00,133.31274999999994
2018-12-19 01:45:00,133.31274999999994
2018-12-19 02:00:00,133.37524999999994
2018-12-19 02:15:00,133.40654999999992
2018-12-19 02:30:00,133.34404999999992
2018-12-19 02:45:00,133.34404999999992
2018-12-19 03:00:00,133.34404999999992
2018-12-19 03:15:00,133.37524999999994
2018-12-19 03:30:00,133.50024999999994
2018-12-19 03:45:00,133.50024999999994
2018-12-19 04:00:00,133.50024999999994
2018-12-19 04:15:00,133.46904999999992
2018-12-19 04:30:00,133.43774999999994
2018-12-19 04:45:00,133.43774999999994
2018-12-19 05:15:00,133.40654999999992
2018-12-19 05:30:00,133.37524999999994
2018-12-19 05:45:00,133.40654999999992
2018-12-19 06:15:00,133.37524999999994
2018-12-19 06:30:00,133.37524999999994
2018-12-19 06:45:00,133.34404999999992
2018-12-19 07:00:00,133.28154999999992
2018-12-19 07:15:00,133.31274999999994
2018-12-19 07:30:00,133.18774999999994
2018-12-19 07:45:00,133.21904999999992
2018-12-19 08:00:00,133.28154999999992
2018-12-19 08:15:00,133.31274999999994
2018-12-19 08:30:00,133.28154999999992
2018-12-19 08:45:00,133.25024999999994
2018-12-19 09:00:00,133.25024999999994
2018-12-19 09:15:00,133.25024999999994
2018-12-19 09:30:00,133.31274999999994
2018-12-19 09:45:00,133.25024999999994
2018-12-19 10:00:00,133.25024999999994
2018-12-19 10:15:00,133.25024999999994
2018-12-19 10:30:00,133.25024999999994
2018-12-19 10:45:00,133.28154999999992
2018-12-19 11:00:00,133.34404999999992
2018-12-19 11:15:00,133.37524999999994
2018-12-19 11:30:00,133.34404999999992
2018-12-19 11:45:00,133.34404999999992
2018-12-19 12:00:00,133.25024999999994
2018-12-19 12:15:00,133.21904999999992
2018-12-19 12:30:00,133.25024999999994
2018-12-19 12:45:00,133.31274999999994
2018-12-19 13:00:00,133.40654999999992
2018-12-19 13:15:00,133.34404999999992
2018-12-19 13:30:00,133.43774999999994
2018-12-19 13:45:00,133.43774999999994
2018-12-19 14:00:00,133.50024999999994
2018-12-19 14:15:00,133.53154999999992
2018-12-19 14:30:00,133.53154999999992
2018-12-19 14:45:00,133.46904999999992
2018-12-19 15:00:00,133.43774999999994
2018-12-19 15:15:00,133.46904999999992
2018-12-19 15:30:00,133.37524999999994
2018-12-19 15:45:00,133.53154999999992
2018-12-19 16:00:00,133.65654999999992
2018-12-19 16:15:00,133.65654999999992
2018-12-19 16:30:00,133.68774999999994
2018-12-19 16:45:00,133.62524999999994
2018-12-19 17:00:00,133.71904999999992
2018-12-19 17:15:00,133.53154999999992
2018-12-19 17:30:00,133.46904999999992
2018-12-19 17:45:00,133.56274999999994
2018-12-19 18:00:00,133.59404999999992
2018-12-19 18:15:00,133.65654999999992
2018-12-19 18:30:00,133.53154999999992
2018-12-19 18:45:00,133.43774999999994
2018-12-19 19:00:00,134.12524999999994
2018-12-19 19:15:00,133.87524999999994
2018-12-19 19:30:00,134.15654999999992
2018-12-19 19:45:00,134.31274999999994
2018-12-19 20:00:00,134.46904999999992
2018-12-19 20:15:00,134.53154999999992
2018-12-19 20:30:00,134.62524999999994
2018-12-19 20:45:00,134.40654999999992
2018-12-19 21:00:00,134.75024999999994
2018-12-19 21:15:00,134.75024999999994
2018-12-19 21:30:00,134.78154999999992
2018-12-19 21:45:00,134.96904999999992
2018-12-19 23:00:00,133.34404999999992
2018-12-19 23:15:00,134.78154999999992
2018-12-19 23:30:00,134.78154999999992
2018-12-19 23:45:00,134.78154999999992
2018-12-20 00:00:00,134.68774999999994
2018-12-20 00:15:00,134.65654999999992
2018-12-20 00:30:00,134.56274999999994
2018-12-20 00:45:00,134.46904999999992
2018-12-20 01:00:00,134.37524999999994
2018-12-20 01:15:00,134.43774999999994
2018-12-20 01:30:00,134.50024999999994
2018-12-20 01:45:00,134.56274999999994
2018-12-20 02:00:00,134.59404999999992
2018-12-20 02:15:00,134.62524999999994
2018-12-20 02:30:00,134.59404999999992
2018-12-20 02:45:00,134.56274999999994
2018-12-20 03:00:00,134.68774999999994
2018-12-20 03:15:00,134.68774999999994
2018-12-20 03:30:00,134.68774999999994
2018-12-20 03:45:00,134.75024999999994
2018-12-20 04:00:00,134.84404999999992
2018-12-20 04:15:00,135.00024999999994
2018-12-20 04:30:00,135.03154999999992
2018-12-20 04:45:00,135.12524999999994
2018-12-20 05:15:00,135.06274999999994
2018-12-20 05:30:00,135.06274999999994
2018-12-20 05:45:00,135.00024999999994
2018-12-20 06:15:00,135.00024999999994
2018-12-20 06:30:00,135.03154999999992
2018-12-20 06:45:00,134.87524999999994
2018-12-20 07:00:00,134.90654999999992
2018-12-20 07:15:00,134.84404999999992
2018-12-20 07:30:00,134.84404999999992
2018-12-20 07:45:00,134.96904999999992
2018-12-20 08:00:00,135.03154999999992
2018-12-20 08:15:00,135.09404999999992
2018-12-20 08:30:00,135.03154999999992
2018-12-20 08:45:00,135.00024999999994
2018-12-20 09:00:00,134.93774999999994
2018-12-20 09:15:00,134.93774999999994
2018-12-20 09:30:00,134.93774999999994
2018-12-20 09:45:00,135.03154999999992
2018-12-20 10:00:00,135.00024999999994
2018-12-20 10:15:00,135.00024999999994
2018-12-20 10:30:00,135.06274999999994
2018-12-20 10:45:00,134.90654999999992
2018-12-20 11:00:00,134.84404999999992
2018-12-20 11:15:00,134.81274999999994
2018-12-20 11:30:00,134.81274999999994
2018-12-20 11:45:00,134.81274999999994
2018-12-20 12:00:00,134.78154999999992
2018-12-20 12:15:00,134.68774999999994
2018-12-20 12:30:00,134.78154999999992
2018-12-20 12:45:00,134.78154999999992
2018-12-20 13:00:00,134.90654999999992
2018-12-20 13:15:00,134.68774999999994
2018-12-20 13:30:00,134.78154999999992
2018-12-20 13:45:00,135.18774999999994
2018-12-20 14:00:00,135.00024999999994
2018-12-20 14:15:00,135.09404999999992
2018-12-20 14:30:00,134.96904999999992
2018-12-20 14:45:00,134.87524999999994
2018-12-20 15:00:00,134.84404999999992
2018-12-20 15:15:00,134.81274999999994
2018-12-20 15:30:00,134.56274999999994
2018-12-20 15:45:00,134.40654999999992
2018-12-20 16:00:00,134.56274999999994
2018-12-20 16:15:00,134.65654999999992
2018-12-20 16:30:00,134.71904999999992
2018-12-20 16:45:00,134.75024999999994
2018-12-20 17:00:00,134.65654999999992
2018-12-20 17:15:00,134.43774999999994
2018-12-20 17:30:00,134.56274999999994
2018-12-20 17:45:00,134.53154999999992
2018-12-20 18:00:00,134.50024999999994
2018-12-20 18:15:00,134.53154999999992
2018-12-20 18:30:00,134.40654999999992
2018-12-20 18:45:00,134.43774999999994
2018-12-20 19:00:00,134.56274999999994
2018-12-20 19:15:00,134.31274999999994
2018-12-20 19:30:00,134.15654999999992
2018-12-20 19:45:00,134.09404999999992
2018-12-20 20:00:00,133.90654999999992
2018-12-20 20:15:00,134.00024999999994
2018-12-20 20:30:00,133.93774999999994
2018-12-20 20:45:00,133.90654999999992
2018-12-20 21:00:00,133.90654999999992
2018-12-20 21:15:00,133.78154999999992
2018-12-20 21:30:00,133.71904999999992
2018-12-20 21:45:00,133.65654999999992
2018-12-20 23:00:00,135.06274999999994
2018-12-20 23:15:00,133.62524999999994
2018-12-20 23:30:00,133.68774999999994
2018-12-20 23:45:00,133.81274999999994
2018-12-21 00:00:00,133.81274999999994
2018-12-21 00:15:00,133.81274999999994
2018-12-21 00:30:00,133.78154999999992
2018-12-21 00:45:00,133.84404999999992
2018-12-21 01:00:00,133.78154999999992
2018-12-21 01:15:00,133.78154999999992
2018-12-21 01:30:00,133.81274999999994
2018-12-21 01:45:00,133.84404999999992
2018-12-21 02:00:00,133.84404999999992
2018-12-21 02:15:00,133.81274999999994
2018-12-21 02:30:00,133.75024999999994
2018-12-21 02:45:00,133.78154999999992
2018-12-21 03:00:00,133.81274999999994
2018-12-21 03:15:00,133.78154999999992
2018-12-21 03:30:00,133.75024999999994
2018-12-21 03:45:00,133.84404999999992
2018-12-21 04:00:00,133.81274999999994
2018-12-21 04:15:00,133.75024999999994
2018-12-21 04:30:00,133.78154999999992
2018-12-21 04:45:00,133.81274999999994
2018-12-21 05:15:00,133.81274999999994
2018-12-21 05:30:00,133.81274999999994
2018-12-21 05:45:00,133.78154999999992
2018-12-21 06:15:00,133.78154999999992
2018-12-21 06:30:00,133.78154999999992
2018-12-21 06:45:00,133.71904999999992
2018-12-21 07:00:00,133.81274999999994
2018-12-21 07:15:00,133.87524999999994
2018-12-21 07:30:00,133.84404999999992
2018-12-21 07:45:00,133.90654999999992
2018-12-21 08:00:00,133.87524999999994
2018-12-21 08:15:00,133.93774999999994
2018-12-21 08:30:00,134.00024999999994
2018-12-21 08:45:00,133.96904999999992
2018-12-21 09:00:00,134.03154999999992
2018-12-21 09:15:00,134.06274999999994
2018-12-21 09:30:00,134.03154999999992
2018-12-21 09:45:00,134.06274999999994
2018-12-21 10:00:00,134.06274999999994
2018-12-21 10:15:00,134.09404999999992
2018-12-21 10:30:00,134.09404999999992
2018-12-21 10:45:00,134.06274999999994
2018-12-21 11:00:00,134.09404999999992
2018-12-21 11:15:00,134.06274999999994
2018-12-21 11:30:00,134.03154999999992
2018-12-21 11:45:00,134.03154999999992
2018-12-21 12:00:00,134.12524999999994
2018-12-21 12:15:00,134.18774999999994
2018-12-21 12:30:00,134.21904999999992
2018-12-21 12:45:00,134.18774999999994
2018-12-21 13:00:00,134.18774999999994
2018-12-21 13:15:00,134.21904999999992
2018-12-21 13:30:00,134.34404999999992
2018-12-21 13:45:00,134.34404999999992
2018-12-21 14:00:00,134.18774999999994
2018-12-21 14:15:00,134.34404999999992
2018-12-21 14:30:00,134.34404999999992
2018-12-21 14:45:00,134.21904999999992
2018-12-21 15:00:00,133.90654999999992
2018-12-21 15:15:00,134.03154999999992
2018-12-21 15:30:00,133.96904999999992
2018-12-21 15:45:00,134.00024999999994
2018-12-21 16:00:00,134.03154999999992
2018-12-21 16:15:00,133.84404999999992
2018-12-21 16:30:00,133.84404999999992
2018-12-21 16:45:00,133.90654999999992
2018-12-21 17:00:00,133.96904999999992
2018-12-21 17:15:00,133.96904999999992
2018-12-21 17:30:00,133.93774999999994
2018-12-21 17:45:00,134.09404999999992
2018-12-21 18:00:00,134.12524999999994
2018-12-21 18:15:00,134.12524999999994
2018-12-21 18:30:00,134.00024999999994
2018-12-21 18:45:00,134.03154999999992
2018-12-21 19:00:00,134.00024999999994
2018-12-21 19:15:00,134.00024999999994
2018-12-21 19:30:00,134.00024999999994
2018-12-21 19:45:00,134.06274999999994
2018-12-21 20:00:00,134.03154999999992
2018-12-21 20:15:00,134.09404999999992
2018-12-21 20:30:00,134.06274999999994
2018-12-21 20:45:00,134.06274999999994
2018-12-21 21:00:00,134.12524999999994
2018-12-21 21:15:00,134.06274999999994
2018-12-21 21:30:00,134.00024999999994
2018-12-21 21:45:00,133.90654999999992
2018-12-21 23:00:00,133.78154999999992
2018-12-23 23:00:00,133.96904999999992
2018-12-23 23:15:00,133.90654999999992
2018-12-23 23:30:00,133.90654999999992
2018-12-23 23:45:00,133.93774999999994
2018-12-24 00:00:00,133.96904999999992
2018-12-24 00:15:00,134.00024999999994
2018-12-24 00:30:00,134.00024999999994
2018-12-24 00:45:00,133.93774999999994
2018-12-24 01:00:00,134.00024999999994
2018-12-24 01:15:00,133.96904999999992
2018-12-24 01:30:00,134.00024999999994
2018-12-24 01:45:00,133.93774999999994
2018-12-24 02:00:00,133.93774999999994
2018-12-24 02:15:00,133.93774999999994
2018-12-24 02:30:00,133.84404999999992
2018-12-24 02:45:00,133.96904999999992
2018-12-24 03:00:00,133.90654999999992
2018-12-24 03:15:00,133.93774999999994
2018-12-24 03:30:00,133.90654999999992
2018-12-24 03:45:00,133.93774999999994
2018-12-24 04:00:00,133.90654999999992
2018-12-24 04:15:00,133.90654999999992
2018-12-24 04:30:00,133.84404999999992
2018-12-24 04:45:00,133.87524999999994
2018-12-24 05:15:00,133.93774999999994
2018-12-24 05:30:00,133.96904999999992
2018-12-24 05:45:00,133.90654999999992
2018-12-24 06:15:00,133.93774999999994
2018-12-24 06:30:00,133.93774999999994
2018-12-24 06:45:00,133.93774999999994
2018-12-24 07:00:00,133.90654999999992
2018-12-24 07:15:00,133.87524999999994
2018-12-24 07:30:00,133.84404999999992
2018-12-24 07:45:00,133.81274999999994
2018-12-24 08:00:00,134.00024999999994
2018-12-24 08:15:00,134.00024999999994
2018-12-24 08:30:00,134.03154999999992
2018-12-24 08:45:00,134.12524999999994
2018-12-24 09:00:00,134.18774999999994
2018-12-24 09:15:00,134.18774999999994
2018-12-24 09:30:00,134.18774999999994
2018-12-24 09:45:00,134.21904999999992
2018-12-24 10:00:00,134.15654999999992
2018-12-24 10:15:00,134.12524999999994
2018-12-24 10:30:00,134.18774999999994
2018-12-24 10:45:00,134.18774999999994
2018-12-24 11:00:00,134.21904999999992
2018-12-24 11:15:00,134.21904999999992
2018-12-24 11:30:00,134.25024999999994
2018-12-24 11:45:00,134.21904999999992
2018-12-24 12:00:00,134.34404999999992
2018-12-24 12:15:00,134.40654999999992
2018-12-24 12:30:00,134.46904999999992
2018-12-24 12:45:00,134.53154999999992
2018-12-24 13:00:00,134.62524999999994
2018-12-24 13:15:00,134.53154999999992
2018-12-24 13:30:00,134.50024999999994
2018-12-24 13:45:00,134.50024999999994
2018-12-24 14:00:00,134.50024999999994
2018-12-24 14:15:00,134.53154999999992
2018-12-24 14:30:00,134.37524999999994
2018-12-24 14:45:00,134.50024999999994
2018-12-24 15:00:00,134.37524999999994
2018-12-24 15:15:00,134.34404999999992
2018-12-24 15:30:00,134.34404999999992
2018-12-24 15:45:00,134.43774999999994
2018-12-24 16:00:00,134.40654999999992
2018-12-24 16:15:00,134.56274999999994
2018-12-24 16:30:00,134.53154999999992
2018-12-24 16:45:00,134.62524999999994
2018-12-24 17:00:00,134.65654999999992
2018-12-24 17:15:00,134.62524999999994
2018-12-24 17:30:00,134.68774999999994
2018-12-24 17:45:00,134.71904999999992
2018-12-24 18:00:00,134.96904999999992
2018-12-24 23:00:00,133.96904999999992
2018-12-25 23:00:00,134.84404999999992
2018-12-25 23:15:00,134.81274999999994
2018-12-25 23:30:00,134.84404999999992
2018-12-25 23:45:00,134.71904999999992
2018-12-26 00:00:00,134.65654999999992
2018-12-26 00:15:00,134.71904999999992
2018-12-26 00:30:00,134.71904999999992
2018-12-26 00:45:00,134.78154999999992
2018-12-26 01:00:00,134.68774999999994
2018-12-26 01:15:00,134.75024999999994
2018-12-26 01:30:00,134.81274999999994
2018-12-26 01:45:00,134.78154999999992
2018-12-26 02:00:00,134.81274999999994
2018-12-26 02:15:00,134.93774999999994
2018-12-26 02:30:00,135.03154999999992
2018-12-26 02:45:00,134.96904999999992
2018-12-26 03:00:00,135.00024999999994
2018-12-26 03:15:00,135.00024999999994
2018-12-26 03:30:00,135.03154999999992
2018-12-26 03:45:00,135.00024999999994
2018-12-26 04:00:00,135.06274999999994
2018-12-26 04:15:00,135.03154999999992
2018-12-26 04:30:00,135.03154999999992
2018-12-26 04:45:00,135.12524999999994
2018-12-26 05:15:00,135.25024999999994
2018-12-26 05:30:00,135.25024999999994
2018-12-26 05:45:00,135.15654999999992
2018-12-26 06:15:00,135.09404999999992
2018-12-26 06:30:00,135.12524999999994
2018-12-26 06:45:00,135.06274999999994
2018-12-26 07:00:00,135.15654999999992
2018-12-26 07:15:00,135.15654999999992
2018-12-26 07:30:00,135.12524999999994
2018-12-26 07:45:00,135.09404999999992
2018-12-26 08:00:00,135.03154999999992
2018-12-26 08:15:00,135.00024999999994
2018-12-26 08:30:00,135.00024999999994
2018-12-26 08:45:00,134.93774999999994
2018-12-26 09:00:00,134.93774999999994
2018-12-26 09:15:00,134.87524999999994
2018-12-26 09:30:00,134.90654999999992
2018-12-26 09:45:00,134.87524999999994
2018-12-26 10:00:00,134.90654999999992
2018-12-26 10:15:00,134.87524999999994
2018-12-26 10:30:00,134.87524999999994
2018-12-26 10:45:00,134.93774999999994
2018-12-26 11:00:00,134.81274999999994
2018-12-26 11:15:00,134.84404999999992
2018-12-26 11:30:00,134.81274999999994
2018-12-26 11:45:00,134.78154999999992
2018-12-26 12:00:00,134.71904999999992
2018-12-26 12:15:00,134.62524999999994
2018-12-26 12:30:00,134.78154999999992
2018-12-26 12:45:00,134.62524999999994
2018-12-26 13:00:00,134.68774999999994
2018-12-26 13:15:00,134.59404999999992
2018-12-26 13:30:00,134.50024999999994
2018-12-26 13:45:00,134.50024999999994
2018-12-26 14:00:00,134.56274999999994
2018-12-26 14:15:00,134.59404999999992
2018-12-26 14:30:00,134.56274999999994
2018-12-26 14:45:00,134.75024999999994
2018-12-26 15:00:00,134.81274999999994
2018-12-26 15:15:00,134.75024999999994
2018-12-26 15:30:00,134.84404999999992
2018-12-26 15:45:00,134.93774999999994
2018-12-26 16:00:00,134.68774999999994
2018-12-26 16:15:00,134.59404999999992
2018-12-26 16:30:00,134.65654999999992
2018-12-26 16:45:00,134.59404999999992
2018-12-26 17:00:00,134.46904999999992
2018-12-26 17:15:00,134.43774999999994
2018-12-26 17:30:00,134.28154999999992
2018-12-26 17:45:00,134.31274999999994
2018-12-26 18:00:00,134.21904999999992
2018-12-26 18:15:00,134.21904999999992
2018-12-26 18:30:00,134.21904999999992
2018-12-26 18:45:00,134.09404999999992
2018-12-26 19:00:00,134.12524999999994
2018-12-26 19:15:00,134.15654999999992
2018-12-26 19:30:00,134.12524999999994
2018-12-26 19:45:00,133.96904999999992
2018-12-26 20:00:00,133.93774999999994
2018-12-26 20:15:00,133.78154999999992
2018-12-26 20:30:00,133.75024999999994
2018-12-26 20:45:00,133.68774999999994
2018-12-26 21:00:00,133.71904999999992
2018-12-26 21:15:00,133.68774999999994
2018-12-26 21:30:00,133.75024999999994
2018-12-26 21:45:00,133.75024999999994
2018-12-26 23:00:00,135.15654999999992
2018-12-26 23:15:00,133.78154999999992
2018-12-26 23:30:00,133.84404999999992
2018-12-26 23:45:00,133.87524999999994
2018-12-27 00:00:00,133.87524999999994
2018-12-27 00:15:00,133.81274999999994
2018-12-27 00:30:00,133.81274999999994
2018-12-27 00:45:00,133.84404999999992
2018-12-27 01:00:00,133.87524999999994
2018-12-27 01:15:00,133.90654999999992
2018-12-27 01:30:00,133.96904999999992
2018-12-27 01:45:00,134.00024999999994
2018-12-27 02:00:00,134.03154999999992
2018-12-27 02:15:00,134.00024999999994
2018-12-27 02:30:00,133.96904999999992
2018-12-27 02:45:00,133.93774999999994
2018-12-27 03:00:00,133.96904999999992
2018-12-27 03:15:00,133.96904999999992
2018-12-27 03:30:00,134.06274999999994
2018-12-27 03:45:00,134.09404999999992
2018-12-27 04:00:00,134.09404999999992
2018-12-27 04:15:00,134.03154999999992
2018-12-27 04:30:00,133.96904999999992
2018-12-27 04:45:00,134.00024999999994
2018-12-27 05:15:00,134.00024999999994
2018-12-27 05:30:00,134.03154999999992
2018-12-27 05:45:00,134.09404999999992
2018-12-27 06:15:00,134.09404999999992
2018-12-27 06:30:00,134.12524999999994
2018-12-27 06:45:00,134.12524999999994
2018-12-27 07:00:00,134.15654999999992
2018-12-27 07:15:00,134.25024999999994
2018-12-27 07:30:00,134.18774999999994
2018-12-27 07:45:00,134.25024999999994
2018-12-27 08:00:00,134.37524999999994
2018-12-27 08:15:00,134.37524999999994
2018-12-27 08:30:00,134.46904999999992
2018-12-27 08:45:00,134.43774999999994
2018-12-27 09:00:00,134.43774999999994
2018-12-27 09:15:00,134.31274999999994
2018-12-27 09:30:00,134.34404999999992
2018-12-27 09:45:00,134.43774999999994
2018-12-27 10:00:00,134.40654999999992
2018-12-27 10:15:00,134.40654999999992
2018-12-27 10:30:00,134.37524999999994
2018-12-27 10:45:00,134.37524999999994
2018-12-27 11:00:00,134.34404999999992
2018-12-27 11:15:00,134.18774999999994
2018-12-27 11:30:00,134.25024999999994
2018-12-27 11:45:00,134.25024999999994
2018-12-27 12:00:00,134.37524999999994
2018-12-27 12:15:00,134.28154999999992
2018-12-27 12:30:00,134.28154999999992
2018-12-27 12:45:00,134.40654999999992
2018-12-27 13:00:00,134.40654999999992
2018-12-27 13:15:00,134.65654999999992
2018-12-27 13:30:00,134.75024999999994
2018-12-27 13:45:00,134.75024999999994
2018-12-27 14:00:00,134.75024999999994
2018-12-27 14:15:00,134.75024999999994
2018-12-27 14:30:00,134.81274999999994
2018-12-27 14:45:00,134.81274999999994
2018-12-27 15:00:00,134.90654999999992
2018-12-27 15:15:00,134.87524999999994
2018-12-27 15:30:00,134.81274999999994
2018-12-27 15:45:00,134.93774999999994
2018-12-27 16:00:00,134.90654999999992
2018-12-27 16:15:00,134.78154999999992
2018-12-27 16:30:00,134.78154999999992
2018-12-27 16:45:00,134.71904999999992
2018-12-27 17:00:00,134.71904999999992
2018-12-27 17:15:00,134.78154999999992
2018-12-27 17:30:00,134.81274999999994
2018-12-27 17:45:00,134.71904999999992
2018-12-27 18:00:00,134.87524999999994
2018-12-27 18:15:00,134.96904999999992
2018-12-27 18:30:00,135.00024999999994
2018-12-27 18:45:00,135.03154999999992
2018-12-27 19:00:00,135.06274999999994
2018-12-27 19:15:00,135.03154999999992
2018-12-27 19:30:00,134.96904999999992
2018-12-27 19:45:00,134.78154999999992
2018-12-27 20:00:00,134.43774999999994
2018-12-27 20:15:00,134.34404999999992
2018-12-27 20:30:00,134.09404999999992
2018-12-27 20:45:00,133.96904999999992
2018-12-27 21:00:00,133.96904999999992
2018-12-27 21:15:00,134.09404999999992
2018-12-27 21:30:00,134.21904999999992
2018-12-27 21:45:00,134.25024999999994
2018-12-27 23:00:00,134.06274999999994
2018-12-27 23:15:00,134.37524999999994
2018-12-27 23:30:00,134.40654999999992
2018-12-27 23:45:00,134.37524999999994
2018-12-28 00:00:00,134.28154999999992
2018-12-28 00:15:00,134.25024999999994
2018-12-28 00:30:00,134.21904999999992
2018-12-28 00:45:00,134.18774999999994
2018-12-28 01:00:00,134.21904999999992
2018-12-28 01:15:00,134.15654999999992
2018-12-28 01:30:00,134.18774999999994
2018-12-28 01:45:00,134.21904999999992
2018-12-28 02:00:00,134.21904999999992
2018-12-28 02:15:00,134.18774999999994
2018-12-28 02:30:00,134.21904999999992
2018-12-28 02:45:00,134.25024999999994
2018-12-28 03:00:00,134.21904999999992
2018-12-28 03:15:00,134.21904999999992
2018-12-28 03:30:00,134.25024999999994
2018-12-28 03:45:00,134.25024999999994
2018-12-28 04:00:00,134.25024999999994
2018-12-28 04:15:00,134.25024999999994
2018-12-28 04:30:00,134.21904999999992
2018-12-28 04:45:00,134.15654999999992
2018-12-28 05:15:00,134.18774999999994
2018-12-28 05:30:00,134.18774999999994
2018-12-28 05:45:00,134.21904999999992
2018-12-28 06:15:00,134.28154999999992
2018-12-28 06:30:00,134.28154999999992
2018-12-28 06:45:00,134.21904999999992
2018-12-28 07:00:00,134.25024999999994
2018-12-28 07:15:00,134.25024999999994
2018-12-28 07:30:00,134.28154999999992
2018-12-28 07:45:00,134.21904999999992
2018-12-28 08:00:00,134.28154999999992
2018-12-28 08:15:00,134.15654999999992
2018-12-28 08:30:00,134.12524999999994
2018-12-28 08:45:00,134.09404999999992
2018-12-28 09:00:00,134.28154999999992
2018-12-28 09:15:00,134.34404999999992
2018-12-28 09:30:00,134.43774999999994
2018-12-28 09:45:00,134.50024999999994
2018-12-28 10:00:00,134.65654999999992
2018-12-28 10:15:00,134.59404999999992
2018-12-28 10:30:00,134.71904999999992
2018-12-28 10:45:00,134.71904999999992
2018-12-28 11:00:00,134.68774999999994
2018-12-28 11:15:00,134.59404999999992
2018-12-28 11:30:00,134.56274999999994
2018-12-28 11:45:00,134.53154999999992
2018-12-28 12:00:00,134.62524999999994
2018-12-28 12:15:00,134.62524999999994
2018-12-28 12:30:00,134.56274999999994
2018-12-28 12:45:00,134.53154999999992
2018-12-28 13:00:00,134.50024999999994
2018-12-28 13:15:00,134.53154999999992
2018-12-28 13:30:00,134.59404999999992
2018-12-28 13:45:00,134.46904999999992
2018-12-28 14:00:00,134.46904999999992
2018-12-28 14:15:00,134.37524999999994
2018-12-28 14:30:00,134.43774999999994
2018-12-28 14:45:00,134.62524999999994
2018-12-28 15:00:00,134.75024999999994
2018-12-28 15:15:00,134.81274999999994
2018-12-28 15:30:00,134.81274999999994
2018-12-28 15:45:00,134.71904999999992
2018-12-28 16:00:00,134.68774999999994
2018-12-28 16:15:00,134.71904999999992
2018-12-28 16:30:00,134.81274999999994
2018-12-28 16:45:00,134.75024999999994
2018-12-28 17:00:00,134.75024999999994
2018-12-28 17:15:00,134.84404999999992
2018-12-28 17:30:00,134.78154999999992
2018-12-28 17:45:00,134.90654999999992
2018-12-28 18:00:00,134.84404999999992
2018-12-28 18:15:00,134.93774999999994
2018-12-28 18:30:00,134.81274999999994
2018-12-28 18:45:00,134.78154999999992
2018-12-28 19:00:00,134.75024999999994
2018-12-28 19:15:00,134.81274999999994
2018-12-28 19:30:00,134.71904999999992
2018-12-28 19:45:00,134.75024999999994
2018-12-28 20:00:00,134.87524999999994
2018-12-28 20:15:00,134.93774999999994
2018-12-28 20:30:00,135.06274999999994
2018-12-28 20:45:00,135.09404999999992
2018-12-28 21:00:00,135.09404999999992
2018-12-28 21:15:00,135.06274999999994
2018-12-28 21:30:00,135.06274999999994
2018-12-28 21:45:00,135.00024999999994
2018-12-28 23:00:00,134.28154999999992
2018-12-30 23:00:00,134.68774999999994
2018-12-30 23:15:00,134.71904999999992
2018-12-30 23:30:00,134.71904999999992
2018-12-30 23:45:00,134.71904999999992
2018-12-31 00:00:00,134.71904999999992
2018-12-31 00:15:00,134.68774999999994
2018-12-31 00:30:00,134.68774999999994
2018-12-31 00:45:00,134.71904999999992
2018-12-31 01:00:00,134.78154999999992
2018-12-31 01:15:00,134.81274999999994
2018-12-31 01:30:00,134.81274999999994
2018-12-31 01:45:00,134.81274999999994
2018-12-31 02:00:00,134.84404999999992
2018-12-31 02:15:00,134.87524999999994
2018-12-31 02:30:00,134.84404999999992
2018-12-31 02:45:00,134.84404999999992
2018-12-31 03:00:00,134.84404999999992
2018-12-31 03:15:00,134.84404999999992
2018-12-31 03:30:00,134.87524999999994
2018-12-31 03:45:00,134.87524999999994
2018-12-31 04:00:00,134.84404999999992
2018-12-31 04:15:00,134.81274999999994
2018-12-31 04:30:00,134.81274999999994
2018-12-31 04:45:00,134.81274999999994
2018-12-31 05:15:00,134.81274999999994
2018-12-31 05:30:00,134.81274999999994
2018-12-31 05:45:00,134.81274999999994
2018-12-31 06:15:00,134.81274999999994
2018-12-31 06:30:00,134.81274999999994
2018-12-31 06:45:00,134.81274999999994
2018-12-31 07:00:00,134.78154999999992
2018-12-31 07:15:00,134.84404999999992
2018-12-31 07:30:00,134.90654999999992
2018-12-31 07:45:00,134.90654999999992
2018-12-31 08:00:00,134.90654999999992
2018-12-31 08:15:00,134.87524999999994
2018-12-31 08:30:00,134.87524999999994
2018-12-31 08:45:00,134.93774999999994
2018-12-31 09:00:00,134.84404999999992
2018-12-31 09:15:00,134.75024999999994
2018-12-31 09:30:00,134.75024999999994
2018-12-31 09:45:00,134.71904999999992
2018-12-31 10:00:00,134.71904999999992
2018-12-31 10:15:00,134.78154999999992
2018-12-31 10:30:00,134.81274999999994
2018-12-31 10:45:00,134.81274999999994
2018-12-31 11:00:00,134.71904999999992
2018-12-31 11:15:00,134.71904999999992
2018-12-31 11:30:00,134.71904999999992
2018-12-31 11:45:00,134.78154999999992
2018-12-31 12:00:00,134.90654999999992
2018-12-31 12:15:00,134.90654999999992
2018-12-31 12:30:00,134.84404999999992
2018-12-31 12:45:00,134.75024999999994
2018-12-31 13:00:00,134.81274999999994
2018-12-31 13:15:00,134.53154999999992
2018-12-31 13:30:00,134.56274999999994
2018-12-31 13:45:00,134.65654999999992
2018-12-31 14:00:00,134.78154999999992
2018-12-31 14:15:00,134.78154999999992
2018-12-31 14:30:00,134.78154999999992
2018-12-31 14:45:00,135.03154999999992
2018-12-31 15:00:00,135.00024999999994
2018-12-31 15:15:00,134.96904999999992
2018-12-31 15:30:00,135.00024999999994
2018-12-31 15:45:00,135.09404999999992
2018-12-31 16:00:00,135.28154999999992
2018-12-31 16:15:00,135.34404999999992
2018-12-31 16:30:00,135.34404999999992
2018-12-31 16:45:00,135.28154999999992
2018-12-31 17:00:00,135.28154999999992
2018-12-31 17:15:00,135.25024999999994
2018-12-31 17:30:00,135.46904999999992
2018-12-31 17:45:00,135.18774999999994
2018-12-31 18:00:00,135.18774999999994
2018-12-31 18:15:00,135.15654999999992
2018-12-31 18:30:00,135.34404999999992
2018-12-31 18:45:00,135.37524999999994
2018-12-31 19:00:00,135.43774999999994
2018-12-31 19:15:00,135.43774999999994
2018-12-31 19:30:00,135.40654999999992
2018-12-31 19:45:00,135.37524999999994
2018-12-31 20:00:00,135.50024999999994
2018-12-31 20:15:00,135.46904999999992
2018-12-31 20:30:00,135.34404999999992
2018-12-31 20:45:00,135.37524999999994
2018-12-31 21:00:00,135.37524999999994
2018-12-31 21:15:00,135.25024999999994
2018-12-31 21:30:00,135.15654999999992
2018-12-31 21:45:00,135.12524999999994
2018-12-31 23:00:00,134.81274999999994
2019-01-01 23:00:00,135.03154999999992
2019-01-01 23:15:00,134.87524999999994
2019-01-01 23:30:00,134.90654999999992
2019-01-01 23:45:00,134.90654999999992
2019-01-02 00:00:00,135.03154999999992
2019-01-02 00:15:00,135.03154999999992
2019-01-02 00:30:00,135.06274999999994
2019-01-02 00:45:00,135.06274999999994
2019-01-02 01:00:00,135.00024999999994
2019-01-02 01:15:00,135.00024999999994
2019-01-02 01:30:00,135.06274999999994
2019-01-02 01:45:00,135.18774999999994
2019-01-02 02:00:00,135.25024999999994
2019-01-02 02:15:00,135.28154999999992
2019-01-02 02:30:00,135.31274999999994
2019-01-02 02:45:00,135.28154999999992
2019-01-02 03:00:00,135.37524999999994
2019-01-02 03:15:00,135.43774999999994
2019-01-02 03:30:00,135.40654999999992
2019-01-02 03:45:00,135.37524999999994
2019-01-02 04:00:00,135.46904999999992
2019-01-02 04:15:00,135.40654999999992
2019-01-02 04:30:00,135.40654999999992
2019-01-02 04:45:00,135.37524999999994
2019-01-02 05:15:00,135.34404999999992
2019-01-02 05:30:00,135.34404999999992
2019-01-02 05:45:00,135.40654999999992
2019-01-02 06:15:00,135.40654999999992
2019-01-02 06:30:00,135.40654999999992
2019-01-02 06:45:00,135.34404999999992
2019-01-02 07:00:00,135.28154999999992
2019-01-02 07:15:00,135.15654999999992
2019-01-02 07:30:00,135.28154999999992
2019-01-02 07:45:00,135.25024999999994
2019-01-02 08:00:00,135.53154999999992
2019-01-02 08:15:00,135.65654999999992
2019-01-02 08:30:00,135.84404999999992
2019-01-02 08:45:00,135.75024999999994
2019-01-02 09:00:00,135.71904999999992
2019-01-02 09:15:00,135.75024999999994
2019-01-02 09:30:00,135.81274999999994
2019-01-02 09:45:00,135.87524999999994
2019-01-02 10:00:00,135.84404999999992
2019-01-02 10:15:00,135.87524999999994
2019-01-02 10:30:00,135.84404999999992
2019-01-02 10:45:00,136.00024999999994
2019-01-02 11:00:00,135.90654999999992
2019-01-02 11:15:00,135.93774999999994
2019-01-02 11:30:00,136.03154999999992
2019-01-02 11:45:00,136.00024999999994
2019-01-02 12:00:00,135.93774999999994
2019-01-02 12:15:00,136.03154999999992
2019-01-02 12:30:00,135.96904999999992
2019-01-02 12:45:00,136.00024999999994
2019-01-02 13:00:00,136.03154999999992
2019-01-02 13:15:00,136.03154999999992
2019-01-02 13:30:00,135.93774999999994
2019-01-02 13:45:00,136.00024999999994
2019-01-02 14:00:00,135.87524999999994
2019-01-02 14:15:00,135.75024999999994
2019-01-02 14:30:00,135.90654999999992
2019-01-02 14:45:00,135.75024999999994
2019-01-02 15:00:00,135.68774999999994
2019-01-02 15:15:00,135.78154999999992
2019-01-02 15:30:00,135.65654999999992
2019-01-02 15:45:00,135.53154999999992
2019-01-02 16:00:00,135.53154999999992
2019-01-02 16:15:00,135.68774999999994
2019-01-02 16:30:00,135.68774999999994
2019-01-02 16:45:00,135.87524999999994
2019-01-02 17:00:00,135.78154999999992
2019-01-02 17:15:00,135.87524999999994
2019-01-02 17:30:00,135.84404999999992
2019-01-02 17:45:00,135.81274999999994
2019-01-02 18:00:00,135.78154999999992
2019-01-02 18:15:00,135.81274999999994
2019-01-02 18:30:00,135.93774999999994
2019-01-02 18:45:00,135.81274999999994
2019-01-02 19:00:00,135.90654999999992
2019-01-02 19:15:00,135.87524999999994
2019-01-02 19:30:00,135.93774999999994
2019-01-02 19:45:00,136.03154999999992
2019-01-02 20:00:00,136.12524999999994
2019-01-02 20:15:00,136.18774999999994
2019-01-02 20:30:00,136.25024999999994
2019-01-02 20:45:00,136.28154999999992
2019-01-02 21:00:00,136.25024999999994
2019-01-02 21:15:00,136.18774999999994
2019-01-02 21:30:00,136.43774999999994
2019-01-02 21:45:00,136.65654999999992
2019-01-02 23:00:00,135.40654999999992
2019-01-02 23:15:00,136.90654999999992
2019-01-02 23:30:00,137.00024999999994
2019-01-02 23:45:00,137.06274999999994
2019-01-03 00:00:00,136.96904999999992
2019-01-03 00:15:00,136.87524999999994
2019-01-03 00:30:00,136.84404999999992
2019-01-03 00:45:00,136.75024999999994
2019-01-03 01:00:00,136.68774999999994
2019-01-03 01:15:00,136.78154999999992
2019-01-03 01:30:00,136.71904999999992
2019-01-03 01:45:00,136.59404999999992
2019-01-03 02:00:00,136.56274999999994
2019-01-03 02:15:00,136.59404999999992
2019-01-03 02:30:00,136.56274999999994
2019-01-03 02:45:00,136.56274999999994
2019-01-03 03:00:00,136.59404999999992
2019-01-03 03:15:00,136.53154999999992
2019-01-03 03:30:00,136.56274999999994
2019-01-03 03:45:00,136.56274999999994
2019-01-03 04:00:00,136.59404999999992
2019-01-03 04:15:00,136.62524999999994
2019-01-03 04:30:00,136.59404999999992
2019-01-03 04:45:00,136.59404999999992
2019-01-03 05:15:00,136.75024999999994
2019-01-03 05:30:00,136.71904999999992
2019-01-03 05:45:00,136.68774999999994
2019-01-03 06:15:00,136.75024999999994
2019-01-03 06:30:00,136.78154999999992
2019-01-03 06:45:00,136.75024999999994
2019-01-03 07:00:00,136.62524999999994
2019-01-03 07:15:00,136.56274999999994
2019-01-03 07:30:00,136.62524999999994
2019-01-03 07:45:00,136.68774999999994
2019-01-03 08:00:00,136.59404999999992
2019-01-03 08:15:00,136.53154999999992
2019-01-03 08:30:00,136.53154999999992
2019-01-03 08:45:00,136.56274999999994
2019-01-03 09:00:00,136.50024999999994
2019-01-03 09:15:00,136.53154999999992
2019-01-03 09:30:00,136.46904999999992
2019-01-03 09:45:00,136.53154999999992
2019-01-03 10:00:00,136.50024999999994
2019-01-03 10:15:00,136.53154999999992
2019-01-03 10:30:00,136.43774999999994
2019-01-03 10:45:00,136.50024999999994
2019-01-03 11:00:00,136.53154999999992
2019-01-03 11:15:00,136.50024999999994
2019-01-03 11:30:00,136.50024999999994
2019-01-03 11:45:00,136.43774999999994
2019-01-03 12:00:00,136.40654999999992
2019-01-03 12:15:00,136.37524999999994
2019-01-03 12:30:00,136.34404999999992
2019-01-03 12:45:00,136.40654999999992
2019-01-03 13:00:00,136.40654999999992
2019-01-03 13:15:00,136.25024999999994
2019-01-03 13:30:00,136.37524999999994
2019-01-03 13:45:00,136.34404999999992
2019-01-03 14:00:00,136.40654999999992
2019-01-03 14:15:00,136.37524999999994
2019-01-03 14:30:00,136.46904999999992
2019-01-03 14:45:00,136.59404999999992
2019-01-03 15:00:00,137.03154999999992
2019-01-03 15:15:00,137.00024999999994
2019-01-03 15:30:00,137.34404999999992
2019-01-03 15:45:00,137.40654999999992
2019-01-03 16:00:00,137.37524999999994
2019-01-03 16:15:00,137.50024999999994
2019-01-03 16:30:00,137.25024999999994
2019-01-03 16:45:00,137.46904999999992
2019-01-03 17:00:00,137.50024999999994
2019-01-03 17:15:00,137.56274999999994
2019-01-03 17:30:00,137.46904999999992
2019-01-03 17:45:00,137.46904999999992
2019-01-03 18:00:00,137.46904999999992
2019-01-03 18:15:00,137.56274999999994
2019-01-03 18:30:00,137.50024999999994
2019-01-03 18:45:00,137.59404999999992
2019-01-03 19:00:00,137.50024999999994
2019-01-03 19:15:00,137.46904999999992
2019-01-03 19:30:00,137.59404999999992
2019-01-03 19:45:00,137.90654999999992
2019-01-03 20:00:00,137.96904999999992
2019-01-03 20:15:00,137.71904999999992
2019-01-03 20:30:00,137.62524999999994
2019-01-03 20:45:00,137.68774999999994
2019-01-03 21:00:00,137.65654999999992
2019-01-03 21:15:00,137.81274999999994
2019-01-03 21:30:00,137.81274999999994
2019-01-03 21:45:00,137.78154999999992
2019-01-03 23:00:00,136.71904999999992
2019-01-03 23:15:00,137.65654999999992
2019-01-03 23:30:00,137.56274999999994
2019-01-03 23:45:00,137.68774999999994
2019-01-04 00:00:00,137.81274999999994
2019-01-04 00:15:00,137.75024999999994
2019-01-04 00:30:00,137.75024999999994
2019-01-04 00:45:00,137.84404999999992
2019-01-04 01:00:00,137.90654999999992
2019-01-04 01:15:00,138.06274999999994
2019-01-04 01:30:00,137.93774999999994
2019-01-04 01:45:00,137.81274999999994
2019-01-04 02:00:00,137.78154999999992
2019-01-04 02:15:00,137.62524999999994
2019-01-04 02:30:00,137.50024999999994
2019-01-04 02:45:00,137.46904999999992
2019-01-04 03:00:00,137.50024999999994
2019-01-04 03:15:00,137.46904999999992
2019-01-04 03:30:00,137.50024999999994
2019-01-04 03:45:00,137.50024999999994
2019-01-04 04:00:00,137.53154999999992
2019-01-04 04:15:00,137.56274999999994
2019-01-04 04:30:00,137.59404999999992
2019-01-04 04:45:00,137.59404999999992
2019-01-04 05:15:00,137.56274999999994
2019-01-04 05:30:00,137.50024999999994
2019-01-04 05:45:00,137.50024999999994
2019-01-04 06:15:00,137.50024999999994
2019-01-04 06:30:00,137.59404999999992
2019-01-04 06:45:00,137.56274999999994
2019-01-04 07:00:00,137.53154999999992
2019-01-04 07:15:00,137.59404999999992
2019-01-04 07:30:00,137.68774999999994
2019-01-04 07:45:00,137.50024999999994
2019-01-04 08:00:00,137.40654999999992
2019-01-04 08:15:00,137.34404999999992
2019-01-04 08:30:00,137.21904999999992
2019-01-04 08:45:00,137.21904999999992
2019-01-04 09:00:00,137.18774999999994
2019-01-04 09:15:00,137.15654999999992
2019-01-04 09:30:00,137.09404999999992
2019-01-04 09:45:00,137.12524999999994
2019-01-04 10:00:00,137.09404999999992
2019-01-04 10:15:00,137.12524999999994
2019-01-04 10:30:00,137.09404999999992
2019-01-04 10:45:00,137.09404999999992
2019-01-04 11:00:00,137.03154999999992
2019-01-04 11:15:00,137.06274999999994
2019-01-04 11:30:00,137.06274999999994
2019-01-04 11:45:00,137.06274999999994
2019-01-04 12:00:00,137.03154999999992
2019-01-04 12:15:00,136.90654999999992
2019-01-04 12:30:00,136.90654999999992
2019-01-04 12:45:00,136.87524999999994
2019-01-04 13:00:00,137.12524999999994
2019-01-04 13:15:00,137.09404999999992
2019-01-04 13:30:00,136.75024999999994
2019-01-04 13:45:00,136.75024999999994
2019-01-04 14:00:00,136.59404999999992
2019-01-04 14:15:00,136.43774999999994
2019-01-04 14:30:00,136.46904999999992
2019-01-04 14:45:00,136.28154999999992
2019-01-04 15:00:00,136.50024999999994
2019-01-04 15:15:00,136.06274999999994
2019-01-04 15:30:00,136.28154999999992
2019-01-04 15:45:00,135.90654999999992
2019-01-04 16:00:00,135.96904999999992
2019-01-04 16:15:00,136.12524999999994
2019-01-04 16:30:00,136.21904999999992
2019-01-04 16:45:00,136.18774999999994
2019-01-04 17:00:00,136.18774999999994
2019-01-04 17:15:00,136.12524999999994
2019-01-04 17:30:00,135.96904999999992
2019-01-04 17:45:00,135.93774999999994
2019-01-04 18:00:00,135.90654999999992
2019-01-04 18:15:00,135.96904999999992
2019-01-04 18:30:00,136.12524999999994
2019-01-04 18:45:00,136.06274999999994
2019-01-04 19:00:00,136.15654999999992
2019-01-04 19:15:00,136.25024999999994
2019-01-04 19:30:00,136.09404999999992
2019-01-04 19:45:00,136.12524999999994
2019-01-04 20:00:00,136.12524999999994
2019-01-04 20:15:00,136.06274999999994
2019-01-04 20:30:00,136.06274999999994
2019-01-04 20:45:00,136.21904999999992
2019-01-04 21:00:00,136.09404999999992
2019-01-04 21:15:00,136.09404999999992
2019-01-04 21:30:00,136.03154999999992
2019-01-04 21:45:00,136.03154999999992
2019-01-04 23:00:00,137.46904999999992
2019-01-06 23:00:00,136.03154999999992
2019-01-06 23:15:00,136.03154999999992
2019-01-06 23:30:00,136.03154999999992
2019-01-06 23:45:00,136.09404999999992
2019-01-07 00:00:00,135.96904999999992
2019-01-07 00:15:00,135.93774999999994
2019-01-07 00:30:00,135.93774999999994
2019-01-07 00:45:00,135.96904999999992
2019-01-07 01:00:00,136.06274999999994
2019-01-07 01:15:00,136.03154999999992
2019-01-07 01:30:00,136.09404999999992
2019-01-07 01:45:00,136.03154999999992
2019-01-07 02:00:00,136.06274999999994
2019-01-07 02:15:00,136.09404999999992
2019-01-07 02:30:00,136.03154999999992
2019-01-07 02:45:00,136.03154999999992
2019-01-07 03:00:00,136.03154999999992
2019-01-07 03:15:00,136.06274999999994
2019-01-07 03:30:00,136.06274999999994
2019-01-07 03:45:00,136.03154999999992
2019-01-07 04:00:00,136.06274999999994
2019-01-07 04:15:00,136.06274999999994
2019-01-07 04:30:00,136.03154999999992
2019-01-07 04:45:00,135.96904999999992
2019-01-07 05:15:00,136.00024999999994
2019-01-07 05:30:00,136.03154999999992
2019-01-07 05:45:00,136.09404999999992
2019-01-07 06:15:00,136.12524999999994
2019-01-07 06:30:00,136.09404999999992
2019-01-07 06:45:00,136.12524999999994
2019-01-07 07:00:00,136.15654999999992
2019-01-07 07:15:00,136.18774999999994
2019-01-07 07:30:00,136.18774999999994
2019-01-07 07:45:00,136.12524999999994
2019-01-07 08:00:00,136.25024999999994
2019-01-07 08:15:00,136.31274999999994
2019-01-07 08:30:00,136.31274999999994
2019-01-07 08:45:00,136.43774999999994
2019-01-07 09:00:00,136.40654999999992
2019-01-07 09:15:00,136.53154999999992
2019-01-07 09:30:00,136.68774999999994
2019-01-07 09:45:00,136.62524999999994
2019-01-07 10:00:00,136.59404999999992
2019-01-07 10:15:00,136.53154999999992
2019-01-07 10:30:00,136.50024999999994
2019-01-07 10:45:00,136.59404999999992
2019-01-07 11:00:00,136.59404999999992
2019-01-07 11:15:00,136.59404999999992
2019-01-07 11:30:00,136.62524999999994
2019-01-07 11:45:00,136.53154999999992
2019-01-07 12:00:00,136.56274999999994
2019-01-07 12:15:00,136.59404999999992
2019-01-07 12:30:00,136.68774999999994
2019-01-07 12:45:00,136.71904999999992
2019-01-07 13:00:00,136.71904999999992
2019-01-07 13:15:00,136.62524999999994
2019-01-07 13:30:00,136.65654999999992
2019-01-07 13:45:00,136.62524999999994
2019-01-07 14:00:00,136.43774999999994
2019-01-07 14:15:00,136.46904999999992
2019-01-07 14:30:00,136.34404999999992
2019-01-07 14:45:00,136.37524999999994
2019-01-07 15:00:00,136.18774999999994
2019-01-07 15:15:00,136.12524999999994
2019-01-07 15:30:00,136.12524999999994
2019-01-07 15:45:00,136.18774999999994
2019-01-07 16:00:00,136.09404999999992
2019-01-07 16:15:00,135.93774999999994
2019-01-07 16:30:00,135.87524999999994
2019-01-07 16:45:00,135.78154999999992
2019-01-07 17:00:00,135.75024999999994
2019-01-07 17:15:00,135.84404999999992
2019-01-07 17:30:00,135.93774999999994
2019-01-07 17:45:00,135.84404999999992
2019-01-07 18:00:00,135.78154999999992
2019-01-07 18:15:00,135.75024999999994
2019-01-07 18:30:00,135.78154999999992
2019-01-07 18:45:00,135.81274999999994
2019-01-07 19:00:00,135.81274999999994
2019-01-07 19:15:00,135.78154999999992
2019-01-07 19:30:00,135.84404999999992
2019-01-07 19:45:00,135.75024999999994
2019-01-07 20:00:00,135.56274999999994
2019-01-07 20:15:00,135.40654999999992
2019-01-07 20:30:00,135.46904999999992
2019-01-07 20:45:00,135.50024999999994
2019-01-07 21:00:00,135.56274999999994
2019-01-07 21:15:00,135.50024999999994
2019-01-07 21:30:00,135.43774999999994
2019-01-07 21:45:00,135.46904999999992
2019-01-07 23:00:00,136.12524999999994
2019-01-07 23:15:00,135.53154999999992
2019-01-07 23:30:00,135.56274999999994
2019-01-07 23:45:00,135.59404999999992
2019-01-08 00:00:00,135.50024999999994
2019-01-08 00:15:00,135.50024999999994
2019-01-08 00:30:00,135.56274999999994
2019-01-08 00:45:00,135.53154999999992
2019-01-08 01:00:00,135.62524999999994
2019-01-08 01:15:00,135.53154999999992
2019-01-08 01:30:00,135.59404999999992
2019-01-08 01:45:00,135.59404999999992
2019-01-08 02:00:00,135.59404999999992
2019-01-08 02:15:00,135.56274999999994
2019-01-08 02:30:00,135.43774999999994
2019-01-08 02:45:00,135.46904999999992
2019-01-08 03:00:00,135.46904999999992
2019-01-08 03:15:00,135.46904999999992
2019-01-08 03:30:00,135.53154999999992
2019-01-08 03:45:00,135.50024999999994
2019-01-08 04:00:00,135.50024999999994
2019-01-08 04:15:00,135.50024999999994
2019-01-08 04:30:00,135.53154999999992
2019-01-08 04:45:00,135.46904999999992
2019-01-08 05:15:00,135.56274999999994
2019-01-08 05:30:00,135.62524999999994
2019-01-08 05:45:00,135.62524999999994
2019-01-08 06:15:00,135.59404999999992
2019-01-08 06:30:00,135.56274999999994
2019-01-08 06:45:00,135.59404999999992
2019-01-08 07:00:00,135.56274999999994
2019-01-08 07:15:00,135.43774999999994
2019-01-08 07:30:00,135.40654999999992
2019-01-08 07:45:00,135.46904999999992
2019-01-08 08:00:00,135.43774999999994
2019-01-08 08:15:00,135.43774999999994
2019-01-08 08:30:00,135.40654999999992
2019-01-08 08:45:00,135.34404999999992
2019-01-08 09:00:00,135.34404999999992
2019-01-08 09:15:00,135.37524999999994
2019-01-08 09:30:00,135.37524999999994
2019-01-08 09:45:00,135.40654999999992
2019-01-08 10:00:00,135.37524999999994
2019-01-08 10:15:00,135.50024999999994
2019-01-08 10:30:00,135.46904999999992
2019-01-08 10:45:00,135.53154999999992
2019-01-08 11:00:00,135.56274999999994
2019-01-08 11:15:00,135.53154999999992
2019-01-08 11:30:00,135.50024999999994
2019-01-08 11:45:00,135.50024999999994
2019-01-08 12:00:00,135.56274999999994
2019-01-08 12:15:00,135.53154999999992
2019-01-08 12:30:00,135.65654999999992
2019-01-08 12:45:00,135.59404999999992
2019-01-08 13:00:00,135.59404999999992
2019-01-08 13:15:00,135.56274999999994
2019-01-08 13:30:00,135.59404999999992
2019-01-08 13:45:00,135.43774999999994
2019-01-08 14:00:00,135.53154999999992
2019-01-08 14:15:00,135.34404999999992
2019-01-08 14:30:00,135.28154999999992
2019-01-08 14:45:00,135.40654999999992
2019-01-08 15:00:00,135.50024999999994
2019-01-08 15:15:00,135.46904999999992
2019-01-08 15:30:00,135.50024999999994
2019-01-08 15:45:00,135.50024999999994
2019-01-08 16:00:00,135.56274999999994
2019-01-08 16:15:00,135.50024999999994
2019-01-08 16:30:00,135.56274999999994
2019-01-08 16:45:00,135.46904999999992
2019-01-08 17:00:00,135.40654999999992
2019-01-08 17:15:00,135.46904999999992
2019-01-08 17:30:00,135.43774999999994
2019-01-08 17:45:00,135.40654999999992
2019-01-08 18:00:00,135.34404999999992
2019-01-08 18:15:00,135.37524999999994
2019-01-08 18:30:00,135.40654999999992
2019-01-08 18:45:00,135.31274999999994
2019-01-08 19:00:00,135.31274999999994
2019-01-08 19:15:00,135.34404999999992
2019-01-08 19:30:00,135.25024999999994
2019-01-08 19:45:00,135.25024999999994
2019-01-08 20:00:00,135.09404999999992
2019-01-08 20:15:00,135.06274999999994
2019-01-08 20:30:00,135.12524999999994
2019-01-08 20:45:00,135.03154999999992
2019-01-08 21:00:00,134.96904999999992
2019-01-08 21:15:00,134.96904999999992
2019-01-08 21:30:00,135.00024999999994
2019-01-08 21:45:00,134.93774999999994
2019-01-08 23:00:00,135.59404999999992
2019-01-08 23:15:00,135.00024999999994
2019-01-08 23:30:00,135.03154999999992
2019-01-08 23:45:00,134.93774999999994
2019-01-09 00:00:00,134.93774999999994
2019-01-09 00:15:00,135.00024999999994
2019-01-09 00:30:00,135.06274999999994
2019-01-09 00:45:00,135.09404999999992
2019-01-09 01:00:00,135.03154999999992
2019-01-09 01:15:00,134.96904999999992
2019-01-09 01:30:00,134.90654999999992
2019-01-09 01:45:00,134.87524999999994
2019-01-09 02:00:00,134.90654999999992
2019-01-09 02:15:00,134.90654999999992
2019-01-09 02:30:00,134.90654999999992
2019-01-09 02:45:00,135.00024999999994
2019-01-09 03:00:00,135.03154999999992
2019-01-09 03:15:00,135.03154999999992
2019-01-09 03:30:00,134.96904999999992
2019-01-09 03:45:00,134.96904999999992
2019-01-09 04:00:00,135.00024999999994
2019-01-09 04:15:00,135.03154999999992
2019-01-09 04:30:00,135.03154999999992
2019-01-09 04:45:00,135.03154999999992
2019-01-09 05:15:00,135.03154999999992
2019-01-09 05:30:00,135.06274999999994
2019-01-09 05:45:00,135.09404999999992
2019-01-09 06:15:00,135.09404999999992
2019-01-09 06:30:00,135.12524999999994
2019-01-09 06:45:00,135.15654999999992
2019-01-09 07:00:00,134.96904999999992
2019-01-09 07:15:00,134.93774999999994
2019-01-09 07:30:00,135.00024999999994
2019-01-09 07:45:00,135.06274999999994
2019-01-09 08:00:00,135.03154999999992
2019-01-09 08:15:00,135.03154999999992
2019-01-09 08:30:00,135.00024999999994
2019-01-09 08:45:00,134.96904999999992
2019-01-09 09:00:00,134.84404999999992
2019-01-09 09:15:00,134.78154999999992
2019-01-09 09:30:00,134.71904999999992
2019-01-09 09:45:00,134.75024999999994
2019-01-09 10:00:00,134.81274999999994
2019-01-09 10:15:00,134.78154999999992
2019-01-09 10:30:00,134.78154999999992
2019-01-09 10:45:00,134.84404999999992
2019-01-09 11:00:00,134.84404999999992
2019-01-09 11:15:00,134.84404999999992
2019-01-09 11:30:00,134.84404999999992
2019-01-09 11:45:00,134.75024999999994
2019-01-09 12:00:00,134.81274999999994
2019-01-09 12:15:00,134.84404999999992
2019-01-09 12:30:00,134.84404999999992
2019-01-09 12:45:00,134.84404999999992
2019-01-09 13:00:00,134.68774999999994
2019-01-09 13:15:00,134.59404999999992
2019-01-09 13:30:00,134.78154999999992
2019-01-09 13:45:00,134.78154999999992
2019-01-09 14:00:00,134.93774999999994
2019-01-09 14:15:00,134.96904999999992
2019-01-09 14:30:00,134.93774999999994
2019-01-09 14:45:00,134.84404999999992
2019-01-09 15:00:00,134.90654999999992
2019-01-09 15:15:00,134.96904999999992
2019-01-09 15:30:00,135.12524999999994
2019-01-09 15:45:00,135.03154999999992
2019-01-09 16:00:00,134.78154999999992
2019-01-09 16:15:00,134.75024999999994
2019-01-09 16:30:00,134.78154999999992
2019-01-09 16:45:00,134.68774999999994
2019-01-09 17:00:00,134.68774999999994
2019-01-09 17:15:00,134.71904999999992
2019-01-09 17:30:00,134.68774999999994
2019-01-09 17:45:00,134.68774999999994
2019-01-09 18:00:00,134.81274999999994
2019-01-09 18:15:00,134.90654999999992
2019-01-09 18:30:00,134.93774999999994
2019-01-09 18:45:00,134.93774999999994
2019-01-09 19:00:00,134.84404999999992
2019-01-09 19:15:00,135.06274999999994
2019-01-09 19:30:00,134.84404999999992
2019-01-09 19:45:00,134.84404999999992
2019-01-09 20:00:00,134.71904999999992
2019-01-09 20:15:00,134.71904999999992
2019-01-09 20:30:00,134.90654999999992
2019-01-09 20:45:00,134.93774999999994
2019-01-09 21:00:00,135.12524999999994
2019-01-09 21:15:00,135.06274999999994
2019-01-09 21:30:00,135.09404999999992
2019-01-09 21:45:00,135.12524999999994
2019-01-09 23:00:00,135.12524999999994
2019-01-09 23:15:00,135.09404999999992
2019-01-09 23:30:00,135.06274999999994
2019-01-09 23:45:00,135.06274999999994
2019-01-10 00:00:00,135.09404999999992
2019-01-10 00:15:00,135.21904999999992
2019-01-10 00:30:00,135.15654999999992
2019-01-10 00:45:00,135.21904999999992
2019-01-10 01:00:00,135.37524999999994
2019-01-10 01:15:00,135.40654999999992
2019-01-10 01:30:00,135.46904999999992
2019-01-10 01:45:00,135.37524999999994
2019-01-10 02:00:00,135.46904999999992
2019-01-10 02:15:00,135.43774999999994
2019-01-10 02:30:00,135.34404999999992
2019-01-10 02:45:00,135.31274999999994
2019-01-10 03:00:00,135.31274999999994
2019-01-10 03:15:00,135.28154999999992
2019-01-10 03:30:00,135.25024999999994
2019-01-10 03:45:00,135.25024999999994
2019-01-10 04:00:00,135.25024999999994
2019-01-10 04:15:00,135.21904999999992
2019-01-10 04:30:00,135.21904999999992
2019-01-10 04:45:00,135.12524999999994
2019-01-10 05:15:00,135.18774999999994
2019-01-10 05:30:00,135.18774999999994
2019-01-10 05:45:00,135.18774999999994
2019-01-10 06:15:00,135.21904999999992
2019-01-10 06:30:00,135.31274999999994
2019-01-10 06:45:00,135.40654999999992
2019-01-10 07:00:00,135.37524999999994
2019-01-10 07:15:00,135.34404999999992
2019-01-10 07:30:00,135.34404999999992
2019-01-10 07:45:00,135.46904999999992
2019-01-10 08:00:00,135.43774999999994
2019-01-10 08:15:00,135.31274999999994
2019-01-10 08:30:00,135.31274999999994
2019-01-10 08:45:00,135.21904999999992
2019-01-10 09:00:00,135.21904999999992
2019-01-10 09:15:00,135.21904999999992
2019-01-10 09:30:00,135.25024999999994
2019-01-10 09:45:00,135.18774999999994
2019-01-10 10:00:00,135.09404999999992
2019-01-10 10:15:00,135.09404999999992
2019-01-10 10:30:00,135.15654999999992
2019-01-10 10:45:00,135.21904999999992
2019-01-10 11:00:00,135.18774999999994
2019-01-10 11:15:00,135.18774999999994
2019-01-10 11:30:00,135.25024999999994
2019-01-10 11:45:00,135.21904999999992
2019-01-10 12:00:00,135.18774999999994
2019-01-10 12:15:00,135.03154999999992
2019-01-10 12:30:00,135.12524999999994
2019-01-10 12:45:00,135.09404999999992
2019-01-10 13:00:00,135.03154999999992
2019-01-10 13:15:00,134.93774999999994
2019-01-10 13:30:00,135.00024999999994
2019-01-10 13:45:00,135.03154999999992
2019-01-10 14:00:00,135.03154999999992
2019-01-10 14:15:00,135.06274999999994
2019-01-10 14:30:00,135.09404999999992
2019-01-10 14:45:00,135.09404999999992
2019-01-10 15:00:00,134.96904999999992
2019-01-10 15:15:00,134.90654999999992
2019-01-10 15:30:00,134.90654999999992
2019-01-10 15:45:00,134.81274999999994
2019-01-10 16:00:00,134.78154999999992
2019-01-10 16:15:00,134.87524999999994
2019-01-10 16:30:00,134.90654999999992
2019-01-10 16:45:00,134.93774999999994
2019-01-10 17:00:00,135.00024999999994
2019-01-10 17:15:00,135.00024999999994
2019-01-10 17:30:00,135.03154999999992
2019-01-10 17:45:00,134.81274999999994
2019-01-10 18:00:00,134.65654999999992
2019-01-10 18:15:00,134.71904999999992
2019-01-10 18:30:00,134.81274999999994
2019-01-10 18:45:00,134.62524999999994
2019-01-10 19:00:00,134.59404999999992
2019-01-10 19:15:00,134.62524999999994
2019-01-10 19:30:00,134.56274999999994
2019-01-10 19:45:00,134.53154999999992
2019-01-10 20:00:00,134.46904999999992
2019-01-10 20:15:00,134.50024999999994
2019-01-10 20:30:00,134.43774999999994
2019-01-10 20:45:00,134.53154999999992
2019-01-10 21:00:00,134.59404999999992
2019-01-10 21:15:00,134.46904999999992
2019-01-10 21:30:00,134.28154999999992
2019-01-10 21:45:00,134.25024999999994
2019-01-10 23:00:00,135.21904999999992
2019-01-10 23:15:00,134.40654999999992
2019-01-10 23:30:00,134.46904999999992
2019-01-10 23:45:00,134.53154999999992
2019-01-11 00:00:00,134.46904999999992
2019-01-11 00:15:00,134.40654999999992
2019-01-11 00:30:00,134.43774999999994
2019-01-11 00:45:00,134.43774999999994
2019-01-11 01:00:00,134.40654999999992
2019-01-11 01:15:00,134.43774999999994
2019-01-11 01:30:00,134.37524999999994
2019-01-11 01:45:00,134.43774999999994
2019-01-11 02:00:00,134.46904999999992
2019-01-11 02:15:00,134.56274999999994
2019-01-11 02:30:00,134.50024999999994
2019-01-11 02:45:00,134.43774999999994
2019-01-11 03:00:00,134.53154999999992
2019-01-11 03:15:00,134.53154999999992
2019-01-11 03:30:00,134.59404999999992
2019-01-11 03:45:00,134.53154999999992
2019-01-11 04:00:00,134.56274999999994
2019-01-11 04:15:00,134.56274999999994
2019-01-11 04:30:00,134.53154999999992
2019-01-11 04:45:00,134.53154999999992
2019-01-11 05:15:00,134.59404999999992
2019-01-11 05:30:00,134.65654999999992
2019-01-11 05:45:00,134.62524999999994
2019-01-11 06:15:00,134.59404999999992
2019-01-11 06:30:00,134.56274999999994
2019-01-11 06:45:00,134.53154999999992
2019-01-11 07:00:00,134.50024999999994
2019-01-11 07:15:00,134.53154999999992
2019-01-11 07:30:00,134.62524999999994
2019-01-11 07:45:00,134.65654999999992
2019-01-11 08:00:00,134.75024999999994
2019-01-11 08:15:00,134.75024999999994
2019-01-11 08:30:00,134.81274999999994
2019-01-11 08:45:00,134.84404999999992
2019-01-11 09:00:00,134.84404999999992
2019-01-11 09:15:00,134.87524999999994
2019-01-11 09:30:00,134.84404999999992
2019-01-11 09:45:00,134.78154999999992
2019-01-11 10:00:00,134.78154999999992
2019-01-11 10:15:00,134.78154999999992
2019-01-11 10:30:00,134.81274999999994
2019-01-11 10:45:00,134.68774999999994
2019-01-11 11:00:00,134.78154999999992
2019-01-11 11:15:00,134.75024999999994
2019-01-11 11:30:00,134.71904999999992
2019-01-11 11:45:00,134.71904999999992
2019-01-11 12:00:00,134.75024999999994
2019-01-11 12:15:00,134.75024999999994
2019-01-11 12:30:00,134.75024999999994
2019-01-11 12:45:00,134.71904999999992
2019-01-11 13:00:00,134.84404999999992
2019-01-11 13:15:00,134.84404999999992
2019-01-11 13:30:00,134.90654999999992
2019-01-11 13:45:00,135.00024999999994
2019-01-11 14:00:00,134.93774999999994
2019-01-11 14:15:00,134.96904999999992
2019-01-11 14:30:00,135.12524999999994
2019-01-11 14:45:00,135.12524999999994
2019-01-11 15:00:00,135.15654999999992
2019-01-11 15:15:00,135.28154999999992
2019-01-11 15:30:00,135.09404999999992
2019-01-11 15:45:00,135.06274999999994
2019-01-11 16:00:00,135.09404999999992
2019-01-11 16:15:00,135.09404999999992
2019-01-11 16:30:00,135.00024999999994
2019-01-11 16:45:00,135.03154999999992
2019-01-11 17:00:00,135.09404999999992
2019-01-11 17:15:00,135.06274999999994
2019-01-11 17:30:00,135.06274999999994
2019-01-11 17:45:00,135.15654999999992
2019-01-11 18:00:00,135.18774999999994
2019-01-11 18:15:00,135.09404999999992
2019-01-11 18:30:00,135.00024999999994
2019-01-11 18:45:00,135.00024999999994
2019-01-11 19:00:00,135.03154999999992
2019-01-11 19:15:00,135.06274999999994
2019-01-11 19:30:00,135.00024999999994
2019-01-11 19:45:00,135.00024999999994
2019-01-11 20:00:00,134.93774999999994
2019-01-11 20:15:00,134.93774999999994
2019-01-11 20:30:00,134.90654999999992
2019-01-11 20:45:00,135.06274999999994
2019-01-11 21:00:00,135.06274999999994
2019-01-11 21:15:00,135.09404999999992
2019-01-11 21:30:00,135.03154999999992
2019-01-11 21:45:00,135.00024999999994
2019-01-11 23:00:00,134.59404999999992
2019-01-13 23:00:00,135.18774999999994
2019-01-13 23:15:00,135.18774999999994
2019-01-13 23:30:00,135.18774999999994
2019-01-13 23:45:00,135.21904999999992
2019-01-14 00:00:00,135.21904999999992
2019-01-14 00:15:00,135.18774999999994
2019-01-14 00:30:00,135.18774999999994
2019-01-14 00:45:00,135.18774999999994
2019-01-14 01:00:00,135.18774999999994
2019-01-14 01:15:00,135.21904999999992
2019-01-14 01:30:00,135.28154999999992
2019-01-14 01:45:00,135.37524999999994
2019-01-14 02:00:00,135.31274999999994
2019-01-14 02:15:00,135.34404999999992
2019-01-14 02:30:00,135.34404999999992
2019-01-14 02:45:00,135.34404999999992
2019-01-14 03:00:00,135.46904999999992
2019-01-14 03:15:00,135.43774999999994
2019-01-14 03:30:00,135.40654999999992
2019-01-14 03:45:00,135.40654999999992
2019-01-14 04:00:00,135.40654999999992
2019-01-14 04:15:00,135.40654999999992
2019-01-14 04:30:00,135.40654999999992
2019-01-14 04:45:00,135.40654999999992
2019-01-14 05:15:00,135.37524999999994
2019-01-14 05:30:00,135.40654999999992
2019-01-14 05:45:00,135.37524999999994
2019-01-14 06:15:00,135.40654999999992
2019-01-14 06:30:00,135.43774999999994
2019-01-14 06:45:00,135.43774999999994
2019-01-14 07:00:00,135.34404999999992
2019-01-14 07:15:00,135.31274999999994
2019-01-14 07:30:00,135.37524999999994
2019-01-14 07:45:00,135.43774999999994
2019-01-14 08:00:00,135.40654999999992
2019-01-14 08:15:00,135.34404999999992
2019-01-14 08:30:00,135.31274999999994
2019-01-14 08:45:00,135.37524999999994
2019-01-14 09:00:00,135.34404999999992
2019-01-14 09:15:00,135.34404999999992
2019-01-14 09:30:00,135.46904999999992
2019-01-14 09:45:00,135.50024999999994
2019-01-14 10:00:00,135.53154999999992
2019-01-14 10:15:00,135.46904999999992
2019-01-14 10:30:00,135.50024999999994
2019-01-14 10:45:00,135.50024999999994
2019-01-14 11:00:00,135.53154999999992
2019-01-14 11:15:00,135.50024999999994
2019-01-14 11:30:00,135.43774999999994
2019-01-14 11:45:00,135.40654999999992
2019-01-14 12:00:00,135.40654999999992
2019-01-14 12:15:00,135.31274999999994
2019-01-14 12:30:00,135.34404999999992
2019-01-14 12:45:00,135.40654999999992
2019-01-14 13:00:00,135.43774999999994
2019-01-14 13:15:00,135.28154999999992
2019-01-14 13:30:00,135.15654999999992
2019-01-14 13:45:00,135.00024999999994
2019-01-14 14:00:00,135.06274999999994
2019-01-14 14:15:00,135.09404999999992
2019-01-14 14:30:00,135.09404999999992
2019-01-14 14:45:00,135.06274999999994
2019-01-14 15:00:00,135.00024999999994
2019-01-14 15:15:00,134.93774999999994
2019-01-14 15:30:00,134.93774999999994
2019-01-14 15:45:00,134.84404999999992
2019-01-14 16:00:00,134.90654999999992
2019-01-14 16:15:00,134.78154999999992
2019-01-14 16:30:00,134.71904999999992
2019-01-14 16:45:00,134.75024999999994
2019-01-14 17:00:00,134.78154999999992
2019-01-14 17:15:00,134.68774999999994
2019-01-14 17:30:00,134.75024999999994
2019-01-14 17:45:00,134.75024999999994
2019-01-14 18:00:00,134.78154999999992
2019-01-14 18:15:00,134.78154999999992
2019-01-14 18:30:00,134.75024999999994
2019-01-14 18:45:00,134.78154999999992
2019-01-14 19:00:00,134.78154999999992
2019-01-14 19:15:00,134.75024999999994
2019-01-14 19:30:00,134.68774999999994
2019-01-14 19:45:00,134.68774999999994
2019-01-14 20:00:00,134.68774999999994
2019-01-14 20:15:00,134.62524999999994
2019-01-14 20:30:00,134.71904999999992
2019-01-14 20:45:00,134.75024999999994
2019-01-14 21:00:00,134.81274999999994
2019-01-14 21:15:00,134.78154999999992
2019-01-14 21:30:00,134.71904999999992
2019-01-14 21:45:00,134.78154999999992
2019-01-14 23:00:00,135.37524999999994
2019-01-14 23:15:00,134.81274999999994
2019-01-14 23:30:00,134.81274999999994
2019-01-14 23:45:00,134.81274999999994
2019-01-15 00:00:00,134.75024999999994
2019-01-15 00:15:00,134.75024999999994
2019-01-15 00:30:00,134.75024999999994
2019-01-15 00:45:00,134.81274999999994
2019-01-15 01:00:00,134.65654999999992
2019-01-15 01:15:00,134.65654999999992
2019-01-15 01:30:00,134.56274999999994
2019-01-15 01:45:00,134.68774999999994
2019-01-15 02:00:00,134.62524999999994
2019-01-15 02:15:00,134.62524999999994
2019-01-15 02:30:00,134.65654999999992
2019-01-15 02:45:00,134.62524999999994
2019-01-15 03:00:00,134.56274999999994
2019-01-15 03:15:00,134.53154999999992
2019-01-15 03:30:00,134.59404999999992
2019-01-15 03:45:00,134.53154999999992
2019-01-15 04:00:00,134.53154999999992
2019-01-15 04:15:00,134.53154999999992
2019-01-15 04:30:00,134.56274999999994
2019-01-15 04:45:00,134.59404999999992
2019-01-15 05:15:00,134.56274999999994
2019-01-15 05:30:00,134.56274999999994
2019-01-15 05:45:00,134.56274999999994
2019-01-15 06:15:00,134.53154999999992
2019-01-15 06:30:00,134.53154999999992
2019-01-15 06:45:00,134.53154999999992
2019-01-15 07:00:00,134.53154999999992
2019-01-15 07:15:00,134.56274999999994
2019-01-15 07:30:00,134.68774999999994
2019-01-15 07:45:00,134.65654999999992
2019-01-15 08:00:00,134.62524999999994
2019-01-15 08:15:00,134.68774999999994
2019-01-15 08:30:00,134.78154999999992
2019-01-15 08:45:00,134.84404999999992
2019-01-15 09:00:00,135.00024999999994
2019-01-15 09:15:00,135.00024999999994
2019-01-15 09:30:00,135.06274999999994
2019-01-15 09:45:00,135.09404999999992
2019-01-15 10:00:00,135.06274999999994
2019-01-15 10:15:00,135.03154999999992
2019-01-15 10:30:00,135.09404999999992
2019-01-15 10:45:00,135.06274999999994
2019-01-15 11:00:00,135.03154999999992
2019-01-15 11:15:00,134.96904999999992
2019-01-15 11:30:00,134.96904999999992
2019-01-15 11:45:00,135.06274999999994
2019-01-15 12:00:00,135.12524999999994
2019-01-15 12:15:00,135.09404999999992
2019-01-15 12:30:00,135.12524999999994
2019-01-15 12:45:00,135.06274999999994
2019-01-15 13:00:00,134.90654999999992
2019-01-15 13:15:00,134.71904999999992
2019-01-15 13:30:00,134.84404999999992
2019-01-15 13:45:00,135.06274999999994
2019-01-15 14:00:00,134.84404999999992
2019-01-15 14:15:00,135.00024999999994
2019-01-15 14:30:00,134.78154999999992
2019-01-15 14:45:00,134.75024999999994
2019-01-15 15:00:00,134.71904999999992
2019-01-15 15:15:00,134.68774999999994
2019-01-15 15:30:00,134.56274999999994
2019-01-15 15:45:00,134.56274999999994
2019-01-15 16:00:00,134.62524999999994
2019-01-15 16:15:00,134.65654999999992
2019-01-15 16:30:00,134.59404999999992
2019-01-15 16:45:00,134.50024999999994
2019-01-15 17:00:00,134.53154999999992
2019-01-15 17:15:00,134.56274999999994
2019-01-15 17:30:00,134.53154999999992
2019-01-15 17:45:00,134.62524999999994
2019-01-15 18:00:00,134.56274999999994
2019-01-15 18:15:00,134.53154999999992
2019-01-15 18:30:00,134.56274999999994
2019-01-15 18:45:00,134.50024999999994
2019-01-15 19:00:00,134.59404999999992
2019-01-15 19:15:00,134.78154999999992
2019-01-15 19:30:00,134.62524999999994
2019-01-15 19:45:00,134.68774999999994
2019-01-15 20:00:00,134.59404999999992
2019-01-15 20:15:00,134.50024999999994
2019-01-15 20:30:00,134.46904999999992
2019-01-15 20:45:00,134.53154999999992
2019-01-15 21:00:00,134.56274999999994
2019-01-15 21:15:00,134.56274999999994
2019-01-15 21:30:00,134.50024999999994
2019-01-15 21:45:00,134.62524999999994
2019-01-15 23:00:00,134.53154999999992
2019-01-15 23:15:00,134.65654999999992
2019-01-15 23:30:00,134.65654999999992
2019-01-15 23:45:00,134.56274999999994
2019-01-16 00:00:00,134.65654999999992
2019-01-16 00:15:00,134.65654999999992
2019-01-16 00:30:00,134.62524999999994
2019-01-16 00:45:00,134.62524999999994
2019-01-16 01:00:00,134.62524999999994
2019-01-16 01:15:00,134.68774999999994
2019-01-16 01:30:00,134.75024999999994
2019-01-16 01:45:00,134.65654999999992
2019-01-16 02:00:00,134.71904999999992
2019-01-16 02:15:00,134.65654999999992
2019-01-16 02:30:00,134.65654999999992
2019-01-16 02:45:00,134.59404999999992
2019-01-16 03:00:00,134.59404999999992
2019-01-16 03:15:00,134.56274999999994
2019-01-16 03:30:00,134.59404999999992
2019-01-16 03:45:00,134.56274999999994
2019-01-16 04:00:00,134.56274999999994
2019-01-16 04:15:00,134.62524999999994
2019-01-16 04:30:00,134.62524999999994
2019-01-16 04:45:00,134.62524999999994
2019-01-16 05:15:00,134.62524999999994
2019-01-16 05:30:00,134.62524999999994
2019-01-16 05:45:00,134.59404999999992
2019-01-16 06:15:00,134.62524999999994
2019-01-16 06:30:00,134.65654999999992
2019-01-16 06:45:00,134.62524999999994
2019-01-16 07:00:00,134.59404999999992
2019-01-16 07:15:00,134.40654999999992
2019-01-16 07:30:00,134.46904999999992
2019-01-16 07:45:00,134.34404999999992
2019-01-16 08:00:00,134.40654999999992
2019-01-16 08:15:00,134.37524999999994
2019-01-16 08:30:00,134.43774999999994
2019-01-16 08:45:00,134.40654999999992
2019-01-16 09:00:00,134.28154999999992
2019-01-16 09:15:00,134.28154999999992
2019-01-16 09:30:00,134.21904999999992
2019-01-16 09:45:00,134.15654999999992
2019-01-16 10:00:00,134.18774999999994
2019-01-16 10:15:00,134.15654999999992
2019-01-16 10:30:00,134.12524999999994
2019-01-16 10:45:00,134.06274999999994
2019-01-16 11:00:00,134.12524999999994
2019-01-16 11:15:00,134.09404999999992
2019-01-16 11:30:00,134.09404999999992
2019-01-16 11:45:00,134.03154999999992
2019-01-16 12:00:00,134.12524999999994
2019-01-16 12:15:00,134.06274999999994
2019-01-16 12:30:00,134.09404999999992
2019-01-16 12:45:00,134.00024999999994
2019-01-16 13:00:00,134.15654999999992
2019-01-16 13:15:00,134.15654999999992
2019-01-16 13:30:00,134.31274999999994
2019-01-16 13:45:00,134.28154999999992
2019-01-16 14:00:00,134.25024999999994
2019-01-16 14:15:00,134.18774999999994
2019-01-16 14:30:00,134.15654999999992
2019-01-16 14:45:00,134.18774999999994
2019-01-16 15:00:00,134.15654999999992
2019-01-16 15:15:00,134.43774999999994
2019-01-16 15:30:00,134.56274999999994
2019-01-16 15:45:00,134.56274999999994
2019-01-16 16:00:00,134.59404999999992
2019-01-16 16:15:00,134.43774999999994
2019-01-16 16:30:00,134.53154999999992
2019-01-16 16:45:00,134.53154999999992
2019-01-16 17:00:00,134.56274999999994
2019-01-16 17:15:00,134.62524999999994
2019-01-16 17:30:00,134.62524999999994
2019-01-16 17:45:00,134.65654999999992
2019-01-16 18:00:00,134.68774999999994
2019-01-16 18:15:00,134.59404999999992
2019-01-16 18:30:00,134.65654999999992
2019-01-16 18:45:00,134.68774999999994
2019-01-16 19:00:00,134.65654999999992
2019-01-16 19:15:00,134.43774999999994
2019-01-16 19:30:00,134.40654999999992
2019-01-16 19:45:00,134.46904999999992
2019-01-16 20:00:00,134.50024999999994
2019-01-16 20:15:00,134.53154999999992
2019-01-16 20:30:00,134.56274999999994
2019-01-16 20:45:00,134.56274999999994
2019-01-16 21:00:00,134.56274999999994
2019-01-16 21:15:00,134.50024999999994
2019-01-16 21:30:00,134.53154999999992
2019-01-16 21:45:00,134.59404999999992
2019-01-16 23:00:00,134.62524999999994
2019-01-16 23:15:00,134.56274999999994
2019-01-16 23:30:00,134.59404999999992
2019-01-16 23:45:00,134.59404999999992
2019-01-17 00:00:00,134.68774999999994
2019-01-17 00:15:00,134.68774999999994
2019-01-17 00:30:00,134.65654999999992
2019-01-17 00:45:00,134.71904999999992
2019-01-17 01:00:00,134.65654999999992
2019-01-17 01:15:00,134.71904999999992
2019-01-17 01:30:00,134.81274999999994
2019-01-17 01:45:00,134.78154999999992
2019-01-17 02:00:00,134.87524999999994
2019-01-17 02:15:00,134.84404999999992
2019-01-17 02:30:00,134.84404999999992
2019-01-17 02:45:00,134.84404999999992
2019-01-17 03:00:00,134.81274999999994
2019-01-17 03:15:00,134.75024999999994
2019-01-17 03:30:00,134.75024999999994
2019-01-17 03:45:00,134.71904999999992
2019-01-17 04:00:00,134.71904999999992
2019-01-17 04:15:00,134.75024999999994
2019-01-17 04:30:00,134.71904999999992
2019-01-17 04:45:00,134.71904999999992
2019-01-17 05:15:00,134.75024999999994
2019-01-17 05:30:00,134.75024999999994
2019-01-17 05:45:00,134.75024999999994
2019-01-17 06:15:00,134.75024999999994
2019-01-17 06:30:00,134.78154999999992
2019-01-17 06:45:00,134.71904999999992
2019-01-17 07:00:00,134.71904999999992
2019-01-17 07:15:00,134.87524999999994
2019-01-17 07:30:00,134.93774999999994
2019-01-17 07:45:00,134.93774999999994
2019-01-17 08:00:00,134.93774999999994
2019-01-17 08:15:00,134.96904999999992
2019-01-17 08:30:00,134.84404999999992
2019-01-17 08:45:00,134.75024999999994
2019-01-17 09:00:00,134.81274999999994
2019-01-17 09:15:00,134.75024999999994
2019-01-17 09:30:00,134.84404999999992
2019-01-17 09:45:00,134.78154999999992
2019-01-17 10:00:00,134.71904999999992
2019-01-17 10:15:00,134.65654999999992
2019-01-17 10:30:00,134.71904999999992
2019-01-17 10:45:00,134.68774999999994
2019-01-17 11:00:00,134.71904999999992
2019-01-17 11:15:00,134.75024999999994
2019-01-17 11:30:00,134.71904999999992
2019-01-17 11:45:00,134.75024999999994
2019-01-17 12:00:00,134.78154999999992
2019-01-17 12:15:00,134.78154999999992
2019-01-17 12:30:00,134.78154999999992
2019-01-17 12:45:00,134.75024999999994
2019-01-17 13:00:00,134.81274999999994
2019-01-17 13:15:00,134.87524999999994
2019-01-17 13:30:00,134.68774999999994
2019-01-17 13:45:00,134.62524999999994
2019-01-17 14:00:00,134.56274999999994
2019-01-17 14:15:00,134.46904999999992
2019-01-17 14:30:00,134.43774999999994
2019-01-17 14:45:00,134.37524999999994
2019-01-17 15:00:00,134.34404999999992
2019-01-17 15:15:00,134.40654999999992
2019-01-17 15:30:00,134.40654999999992
2019-01-17 15:45:00,134.46904999999992
2019-01-17 16:00:00,134.40654999999992
2019-01-17 16:15:00,134.43774999999994
2019-01-17 16:30:00,134.40654999999992
2019-01-17 16:45:00,134.50024999999994
2019-01-17 17:00:00,134.50024999999994
2019-01-17 17:15:00,134.46904999999992
2019-01-17 17:30:00,134.56274999999994
2019-01-17 17:45:00,134.53154999999992
2019-01-17 18:00:00,134.53154999999992
2019-01-17 18:15:00,134.50024999999994
2019-01-17 18:30:00,134.59404999999992
2019-01-17 18:45:00,134.59404999999992
2019-01-17 19:00:00,134.65654999999992
2019-01-17 19:15:00,134.65654999999992
2019-01-17 19:30:00,134.31274999999994
2019-01-17 19:45:00,134.34404999999992
2019-01-17 20:00:00,134.40654999999992
2019-01-17 20:15:00,134.31274999999994
2019-01-17 20:30:00,134.37524999999994
2019-01-17 20:45:00,134.37524999999994
2019-01-17 21:00:00,134.37524999999994
2019-01-17 21:15:00,134.37524999999994
2019-01-17 21:30:00,134.31274999999994
2019-01-17 21:45:00,134.28154999999992
2019-01-17 23:00:00,134.71904999999992
2019-01-17 23:15:00,134.40654999999992
2019-01-17 23:30:00,134.37524999999994
2019-01-17 23:45:00,134.40654999999992
2019-01-18 00:00:00,134.37524999999994
2019-01-18 00:15:00,134.28154999999992
2019-01-18 00:30:00,134.34404999999992
2019-01-18 00:45:00,134.40654999999992
2019-01-18 01:00:00,134.34404999999992
2019-01-18 01:15:00,134.34404999999992
2019-01-18 01:30:00,134.21904999999992
2019-01-18 01:45:00,134.28154999999992
2019-01-18 02:00:00,134.28154999999992
2019-01-18 02:15:00,134.31274999999994
2019-01-18 02:30:00,134.34404999999992
2019-01-18 02:45:00,134.37524999999994
2019-01-18 03:00:00,134.34404999999992
2019-01-18 03:15:00,134.37524999999994
2019-01-18 03:30:00,134.37524999999994
2019-01-18 03:45:00,134.37524999999994
2019-01-18 04:00:00,134.37524999999994
2019-01-18 04:15:00,134.37524999999994
2019-01-18 04:30:00,134.40654999999992
2019-01-18 04:45:00,134.43774999999994
2019-01-18 05:15:00,134.43774999999994
2019-01-18 05:30:00,134.37524999999994
2019-01-18 05:45:00,134.40654999999992
2019-01-18 06:15:00,134.37524999999994
2019-01-18 06:30:00,134.40654999999992
2019-01-18 06:45:00,134.37524999999994
2019-01-18 07:00:00,134.21904999999992
2019-01-18 07:15:00,134.18774999999994
2019-01-18 07:30:00,134.21904999999992
2019-01-18 07:45:00,134.21904999999992
2019-01-18 08:00:00,134.18774999999994
2019-01-18 08:15:00,134.15654999999992
2019-01-18 08:30:00,134.09404999999992
2019-01-18 08:45:00,134.00024999999994
2019-01-18 09:00:00,134.00024999999994
2019-01-18 09:15:00,133.96904999999992
2019-01-18 09:30:00,133.96904999999992
2019-01-18 09:45:00,134.00024999999994
2019-01-18 10:00:00,134.03154999999992
2019-01-18 10:15:00,134.06274999999994
2019-01-18 10:30:00,134.06274999999994
2019-01-18 10:45:00,134.09404999999992
2019-01-18 11:00:00,134.00024999999994
2019-01-18 11:15:00,133.96904999999992
2019-01-18 11:30:00,133.96904999999992
2019-01-18 11:45:00,133.90654999999992
2019-01-18 12:00:00,133.93774999999994
2019-01-18 12:15:00,134.00024999999994
2019-01-18 12:30:00,134.03154999999992
2019-01-18 12:45:00,134.06274999999994
2019-01-18 13:00:00,134.06274999999994
2019-01-18 13:15:00,134.18774999999994
2019-01-18 13:30:00,134.18774999999994
2019-01-18 13:45:00,134.12524999999994
2019-01-18 14:00:00,134.09404999999992
2019-01-18 14:15:00,134.03154999999992
2019-01-18 14:30:00,134.15654999999992
2019-01-18 14:45:00,134.15654999999992
2019-01-18 15:00:00,134.09404999999992
2019-01-18 15:15:00,134.00024999999994
2019-01-18 15:30:00,133.87524999999994
2019-01-18 15:45:00,133.71904999999992
2019-01-18 16:00:00,133.65654999999992
2019-01-18 16:15:00,133.59404999999992
2019-01-18 16:30:00,133.68774999999994
2019-01-18 16:45:00,133.62524999999994
2019-01-18 17:00:00,133.56274999999994
2019-01-18 17:15:00,133.59404999999992
2019-01-18 17:30:00,133.59404999999992
2019-01-18 17:45:00,133.62524999999994
2019-01-18 18:00:00,133.71904999999992
2019-01-18 18:15:00,133.78154999999992
2019-01-18 18:30:00,133.78154999999992
2019-01-18 18:45:00,133.68774999999994
2019-01-18 19:00:00,133.78154999999992
2019-01-18 19:15:00,133.87524999999994
2019-01-18 19:30:00,133.90654999999992
2019-01-18 19:45:00,133.78154999999992
2019-01-18 20:00:00,133.78154999999992
2019-01-18 20:15:00,133.81274999999994
2019-01-18 20:30:00,133.71904999999992
2019-01-18 20:45:00,133.75024999999994
2019-01-18 21:00:00,133.68774999999994
2019-01-18 21:15:00,133.68774999999994
2019-01-18 21:30:00,133.68774999999994
2019-01-18 21:45:00,133.78154999999992
2019-01-18 23:00:00,134.37524999999994
2019-01-20 23:00:00,133.71904999999992
2019-01-20 23:15:00,133.71904999999992
2019-01-20 23:30:00,133.71904999999992
2019-01-20 23:45:00,133.71904999999992
2019-01-21 00:00:00,133.75024999999994
2019-01-21 00:15:00,133.78154999999992
2019-01-21 00:30:00,133.75024999999994
2019-01-21 00:45:00,133.78154999999992
2019-01-21 01:00:00,133.87524999999994
2019-01-21 01:15:00,133.84404999999992
2019-01-21 01:30:00,133.81274999999994
2019-01-21 01:45:00,133.84404999999992
2019-01-21 02:00:00,133.71904999999992
2019-01-21 02:15:00,133.75024999999994
2019-01-21 02:30:00,133.68774999999994
2019-01-21 02:45:00,133.71904999999992
2019-01-21 03:00:00,133.71904999999992
2019-01-21 03:15:00,133.71904999999992
2019-01-21 03:30:00,133.71904999999992
2019-01-21 03:45:00,133.78154999999992
2019-01-21 04:00:00,133.81274999999994
2019-01-21 04:15:00,133.78154999999992
2019-01-21 04:30:00,133.78154999999992
2019-01-21 04:45:00,133.78154999999992
2019-01-21 05:15:00,133.81274999999994
2019-01-21 05:30:00,133.84404999999992
2019-01-21 05:45:00,133.84404999999992
2019-01-21 06:15:00,133.87524999999994
2019-01-21 06:30:00,133.87524999999994
2019-01-21 06:45:00,133.81274999999994
2019-01-21 07:00:00,133.84404999999992
2019-01-21 07:15:00,133.81274999999994
2019-01-21 07:30:00,133.84404999999992
2019-01-21 07:45:00,133.84404999999992
2019-01-21 08:00:00,133.87524999999994
2019-01-21 08:15:00,133.87524999999994
2019-01-21 08:30:00,133.90654999999992
2019-01-21 08:45:00,133.90654999999992
2019-01-21 09:00:00,133.93774999999994
2019-01-21 09:15:00,133.87524999999994
2019-01-21 09:30:00,133.87524999999994
2019-01-21 09:45:00,133.87524999999994
2019-01-21 10:00:00,133.84404999999992
2019-01-21 10:15:00,133.81274999999994
2019-01-21 10:30:00,133.78154999999992
2019-01-21 10:45:00,133.81274999999994
2019-01-21 11:00:00,133.78154999999992
2019-01-21 11:15:00,133.84404999999992
2019-01-21 11:30:00,133.87524999999994
2019-01-21 11:45:00,133.87524999999994
2019-01-21 12:00:00,133.87524999999994
2019-01-21 12:15:00,133.87524999999994
2019-01-21 12:30:00,133.84404999999992
2019-01-21 12:45:00,133.90654999999992
2019-01-21 13:00:00,133.87524999999994
2019-01-21 13:15:00,133.93774999999994
2019-01-21 13:30:00,133.87524999999994
2019-01-21 13:45:00,133.87524999999994
2019-01-21 14:00:00,133.87524999999994
2019-01-21 14:15:00,133.87524999999994
2019-01-21 14:30:00,133.87524999999994
2019-01-21 14:45:00,133.87524999999994
2019-01-21 15:00:00,133.87524999999994
2019-01-21 15:15:00,133.87524999999994
2019-01-21 15:30:00,133.87524999999994
2019-01-21 15:45:00,133.84404999999992
2019-01-21 16:00:00,133.84404999999992
2019-01-21 16:15:00,133.75024999999994
2019-01-21 16:30:00,133.81274999999994
2019-01-21 16:45:00,133.81274999999994
2019-01-21 17:00:00,133.84404999999992
2019-01-21 17:15:00,133.87524999999994
2019-01-21 17:30:00,133.87524999999994
2019-01-21 17:45:00,133.90654999999992
2019-01-21 23:00:00,133.84404999999992
2019-01-21 23:15:00,133.87524999999994
2019-01-21 23:30:00,133.81274999999994
2019-01-21 23:45:00,133.87524999999994
2019-01-22 00:00:00,133.87524999999994
2019-01-22 00:15:00,133.87524999999994
2019-01-22 00:30:00,133.87524999999994
2019-01-22 00:45:00,133.90654999999992
2019-01-22 01:00:00,133.90654999999992
2019-01-22 01:15:00,133.90654999999992
2019-01-22 01:30:00,133.90654999999992
2019-01-22 01:45:00,133.93774999999994
2019-01-22 02:00:00,133.93774999999994
2019-01-22 02:15:00,133.93774999999994
2019-01-22 02:30:00,133.93774999999994
2019-01-22 02:45:00,133.96904999999992
2019-01-22 03:00:00,133.93774999999994
2019-01-22 03:15:00,134.00024999999994
2019-01-22 03:30:00,134.03154999999992
2019-01-22 03:45:00,134.09404999999992
2019-01-22 04:00:00,134.12524999999994
2019-01-22 04:15:00,134.09404999999992
2019-01-22 04:30:00,134.09404999999992
2019-01-22 04:45:00,134.09404999999992
2019-01-22 05:15:00,134.12524999999994
2019-01-22 05:30:00,134.18774999999994
2019-01-22 05:45:00,134.15654999999992
2019-01-22 06:15:00,134.12524999999994
2019-01-22 06:30:00,134.18774999999994
2019-01-22 06:45:00,134.15654999999992
2019-01-22 07:00:00,134.25024999999994
2019-01-22 07:15:00,134.25024999999994
2019-01-22 07:30:00,134.31274999999994
2019-01-22 07:45:00,134.34404999999992
2019-01-22 08:00:00,134.34404999999992
2019-01-22 08:15:00,134.34404999999992
2019-01-22 08:30:00,134.28154999999992
2019-01-22 08:45:00,134.31274999999994
2019-01-22 09:00:00,134.21904999999992
2019-01-22 09:15:00,134.18774999999994
2019-01-22 09:30:00,134.15654999999992
2019-01-22 09:45:00,134.18774999999994
2019-01-22 10:00:00,134.12524999999994
2019-01-22 10:15:00,134.18774999999994
2019-01-22 10:30:00,134.21904999999992
2019-01-22 10:45:00,134.18774999999994
2019-01-22 11:00:00,134.21904999999992
2019-01-22 11:15:00,134.25024999999994
2019-01-22 11:30:00,134.34404999999992
2019-01-22 11:45:00,134.21904999999992
2019-01-22 12:00:00,134.28154999999992
2019-01-22 12:15:00,134.21904999999992
2019-01-22 12:30:00,134.28154999999992
2019-01-22 12:45:00,134.31274999999994
2019-01-22 13:00:00,134.21904999999992
2019-01-22 13:15:00,134.28154999999992
2019-01-22 13:30:00,134.34404999999992
2019-01-22 13:45:00,134.34404999999992
2019-01-22 14:00:00,134.46904999999992
2019-01-22 14:15:00,134.34404999999992
2019-01-22 14:30:00,134.34404999999992
2019-01-22 14:45:00,134.31274999999994
2019-01-22 15:00:00,134.37524999999994
2019-01-22 15:15:00,134.21904999999992
2019-01-22 15:30:00,134.25024999999994
2019-01-22 15:45:00,134.25024999999994
2019-01-22 16:00:00,134.31274999999994
2019-01-22 16:15:00,134.25024999999994
2019-01-22 16:30:00,134.31274999999994
2019-01-22 16:45:00,134.40654999999992
2019-01-22 17:00:00,134.43774999999994
2019-01-22 17:15:00,134.46904999999992
2019-01-22 17:30:00,134.43774999999994
2019-01-22 17:45:00,134.46904999999992
2019-01-22 18:00:00,134.71904999999992
2019-01-22 18:15:00,134.65654999999992
2019-01-22 18:30:00,134.59404999999992
2019-01-22 18:45:00,134.56274999999994
2019-01-22 19:00:00,134.65654999999992
2019-01-22 19:15:00,134.62524999999994
2019-01-22 19:30:00,134.65654999999992
2019-01-22 19:45:00,134.62524999999994
2019-01-22 20:00:00,134.56274999999994
2019-01-22 20:15:00,134.56274999999994
2019-01-22 20:30:00,134.43774999999994
2019-01-22 20:45:00,134.43774999999994
2019-01-22 21:00:00,134.46904999999992
2019-01-22 21:15:00,134.50024999999994
2019-01-22 21:30:00,134.46904999999992
2019-01-22 21:45:00,134.50024999999994
2019-01-22 23:00:00,134.15654999999992
2019-01-22 23:15:00,134.50024999999994
2019-01-22 23:30:00,134.50024999999994
2019-01-22 23:45:00,134.53154999999992
2019-01-23 00:00:00,134.46904999999992
2019-01-23 00:15:00,134.43774999999994
2019-01-23 00:30:00,134.43774999999994
2019-01-23 00:45:00,134.50024999999994
2019-01-23 01:00:00,134.46904999999992
2019-01-23 01:15:00,134.43774999999994
2019-01-23 01:30:00,134.34404999999992
2019-01-23 01:45:00,134.31274999999994
2019-01-23 02:00:00,134.37524999999994
2019-01-23 02:15:00,134.31274999999994
2019-01-23 02:30:00,134.34404999999992
2019-01-23 02:45:00,134.31274999999994
2019-01-23 03:00:00,134.34404999999992
2019-01-23 03:15:00,134.37524999999994
2019-01-23 03:30:00,134.34404999999992
2019-01-23 03:45:00,134.31274999999994
2019-01-23 04:00:00,134.37524999999994
2019-01-23 04:15:00,134.37524999999994
2019-01-23 04:30:00,134.37524999999994
2019-01-23 04:45:00,134.37524999999994
2019-01-23 05:15:00,134.40654999999992
2019-01-23 05:30:00,134.43774999999994
2019-01-23 05:45:00,134.43774999999994
2019-01-23 06:15:00,134.34404999999992
2019-01-23 06:30:00,134.34404999999992
2019-01-23 06:45:00,134.34404999999992
2019-01-23 07:00:00,134.31274999999994
2019-01-23 07:15:00,134.46904999999992
2019-01-23 07:30:00,134.46904999999992
2019-01-23 07:45:00,134.43774999999994
2019-01-23 08:00:00,134.50024999999994
2019-01-23 08:15:00,134.40654999999992
2019-01-23 08:30:00,134.31274999999994
2019-01-23 08:45:00,134.40654999999992
2019-01-23 09:00:00,134.28154999999992
2019-01-23 09:15:00,134.28154999999992
2019-01-23 09:30:00,134.15654999999992
2019-01-23 09:45:00,134.21904999999992
2019-01-23 10:00:00,134.21904999999992
2019-01-23 10:15:00,134.15654999999992
2019-01-23 10:30:00,134.12524999999994
2019-01-23 10:45:00,134.12524999999994
2019-01-23 11:00:00,134.12524999999994
2019-01-23 11:15:00,134.06274999999994
2019-01-23 11:30:00,134.12524999999994
2019-01-23 11:45:00,134.09404999999992
2019-01-23 12:00:00,134.06274999999994
2019-01-23 12:15:00,134.00024999999994
2019-01-23 12:30:00,134.00024999999994
2019-01-23 12:45:00,134.06274999999994
2019-01-23 13:00:00,134.00024999999994
2019-01-23 13:15:00,133.84404999999992
2019-01-23 13:30:00,133.84404999999992
2019-01-23 13:45:00,133.81274999999994
2019-01-23 14:00:00,133.84404999999992
2019-01-23 14:15:00,133.93774999999994
2019-01-23 14:30:00,134.06274999999994
2019-01-23 14:45:00,134.00024999999994
2019-01-23 15:00:00,134.03154999999992
2019-01-23 15:15:00,134.15654999999992
2019-01-23 15:30:00,134.28154999999992
2019-01-23 15:45:00,134.25024999999994
2019-01-23 16:00:00,134.15654999999992
2019-01-23 16:15:00,134.34404999999992
2019-01-23 16:30:00,134.37524999999994
2019-01-23 16:45:00,134.46904999999992
2019-01-23 17:00:00,134.46904999999992
2019-01-23 17:15:00,134.40654999999992
2019-01-23 17:30:00,134.37524999999994
2019-01-23 17:45:00,134.34404999999992
2019-01-23 18:00:00,134.34404999999992
2019-01-23 18:15:00,134.28154999999992
2019-01-23 18:30:00,134.21904999999992
2019-01-23 18:45:00,134.25024999999994
2019-01-23 19:00:00,134.25024999999994
2019-01-23 19:15:00,134.21904999999992
2019-01-23 19:30:00,134.28154999999992
2019-01-23 19:45:00,134.21904999999992
2019-01-23 20:00:00,134.28154999999992
2019-01-23 20:15:00,134.28154999999992
2019-01-23 20:30:00,134.21904999999992
2019-01-23 20:45:00,134.28154999999992
2019-01-23 21:00:00,134.34404999999992
2019-01-23 21:15:00,134.46904999999992
2019-01-23 21:30:00,134.28154999999992
2019-01-23 21:45:00,134.37524999999994
2019-01-23 23:00:00,134.37524999999994
2019-01-23 23:15:00,134.34404999999992
2019-01-23 23:30:00,134.34404999999992
2019-01-23 23:45:00,134.40654999999992
2019-01-24 00:00:00,134.37524999999994
2019-01-24 00:15:00,134.40654999999992
2019-01-24 00:30:00,134.28154999999992
2019-01-24 00:45:00,134.31274999999994
2019-01-24 01:00:00,134.25024999999994
2019-01-24 01:15:00,134.28154999999992
2019-01-24 01:30:00,134.31274999999994
2019-01-24 01:45:00,134.37524999999994
2019-01-24 02:00:00,134.40654999999992
2019-01-24 02:15:00,134.37524999999994
2019-01-24 02:30:00,134.40654999999992
2019-01-24 02:45:00,134.31274999999994
2019-01-24 03:00:00,134.31274999999994
2019-01-24 03:15:00,134.37524999999994
2019-01-24 03:30:00,134.37524999999994
2019-01-24 03:45:00,134.37524999999994
2019-01-24 04:00:00,134.37524999999994
2019-01-24 04:15:00,134.34404999999992
2019-01-24 04:30:00,134.37524999999994
2019-01-24 04:45:00,134.34404999999992
2019-01-24 05:15:00,134.37524999999994
2019-01-24 05:30:00,134.37524999999994
2019-01-24 05:45:00,134.34404999999992
2019-01-24 06:15:00,134.34404999999992
2019-01-24 06:30:00,134.31274999999994
2019-01-24 06:45:00,134.31274999999994
2019-01-24 07:00:00,134.43774999999994
2019-01-24 07:15:00,134.46904999999992
2019-01-24 07:30:00,134.53154999999992
2019-01-24 07:45:00,134.46904999999992
2019-01-24 08:00:00,134.50024999999994
2019-01-24 08:15:00,134.56274999999994
2019-01-24 08:30:00,134.53154999999992
2019-01-24 08:45:00,134.53154999999992
2019-01-24 09:00:00,134.50024999999994
2019-01-24 09:15:00,134.50024999999994
2019-01-24 09:30:00,134.50024999999994
2019-01-24 09:45:00,134.46904999999992
2019-01-24 10:00:00,134.53154999999992
2019-01-24 10:15:00,134.53154999999992
2019-01-24 10:30:00,134.53154999999992
2019-01-24 10:45:00,134.56274999999994
2019-01-24 11:00:00,134.56274999999994
2019-01-24 11:15:00,134.62524999999994
2019-01-24 11:30:00,134.62524999999994
2019-01-24 11:45:00,134.68774999999994
2019-01-24 12:00:00,134.71904999999992
2019-01-24 12:15:00,134.75024999999994
2019-01-24 12:30:00,134.81274999999994
2019-01-24 12:45:00,134.81274999999994
2019-01-24 13:00:00,134.96904999999992
2019-01-24 13:15:00,134.93774999999994
2019-01-24 13:30:00,134.96904999999992
2019-01-24 13:45:00,134.90654999999992
2019-01-24 14:00:00,134.78154999999992
2019-01-24 14:15:00,134.87524999999994
2019-01-24 14:30:00,135.06274999999994
2019-01-24 14:45:00,134.96904999999992
2019-01-24 15:00:00,134.81274999999994
2019-01-24 15:15:00,134.71904999999992
2019-01-24 15:30:00,134.75024999999994
2019-01-24 15:45:00,134.81274999999994
2019-01-24 16:00:00,135.00024999999994
2019-01-24 16:15:00,134.93774999999994
2019-01-24 16:30:00,134.93774999999994
2019-01-24 16:45:00,134.90654999999992
2019-01-24 17:00:00,134.93774999999994
2019-01-24 17:15:00,135.09404999999992
2019-01-24 17:30:00,135.06274999999994
2019-01-24 17:45:00,135.18774999999994
2019-01-24 18:00:00,135.15654999999992
2019-01-24 18:15:00,135.09404999999992
2019-01-24 18:30:00,135.09404999999992
2019-01-24 18:45:00,135.06274999999994
2019-01-24 19:00:00,135.06274999999994
2019-01-24 19:15:00,135.03154999999992
2019-01-24 19:30:00,135.03154999999992
2019-01-24 19:45:00,135.03154999999992
2019-01-24 20:00:00,134.93774999999994
2019-01-24 20:15:00,134.96904999999992
2019-01-24 20:30:00,135.00024999999994
2019-01-24 20:45:00,134.96904999999992
2019-01-24 21:00:00,135.00024999999994
2019-01-24 21:15:00,135.00024999999994
2019-01-24 21:30:00,135.00024999999994
2019-01-24 21:45:00,134.93774999999994
2019-01-24 23:00:00,134.34404999999992
2019-01-24 23:15:00,135.06274999999994
2019-01-24 23:30:00,135.03154999999992
2019-01-24 23:45:00,134.90654999999992
2019-01-25 00:00:00,134.87524999999994
2019-01-25 00:15:00,134.90654999999992
2019-01-25 00:30:00,134.93774999999994
2019-01-25 00:45:00,134.93774999999994
2019-01-25 01:00:00,134.93774999999994
2019-01-25 01:15:00,134.90654999999992
2019-01-25 01:30:00,134.87524999999994
2019-01-25 01:45:00,134.90654999999992
2019-01-25 02:00:00,134.87524999999994
2019-01-25 02:15:00,134.84404999999992
2019-01-25 02:30:00,134.84404999999992
2019-01-25 02:45:00,134.87524999999994
2019-01-25 03:00:00,134.87524999999994
2019-01-25 03:15:00,134.81274999999994
2019-01-25 03:30:00,134.78154999999992
2019-01-25 03:45:00,134.78154999999992
2019-01-25 04:00:00,134.81274999999994
2019-01-25 04:15:00,134.78154999999992
2019-01-25 04:30:00,134.81274999999994
2019-01-25 04:45:00,134.81274999999994
2019-01-25 05:15:00,134.81274999999994
2019-01-25 05:30:00,134.81274999999994
2019-01-25 05:45:00,134.78154999999992
2019-01-25 06:15:00,134.68774999999994
2019-01-25 06:30:00,134.71904999999992
2019-01-25 06:45:00,134.68774999999994
2019-01-25 07:00:00,134.71904999999992
2019-01-25 07:15:00,134.68774999999994
2019-01-25 07:30:00,134.71904999999992
2019-01-25 07:45:00,134.78154999999992
2019-01-25 08:00:00,134.84404999999992
2019-01-25 08:15:00,134.71904999999992
2019-01-25 08:30:00,134.68774999999994
2019-01-25 08:45:00,134.68774999999994
2019-01-25 09:00:00,134.71904999999992
2019-01-25 09:15:00,134.71904999999992
2019-01-25 09:30:00,134.78154999999992
2019-01-25 09:45:00,134.84404999999992
2019-01-25 10:00:00,134.87524999999994
2019-01-25 10:15:00,134.81274999999994
2019-01-25 10:30:00,134.78154999999992
2019-01-25 10:45:00,134.81274999999994
2019-01-25 11:00:00,134.78154999999992
2019-01-25 11:15:00,134.78154999999992
2019-01-25 11:30:00,134.78154999999992
2019-01-25 11:45:00,134.71904999999992
2019-01-25 12:00:00,134.75024999999994
2019-01-25 12:15:00,134.71904999999992
2019-01-25 12:30:00,134.68774999999994
2019-01-25 12:45:00,134.68774999999994
2019-01-25 13:00:00,134.59404999999992
2019-01-25 13:15:00,134.53154999999992
2019-01-25 13:30:00,134.50024999999994
2019-01-25 13:45:00,134.46904999999992
2019-01-25 14:00:00,134.53154999999992
2019-01-25 14:15:00,134.50024999999994
2019-01-25 14:30:00,134.62524999999994
2019-01-25 14:45:00,134.56274999999994
2019-01-25 15:00:00,134.40654999999992
2019-01-25 15:15:00,134.40654999999992
2019-01-25 15:30:00,134.31274999999994
2019-01-25 15:45:00,134.31274999999994
2019-01-25 16:00:00,134.50024999999994
2019-01-25 16:15:00,134.46904999999992
2019-01-25 16:30:00,134.53154999999992
2019-01-25 16:45:00,134.59404999999992
2019-01-25 17:00:00,134.50024999999994
2019-01-25 17:15:00,134.31274999999994
2019-01-25 17:30:00,134.18774999999994
2019-01-25 17:45:00,134.25024999999994
2019-01-25 18:00:00,134.37524999999994
2019-01-25 18:15:00,134.31274999999994
2019-01-25 18:30:00,134.37524999999994
2019-01-25 18:45:00,134.40654999999992
2019-01-25 19:00:00,134.37524999999994
2019-01-25 19:15:00,134.43774999999994
2019-01-25 19:30:00,134.34404999999992
2019-01-25 19:45:00,134.34404999999992
2019-01-25 20:00:00,134.31274999999994
2019-01-25 20:15:00,134.34404999999992
2019-01-25 20:30:00,134.43774999999994
2019-01-25 20:45:00,134.43774999999994
2019-01-25 21:00:00,134.40654999999992
2019-01-25 21:15:00,134.34404999999992
2019-01-25 21:30:00,134.25024999999994
2019-01-25 21:45:00,134.21904999999992
2019-01-25 23:00:00,134.71904999999992
2019-01-27 23:00:00,134.28154999999992
2019-01-27 23:15:00,134.31274999999994
2019-01-27 23:30:00,134.37524999999994
2019-01-27 23:45:00,134.34404999999992
2019-01-28 00:00:00,134.34404999999992
2019-01-28 00:15:00,134.40654999999992
2019-01-28 00:30:00,134.46904999999992
2019-01-28 00:45:00,134.46904999999992
2019-01-28 01:00:00,134.46904999999992
2019-01-28 01:15:00,134.43774999999994
2019-01-28 01:30:00,134.40654999999992
2019-01-28 01:45:00,134.37524999999994
2019-01-28 02:00:00,134.37524999999994
2019-01-28 02:15:00,134.40654999999992
2019-01-28 02:30:00,134.46904999999992
2019-01-28 02:45:00,134.46904999999992
2019-01-28 03:00:00,134.46904999999992
2019-01-28 03:15:00,134.43774999999994
2019-01-28 03:30:00,134.43774999999994
2019-01-28 03:45:00,134.46904999999992
2019-01-28 04:00:00,134.43774999999994
2019-01-28 04:15:00,134.43774999999994
2019-01-28 04:30:00,134.43774999999994
2019-01-28 04:45:00,134.50024999999994
2019-01-28 05:15:00,134.50024999999994
2019-01-28 05:30:00,134.56274999999994
2019-01-28 05:45:00,134.59404999999992
2019-01-28 06:15:00,134.59404999999992
2019-01-28 06:30:00,134.62524999999994
2019-01-28 06:45:00,134.53154999999992
2019-01-28 07:00:00,134.43774999999994
2019-01-28 07:15:00,134.37524999999994
2019-01-28 07:30:00,134.34404999999992
2019-01-28 07:45:00,134.37524999999994
2019-01-28 08:00:00,134.37524999999994
2019-01-28 08:15:00,134.46904999999992
2019-01-28 08:30:00,134.50024999999994
2019-01-28 08:45:00,134.50024999999994
2019-01-28 09:00:00,134.46904999999992
2019-01-28 09:15:00,134.43774999999994
2019-01-28 09:30:00,134.40654999999992
2019-01-28 09:45:00,134.34404999999992
2019-01-28 10:00:00,134.37524999999994
2019-01-28 10:15:00,134.34404999999992
2019-01-28 10:30:00,134.31274999999994
2019-01-28 10:45:00,134.31274999999994
2019-01-28 11:00:00,134.25024999999994
2019-01-28 11:15:00,134.25024999999994
2019-01-28 11:30:00,134.25024999999994
2019-01-28 11:45:00,134.21904999999992
2019-01-28 12:00:00,134.15654999999992
2019-01-28 12:15:00,134.12524999999994
2019-01-28 12:30:00,134.18774999999994
2019-01-28 12:45:00,134.21904999999992
2019-01-28 13:00:00,134.18774999999994
2019-01-28 13:15:00,134.31274999999994
2019-01-28 13:30:00,134.34404999999992
2019-01-28 13:45:00,134.28154999999992
2019-01-28 14:00:00,134.37524999999994
2019-01-28 14:15:00,134.34404999999992
2019-01-28 14:30:00,134.43774999999994
2019-01-28 14:45:00,134.65654999999992
2019-01-28 15:00:00,134.62524999999994
2019-01-28 15:15:00,134.56274999999994
2019-01-28 15:30:00,134.46904999999992
2019-01-28 15:45:00,134.50024999999994
2019-01-28 16:00:00,134.50024999999994
2019-01-28 16:15:00,134.53154999999992
2019-01-28 16:30:00,134.62524999999994
2019-01-28 16:45:00,134.59404999999992
2019-01-28 17:00:00,134.59404999999992
2019-01-28 17:15:00,134.56274999999994
2019-01-28 17:30:00,134.59404999999992
2019-01-28 17:45:00,134.50024999999994
2019-01-28 18:00:00,134.59404999999992
2019-01-28 18:15:00,134.68774999999994
2019-01-28 18:30:00,134.56274999999994
2019-01-28 18:45:00,134.50024999999994
2019-01-28 19:00:00,134.50024999999994
2019-01-28 19:15:00,134.46904999999992
2019-01-28 19:30:00,134.43774999999994
2019-01-28 19:45:00,134.40654999999992
2019-01-28 20:00:00,134.31274999999994
2019-01-28 20:15:00,134.31274999999994
2019-01-28 20:30:00,134.34404999999992
2019-01-28 20:45:00,134.28154999999992
2019-01-28 21:00:00,134.28154999999992
2019-01-28 21:15:00,134.31274999999994
2019-01-28 21:30:00,134.28154999999992
2019-01-28 21:45:00,134.31274999999994
2019-01-28 23:00:00,134.59404999999992
2019-01-28 23:15:00,134.31274999999994
2019-01-28 23:30:00,134.31274999999994
2019-01-28 23:45:00,134.37524999999994
2019-01-29 00:00:00,134.34404999999992
2019-01-29 00:15:00,134.37524999999994
2019-01-29 00:30:00,134.43774999999994
2019-01-29 00:45:00,134.43774999999994
2019-01-29 01:00:00,134.40654999999992
2019-01-29 01:15:00,134.37524999999994
2019-01-29 01:30:00,134.40654999999992
2019-01-29 01:45:00,134.40654999999992
2019-01-29 02:00:00,134.37524999999994
2019-01-29 02:15:00,134.40654999999992
2019-01-29 02:30:00,134.37524999999994
2019-01-29 02:45:00,134.37524999999994
2019-01-29 03:00:00,134.37524999999994
2019-01-29 03:15:00,134.40654999999992
2019-01-29 03:30:00,134.37524999999994
2019-01-29 03:45:00,134.31274999999994
2019-01-29 04:00:00,134.37524999999994
2019-01-29 04:15:00,134.31274999999994
2019-01-29 04:30:00,134.34404999999992
2019-01-29 04:45:00,134.34404999999992
2019-01-29 05:15:00,134.31274999999994
2019-01-29 05:30:00,134.28154999999992
2019-01-29 05:45:00,134.31274999999994
2019-01-29 06:15:00,134.31274999999994
2019-01-29 06:30:00,134.31274999999994
2019-01-29 06:45:00,134.37524999999994
2019-01-29 07:00:00,134.40654999999992
2019-01-29 07:15:00,134.46904999999992
2019-01-29 07:30:00,134.43774999999994
2019-01-29 07:45:00,134.46904999999992
2019-01-29 08:00:00,134.50024999999994
2019-01-29 08:15:00,134.53154999999992
2019-01-29 08:30:00,134.37524999999994
2019-01-29 08:45:00,134.31274999999994
2019-01-29 09:00:00,134.25024999999994
2019-01-29 09:15:00,134.31274999999994
2019-01-29 09:30:00,134.31274999999994
2019-01-29 09:45:00,134.31274999999994
2019-01-29 10:00:00,134.31274999999994
2019-01-29 10:15:00,134.31274999999994
2019-01-29 10:30:00,134.31274999999994
2019-01-29 10:45:00,134.28154999999992
2019-01-29 11:00:00,134.37524999999994
2019-01-29 11:15:00,134.37524999999994
2019-01-29 11:30:00,134.37524999999994
2019-01-29 11:45:00,134.34404999999992
2019-01-29 12:00:00,134.46904999999992
2019-01-29 12:15:00,134.43774999999994
2019-01-29 12:30:00,134.37524999999994
2019-01-29 12:45:00,134.34404999999992
2019-01-29 13:00:00,134.34404999999992
2019-01-29 13:15:00,134.34404999999992
2019-01-29 13:30:00,134.28154999999992
2019-01-29 13:45:00,134.31274999999994
2019-01-29 14:00:00,134.46904999999992
2019-01-29 14:15:00,134.50024999999994
2019-01-29 14:30:00,134.59404999999992
2019-01-29 14:45:00,134.43774999999994
2019-01-29 15:00:00,134.62524999999994
2019-01-29 15:15:00,134.53154999999992
2019-01-29 15:30:00,134.53154999999992
2019-01-29 15:45:00,134.71904999999992
2019-01-29 16:00:00,134.68774999999994
2019-01-29 16:15:00,134.68774999999994
2019-01-29 16:30:00,134.62524999999994
2019-01-29 16:45:00,134.59404999999992
2019-01-29 17:00:00,134.59404999999992
2019-01-29 17:15:00,134.62524999999994
2019-01-29 17:30:00,134.62524999999994
2019-01-29 17:45:00,134.68774999999994
2019-01-29 18:00:00,134.78154999999992
2019-01-29 18:15:00,134.75024999999994
2019-01-29 18:30:00,134.75024999999994
2019-01-29 18:45:00,134.81274999999994
2019-01-29 19:00:00,134.81274999999994
2019-01-29 19:15:00,134.84404999999992
2019-01-29 19:30:00,134.81274999999994
2019-01-29 19:45:00,134.90654999999992
2019-01-29 20:00:00,134.87524999999994
2019-01-29 20:15:00,134.84404999999992
2019-01-29 20:30:00,134.84404999999992
2019-01-29 20:45:00,134.90654999999992
2019-01-29 21:00:00,134.87524999999994
2019-01-29 21:15:00,134.93774999999994
2019-01-29 21:30:00,134.90654999999992
2019-01-29 21:45:00,134.84404999999992
2019-01-29 23:00:00,134.28154999999992
2019-01-29 23:15:00,134.81274999999994
2019-01-29 23:30:00,134.81274999999994
2019-01-29 23:45:00,134.81274999999994
2019-01-30 00:00:00,134.81274999999994
2019-01-30 00:15:00,134.84404999999992
2019-01-30 00:30:00,134.81274999999994
2019-01-30 00:45:00,134.75024999999994
2019-01-30 01:00:00,134.75024999999994
2019-01-30 01:15:00,134.81274999999994
2019-01-30 01:30:00,134.78154999999992
2019-01-30 01:45:00,134.75024999999994
2019-01-30 02:00:00,134.75024999999994
2019-01-30 02:15:00,134.75024999999994
2019-01-30 02:30:00,134.78154999999992
2019-01-30 02:45:00,134.78154999999992
2019-01-30 03:00:00,134.75024999999994
2019-01-30 03:15:00,134.75024999999994
2019-01-30 03:30:00,134.75024999999994
2019-01-30 03:45:00,134.75024999999994
2019-01-30 04:00:00,134.75024999999994
2019-01-30 04:15:00,134.78154999999992
2019-01-30 04:30:00,134.75024999999994
2019-01-30 04:45:00,134.78154999999992
2019-01-30 05:15:00,134.81274999999994
2019-01-30 05:30:00,134.81274999999994
2019-01-30 05:45:00,134.81274999999994
2019-01-30 06:15:00,134.81274999999994
2019-01-30 06:30:00,134.78154999999992
2019-01-30 06:45:00,134.81274999999994
2019-01-30 07:00:00,134.75024999999994
2019-01-30 07:15:00,134.84404999999992
2019-01-30 07:30:00,134.84404999999992
2019-01-30 07:45:00,134.84404999999992
2019-01-30 08:00:00,134.81274999999994
2019-01-30 08:15:00,134.71904999999992
2019-01-30 08:30:00,134.68774999999994
2019-01-30 08:45:00,134.75024999999994
2019-01-30 09:00:00,134.78154999999992
2019-01-30 09:15:00,134.75024999999994
2019-01-30 09:30:00,134.71904999999992
2019-01-30 09:45:00,134.78154999999992
2019-01-30 10:00:00,134.78154999999992
2019-01-30 10:15:00,134.71904999999992
2019-01-30 10:30:00,134.78154999999992
2019-01-30 10:45:00,134.75024999999994
2019-01-30 11:00:00,134.75024999999994
2019-01-30 11:15:00,134.81274999999994
2019-01-30 11:30:00,134.81274999999994
2019-01-30 11:45:00,134.81274999999994
2019-01-30 12:00:00,134.78154999999992
2019-01-30 12:15:00,134.81274999999994
2019-01-30 12:30:00,134.75024999999994
2019-01-30 12:45:00,134.81274999999994
2019-01-30 13:00:00,134.75024999999994
2019-01-30 13:15:00,134.68774999999994
2019-01-30 13:30:00,134.68774999999994
2019-01-30 13:45:00,134.78154999999992
2019-01-30 14:00:00,134.75024999999994
2019-01-30 14:15:00,134.68774999999994
2019-01-30 14:30:00,134.68774999999994
2019-01-30 14:45:00,134.75024999999994
2019-01-30 15:00:00,134.75024999999994
2019-01-30 15:15:00,134.75024999999994
2019-01-30 15:30:00,134.71904999999992
2019-01-30 15:45:00,134.68774999999994
2019-01-30 16:00:00,134.65654999999992
2019-01-30 16:15:00,134.75024999999994
2019-01-30 16:30:00,134.71904999999992
2019-01-30 16:45:00,134.59404999999992
2019-01-30 17:00:00,134.56274999999994
2019-01-30 17:15:00,134.59404999999992
2019-01-30 17:30:00,134.68774999999994
2019-01-30 17:45:00,134.68774999999994
2019-01-30 18:00:00,134.62524999999994
2019-01-30 18:15:00,134.62524999999994
2019-01-30 18:30:00,134.62524999999994
2019-01-30 18:45:00,134.62524999999994
2019-01-30 19:00:00,134.68774999999994
2019-01-30 19:15:00,134.75024999999994
2019-01-30 19:30:00,134.93774999999994
2019-01-30 19:45:00,134.90654999999992
2019-01-30 20:00:00,134.81274999999994
2019-01-30 20:15:00,134.87524999999994
2019-01-30 20:30:00,135.09404999999992
2019-01-30 20:45:00,135.06274999999994
2019-01-30 21:00:00,135.06274999999994
2019-01-30 21:15:00,135.21904999999992
2019-01-30 21:30:00,135.25024999999994
2019-01-30 21:45:00,135.25024999999994
2019-01-30 23:00:00,134.84404999999992
2019-01-30 23:15:00,135.31274999999994
2019-01-30 23:30:00,135.31274999999994
2019-01-30 23:45:00,135.18774999999994
2019-01-31 00:00:00,135.25024999999994
2019-01-31 00:15:00,135.18774999999994
2019-01-31 00:30:00,135.28154999999992
2019-01-31 00:45:00,135.34404999999992
2019-01-31 01:00:00,135.31274999999994
2019-01-31 01:15:00,135.34404999999992
2019-01-31 01:30:00,135.31274999999994
2019-01-31 01:45:00,135.28154999999992
2019-01-31 02:00:00,135.28154999999992
2019-01-31 02:15:00,135.28154999999992
2019-01-31 02:30:00,135.28154999999992
2019-01-31 02:45:00,135.25024999999994
2019-01-31 03:00:00,135.25024999999994
2019-01-31 03:15:00,135.25024999999994
2019-01-31 03:30:00,135.21904999999992
2019-01-31 03:45:00,135.21904999999992
2019-01-31 04:00:00,135.25024999999994
2019-01-31 04:15:00,135.21904999999992
2019-01-31 04:30:00,135.21904999999992
2019-01-31 04:45:00,135.25024999999994
2019-01-31 05:15:00,135.25024999999994
2019-01-31 05:30:00,135.21904999999992
2019-01-31 05:45:00,135.21904999999992
2019-01-31 06:15:00,135.21904999999992
2019-01-31 06:30:00,135.21904999999992
2019-01-31 06:45:00,135.18774999999994
2019-01-31 07:00:00,135.28154999999992
2019-01-31 07:15:00,135.37524999999994
2019-01-31 07:30:00,135.34404999999992
2019-01-31 07:45:00,135.34404999999992
2019-01-31 08:00:00,135.34404999999992
2019-01-31 08:15:00,135.37524999999994
2019-01-31 08:30:00,135.31274999999994
2019-01-31 08:45:00,135.34404999999992
2019-01-31 09:00:00,135.37524999999994
2019-01-31 09:15:00,135.46904999999992
2019-01-31 09:30:00,135.50024999999994
2019-01-31 09:45:00,135.53154999999992
2019-01-31 10:00:00,135.56274999999994
2019-01-31 10:15:00,135.53154999999992
2019-01-31 10:30:00,135.50024999999994
2019-01-31 10:45:00,135.46904999999992
2019-01-31 11:00:00,135.46904999999992
2019-01-31 11:15:00,135.50024999999994
2019-01-31 11:30:00,135.46904999999992
2019-01-31 11:45:00,135.50024999999994
2019-01-31 12:00:00,135.46904999999992
2019-01-31 12:15:00,135.46904999999992
2019-01-31 12:30:00,135.40654999999992
2019-01-31 12:45:00,135.31274999999994
2019-01-31 13:00:00,135.34404999999992
2019-01-31 13:15:00,135.43774999999994
2019-01-31 13:30:00,135.43774999999994
2019-01-31 13:45:00,135.56274999999994
2019-01-31 14:00:00,135.59404999999992
2019-01-31 14:15:00,135.65654999999992
2019-01-31 14:30:00,135.71904999999992
2019-01-31 14:45:00,135.65654999999992
2019-01-31 15:00:00,135.81274999999994
2019-01-31 15:15:00,135.87524999999994
2019-01-31 15:30:00,135.78154999999992
2019-01-31 15:45:00,135.84404999999992
2019-01-31 16:00:00,135.87524999999994
2019-01-31 16:15:00,135.87524999999994
2019-01-31 16:30:00,135.93774999999994
2019-01-31 16:45:00,136.09404999999992
2019-01-31 17:00:00,136.00024999999994
2019-01-31 17:15:00,135.87524999999994
2019-01-31 17:30:00,135.93774999999994
2019-01-31 17:45:00,136.03154999999992
2019-01-31 18:00:00,136.06274999999994
2019-01-31 18:15:00,136.09404999999992
2019-01-31 18:30:00,136.09404999999992
2019-01-31 18:45:00,136.12524999999994
2019-01-31 19:00:00,136.18774999999994
2019-01-31 19:15:00,136.15654999999992
2019-01-31 19:30:00,136.15654999999992
2019-01-31 19:45:00,136.00024999999994
2019-01-31 20:00:00,136.15654999999992
2019-01-31 20:15:00,136.15654999999992
2019-01-31 20:30:00,136.09404999999992
2019-01-31 20:45:00,136.06274999999994
2019-01-31 21:00:00,135.93774999999994
2019-01-31 21:15:00,136.09404999999992
2019-01-31 21:30:00,136.06274999999994
2019-01-31 21:45:00,136.03154999999992
2019-01-31 23:00:00,135.21904999999992
2019-01-31 23:15:00,135.93774999999994
2019-01-31 23:30:00,135.93774999999994
2019-01-31 23:45:00,135.90654999999992
2019-02-01 00:00:00,135.81274999999994
2019-02-01 00:15:00,135.90654999999992
2019-02-01 00:30:00,135.87524999999994
2019-02-01 00:45:00,135.93774999999994
2019-02-01 01:00:00,135.87524999999994
2019-02-01 01:15:00,135.93774999999994
2019-02-01 01:30:00,135.87524999999994
2019-02-01 01:45:00,135.96904999999992
2019-02-01 02:00:00,135.93774999999994
2019-02-01 02:15:00,135.90654999999992
2019-02-01 02:30:00,135.93774999999994
2019-02-01 02:45:00,135.93774999999994
2019-02-01 03:00:00,135.93774999999994
2019-02-01 03:15:00,135.93774999999994
2019-02-01 03:30:00,135.96904999999992
2019-02-01 03:45:00,136.06274999999994
2019-02-01 04:00:00,136.03154999999992
2019-02-01 04:15:00,136.00024999999994
2019-02-01 04:30:00,136.03154999999992
2019-02-01 04:45:00,136.03154999999992
2019-02-01 05:15:00,136.00024999999994
2019-02-01 05:30:00,136.06274999999994
2019-02-01 05:45:00,136.06274999999994
2019-02-01 06:15:00,136.06274999999994
2019-02-01 06:30:00,136.09404999999992
2019-02-01 06:45:00,136.00024999999994
2019-02-01 07:00:00,136.03154999999992
2019-02-01 07:15:00,135.96904999999992
2019-02-01 07:30:00,136.00024999999994
2019-02-01 07:45:00,136.03154999999992
2019-02-01 08:00:00,136.12524999999994
2019-02-01 08:15:00,136.09404999999992
2019-02-01 08:30:00,136.03154999999992
2019-02-01 08:45:00,136.06274999999994
2019-02-01 09:00:00,136.06274999999994
2019-02-01 09:15:00,136.03154999999992
2019-02-01 09:30:00,136.09404999999992
2019-02-01 09:45:00,136.06274999999994
2019-02-01 10:00:00,136.06274999999994
2019-02-01 10:15:00,136.09404999999992
2019-02-01 10:30:00,136.12524999999994
2019-02-01 10:45:00,136.15654999999992
2019-02-01 11:00:00,136.12524999999994
2019-02-01 11:15:00,136.15654999999992
2019-02-01 11:30:00,136.21904999999992
2019-02-01 11:45:00,136.15654999999992
2019-02-01 12:00:00,136.12524999999994
2019-02-01 12:15:00,136.09404999999992
2019-02-01 12:30:00,136.09404999999992
2019-02-01 12:45:00,136.06274999999994
2019-02-01 13:00:00,136.09404999999992
2019-02-01 13:15:00,136.03154999999992
2019-02-01 13:30:00,136.03154999999992
2019-02-01 13:45:00,135.78154999999992
2019-02-01 14:00:00,135.84404999999992
2019-02-01 14:15:00,135.78154999999992
2019-02-01 14:30:00,135.81274999999994
2019-02-01 14:45:00,135.68774999999994
2019-02-01 15:00:00,135.40654999999992
2019-02-01 15:15:00,135.25024999999994
2019-02-01 15:30:00,135.34404999999992
2019-02-01 15:45:00,135.40654999999992
2019-02-01 16:00:00,135.34404999999992
2019-02-01 16:15:00,135.28154999999992
2019-02-01 16:30:00,135.18774999999994
2019-02-01 16:45:00,135.21904999999992
2019-02-01 17:00:00,135.31274999999994
2019-02-01 17:15:00,135.34404999999992
2019-02-01 17:30:00,135.21904999999992
2019-02-01 17:45:00,135.18774999999994
2019-02-01 18:00:00,135.15654999999992
2019-02-01 18:15:00,135.15654999999992
2019-02-01 18:30:00,135.18774999999994
2019-02-01 18:45:00,135.18774999999994
2019-02-01 19:00:00,135.12524999999994
2019-02-01 19:15:00,135.21904999999992
2019-02-01 19:30:00,135.18774999999994
2019-02-01 19:45:00,135.18774999999994
2019-02-01 20:00:00,135.25024999999994
2019-02-01 20:15:00,135.18774999999994
2019-02-01 20:30:00,135.25024999999994
2019-02-01 20:45:00,135.18774999999994
2019-02-01 21:00:00,135.28154999999992
2019-02-01 21:15:00,135.28154999999992
2019-02-01 21:30:00,135.25024999999994
2019-02-01 21:45:00,135.28154999999992
2019-02-01 23:00:00,136.06274999999994
2019-02-03 23:00:00,135.21904999999992
2019-02-03 23:15:00,135.18774999999994
2019-02-03 23:30:00,135.18774999999994
2019-02-03 23:45:00,135.21904999999992
2019-02-04 00:00:00,135.21904999999992
2019-02-04 00:15:00,135.28154999999992
2019-02-04 00:30:00,135.28154999999992
2019-02-04 00:45:00,135.28154999999992
2019-02-04 01:00:00,135.28154999999992
2019-02-04 01:15:00,135.28154999999992
2019-02-04 01:30:00,135.28154999999992
2019-02-04 01:45:00,135.28154999999992
2019-02-04 02:00:00,135.25024999999994
2019-02-04 02:15:00,135.25024999999994
2019-02-04 02:30:00,135.25024999999994
2019-02-04 02:45:00,135.28154999999992
2019-02-04 03:00:00,135.28154999999992
2019-02-04 03:15:00,135.25024999999994
2019-02-04 03:30:00,135.21904999999992
2019-02-04 03:45:00,135.25024999999994
2019-02-04 04:00:00,135.25024999999994
2019-02-04 04:15:00,135.25024999999994
2019-02-04 04:30:00,135.21904999999992
2019-02-04 04:45:00,135.21904999999992
2019-02-04 05:15:00,135.15654999999992
2019-02-04 05:30:00,135.18774999999994
2019-02-04 05:45:00,135.15654999999992
2019-02-04 06:15:00,135.12524999999994
2019-02-04 06:30:00,135.09404999999992
2019-02-04 06:45:00,135.06274999999994
2019-02-04 07:00:00,135.06274999999994
2019-02-04 07:15:00,135.06274999999994
2019-02-04 07:30:00,135.03154999999992
2019-02-04 07:45:00,135.03154999999992
2019-02-04 08:00:00,134.93774999999994
2019-02-04 08:15:00,134.90654999999992
2019-02-04 08:30:00,134.93774999999994
2019-02-04 08:45:00,135.03154999999992
2019-02-04 09:00:00,134.96904999999992
2019-02-04 09:15:00,134.93774999999994
2019-02-04 09:30:00,135.00024999999994
2019-02-04 09:45:00,134.96904999999992
2019-02-04 10:00:00,134.96904999999992
2019-02-04 10:15:00,134.96904999999992
2019-02-04 10:30:00,135.00024999999994
2019-02-04 10:45:00,135.00024999999994
2019-02-04 11:00:00,135.03154999999992
2019-02-04 11:15:00,135.06274999999994
2019-02-04 11:30:00,135.09404999999992
2019-02-04 11:45:00,135.09404999999992
2019-02-04 12:00:00,135.06274999999994
2019-02-04 12:15:00,135.09404999999992
2019-02-04 12:30:00,135.12524999999994
2019-02-04 12:45:00,135.06274999999994
2019-02-04 13:00:00,135.09404999999992
2019-02-04 13:15:00,135.00024999999994
2019-02-04 13:30:00,134.84404999999992
2019-02-04 13:45:00,134.71904999999992
2019-02-04 14:00:00,134.71904999999992
2019-02-04 14:15:00,134.65654999999992
2019-02-04 14:30:00,134.62524999999994
2019-02-04 14:45:00,134.46904999999992
2019-02-04 15:00:00,134.50024999999994
2019-02-04 15:15:00,134.46904999999992
2019-02-04 15:30:00,134.31274999999994
2019-02-04 15:45:00,134.34404999999992
2019-02-04 16:00:00,134.40654999999992
2019-02-04 16:15:00,134.37524999999994
2019-02-04 16:30:00,134.40654999999992
2019-02-04 16:45:00,134.40654999999992
2019-02-04 17:00:00,134.43774999999994
2019-02-04 17:15:00,134.37524999999994
2019-02-04 17:30:00,134.40654999999992
2019-02-04 17:45:00,134.43774999999994
2019-02-04 18:00:00,134.46904999999992
2019-02-04 18:15:00,134.53154999999992
2019-02-04 18:30:00,134.53154999999992
2019-02-04 18:45:00,134.50024999999994
2019-02-04 19:00:00,134.56274999999994
2019-02-04 19:15:00,134.53154999999992
2019-02-04 19:30:00,134.59404999999992
2019-02-04 19:45:00,134.53154999999992
2019-02-04 20:00:00,134.53154999999992
2019-02-04 20:15:00,134.43774999999994
2019-02-04 20:30:00,134.50024999999994
2019-02-04 20:45:00,134.50024999999994
2019-02-04 21:00:00,134.50024999999994
2019-02-04 21:15:00,134.40654999999992
2019-02-04 21:30:00,134.50024999999994
2019-02-04 21:45:00,134.53154999999992
2019-02-04 23:00:00,135.15654999999992
2019-02-04 23:15:00,134.59404999999992
2019-02-04 23:30:00,134.59404999999992
2019-02-04 23:45:00,134.59404999999992
2019-02-05 00:00:00,134.56274999999994
2019-02-05 00:15:00,134.56274999999994
2019-02-05 00:30:00,134.62524999999994
2019-02-05 00:45:00,134.62524999999994
2019-02-05 01:00:00,134.59404999999992
2019-02-05 01:15:00,134.56274999999994
2019-02-05 01:30:00,134.56274999999994
2019-02-05 01:45:00,134.53154999999992
2019-02-05 02:00:00,134.56274999999994
2019-02-05 02:15:00,134.56274999999994
2019-02-05 02:30:00,134.56274999999994
2019-02-05 02:45:00,134.56274999999994
2019-02-05 03:00:00,134.59404999999992
2019-02-05 03:15:00,134.59404999999992
2019-02-05 03:30:00,134.53154999999992
2019-02-05 03:45:00,134.53154999999992
2019-02-05 04:00:00,134.53154999999992
2019-02-05 04:15:00,134.53154999999992
2019-02-05 04:30:00,134.53154999999992
2019-02-05 04:45:00,134.56274999999994
2019-02-05 05:15:00,134.62524999999994
2019-02-05 05:30:00,134.59404999999992
2019-02-05 05:45:00,134.59404999999992
2019-02-05 06:15:00,134.53154999999992
2019-02-05 06:30:00,134.53154999999992
2019-02-05 06:45:00,134.50024999999994
2019-02-05 07:00:00,134.50024999999994
2019-02-05 07:15:00,134.46904999999992
2019-02-05 07:30:00,134.43774999999994
2019-02-05 07:45:00,134.46904999999992
2019-02-05 08:00:00,134.50024999999994
2019-02-05 08:15:00,134.34404999999992
2019-02-05 08:30:00,134.31274999999994
2019-02-05 08:45:00,134.31274999999994
2019-02-05 09:00:00,134.28154999999992
2019-02-05 09:15:00,134.25024999999994
2019-02-05 09:30:00,134.28154999999992
2019-02-05 09:45:00,134.25024999999994
2019-02-05 10:00:00,134.25024999999994
2019-02-05 10:15:00,134.25024999999994
2019-02-05 10:30:00,134.25024999999994
2019-02-05 10:45:00,134.25024999999994
2019-02-05 11:00:00,134.21904999999992
2019-02-05 11:15:00,134.21904999999992
2019-02-05 11:30:00,134.31274999999994
2019-02-05 11:45:00,134.28154999999992
2019-02-05 12:00:00,134.25024999999994
2019-02-05 12:15:00,134.21904999999992
2019-02-05 12:30:00,134.28154999999992
2019-02-05 12:45:00,134.28154999999992
2019-02-05 13:00:00,134.34404999999992
2019-02-05 13:15:00,134.50024999999994
2019-02-05 13:30:00,134.59404999999992
2019-02-05 13:45:00,134.59404999999992
2019-02-05 14:00:00,134.71904999999992
2019-02-05 14:15:00,134.78154999999992
2019-02-05 14:30:00,134.75024999999994
2019-02-05 14:45:00,134.90654999999992
2019-02-05 15:00:00,134.93774999999994
2019-02-05 15:15:00,135.03154999999992
2019-02-05 15:30:00,134.96904999999992
2019-02-05 15:45:00,135.03154999999992
2019-02-05 16:00:00,135.12524999999994
2019-02-05 16:15:00,135.18774999999994
2019-02-05 16:30:00,135.09404999999992
2019-02-05 16:45:00,134.93774999999994
2019-02-05 17:00:00,134.96904999999992
2019-02-05 17:15:00,135.03154999999992
2019-02-05 17:30:00,134.96904999999992
2019-02-05 17:45:00,134.90654999999992
2019-02-05 18:00:00,135.03154999999992
2019-02-05 18:15:00,135.03154999999992
2019-02-05 18:30:00,134.93774999999994
2019-02-05 18:45:00,134.81274999999994
2019-02-05 19:00:00,134.84404999999992
2019-02-05 19:15:00,134.87524999999994
2019-02-05 19:30:00,134.93774999999994
2019-02-05 19:45:00,134.93774999999994
2019-02-05 20:00:00,134.87524999999994
2019-02-05 20:15:00,134.90654999999992
2019-02-05 20:30:00,134.93774999999994
2019-02-05 20:45:00,134.93774999999994
2019-02-05 21:00:00,135.00024999999994
2019-02-05 21:15:00,134.90654999999992
2019-02-05 21:30:00,134.90654999999992
2019-02-05 21:45:00,135.00024999999994
2019-02-05 23:00:00,134.56274999999994
2019-02-05 23:15:00,134.93774999999994
2019-02-05 23:30:00,134.90654999999992
2019-02-05 23:45:00,134.90654999999992
2019-02-06 00:00:00,134.96904999999992
2019-02-06 00:15:00,134.96904999999992
2019-02-06 00:30:00,134.93774999999994
2019-02-06 00:45:00,134.93774999999994
2019-02-06 01:00:00,134.90654999999992
2019-02-06 01:15:00,134.93774999999994
2019-02-06 01:30:00,135.00024999999994
2019-02-06 01:45:00,134.96904999999992
2019-02-06 02:00:00,135.00024999999994
2019-02-06 02:15:00,135.03154999999992
2019-02-06 02:30:00,134.96904999999992
2019-02-06 02:45:00,134.96904999999992
2019-02-06 03:00:00,134.96904999999992
2019-02-06 03:15:00,134.96904999999992
2019-02-06 03:30:00,135.00024999999994
2019-02-06 03:45:00,135.00024999999994
2019-02-06 04:00:00,134.96904999999992
2019-02-06 04:15:00,134.96904999999992
2019-02-06 04:30:00,134.93774999999994
2019-02-06 04:45:00,135.00024999999994
2019-02-06 05:15:00,135.00024999999994
2019-02-06 05:30:00,134.96904999999992
2019-02-06 05:45:00,135.00024999999994
2019-02-06 06:15:00,135.06274999999994
2019-02-06 06:30:00,135.09404999999992
2019-02-06 06:45:00,135.09404999999992
2019-02-06 07:00:00,135.28154999999992
2019-02-06 07:15:00,135.31274999999994
2019-02-06 07:30:00,135.28154999999992
2019-02-06 07:45:00,135.43774999999994
2019-02-06 08:00:00,135.31274999999994
2019-02-06 08:15:00,135.31274999999994
2019-02-06 08:30:00,135.40654999999992
2019-02-06 08:45:00,135.31274999999994
2019-02-06 09:00:00,135.28154999999992
2019-02-06 09:15:00,135.21904999999992
2019-02-06 09:30:00,135.25024999999994
2019-02-06 09:45:00,135.21904999999992
2019-02-06 10:00:00,135.31274999999994
2019-02-06 10:15:00,135.25024999999994
2019-02-06 10:30:00,135.25024999999994
2019-02-06 10:45:00,135.18774999999994
2019-02-06 11:00:00,135.15654999999992
2019-02-06 11:15:00,135.15654999999992
2019-02-06 11:30:00,135.12524999999994
2019-02-06 11:45:00,135.15654999999992
2019-02-06 12:00:00,135.09404999999992
2019-02-06 12:15:00,135.03154999999992
2019-02-06 12:30:00,135.12524999999994
2019-02-06 12:45:00,135.12524999999994
2019-02-06 13:00:00,135.15654999999992
2019-02-06 13:15:00,135.28154999999992
2019-02-06 13:30:00,135.31274999999994
2019-02-06 13:45:00,135.37524999999994
2019-02-06 14:00:00,135.43774999999994
2019-02-06 14:15:00,135.43774999999994
2019-02-06 14:30:00,135.31274999999994
2019-02-06 14:45:00,135.25024999999994
2019-02-06 15:00:00,135.37524999999994
2019-02-06 15:15:00,135.34404999999992
2019-02-06 15:30:00,135.28154999999992
2019-02-06 15:45:00,135.15654999999992
2019-02-06 16:00:00,135.12524999999994
2019-02-06 16:15:00,135.12524999999994
2019-02-06 16:30:00,135.09404999999992
2019-02-06 16:45:00,135.18774999999994
2019-02-06 17:00:00,135.21904999999992
2019-02-06 17:15:00,135.21904999999992
2019-02-06 17:30:00,135.21904999999992
2019-02-06 17:45:00,135.28154999999992
2019-02-06 18:00:00,134.93774999999994
2019-02-06 18:15:00,134.84404999999992
2019-02-06 18:30:00,134.84404999999992
2019-02-06 18:45:00,134.87524999999994
2019-02-06 19:00:00,135.00024999999994
2019-02-06 19:15:00,134.93774999999994
2019-02-06 19:30:00,134.96904999999992
2019-02-06 19:45:00,134.90654999999992
2019-02-06 20:00:00,135.03154999999992
2019-02-06 20:15:00,135.03154999999992
2019-02-06 20:30:00,135.06274999999994
2019-02-06 20:45:00,135.03154999999992
2019-02-06 21:00:00,134.90654999999992
2019-02-06 21:15:00,134.90654999999992
2019-02-06 21:30:00,134.93774999999994
2019-02-06 21:45:00,135.00024999999994
2019-02-06 23:00:00,135.03154999999992
2019-02-06 23:15:00,135.00024999999994
2019-02-06 23:30:00,135.00024999999994
2019-02-06 23:45:00,135.00024999999994
2019-02-07 00:00:00,135.06274999999994
2019-02-07 00:15:00,135.09404999999992
2019-02-07 00:30:00,135.09404999999992
2019-02-07 00:45:00,135.09404999999992
2019-02-07 01:00:00,135.15654999999992
2019-02-07 01:15:00,135.15654999999992
2019-02-07 01:30:00,135.15654999999992
2019-02-07 01:45:00,135.12524999999994
2019-02-07 02:00:00,135.12524999999994
2019-02-07 02:15:00,135.12524999999994
2019-02-07 02:30:00,135.09404999999992
2019-02-07 02:45:00,135.06274999999994
2019-02-07 03:00:00,135.06274999999994
2019-02-07 03:15:00,135.06274999999994
2019-02-07 03:30:00,135.09404999999992
2019-02-07 03:45:00,135.06274999999994
2019-02-07 04:00:00,135.06274999999994
2019-02-07 04:15:00,135.03154999999992
2019-02-07 04:30:00,135.03154999999992
2019-02-07 04:45:00,135.06274999999994
2019-02-07 05:15:00,135.06274999999994
2019-02-07 05:30:00,135.03154999999992
2019-02-07 05:45:00,135.03154999999992
2019-02-07 06:15:00,135.03154999999992
2019-02-07 06:30:00,135.00024999999994
2019-02-07 06:45:00,135.03154999999992
2019-02-07 07:00:00,135.09404999999992
2019-02-07 07:15:00,135.18774999999994
2019-02-07 07:30:00,135.18774999999994
2019-02-07 07:45:00,135.15654999999992
2019-02-07 08:00:00,135.15654999999992
2019-02-07 08:15:00,135.12524999999994
2019-02-07 08:30:00,135.15654999999992
2019-02-07 08:45:00,135.09404999999992
2019-02-07 09:00:00,135.06274999999994
2019-02-07 09:15:00,135.06274999999994
2019-02-07 09:30:00,135.09404999999992
2019-02-07 09:45:00,135.03154999999992
2019-02-07 10:00:00,135.28154999999992
2019-02-07 10:15:00,135.37524999999994
2019-02-07 10:30:00,135.34404999999992
2019-02-07 10:45:00,135.37524999999994
2019-02-07 11:00:00,135.43774999999994
2019-02-07 11:15:00,135.50024999999994
2019-02-07 11:30:00,135.43774999999994
2019-02-07 11:45:00,135.50024999999994
2019-02-07 12:00:00,135.56274999999994
2019-02-07 12:15:00,135.50024999999994
2019-02-07 12:30:00,135.59404999999992
2019-02-07 12:45:00,135.53154999999992
2019-02-07 13:00:00,135.53154999999992
2019-02-07 13:15:00,135.53154999999992
2019-02-07 13:30:00,135.50024999999994
2019-02-07 13:45:00,135.31274999999994
2019-02-07 14:00:00,135.40654999999992
2019-02-07 14:15:00,135.50024999999994
2019-02-07 14:30:00,135.56274999999994
2019-02-07 14:45:00,135.46904999999992
2019-02-07 15:00:00,135.37524999999994
2019-02-07 15:15:00,135.37524999999994
2019-02-07 15:30:00,135.43774999999994
2019-02-07 15:45:00,135.50024999999994
2019-02-07 16:00:00,135.53154999999992
2019-02-07 16:15:00,135.46904999999992
2019-02-07 16:30:00,135.43774999999994
2019-02-07 16:45:00,135.46904999999992
2019-02-07 17:00:00,135.46904999999992
2019-02-07 17:15:00,135.43774999999994
2019-02-07 17:30:00,135.40654999999992
2019-02-07 17:45:00,135.37524999999994
2019-02-07 18:00:00,135.56274999999994
2019-02-07 18:15:00,135.59404999999992
2019-02-07 18:30:00,135.65654999999992
2019-02-07 18:45:00,135.71904999999992
2019-02-07 19:00:00,135.75024999999994
2019-02-07 19:15:00,135.65654999999992
2019-02-07 19:30:00,135.65654999999992
2019-02-07 19:45:00,135.75024999999994
2019-02-07 20:00:00,135.78154999999992
2019-02-07 20:15:00,135.75024999999994
2019-02-07 20:30:00,135.68774999999994
2019-02-07 20:45:00,135.68774999999994
2019-02-07 21:00:00,135.62524999999994
2019-02-07 21:15:00,135.68774999999994
2019-02-07 21:30:00,135.65654999999992
2019-02-07 21:45:00,135.62524999999994
2019-02-07 23:00:00,135.03154999999992
2019-02-07 23:15:00,135.65654999999992
2019-02-07 23:30:00,135.68774999999994
2019-02-07 23:45:00,135.71904999999992
2019-02-08 00:00:00,135.68774999999994
2019-02-08 00:15:00,135.65654999999992
2019-02-08 00:30:00,135.75024999999994
2019-02-08 00:45:00,135.75024999999994
2019-02-08 01:00:00,135.78154999999992
2019-02-08 01:15:00,135.84404999999992
2019-02-08 01:30:00,135.84404999999992
2019-02-08 01:45:00,135.84404999999992
2019-02-08 02:00:00,135.90654999999992
2019-02-08 02:15:00,135.87524999999994
2019-02-08 02:30:00,135.84404999999992
2019-02-08 02:45:00,135.87524999999994
2019-02-08 03:00:00,135.87524999999994
2019-02-08 03:15:00,135.90654999999992
2019-02-08 03:30:00,135.90654999999992
2019-02-08 03:45:00,135.90654999999992
2019-02-08 04:00:00,135.87524999999994
2019-02-08 04:15:00,135.87524999999994
2019-02-08 04:30:00,135.90654999999992
2019-02-08 04:45:00,135.87524999999994
2019-02-08 05:15:00,135.87524999999994
2019-02-08 05:30:00,135.87524999999994
2019-02-08 05:45:00,135.87524999999994
2019-02-08 06:15:00,135.84404999999992
2019-02-08 06:30:00,135.84404999999992
2019-02-08 06:45:00,135.87524999999994
2019-02-08 07:00:00,135.78154999999992
2019-02-08 07:15:00,135.81274999999994
2019-02-08 07:30:00,135.93774999999994
2019-02-08 07:45:00,135.84404999999992
2019-02-08 08:00:00,135.81274999999994
2019-02-08 08:15:00,135.84404999999992
2019-02-08 08:30:00,135.84404999999992
2019-02-08 08:45:00,135.93774999999994
2019-02-08 09:00:00,135.81274999999994
2019-02-08 09:15:00,135.87524999999994
2019-02-08 09:30:00,135.84404999999992
2019-02-08 09:45:00,135.90654999999992
2019-02-08 10:00:00,135.90654999999992
2019-02-08 10:15:00,135.84404999999992
2019-02-08 10:30:00,135.90654999999992
2019-02-08 10:45:00,135.87524999999994
2019-02-08 11:00:00,135.81274999999994
2019-02-08 11:15:00,135.84404999999992
2019-02-08 11:30:00,135.84404999999992
2019-02-08 11:45:00,135.90654999999992
2019-02-08 12:00:00,135.96904999999992
2019-02-08 12:15:00,135.96904999999992
2019-02-08 12:30:00,136.00024999999994
2019-02-08 12:45:00,136.03154999999992
2019-02-08 13:00:00,136.03154999999992
2019-02-08 13:15:00,135.93774999999994
2019-02-08 13:30:00,135.81274999999994
2019-02-08 13:45:00,135.96904999999992
2019-02-08 14:00:00,136.09404999999992
2019-02-08 14:15:00,136.06274999999994
2019-02-08 14:30:00,135.96904999999992
2019-02-08 14:45:00,136.09404999999992
2019-02-08 15:00:00,136.09404999999992
2019-02-08 15:15:00,136.00024999999994
2019-02-08 15:30:00,136.09404999999992
2019-02-08 15:45:00,136.09404999999992
2019-02-08 16:00:00,136.03154999999992
2019-02-08 16:15:00,136.12524999999994
2019-02-08 16:30:00,136.12524999999994
2019-02-08 16:45:00,136.00024999999994
2019-02-08 17:00:00,136.06274999999994
2019-02-08 17:15:00,136.09404999999992
2019-02-08 17:30:00,136.15654999999992
2019-02-08 17:45:00,136.18774999999994
2019-02-08 18:00:00,136.09404999999992
2019-02-08 18:15:00,136.09404999999992
2019-02-08 18:30:00,136.06274999999994
2019-02-08 18:45:00,136.06274999999994
2019-02-08 19:00:00,136.12524999999994
2019-02-08 19:15:00,136.09404999999992
2019-02-08 19:30:00,136.09404999999992
2019-02-08 19:45:00,136.09404999999992
2019-02-08 20:00:00,136.15654999999992
2019-02-08 20:15:00,136.18774999999994
2019-02-08 20:30:00,136.15654999999992
2019-02-08 20:45:00,136.06274999999994
2019-02-08 21:00:00,136.12524999999994
2019-02-08 21:15:00,136.15654999999992
2019-02-08 21:30:00,136.09404999999992
2019-02-08 21:45:00,136.06274999999994
2019-02-08 23:00:00,135.84404999999992
2019-02-10 23:00:00,136.06274999999994
2019-02-10 23:15:00,136.06274999999994
2019-02-10 23:30:00,136.06274999999994
2019-02-10 23:45:00,136.09404999999992
2019-02-11 00:00:00,136.12524999999994
2019-02-11 00:15:00,136.12524999999994
2019-02-11 00:30:00,136.12524999999994
2019-02-11 00:45:00,136.15654999999992
2019-02-11 01:00:00,136.15654999999992
2019-02-11 01:15:00,136.15654999999992
2019-02-11 01:30:00,136.18774999999994
2019-02-11 01:45:00,136.18774999999994
2019-02-11 02:00:00,136.15654999999992
2019-02-11 02:15:00,136.15654999999992
2019-02-11 02:30:00,136.15654999999992
2019-02-11 02:45:00,136.12524999999994
2019-02-11 03:00:00,136.09404999999992
2019-02-11 03:15:00,136.09404999999992
2019-02-11 03:30:00,136.12524999999994
2019-02-11 03:45:00,136.18774999999994
2019-02-11 04:00:00,136.18774999999994
2019-02-11 04:15:00,136.12524999999994
2019-02-11 04:30:00,136.15654999999992
2019-02-11 04:45:00,136.15654999999992
2019-02-11 05:15:00,136.18774999999994
2019-02-11 05:30:00,136.18774999999994
2019-02-11 05:45:00,136.18774999999994
2019-02-11 06:15:00,136.18774999999994
2019-02-11 06:30:00,136.15654999999992
2019-02-11 06:45:00,136.09404999999992
2019-02-11 07:00:00,136.09404999999992
2019-02-11 07:15:00,136.03154999999992
2019-02-11 07:30:00,136.00024999999994
2019-02-11 07:45:00,136.03154999999992
2019-02-11 08:00:00,136.06274999999994
2019-02-11 08:15:00,136.00024999999994
2019-02-11 08:30:00,136.03154999999992
2019-02-11 08:45:00,135.93774999999994
2019-02-11 09:00:00,135.90654999999992
2019-02-11 09:15:00,135.93774999999994
2019-02-11 09:30:00,135.93774999999994
2019-02-11 09:45:00,135.90654999999992
2019-02-11 10:00:00,135.90654999999992
2019-02-11 10:15:00,135.90654999999992
2019-02-11 10:30:00,135.93774999999994
2019-02-11 10:45:00,135.96904999999992
2019-02-11 11:00:00,135.93774999999994
2019-02-11 11:15:00,135.87524999999994
2019-02-11 11:30:00,135.93774999999994
2019-02-11 11:45:00,135.93774999999994
2019-02-11 12:00:00,135.90654999999992
2019-02-11 12:15:00,135.87524999999994
2019-02-11 12:30:00,135.84404999999992
2019-02-11 12:45:00,135.78154999999992
2019-02-11 13:00:00,135.84404999999992
2019-02-11 13:15:00,135.81274999999994
2019-02-11 13:30:00,135.62524999999994
2019-02-11 13:45:00,135.59404999999992
2019-02-11 14:00:00,135.50024999999994
2019-02-11 14:15:00,135.62524999999994
2019-02-11 14:30:00,135.65654999999992
2019-02-11 14:45:00,135.75024999999994
2019-02-11 15:00:00,135.75024999999994
2019-02-11 15:15:00,135.84404999999992
2019-02-11 15:30:00,135.87524999999994
2019-02-11 15:45:00,135.81274999999994
2019-02-11 16:00:00,135.87524999999994
2019-02-11 16:15:00,135.78154999999992
2019-02-11 16:30:00,135.78154999999992
2019-02-11 16:45:00,135.71904999999992
2019-02-11 17:00:00,135.71904999999992
2019-02-11 17:15:00,135.59404999999992
2019-02-11 17:30:00,135.62524999999994
2019-02-11 17:45:00,135.53154999999992
2019-02-11 18:00:00,135.50024999999994
2019-02-11 18:15:00,135.62524999999994
2019-02-11 18:30:00,135.62524999999994
2019-02-11 18:45:00,135.56274999999994
2019-02-11 19:00:00,135.62524999999994
2019-02-11 19:15:00,135.62524999999994
2019-02-11 19:30:00,135.56274999999994
2019-02-11 19:45:00,135.65654999999992
2019-02-11 20:00:00,135.75024999999994
2019-02-11 20:15:00,135.75024999999994
2019-02-11 20:30:00,135.71904999999992
2019-02-11 20:45:00,135.65654999999992
2019-02-11 21:00:00,135.75024999999994
2019-02-11 21:15:00,135.75024999999994
2019-02-11 21:30:00,135.78154999999992
2019-02-11 21:45:00,135.75024999999994
2019-02-11 23:00:00,135.78154999999992
2019-02-11 23:15:00,135.78154999999992
2019-02-11 23:30:00,135.81274999999994
2019-02-11 23:45:00,135.75024999999994
2019-02-12 00:00:00,135.75024999999994
2019-02-12 00:15:00,135.71904999999992
2019-02-12 00:30:00,135.71904999999992
2019-02-12 00:45:00,135.71904999999992
2019-02-12 01:00:00,135.71904999999992
2019-02-12 01:15:00,135.62524999999994
2019-02-12 01:30:00,135.50024999999994
2019-02-12 01:45:00,135.46904999999992
2019-02-12 02:00:00,135.46904999999992
2019-02-12 02:15:00,135.46904999999992
2019-02-12 02:30:00,135.37524999999994
2019-02-12 02:45:00,135.34404999999992
2019-02-12 03:00:00,135.37524999999994
2019-02-12 03:15:00,135.34404999999992
2019-02-12 03:30:00,135.28154999999992
2019-02-12 03:45:00,135.25024999999994
2019-02-12 04:00:00,135.28154999999992
2019-02-12 04:15:00,135.31274999999994
2019-02-12 04:30:00,135.28154999999992
2019-02-12 04:45:00,135.28154999999992
2019-02-12 05:15:00,135.31274999999994
2019-02-12 05:30:00,135.31274999999994
2019-02-12 05:45:00,135.28154999999992
2019-02-12 06:15:00,135.25024999999994
2019-02-12 06:30:00,135.28154999999992
2019-02-12 06:45:00,135.34404999999992
2019-02-12 07:00:00,135.40654999999992
2019-02-12 07:15:00,135.34404999999992
2019-02-12 07:30:00,135.31274999999994
2019-02-12 07:45:00,135.25024999999994
2019-02-12 08:00:00,135.28154999999992
2019-02-12 08:15:00,135.43774999999994
2019-02-12 08:30:00,135.40654999999992
2019-02-12 08:45:00,135.34404999999992
2019-02-12 09:00:00,135.28154999999992
2019-02-12 09:15:00,135.25024999999994
2019-02-12 09:30:00,135.21904999999992
2019-02-12 09:45:00,135.28154999999992
2019-02-12 10:00:00,135.25024999999994
2019-02-12 10:15:00,135.21904999999992
2019-02-12 10:30:00,135.25024999999994
2019-02-12 10:45:00,135.28154999999992
2019-02-12 11:00:00,135.31274999999994
2019-02-12 11:15:00,135.28154999999992
2019-02-12 11:30:00,135.28154999999992
2019-02-12 11:45:00,135.21904999999992
2019-02-12 12:00:00,135.18774999999994
2019-02-12 12:15:00,135.15654999999992
2019-02-12 12:30:00,135.18774999999994
2019-02-12 12:45:00,135.21904999999992
2019-02-12 13:00:00,135.18774999999994
2019-02-12 13:15:00,135.21904999999992
2019-02-12 13:30:00,135.25024999999994
2019-02-12 13:45:00,135.25024999999994
2019-02-12 14:00:00,135.43774999999994
2019-02-12 14:15:00,135.50024999999994
2019-02-12 14:30:00,135.50024999999994
2019-02-12 14:45:00,135.31274999999994
2019-02-12 15:00:00,135.21904999999992
2019-02-12 15:15:00,135.28154999999992
2019-02-12 15:30:00,135.25024999999994
2019-02-12 15:45:00,135.15654999999992
2019-02-12 16:00:00,135.15654999999992
2019-02-12 16:15:00,135.12524999999994
2019-02-12 16:30:00,135.15654999999992
2019-02-12 16:45:00,135.09404999999992
2019-02-12 17:00:00,135.15654999999992
2019-02-12 17:15:00,135.18774999999994
2019-02-12 17:30:00,135.21904999999992
2019-02-12 17:45:00,135.15654999999992
2019-02-12 18:00:00,135.21904999999992
2019-02-12 18:15:00,135.21904999999992
2019-02-12 18:30:00,135.18774999999994
2019-02-12 18:45:00,135.15654999999992
2019-02-12 19:00:00,135.18774999999994
2019-02-12 19:15:00,135.25024999999994
2019-02-12 19:30:00,135.25024999999994
2019-02-12 19:45:00,135.21904999999992
2019-02-12 20:00:00,135.21904999999992
2019-02-12 20:15:00,135.28154999999992
2019-02-12 20:30:00,135.31274999999994
2019-02-12 20:45:00,135.34404999999992
2019-02-12 21:00:00,135.28154999999992
2019-02-12 21:15:00,135.31274999999994
2019-02-12 21:30:00,135.21904999999992
2019-02-12 21:45:00,135.12524999999994
2019-02-12 23:00:00,135.25024999999994
2019-02-12 23:15:00,135.18774999999994
2019-02-12 23:30:00,135.15654999999992
2019-02-12 23:45:00,135.09404999999992
2019-02-13 00:00:00,135.06274999999994
2019-02-13 00:15:00,135.09404999999992
2019-02-13 00:30:00,135.06274999999994
2019-02-13 00:45:00,135.06274999999994
2019-02-13 01:00:00,135.03154999999992
2019-02-13 01:15:00,135.03154999999992
2019-02-13 01:30:00,135.06274999999994
2019-02-13 01:45:00,135.00024999999994
2019-02-13 02:00:00,135.03154999999992
2019-02-13 02:15:00,135.03154999999992
2019-02-13 02:30:00,135.03154999999992
2019-02-13 02:45:00,135.03154999999992
2019-02-13 03:00:00,135.03154999999992
2019-02-13 03:15:00,135.06274999999994
2019-02-13 03:30:00,135.06274999999994
2019-02-13 03:45:00,135.06274999999994
2019-02-13 04:00:00,135.06274999999994
2019-02-13 04:15:00,135.09404999999992
2019-02-13 04:30:00,135.06274999999994
2019-02-13 04:45:00,135.06274999999994
2019-02-13 05:15:00,135.06274999999994
2019-02-13 05:30:00,135.12524999999994
2019-02-13 05:45:00,135.12524999999994
2019-02-13 06:30:00,135.09404999999992
2019-02-13 06:45:00,135.06274999999994
2019-02-13 07:00:00,135.03154999999992
2019-02-13 07:15:00,135.12524999999994
2019-02-13 07:30:00,135.15654999999992
2019-02-13 07:45:00,135.15654999999992
2019-02-13 08:00:00,135.21904999999992
2019-02-13 08:15:00,135.18774999999994
2019-02-13 08:30:00,135.18774999999994
2019-02-13 08:45:00,135.21904999999992
2019-02-13 09:00:00,135.25024999999994
2019-02-13 09:15:00,135.25024999999994
2019-02-13 09:30:00,135.31274999999994
2019-02-13 09:45:00,135.25024999999994
2019-02-13 10:00:00,135.28154999999992
2019-02-13 10:15:00,135.28154999999992
2019-02-13 10:30:00,135.28154999999992
2019-02-13 10:45:00,135.28154999999992
2019-02-13 11:00:00,135.31274999999994
2019-02-13 11:15:00,135.28154999999992
2019-02-13 11:30:00,135.25024999999994
2019-02-13 11:45:00,135.21904999999992
2019-02-13 12:00:00,135.25024999999994
2019-02-13 12:15:00,135.21904999999992
2019-02-13 12:30:00,135.21904999999992
2019-02-13 12:45:00,135.21904999999992
2019-02-13 13:00:00,135.18774999999994
2019-02-13 13:15:00,135.21904999999992
2019-02-13 13:30:00,134.96904999999992
2019-02-13 13:45:00,134.90654999999992
2019-02-13 14:00:00,134.93774999999994
2019-02-13 14:15:00,134.96904999999992
2019-02-13 14:30:00,134.84404999999992
2019-02-13 14:45:00,134.87524999999994
2019-02-13 15:00:00,134.96904999999992
2019-02-13 15:15:00,135.03154999999992
2019-02-13 15:30:00,135.00024999999994
2019-02-13 15:45:00,134.96904999999992
2019-02-13 16:00:00,135.03154999999992
2019-02-13 16:15:00,135.15654999999992
2019-02-13 16:30:00,135.15654999999992
2019-02-13 16:45:00,135.15654999999992
2019-02-13 17:00:00,135.18774999999994
2019-02-13 17:15:00,135.09404999999992
2019-02-13 17:30:00,135.09404999999992
2019-02-13 17:45:00,135.09404999999992
2019-02-13 18:00:00,135.06274999999994
2019-02-13 18:15:00,135.00024999999994
2019-02-13 18:30:00,135.06274999999994
2019-02-13 18:45:00,135.03154999999992
2019-02-13 19:00:00,134.96904999999992
2019-02-13 19:15:00,134.93774999999994
2019-02-13 19:30:00,134.93774999999994
2019-02-13 19:45:00,135.03154999999992
2019-02-13 20:00:00,134.96904999999992
2019-02-13 20:15:00,134.93774999999994
2019-02-13 20:30:00,134.96904999999992
2019-02-13 20:45:00,134.96904999999992
2019-02-13 21:00:00,134.93774999999994
2019-02-13 21:15:00,134.87524999999994
2019-02-13 21:30:00,134.93774999999994
2019-02-13 21:45:00,135.03154999999992
2019-02-13 23:00:00,135.12524999999994
2019-02-13 23:15:00,135.09404999999992
2019-02-13 23:30:00,135.12524999999994
2019-02-13 23:45:00,135.12524999999994
2019-02-14 00:00:00,135.12524999999994
2019-02-14 00:15:00,135.09404999999992
2019-02-14 00:30:00,135.06274999999994
2019-02-14 00:45:00,135.06274999999994
2019-02-14 01:00:00,135.09404999999992
2019-02-14 01:15:00,135.09404999999992
2019-02-14 01:30:00,135.09404999999992
2019-02-14 01:45:00,135.12524999999994
2019-02-14 02:00:00,135.15654999999992
2019-02-14 02:15:00,135.12524999999994
2019-02-14 02:30:00,135.12524999999994
2019-02-14 02:45:00,135.15654999999992
2019-02-14 03:00:00,135.12524999999994
2019-02-14 03:15:00,135.12524999999994
2019-02-14 03:30:00,135.12524999999994
2019-02-14 03:45:00,134.96904999999992
2019-02-14 04:00:00,134.93774999999994
2019-02-14 04:15:00,134.96904999999992
2019-02-14 04:30:00,134.96904999999992
2019-02-14 04:45:00,134.93774999999994
2019-02-14 05:15:00,134.93774999999994
2019-02-14 05:30:00,134.90654999999992
2019-02-14 05:45:00,134.93774999999994
2019-02-14 06:15:00,134.96904999999992
2019-02-14 06:30:00,135.00024999999994
2019-02-14 06:45:00,135.00024999999994
2019-02-14 07:00:00,134.93774999999994
2019-02-14 07:15:00,135.00024999999994
2019-02-14 07:30:00,135.06274999999994
2019-02-14 07:45:00,135.06274999999994
2019-02-14 08:00:00,135.09404999999992
2019-02-14 08:15:00,135.12524999999994
2019-02-14 08:30:00,135.15654999999992
2019-02-14 08:45:00,135.12524999999994
2019-02-14 09:00:00,135.21904999999992
2019-02-14 09:15:00,135.21904999999992
2019-02-14 09:30:00,135.25024999999994
2019-02-14 09:45:00,135.18774999999994
2019-02-14 10:00:00,135.15654999999992
2019-02-14 10:15:00,135.25024999999994
2019-02-14 10:30:00,135.21904999999992
2019-02-14 10:45:00,135.21904999999992
2019-02-14 11:00:00,135.15654999999992
2019-02-14 11:15:00,135.12524999999994
2019-02-14 11:30:00,135.15654999999992
2019-02-14 11:45:00,135.18774999999994
2019-02-14 12:00:00,135.25024999999994
2019-02-14 12:15:00,135.34404999999992
2019-02-14 12:30:00,135.37524999999994
2019-02-14 12:45:00,135.31274999999994
2019-02-14 13:00:00,135.31274999999994
2019-02-14 13:15:00,135.40654999999992
2019-02-14 13:30:00,136.03154999999992
2019-02-14 13:45:00,136.00024999999994
2019-02-14 14:00:00,136.00024999999994
2019-02-14 14:15:00,136.06274999999994
2019-02-14 14:30:00,136.09404999999992
2019-02-14 14:45:00,136.06274999999994
2019-02-14 15:00:00,135.81274999999994
2019-02-14 15:15:00,135.81274999999994
2019-02-14 15:30:00,135.78154999999992
2019-02-14 15:45:00,135.78154999999992
2019-02-14 16:00:00,135.75024999999994
2019-02-14 16:15:00,135.65654999999992
2019-02-14 16:30:00,135.62524999999994
2019-02-14 16:45:00,135.62524999999994
2019-02-14 17:00:00,135.62524999999994
2019-02-14 17:15:00,135.62524999999994
2019-02-14 17:30:00,135.68774999999994
2019-02-14 17:45:00,135.71904999999992
2019-02-14 18:00:00,135.71904999999992
2019-02-14 18:15:00,135.68774999999994
2019-02-14 18:30:00,135.68774999999994
2019-02-14 18:45:00,135.62524999999994
2019-02-14 19:00:00,135.65654999999992
2019-02-14 19:15:00,135.68774999999994
2019-02-14 19:30:00,135.71904999999992
2019-02-14 19:45:00,135.71904999999992
2019-02-14 20:00:00,135.68774999999994
2019-02-14 20:15:00,135.65654999999992
2019-02-14 20:30:00,135.68774999999994
2019-02-14 20:45:00,135.78154999999992
2019-02-14 21:00:00,135.87524999999994
2019-02-14 21:15:00,135.84404999999992
2019-02-14 21:30:00,135.84404999999992
2019-02-14 21:45:00,135.81274999999994
2019-02-14 23:00:00,134.96904999999992
2019-02-14 23:15:00,135.81274999999994
2019-02-14 23:30:00,135.78154999999992
2019-02-14 23:45:00,135.78154999999992
2019-02-15 00:00:00,135.90654999999992
2019-02-15 00:15:00,135.90654999999992
2019-02-15 00:30:00,135.93774999999994
2019-02-15 00:45:00,135.87524999999994
2019-02-15 01:00:00,135.84404999999992
2019-02-15 01:15:00,135.84404999999992
2019-02-15 01:30:00,135.90654999999992
2019-02-15 01:45:00,135.84404999999992
2019-02-15 02:00:00,135.84404999999992
2019-02-15 02:15:00,135.87524999999994
2019-02-15 02:30:00,135.93774999999994
2019-02-15 02:45:00,135.93774999999994
2019-02-15 03:00:00,135.90654999999992
2019-02-15 03:15:00,135.90654999999992
2019-02-15 03:30:00,135.96904999999992
2019-02-15 03:45:00,135.96904999999992
2019-02-15 04:00:00,135.93774999999994
2019-02-15 04:15:00,135.93774999999994
2019-02-15 04:30:00,135.96904999999992
2019-02-15 04:45:00,135.93774999999994
2019-02-15 05:15:00,135.96904999999992
2019-02-15 05:30:00,135.90654999999992
2019-02-15 05:45:00,135.93774999999994
2019-02-15 06:15:00,135.96904999999992
2019-02-15 06:30:00,135.96904999999992
2019-02-15 06:45:00,135.93774999999994
2019-02-15 07:00:00,135.90654999999992
2019-02-15 07:15:00,135.96904999999992
2019-02-15 07:30:00,136.06274999999994
2019-02-15 07:45:00,136.03154999999992
2019-02-15 08:00:00,136.06274999999994
2019-02-15 08:15:00,136.09404999999992
2019-02-15 08:30:00,136.06274999999994
2019-02-15 08:45:00,136.06274999999994
2019-02-15 09:00:00,136.03154999999992
2019-02-15 09:15:00,136.03154999999992
2019-02-15 09:30:00,136.00024999999994
2019-02-15 09:45:00,136.00024999999994
2019-02-15 10:00:00,136.06274999999994
2019-02-15 10:15:00,136.06274999999994
2019-02-15 10:30:00,136.00024999999994
2019-02-15 10:45:00,135.93774999999994
2019-02-15 11:00:00,135.90654999999992
2019-02-15 11:15:00,135.90654999999992
2019-02-15 11:30:00,135.96904999999992
2019-02-15 11:45:00,136.00024999999994
2019-02-15 12:00:00,135.90654999999992
2019-02-15 12:15:00,135.90654999999992
2019-02-15 12:30:00,135.81274999999994
2019-02-15 12:45:00,135.78154999999992
2019-02-15 13:00:00,135.78154999999992
2019-02-15 13:15:00,135.56274999999994
2019-02-15 13:30:00,135.40654999999992
2019-02-15 13:45:00,135.43774999999994
2019-02-15 14:00:00,135.43774999999994
2019-02-15 14:15:00,135.50024999999994
2019-02-15 14:30:00,135.56274999999994
2019-02-15 14:45:00,135.68774999999994
2019-02-15 15:00:00,135.81274999999994
2019-02-15 15:15:00,135.75024999999994
2019-02-15 15:30:00,135.71904999999992
2019-02-15 15:45:00,135.78154999999992
2019-02-15 16:00:00,135.78154999999992
2019-02-15 16:15:00,135.75024999999994
2019-02-15 16:30:00,135.78154999999992
2019-02-15 16:45:00,135.71904999999992
2019-02-15 17:00:00,135.78154999999992
2019-02-15 17:15:00,135.71904999999992
2019-02-15 17:30:00,135.75024999999994
2019-02-15 17:45:00,135.71904999999992
2019-02-15 18:00:00,135.84404999999992
2019-02-15 18:15:00,135.81274999999994
2019-02-15 18:30:00,135.81274999999994
2019-02-15 18:45:00,135.81274999999994
2019-02-15 19:00:00,135.75024999999994
2019-02-15 19:15:00,135.75024999999994
2019-02-15 19:30:00,135.78154999999992
2019-02-15 19:45:00,135.81274999999994
2019-02-15 20:00:00,135.84404999999992
2019-02-15 20:15:00,135.81274999999994
2019-02-15 20:30:00,135.81274999999994
2019-02-15 20:45:00,135.84404999999992
2019-02-15 21:00:00,135.87524999999994
2019-02-15 21:15:00,135.84404999999992
2019-02-15 21:30:00,135.84404999999992
2019-02-15 21:45:00,135.87524999999994
2019-02-15 23:00:00,135.93774999999994
2019-02-17 23:00:00,135.81274999999994
2019-02-17 23:15:00,135.81274999999994
2019-02-17 23:30:00,135.81274999999994
2019-02-17 23:45:00,135.75024999999994
2019-02-18 00:00:00,135.81274999999994
2019-02-18 00:15:00,135.84404999999992
2019-02-18 00:30:00,135.84404999999992
2019-02-18 00:45:00,135.84404999999992
2019-02-18 01:00:00,135.84404999999992
2019-02-18 01:15:00,135.87524999999994
2019-02-18 01:30:00,135.84404999999992
2019-02-18 01:45:00,135.84404999999992
2019-02-18 02:00:00,135.84404999999992
2019-02-18 02:15:00,135.84404999999992
2019-02-18 02:30:00,135.84404999999992
2019-02-18 02:45:00,135.84404999999992
2019-02-18 03:00:00,135.84404999999992
2019-02-18 03:15:00,135.84404999999992
2019-02-18 03:30:00,135.84404999999992
2019-02-18 03:45:00,135.81274999999994
2019-02-18 04:00:00,135.84404999999992
2019-02-18 04:15:00,135.81274999999994
2019-02-18 04:30:00,135.84404999999992
2019-02-18 04:45:00,135.87524999999994
2019-02-18 05:15:00,135.87524999999994
2019-02-18 05:30:00,135.84404999999992
2019-02-18 05:45:00,135.84404999999992
2019-02-18 06:15:00,135.84404999999992
2019-02-18 06:30:00,135.84404999999992
2019-02-18 06:45:00,135.81274999999994
2019-02-18 07:00:00,135.75024999999994
2019-02-18 07:15:00,135.75024999999994
2019-02-18 07:30:00,135.78154999999992
2019-02-18 07:45:00,135.78154999999992
2019-02-18 08:00:00,135.78154999999992
2019-02-18 08:15:00,135.78154999999992
2019-02-18 08:30:00,135.75024999999994
2019-02-18 08:45:00,135.78154999999992
2019-02-18 09:00:00,135.78154999999992
2019-02-18 09:15:00,135.75024999999994
2019-02-18 09:30:00,135.75024999999994
2019-02-18 09:45:00,135.75024999999994
2019-02-18 10:00:00,135.75024999999994
2019-02-18 10:15:00,135.78154999999992
2019-02-18 10:30:00,135.75024999999994
2019-02-18 10:45:00,135.68774999999994
2019-02-18 11:00:00,135.68774999999994
2019-02-18 11:15:00,135.65654999999992
2019-02-18 11:30:00,135.68774999999994
2019-02-18 11:45:00,135.68774999999994
2019-02-18 12:00:00,135.65654999999992
2019-02-18 12:15:00,135.65654999999992
2019-02-18 12:30:00,135.65654999999992
2019-02-18 12:45:00,135.65654999999992
2019-02-18 13:00:00,135.65654999999992
2019-02-18 13:15:00,135.65654999999992
2019-02-18 13:30:00,135.65654999999992
2019-02-18 13:45:00,135.65654999999992
2019-02-18 14:00:00,135.65654999999992
2019-02-18 14:15:00,135.68774999999994
2019-02-18 14:30:00,135.68774999999994
2019-02-18 14:45:00,135.65654999999992
2019-02-18 15:00:00,135.65654999999992
2019-02-18 15:15:00,135.65654999999992
2019-02-18 15:30:00,135.68774999999994
2019-02-18 15:45:00,135.65654999999992
2019-02-18 16:00:00,135.65654999999992
2019-02-18 16:15:00,135.68774999999994
2019-02-18 16:30:00,135.65654999999992
2019-02-18 16:45:00,135.62524999999994
2019-02-18 17:00:00,135.71904999999992
2019-02-18 17:15:00,135.68774999999994
2019-02-18 17:30:00,135.68774999999994
2019-02-18 17:45:00,135.68774999999994
2019-02-18 23:00:00,135.81274999999994
2019-02-18 23:15:00,135.75024999999994
2019-02-18 23:30:00,135.68774999999994
2019-02-18 23:45:00,135.68774999999994
2019-02-19 00:00:00,135.71904999999992
2019-02-19 00:15:00,135.71904999999992
2019-02-19 00:30:00,135.75024999999994
2019-02-19 00:45:00,135.75024999999994
2019-02-19 01:00:00,135.71904999999992
2019-02-19 01:15:00,135.75024999999994
2019-02-19 01:30:00,135.75024999999994
2019-02-19 01:45:00,135.75024999999994
2019-02-19 02:00:00,135.75024999999994
2019-02-19 02:15:00,135.71904999999992
2019-02-19 02:30:00,135.71904999999992
2019-02-19 02:45:00,135.71904999999992
2019-02-19 03:00:00,135.65654999999992
2019-02-19 03:15:00,135.68774999999994
2019-02-19 03:30:00,135.68774999999994
2019-02-19 03:45:00,135.71904999999992
2019-02-19 04:00:00,135.68774999999994
2019-02-19 04:15:00,135.65654999999992
2019-02-19 04:30:00,135.68774999999994
2019-02-19 04:45:00,135.65654999999992
2019-02-19 05:15:00,135.71904999999992
2019-02-19 05:30:00,135.75024999999994
2019-02-19 05:45:00,135.75024999999994
2019-02-19 06:15:00,135.71904999999992
2019-02-19 06:30:00,135.75024999999994
2019-02-19 06:45:00,135.71904999999992
2019-02-19 07:00:00,135.75024999999994
2019-02-19 07:15:00,135.68774999999994
2019-02-19 07:30:00,135.75024999999994
2019-02-19 07:45:00,135.78154999999992
2019-02-19 08:00:00,135.78154999999992
2019-02-19 08:15:00,135.71904999999992
2019-02-19 08:30:00,135.71904999999992
2019-02-19 08:45:00,135.68774999999994
2019-02-19 09:00:00,135.90654999999992
2019-02-19 09:15:00,135.96904999999992
2019-02-19 09:30:00,135.90654999999992
2019-02-19 09:45:00,135.90654999999992
2019-02-19 10:00:00,135.93774999999994
2019-02-19 10:15:00,135.93774999999994
2019-02-19 10:30:00,135.84404999999992
2019-02-19 10:45:00,135.75024999999994
2019-02-19 11:00:00,135.71904999999992
2019-02-19 11:15:00,135.81274999999994
2019-02-19 11:30:00,135.78154999999992
2019-02-19 11:45:00,135.78154999999992
2019-02-19 12:00:00,135.78154999999992
2019-02-19 12:15:00,135.78154999999992
2019-02-19 12:30:00,135.81274999999994
2019-02-19 12:45:00,135.78154999999992
2019-02-19 13:00:00,135.71904999999992
2019-02-19 13:15:00,135.75024999999994
2019-02-19 13:30:00,135.96904999999992
2019-02-19 13:45:00,136.09404999999992
2019-02-19 14:00:00,136.21904999999992
2019-02-19 14:15:00,136.21904999999992
2019-02-19 14:30:00,136.12524999999994
2019-02-19 14:45:00,136.06274999999994
2019-02-19 15:00:00,136.06274999999994
2019-02-19 15:15:00,136.18774999999994
2019-02-19 15:30:00,136.31274999999994
2019-02-19 15:45:00,136.34404999999992
2019-02-19 16:00:00,136.25024999999994
2019-02-19 16:15:00,136.28154999999992
2019-02-19 16:30:00,136.15654999999992
2019-02-19 16:45:00,136.09404999999992
2019-02-19 17:00:00,136.18774999999994
2019-02-19 17:15:00,136.18774999999994
2019-02-19 17:30:00,136.18774999999994
2019-02-19 17:45:00,136.15654999999992
2019-02-19 18:00:00,136.06274999999994
2019-02-19 18:15:00,136.06274999999994
2019-02-19 18:30:00,136.06274999999994
2019-02-19 18:45:00,136.06274999999994
2019-02-19 19:00:00,135.96904999999992
2019-02-19 19:15:00,136.00024999999994
2019-02-19 19:30:00,135.96904999999992
2019-02-19 19:45:00,136.09404999999992
2019-02-19 20:00:00,136.03154999999992
2019-02-19 20:15:00,136.00024999999994
2019-02-19 20:30:00,136.03154999999992
2019-02-19 20:45:00,136.18774999999994
2019-02-19 21:00:00,136.18774999999994
2019-02-19 21:15:00,136.18774999999994
2019-02-19 21:30:00,136.21904999999992
2019-02-19 21:45:00,136.25024999999994
2019-02-19 23:00:00,135.75024999999994
2019-02-19 23:15:00,136.21904999999992
2019-02-19 23:30:00,136.18774999999994
2019-02-19 23:45:00,136.18774999999994
2019-02-20 00:00:00,136.15654999999992
2019-02-20 00:15:00,136.12524999999994
2019-02-20 00:30:00,136.15654999999992
2019-02-20 00:45:00,136.12524999999994
2019-02-20 01:00:00,136.15654999999992
2019-02-20 01:15:00,136.15654999999992
2019-02-20 01:30:00,136.12524999999994
2019-02-20 01:45:00,136.15654999999992
2019-02-20 02:00:00,136.12524999999994
2019-02-20 02:15:00,136.15654999999992
2019-02-20 02:30:00,136.15654999999992
2019-02-20 02:45:00,136.12524999999994
2019-02-20 03:00:00,136.15654999999992
2019-02-20 03:15:00,136.15654999999992
2019-02-20 03:30:00,136.21904999999992
2019-02-20 03:45:00,136.18774999999994
2019-02-20 04:00:00,136.18774999999994
2019-02-20 04:15:00,136.18774999999994
2019-02-20 04:30:00,136.15654999999992
2019-02-20 04:45:00,136.15654999999992
2019-02-20 05:15:00,136.15654999999992
2019-02-20 05:30:00,136.15654999999992
2019-02-20 05:45:00,136.15654999999992
2019-02-20 06:15:00,136.15654999999992
2019-02-20 06:30:00,136.18774999999994
2019-02-20 06:45:00,136.12524999999994
2019-02-20 07:00:00,136.09404999999992
2019-02-20 07:15:00,136.12524999999994
2019-02-20 07:30:00,136.12524999999994
2019-02-20 07:45:00,136.12524999999994
2019-02-20 08:00:00,136.12524999999994
2019-02-20 08:15:00,136.18774999999994
2019-02-20 08:30:00,136.12524999999994
2019-02-20 08:45:00,136.15654999999992
2019-02-20 09:00:00,136.12524999999994
2019-02-20 09:15:00,136.15654999999992
2019-02-20 09:30:00,136.21904999999992
2019-02-20 09:45:00,136.31274999999994
2019-02-20 10:00:00,136.34404999999992
2019-02-20 10:15:00,136.37524999999994
2019-02-20 10:30:00,136.34404999999992
2019-02-20 10:45:00,136.34404999999992
2019-02-20 11:00:00,136.34404999999992
2019-02-20 11:15:00,136.31274999999994
2019-02-20 11:30:00,136.34404999999992
2019-02-20 11:45:00,136.28154999999992
2019-02-20 12:00:00,136.31274999999994
2019-02-20 12:15:00,136.28154999999992
2019-02-20 12:30:00,136.25024999999994
2019-02-20 12:45:00,136.28154999999992
2019-02-20 13:00:00,136.31274999999994
2019-02-20 13:15:00,136.25024999999994
2019-02-20 13:30:00,136.09404999999992
2019-02-20 13:45:00,136.00024999999994
2019-02-20 14:00:00,135.96904999999992
2019-02-20 14:15:00,135.90654999999992
2019-02-20 14:30:00,135.84404999999992
2019-02-20 14:45:00,135.81274999999994
2019-02-20 15:00:00,135.87524999999994
2019-02-20 15:15:00,135.68774999999994
2019-02-20 15:30:00,135.71904999999992
2019-02-20 15:45:00,135.75024999999994
2019-02-20 16:00:00,135.71904999999992
2019-02-20 16:15:00,135.75024999999994
2019-02-20 16:30:00,135.68774999999994
2019-02-20 16:45:00,135.78154999999992
2019-02-20 17:00:00,135.87524999999994
2019-02-20 17:15:00,135.90654999999992
2019-02-20 17:30:00,135.84404999999992
2019-02-20 17:45:00,135.87524999999994
2019-02-20 18:00:00,135.90654999999992
2019-02-20 18:15:00,135.90654999999992
2019-02-20 18:30:00,135.93774999999994
2019-02-20 18:45:00,136.00024999999994
2019-02-20 19:00:00,135.84404999999992
2019-02-20 19:15:00,135.81274999999994
2019-02-20 19:30:00,135.81274999999994
2019-02-20 19:45:00,135.84404999999992
2019-02-20 20:00:00,135.93774999999994
2019-02-20 20:15:00,135.90654999999992
2019-02-20 20:30:00,135.84404999999992
2019-02-20 20:45:00,135.90654999999992
2019-02-20 21:00:00,135.96904999999992
2019-02-20 21:15:00,135.87524999999994
2019-02-20 21:30:00,135.87524999999994
2019-02-20 21:45:00,135.90654999999992
2019-02-20 23:00:00,136.18774999999994
2019-02-20 23:15:00,135.93774999999994
2019-02-20 23:30:00,135.93774999999994
2019-02-20 23:45:00,135.96904999999992
2019-02-21 00:00:00,135.96904999999992
2019-02-21 00:15:00,135.96904999999992
2019-02-21 00:30:00,135.87524999999994
2019-02-21 00:45:00,135.93774999999994
2019-02-21 01:00:00,135.93774999999994
2019-02-21 01:15:00,136.03154999999992
2019-02-21 01:30:00,136.00024999999994
2019-02-21 01:45:00,135.96904999999992
2019-02-21 02:00:00,135.96904999999992
2019-02-21 02:15:00,135.96904999999992
2019-02-21 02:30:00,135.96904999999992
2019-02-21 02:45:00,135.71904999999992
2019-02-21 03:00:00,135.68774999999994
2019-02-21 03:15:00,135.68774999999994
2019-02-21 03:30:00,135.62524999999994
2019-02-21 03:45:00,135.56274999999994
2019-02-21 04:00:00,135.59404999999992
2019-02-21 04:15:00,135.56274999999994
2019-02-21 04:30:00,135.59404999999992
2019-02-21 04:45:00,135.59404999999992
2019-02-21 05:15:00,135.65654999999992
2019-02-21 05:30:00,135.65654999999992
2019-02-21 05:45:00,135.65654999999992
2019-02-21 06:15:00,135.68774999999994
2019-02-21 06:30:00,135.68774999999994
2019-02-21 06:45:00,135.68774999999994
2019-02-21 07:00:00,135.68774999999994
2019-02-21 07:15:00,135.59404999999992
2019-02-21 07:30:00,135.65654999999992
2019-02-21 07:45:00,135.71904999999992
2019-02-21 08:00:00,135.68774999999994
2019-02-21 08:15:00,135.56274999999994
2019-02-21 08:30:00,135.62524999999994
2019-02-21 08:45:00,135.59404999999992
2019-02-21 09:00:00,135.68774999999994
2019-02-21 09:15:00,135.65654999999992
2019-02-21 09:30:00,135.65654999999992
2019-02-21 09:45:00,135.65654999999992
2019-02-21 10:00:00,135.62524999999994
2019-02-21 10:15:00,135.62524999999994
2019-02-21 10:30:00,135.68774999999994
2019-02-21 10:45:00,135.65654999999992
2019-02-21 11:00:00,135.56274999999994
2019-02-21 11:15:00,135.56274999999994
2019-02-21 11:30:00,135.56274999999994
2019-02-21 11:45:00,135.46904999999992
2019-02-21 12:00:00,135.40654999999992
2019-02-21 12:15:00,135.46904999999992
2019-02-21 12:30:00,135.43774999999994
2019-02-21 12:45:00,135.40654999999992
2019-02-21 13:00:00,135.37524999999994
2019-02-21 13:15:00,135.21904999999992
2019-02-21 13:30:00,135.25024999999994
2019-02-21 13:45:00,135.18774999999994
2019-02-21 14:00:00,135.12524999999994
2019-02-21 14:15:00,135.00024999999994
2019-02-21 14:30:00,135.06274999999994
2019-02-21 14:45:00,135.00024999999994
2019-02-21 15:00:00,135.03154999999992
2019-02-21 15:15:00,135.06274999999994
2019-02-21 15:30:00,134.90654999999992
2019-02-21 15:45:00,134.90654999999992
2019-02-21 16:00:00,134.90654999999992
2019-02-21 16:15:00,134.90654999999992
2019-02-21 16:30:00,134.93774999999994
2019-02-21 16:45:00,134.90654999999992
2019-02-21 17:00:00,134.84404999999992
2019-02-21 17:15:00,134.84404999999992
2019-02-21 17:30:00,134.81274999999994
2019-02-21 17:45:00,134.84404999999992
2019-02-21 18:00:00,134.87524999999994
2019-02-21 18:15:00,134.87524999999994
2019-02-21 18:30:00,134.90654999999992
2019-02-21 18:45:00,134.90654999999992
2019-02-21 19:00:00,134.87524999999994
2019-02-21 19:15:00,135.00024999999994
2019-02-21 19:30:00,135.00024999999994
2019-02-21 19:45:00,135.03154999999992
2019-02-21 20:00:00,134.96904999999992
2019-02-21 20:15:00,135.00024999999994
2019-02-21 20:30:00,135.03154999999992
2019-02-21 20:45:00,135.03154999999992
2019-02-21 21:00:00,135.00024999999994
2019-02-21 21:15:00,134.96904999999992
2019-02-21 21:30:00,134.90654999999992
2019-02-21 21:45:00,134.93774999999994
2019-02-21 23:00:00,135.71904999999992
2019-02-21 23:15:00,135.00024999999994
2019-02-21 23:30:00,135.00024999999994
2019-02-21 23:45:00,135.00024999999994
2019-02-22 00:00:00,135.03154999999992
2019-02-22 00:15:00,135.03154999999992
2019-02-22 00:30:00,135.00024999999994
2019-02-22 00:45:00,135.00024999999994
2019-02-22 01:15:00,135.03154999999992
2019-02-22 01:30:00,135.06274999999994
2019-02-22 01:45:00,135.09404999999992
2019-02-22 02:00:00,135.03154999999992
2019-02-22 02:15:00,135.00024999999994
2019-02-22 02:30:00,135.00024999999994
2019-02-22 02:45:00,135.03154999999992
2019-02-22 03:15:00,135.03154999999992
2019-02-22 03:30:00,135.06274999999994
2019-02-22 04:00:00,135.06274999999994
2019-02-22 04:15:00,135.06274999999994
2019-02-22 04:30:00,135.06274999999994
2019-02-22 04:45:00,135.06274999999994
2019-02-22 05:15:00,135.06274999999994
2019-02-22 05:30:00,135.03154999999992
2019-02-22 05:45:00,135.06274999999994
2019-02-22 06:30:00,135.06274999999994
2019-02-22 06:45:00,135.09404999999992
2019-02-22 07:00:00,135.09404999999992
2019-02-22 07:15:00,135.09404999999992
2019-02-22 07:30:00,135.12524999999994
2019-02-22 07:45:00,135.12524999999994
2019-02-22 08:00:00,135.15654999999992
2019-02-22 08:15:00,135.15654999999992
2019-02-22 08:30:00,135.15654999999992
2019-02-22 08:45:00,135.15654999999992
2019-02-22 09:00:00,135.18774999999994
2019-02-22 09:15:00,135.21904999999992
2019-02-22 09:30:00,135.18774999999994
2019-02-22 09:45:00,135.15654999999992
2019-02-22 10:00:00,135.15654999999992
2019-02-22 10:15:00,135.12524999999994
2019-02-22 10:30:00,135.12524999999994
2019-02-22 10:45:00,135.15654999999992
2019-02-22 11:00:00,135.15654999999992
2019-02-22 11:15:00,135.21904999999992
2019-02-22 11:30:00,135.21904999999992
2019-02-22 11:45:00,135.21904999999992
2019-02-22 12:00:00,135.21904999999992
2019-02-22 12:15:00,135.21904999999992
2019-02-22 12:30:00,135.18774999999994
2019-02-22 12:45:00,135.21904999999992
2019-02-22 13:00:00,135.18774999999994
2019-02-22 13:15:00,135.50024999999994
2019-02-22 13:30:00,135.59404999999992
2019-02-22 13:45:00,135.65654999999992
2019-02-22 14:00:00,135.62524999999994
2019-02-22 14:15:00,135.56274999999994
2019-02-22 14:30:00,135.68774999999994
2019-02-22 14:45:00,135.75024999999994
2019-02-22 15:00:00,135.84404999999992
2019-02-22 15:15:00,135.78154999999992
2019-02-22 15:30:00,135.81274999999994
2019-02-22 15:45:00,135.78154999999992
2019-02-22 16:00:00,135.75024999999994
2019-02-22 16:15:00,135.71904999999992
2019-02-22 16:30:00,135.78154999999992
2019-02-22 16:45:00,135.81274999999994
2019-02-22 17:00:00,135.84404999999992
2019-02-22 17:15:00,135.90654999999992
2019-02-22 17:30:00,136.00024999999994
2019-02-22 17:45:00,136.00024999999994
2019-02-22 18:00:00,135.93774999999994
2019-02-22 18:15:00,135.75024999999994
2019-02-22 18:30:00,135.75024999999994
2019-02-22 18:45:00,135.75024999999994
2019-02-22 19:00:00,135.78154999999992
2019-02-22 19:15:00,135.87524999999994
2019-02-22 19:30:00,135.81274999999994
2019-02-22 19:45:00,135.65654999999992
2019-02-22 20:00:00,135.68774999999994
2019-02-22 20:15:00,135.65654999999992
2019-02-22 20:30:00,135.68774999999994
2019-02-22 20:45:00,135.68774999999994
2019-02-22 21:00:00,135.71904999999992
2019-02-22 21:15:00,135.71904999999992
2019-02-22 21:30:00,135.68774999999994
2019-02-22 21:45:00,135.68774999999994
2019-02-22 23:00:00,135.06274999999994
2019-02-24 23:00:00,135.53154999999992
2019-02-24 23:15:00,135.56274999999994
2019-02-24 23:30:00,135.56274999999994
2019-02-24 23:45:00,135.56274999999994
2019-02-25 00:00:00,135.56274999999994
2019-02-25 00:15:00,135.59404999999992
2019-02-25 00:30:00,135.59404999999992
2019-02-25 00:45:00,135.56274999999994
2019-02-25 01:00:00,135.62524999999994
2019-02-25 01:15:00,135.62524999999994
2019-02-25 01:30:00,135.59404999999992
2019-02-25 01:45:00,135.62524999999994
2019-02-25 02:00:00,135.59404999999992
2019-02-25 02:15:00,135.56274999999994
2019-02-25 02:30:00,135.68774999999994
2019-02-25 02:45:00,135.68774999999994
2019-02-25 03:00:00,135.68774999999994
2019-02-25 03:15:00,135.65654999999992
2019-02-25 03:30:00,135.68774999999994
2019-02-25 03:45:00,135.68774999999994
2019-02-25 04:00:00,135.68774999999994
2019-02-25 04:15:00,135.68774999999994
2019-02-25 04:30:00,135.68774999999994
2019-02-25 04:45:00,135.68774999999994
2019-02-25 05:15:00,135.65654999999992
2019-02-25 05:30:00,135.68774999999994
2019-02-25 05:45:00,135.65654999999992
2019-02-25 06:15:00,135.62524999999994
2019-02-25 06:30:00,135.62524999999994
2019-02-25 06:45:00,135.59404999999992
2019-02-25 07:00:00,135.43774999999994
2019-02-25 07:15:00,135.46904999999992
2019-02-25 07:30:00,135.43774999999994
2019-02-25 07:45:00,135.53154999999992
2019-02-25 08:00:00,135.53154999999992
2019-02-25 08:15:00,135.50024999999994
2019-02-25 08:30:00,135.43774999999994
2019-02-25 08:45:00,135.37524999999994
2019-02-25 09:00:00,135.40654999999992
2019-02-25 09:15:00,135.37524999999994
2019-02-25 09:30:00,135.40654999999992
2019-02-25 09:45:00,135.40654999999992
2019-02-25 10:00:00,135.46904999999992
2019-02-25 10:15:00,135.40654999999992
2019-02-25 10:30:00,135.40654999999992
2019-02-25 10:45:00,135.37524999999994
2019-02-25 11:00:00,135.34404999999992
2019-02-25 11:15:00,135.28154999999992
2019-02-25 11:30:00,135.25024999999994
2019-02-25 11:45:00,135.28154999999992
2019-02-25 12:00:00,135.34404999999992
2019-02-25 12:15:00,135.31274999999994
2019-02-25 12:30:00,135.28154999999992
2019-02-25 12:45:00,135.28154999999992
2019-02-25 13:00:00,135.28154999999992
2019-02-25 13:15:00,135.18774999999994
2019-02-25 13:30:00,135.28154999999992
2019-02-25 13:45:00,135.18774999999994
2019-02-25 14:00:00,135.25024999999994
2019-02-25 14:15:00,135.34404999999992
2019-02-25 14:30:00,135.21904999999992
2019-02-25 14:45:00,135.28154999999992
2019-02-25 15:00:00,135.28154999999992
2019-02-25 15:15:00,135.34404999999992
2019-02-25 15:30:00,135.34404999999992
2019-02-25 15:45:00,135.21904999999992
2019-02-25 16:00:00,135.21904999999992
2019-02-25 16:15:00,135.25024999999994
2019-02-25 16:30:00,135.18774999999994
2019-02-25 16:45:00,135.18774999999994
2019-02-25 17:00:00,135.21904999999992
2019-02-25 17:15:00,135.21904999999992
2019-02-25 17:30:00,135.15654999999992
2019-02-25 17:45:00,135.21904999999992
2019-02-25 18:00:00,135.31274999999994
2019-02-25 18:15:00,135.31274999999994
2019-02-25 18:30:00,135.31274999999994
2019-02-25 18:45:00,135.31274999999994
2019-02-25 19:00:00,135.40654999999992
2019-02-25 19:15:00,135.43774999999994
2019-02-25 19:30:00,135.37524999999994
2019-02-25 19:45:00,135.43774999999994
2019-02-25 20:00:00,135.40654999999992
2019-02-25 20:15:00,135.40654999999992
2019-02-25 20:30:00,135.37524999999994
2019-02-25 20:45:00,135.43774999999994
2019-02-25 21:00:00,135.43774999999994
2019-02-25 21:15:00,135.43774999999994
2019-02-25 21:30:00,135.46904999999992
2019-02-25 21:45:00,135.50024999999994
2019-02-25 23:00:00,135.65654999999992
2019-02-25 23:15:00,135.59404999999992
2019-02-25 23:30:00,135.56274999999994
2019-02-25 23:45:00,135.59404999999992
2019-02-26 00:00:00,135.59404999999992
2019-02-26 00:15:00,135.56274999999994
2019-02-26 00:30:00,135.59404999999992
2019-02-26 00:45:00,135.62524999999994
2019-02-26 01:00:00,135.62524999999994
2019-02-26 01:15:00,135.65654999999992
2019-02-26 01:30:00,135.71904999999992
2019-02-26 01:45:00,135.75024999999994
2019-02-26 02:00:00,135.71904999999992
2019-02-26 02:15:00,135.71904999999992
2019-02-26 02:30:00,135.75024999999994
2019-02-26 02:45:00,135.75024999999994
2019-02-26 03:00:00,135.75024999999994
2019-02-26 03:15:00,135.78154999999992
2019-02-26 03:30:00,135.78154999999992
2019-02-26 03:45:00,135.78154999999992
2019-02-26 04:00:00,135.81274999999994
2019-02-26 04:15:00,135.81274999999994
2019-02-26 04:30:00,135.81274999999994
2019-02-26 04:45:00,135.78154999999992
2019-02-26 05:15:00,135.75024999999994
2019-02-26 05:30:00,135.71904999999992
2019-02-26 05:45:00,135.71904999999992
2019-02-26 06:15:00,135.71904999999992
2019-02-26 06:30:00,135.71904999999992
2019-02-26 06:45:00,135.65654999999992
2019-02-26 07:00:00,135.71904999999992
2019-02-26 07:15:00,135.71904999999992
2019-02-26 07:30:00,135.65654999999992
2019-02-26 07:45:00,135.62524999999994
2019-02-26 08:00:00,135.65654999999992
2019-02-26 08:15:00,135.62524999999994
2019-02-26 08:30:00,135.59404999999992
2019-02-26 08:45:00,135.59404999999992
2019-02-26 09:00:00,135.53154999999992
2019-02-26 09:15:00,135.56274999999994
2019-02-26 09:30:00,135.59404999999992
2019-02-26 09:45:00,135.53154999999992
2019-02-26 10:00:00,135.46904999999992
2019-02-26 10:15:00,135.50024999999994
2019-02-26 10:30:00,135.40654999999992
2019-02-26 10:45:00,135.40654999999992
2019-02-26 11:00:00,135.43774999999994
2019-02-26 11:15:00,135.46904999999992
2019-02-26 11:30:00,135.46904999999992
2019-02-26 11:45:00,135.46904999999992
2019-02-26 12:00:00,135.53154999999992
2019-02-26 12:15:00,135.65654999999992
2019-02-26 12:30:00,135.62524999999994
2019-02-26 12:45:00,135.56274999999994
2019-02-26 13:00:00,135.65654999999992
2019-02-26 13:15:00,135.68774999999994
2019-02-26 13:30:00,135.93774999999994
2019-02-26 13:45:00,136.06274999999994
2019-02-26 14:00:00,135.96904999999992
2019-02-26 14:15:00,135.96904999999992
2019-02-26 14:30:00,135.96904999999992
2019-02-26 14:45:00,135.81274999999994
2019-02-26 15:00:00,135.75024999999994
2019-02-26 15:15:00,135.62524999999994
2019-02-26 15:30:00,135.62524999999994
2019-02-26 15:45:00,135.81274999999994
2019-02-26 16:00:00,135.71904999999992
2019-02-26 16:15:00,135.84404999999992
2019-02-26 16:30:00,135.84404999999992
2019-02-26 16:45:00,135.75024999999994
2019-02-26 17:00:00,135.71904999999992
2019-02-26 17:15:00,135.71904999999992
2019-02-26 17:30:00,135.75024999999994
2019-02-26 17:45:00,135.78154999999992
2019-02-26 18:00:00,135.96904999999992
2019-02-26 18:15:00,136.03154999999992
2019-02-26 18:30:00,136.03154999999992
2019-02-26 18:45:00,136.03154999999992
2019-02-26 19:00:00,136.00024999999994
2019-02-26 19:15:00,136.09404999999992
2019-02-26 19:30:00,136.09404999999992
2019-02-26 19:45:00,136.06274999999994
2019-02-26 20:00:00,136.00024999999994
2019-02-26 20:15:00,135.96904999999992
2019-02-26 20:30:00,136.00024999999994
2019-02-26 20:45:00,136.06274999999994
2019-02-26 21:00:00,136.03154999999992
2019-02-26 21:15:00,136.00024999999994
2019-02-26 21:30:00,136.06274999999994
2019-02-26 21:45:00,136.03154999999992
2019-02-26 23:00:00,135.71904999999992
2019-02-26 23:15:00,136.03154999999992
2019-02-26 23:30:00,136.06274999999994
2019-02-26 23:45:00,136.06274999999994
2019-02-27 00:00:00,136.09404999999992
2019-02-27 00:15:00,136.09404999999992
2019-02-27 00:30:00,136.09404999999992
2019-02-27 03:45:00,135.96904999999992
2019-02-27 04:00:00,136.00024999999994
2019-02-27 04:15:00,135.96904999999992
2019-02-27 04:30:00,135.96904999999992
2019-02-27 04:45:00,136.00024999999994
2019-02-27 05:15:00,135.96904999999992
2019-02-27 05:30:00,135.96904999999992
2019-02-27 05:45:00,136.00024999999994
2019-02-27 06:15:00,136.03154999999992
2019-02-27 06:30:00,136.09404999999992
2019-02-27 06:45:00,136.06274999999994
2019-02-27 07:00:00,136.09404999999992
2019-02-27 07:15:00,136.12524999999994
2019-02-27 07:30:00,136.09404999999992
2019-02-27 07:45:00,136.09404999999992
2019-02-27 08:00:00,136.03154999999992
2019-02-27 08:15:00,135.96904999999992
2019-02-27 08:30:00,135.90654999999992
2019-02-27 08:45:00,135.93774999999994
2019-02-27 09:00:00,135.93774999999994
2019-02-27 09:15:00,135.93774999999994
2019-02-27 09:30:00,135.93774999999994
2019-02-27 09:45:00,135.96904999999992
2019-02-27 10:00:00,136.00024999999994
2019-02-27 10:15:00,136.03154999999992
2019-02-27 10:30:00,136.06274999999994
2019-02-27 10:45:00,136.03154999999992
2019-02-27 11:00:00,136.09404999999992
2019-02-27 11:15:00,136.06274999999994
2019-02-27 11:30:00,136.06274999999994
2019-02-27 11:45:00,136.06274999999994
2019-02-27 12:00:00,136.00024999999994
2019-02-27 12:15:00,136.03154999999992
2019-02-27 12:30:00,136.03154999999992
2019-02-27 12:45:00,136.09404999999992
2019-02-27 13:00:00,136.09404999999992
2019-02-27 13:15:00,135.87524999999994
2019-02-27 13:30:00,135.75024999999994
2019-02-27 13:45:00,135.59404999999992
2019-02-27 14:00:00,135.43774999999994
2019-02-27 14:15:00,135.43774999999994
2019-02-27 14:30:00,135.21904999999992
2019-02-27 14:45:00,135.21904999999992
2019-02-27 15:00:00,135.15654999999992
2019-02-27 15:15:00,135.06274999999994
2019-02-27 15:30:00,134.96904999999992
2019-02-27 15:45:00,134.93774999999994
2019-02-27 16:00:00,134.93774999999994
2019-02-27 16:15:00,134.93774999999994
2019-02-27 16:30:00,135.00024999999994
2019-02-27 16:45:00,135.00024999999994
2019-02-27 17:00:00,135.03154999999992
2019-02-27 17:15:00,135.00024999999994
2019-02-27 17:30:00,135.00024999999994
2019-02-27 17:45:00,134.96904999999992
2019-02-27 18:00:00,134.96904999999992
2019-02-27 18:15:00,134.96904999999992
2019-02-27 18:30:00,135.00024999999994
2019-02-27 18:45:00,134.96904999999992
2019-02-27 19:00:00,134.93774999999994
2019-02-27 19:15:00,134.87524999999994
2019-02-27 19:30:00,134.75024999999994
2019-02-27 19:45:00,134.75024999999994
2019-02-27 20:00:00,134.71904999999992
2019-02-27 20:15:00,134.75024999999994
2019-02-27 20:30:00,134.78154999999992
2019-02-27 20:45:00,134.81274999999994
2019-02-27 21:00:00,134.81274999999994
2019-02-27 21:15:00,134.84404999999992
2019-02-27 21:30:00,134.84404999999992
2019-02-27 21:45:00,134.81274999999994
2019-02-27 23:00:00,136.00024999999994
2019-02-27 23:15:00,134.93774999999994
2019-02-27 23:30:00,134.93774999999994
2019-02-27 23:45:00,134.93774999999994
2019-02-28 00:00:00,135.00024999999994
2019-02-28 00:15:00,134.96904999999992
2019-02-28 00:30:00,134.96904999999992
2019-02-28 00:45:00,135.06274999999994
2019-02-28 01:00:00,135.06274999999994
2019-02-28 01:15:00,135.03154999999992
2019-02-28 01:30:00,135.03154999999992
2019-02-28 01:45:00,135.00024999999994
2019-02-28 02:00:00,135.00024999999994
2019-02-28 02:15:00,134.96904999999992
2019-02-28 02:30:00,135.00024999999994
2019-02-28 02:45:00,135.00024999999994
2019-02-28 03:00:00,135.00024999999994
2019-02-28 03:15:00,135.00024999999994
2019-02-28 03:30:00,135.03154999999992
2019-02-28 03:45:00,135.06274999999994
2019-02-28 04:00:00,135.06274999999994
2019-02-28 04:15:00,135.06274999999994
2019-02-28 04:30:00,135.06274999999994
2019-02-28 04:45:00,135.06274999999994
2019-02-28 05:15:00,135.09404999999992
2019-02-28 05:30:00,135.09404999999992
2019-02-28 05:45:00,135.12524999999994
2019-02-28 06:15:00,135.15654999999992
2019-02-28 06:30:00,135.15654999999992
2019-02-28 06:45:00,135.15654999999992
2019-02-28 07:00:00,135.06274999999994
2019-02-28 07:15:00,135.21904999999992
2019-02-28 07:30:00,135.18774999999994
2019-02-28 07:45:00,135.18774999999994
2019-02-28 08:00:00,135.21904999999992
2019-02-28 08:15:00,135.21904999999992
2019-02-28 08:30:00,135.09404999999992
2019-02-28 08:45:00,135.06274999999994
2019-02-28 09:00:00,135.03154999999992
2019-02-28 09:15:00,135.06274999999994
2019-02-28 09:30:00,135.09404999999992
2019-02-28 09:45:00,135.03154999999992
2019-02-28 10:00:00,135.09404999999992
2019-02-28 10:15:00,135.09404999999992
2019-02-28 10:30:00,135.06274999999994
2019-02-28 10:45:00,135.09404999999992
2019-02-28 11:00:00,135.06274999999994
2019-02-28 11:15:00,135.09404999999992
2019-02-28 11:30:00,135.06274999999994
2019-02-28 11:45:00,135.03154999999992
2019-02-28 12:00:00,135.15654999999992
2019-02-28 12:15:00,135.12524999999994
2019-02-28 12:30:00,135.15654999999992
2019-02-28 12:45:00,135.15654999999992
2019-02-28 13:00:00,135.18774999999994
2019-02-28 13:15:00,135.06274999999994
2019-02-28 13:30:00,134.56274999999994
2019-02-28 13:45:00,134.50024999999994
2019-02-28 14:00:00,134.71904999999992
2019-02-28 14:15:00,134.78154999999992
2019-02-28 14:30:00,134.62524999999994
2019-02-28 14:45:00,134.56274999999994
2019-02-28 15:00:00,134.56274999999994
2019-02-28 15:15:00,134.40654999999992
2019-02-28 15:30:00,134.40654999999992
2019-02-28 15:45:00,134.25024999999994
2019-02-28 16:00:00,134.43774999999994
2019-02-28 16:15:00,134.18774999999994
2019-02-28 16:30:00,134.18774999999994
2019-02-28 16:45:00,134.28154999999992
2019-02-28 17:00:00,134.28154999999992
2019-02-28 17:15:00,134.31274999999994
2019-02-28 17:30:00,134.31274999999994
2019-02-28 17:45:00,134.40654999999992
2019-02-28 18:00:00,134.40654999999992
2019-02-28 18:15:00,134.37524999999994
2019-02-28 18:30:00,134.28154999999992
2019-02-28 18:45:00,134.25024999999994
2019-02-28 19:00:00,134.21904999999992
2019-02-28 19:15:00,134.25024999999994
2019-02-28 19:30:00,134.34404999999992
2019-02-28 19:45:00,134.34404999999992
2019-02-28 20:00:00,134.21904999999992
2019-02-28 20:15:00,134.15654999999992
2019-02-28 20:30:00,134.28154999999992
2019-02-28 20:45:00,134.37524999999994
2019-02-28 21:00:00,134.34404999999992
2019-02-28 21:15:00,134.31274999999994
2019-02-28 21:30:00,134.37524999999994
2019-02-28 21:45:00,134.34404999999992
2019-02-28 23:00:00,135.12524999999994
2019-02-28 23:15:00,134.37524999999994
2019-02-28 23:30:00,134.37524999999994
2019-02-28 23:45:00,134.34404999999992
2019-03-01 00:00:00,134.25024999999994
2019-03-01 00:15:00,134.28154999999992
2019-03-01 00:30:00,134.31274999999994
2019-03-01 00:45:00,134.37524999999994
2019-03-01 01:00:00,134.37524999999994
2019-03-01 01:15:00,134.40654999999992
2019-03-01 01:30:00,134.40654999999992
2019-03-01 01:45:00,134.31274999999994
2019-03-01 02:00:00,134.34404999999992
2019-03-01 02:15:00,134.34404999999992
2019-03-01 02:30:00,134.34404999999992
2019-03-01 02:45:00,134.37524999999994
2019-03-01 03:00:00,134.34404999999992
2019-03-01 03:15:00,134.34404999999992
2019-03-01 03:30:00,134.34404999999992
2019-03-01 03:45:00,134.34404999999992
2019-03-01 04:00:00,134.37524999999994
2019-03-01 04:15:00,134.37524999999994
2019-03-01 04:30:00,134.37524999999994
2019-03-01 04:45:00,134.37524999999994
2019-03-01 05:15:00,134.34404999999992
2019-03-01 05:30:00,134.34404999999992
2019-03-01 05:45:00,134.31274999999994
2019-03-01 06:15:00,134.34404999999992
2019-03-01 06:30:00,134.31274999999994
2019-03-01 06:45:00,134.31274999999994
2019-03-01 07:00:00,134.28154999999992
2019-03-01 07:15:00,134.25024999999994
2019-03-01 07:30:00,134.25024999999994
2019-03-01 07:45:00,134.18774999999994
2019-03-01 08:00:00,134.21904999999992
2019-03-01 08:15:00,134.28154999999992
2019-03-01 08:30:00,134.25024999999994
2019-03-01 08:45:00,134.18774999999994
2019-03-01 09:00:00,134.12524999999994
2019-03-01 09:15:00,134.09404999999992
2019-03-01 09:30:00,134.06274999999994
2019-03-01 09:45:00,134.09404999999992
2019-03-01 10:00:00,134.09404999999992
2019-03-01 10:15:00,134.09404999999992
2019-03-01 10:30:00,134.12524999999994
2019-03-01 10:45:00,134.09404999999992
2019-03-01 11:00:00,134.15654999999992
2019-03-01 11:15:00,134.15654999999992
2019-03-01 11:30:00,134.12524999999994
2019-03-01 11:45:00,134.12524999999994
2019-03-01 12:00:00,134.09404999999992
2019-03-01 12:15:00,134.06274999999994
2019-03-01 12:30:00,134.00024999999994
2019-03-01 12:45:00,133.93774999999994
2019-03-01 13:00:00,133.90654999999992
2019-03-01 13:15:00,133.93774999999994
2019-03-01 13:30:00,133.90654999999992
2019-03-01 13:45:00,133.96904999999992
2019-03-01 14:00:00,133.87524999999994
2019-03-01 14:15:00,133.87524999999994
2019-03-01 14:30:00,133.84404999999992
2019-03-01 14:45:00,133.78154999999992
2019-03-01 15:00:00,133.90654999999992
2019-03-01 15:15:00,134.03154999999992
2019-03-01 15:30:00,133.81274999999994
2019-03-01 15:45:00,133.87524999999994
2019-03-01 16:00:00,133.81274999999994
2019-03-01 16:15:00,133.78154999999992
2019-03-01 16:30:00,133.84404999999992
2019-03-01 16:45:00,133.96904999999992
2019-03-01 17:00:00,133.84404999999992
2019-03-01 17:15:00,133.84404999999992
2019-03-01 17:30:00,133.84404999999992
2019-03-01 17:45:00,133.78154999999992
2019-03-01 18:00:00,133.75024999999994
2019-03-01 18:15:00,133.78154999999992
2019-03-01 18:30:00,133.71904999999992
2019-03-01 18:45:00,133.78154999999992
2019-03-01 19:00:00,133.71904999999992
2019-03-01 19:15:00,133.62524999999994
2019-03-01 19:30:00,133.68774999999994
2019-03-01 19:45:00,133.68774999999994
2019-03-01 20:00:00,133.59404999999992
2019-03-01 20:15:00,133.56274999999994
2019-03-01 20:30:00,133.46904999999992
2019-03-01 20:45:00,133.46904999999992
2019-03-01 21:00:00,133.43774999999994
2019-03-01 21:15:00,133.50024999999994
2019-03-01 21:30:00,133.62524999999994
2019-03-01 21:45:00,133.68774999999994
2019-03-01 23:00:00,134.31274999999994
2019-03-03 23:00:00,133.40654999999992
2019-03-03 23:15:00,133.43774999999994
2019-03-03 23:30:00,133.43774999999994
2019-03-03 23:45:00,133.50024999999994
2019-03-04 00:00:00,133.50024999999994
2019-03-04 00:15:00,133.46904999999992
2019-03-04 00:30:00,133.53154999999992
2019-03-04 00:45:00,133.53154999999992
2019-03-04 01:00:00,133.56274999999994
2019-03-04 01:15:00,133.56274999999994
2019-03-04 01:30:00,133.53154999999992
2019-03-04 01:45:00,133.53154999999992
2019-03-04 02:00:00,133.53154999999992
2019-03-04 02:15:00,133.53154999999992
2019-03-04 02:30:00,133.50024999999994
2019-03-04 02:45:00,133.46904999999992
2019-03-04 03:00:00,133.46904999999992
2019-03-04 03:15:00,133.50024999999994
2019-03-04 03:30:00,133.50024999999994
2019-03-04 03:45:00,133.46904999999992
2019-03-04 04:00:00,133.46904999999992
2019-03-04 04:15:00,133.46904999999992
2019-03-04 04:30:00,133.50024999999994
2019-03-04 05:15:00,133.50024999999994
2019-03-04 05:30:00,133.53154999999992
2019-03-04 05:45:00,133.53154999999992
2019-03-04 06:15:00,133.53154999999992
2019-03-04 06:30:00,133.53154999999992
2019-03-04 06:45:00,133.50024999999994
2019-03-04 07:00:00,133.53154999999992
2019-03-04 07:15:00,133.56274999999994
2019-03-04 07:30:00,133.56274999999994
2019-03-04 07:45:00,133.59404999999992
2019-03-04 08:00:00,133.59404999999992
2019-03-04 08:15:00,133.56274999999994
2019-03-04 08:30:00,133.62524999999994
2019-03-04 08:45:00,133.68774999999994
2019-03-04 09:00:00,133.68774999999994
2019-03-04 09:15:00,133.65654999999992
2019-03-04 09:30:00,133.62524999999994
2019-03-04 09:45:00,133.65654999999992
2019-03-04 10:00:00,133.71904999999992
2019-03-04 10:15:00,133.71904999999992
2019-03-04 10:30:00,133.71904999999992
2019-03-04 10:45:00,133.75024999999994
2019-03-04 11:00:00,133.75024999999994
2019-03-04 11:15:00,133.78154999999992
2019-03-04 11:30:00,133.78154999999992
2019-03-04 11:45:00,133.78154999999992
2019-03-04 12:00:00,133.78154999999992
2019-03-04 12:15:00,133.81274999999994
2019-03-04 12:30:00,133.75024999999994
2019-03-04 12:45:00,133.71904999999992
2019-03-04 13:00:00,133.75024999999994
2019-03-04 13:15:00,133.90654999999992
2019-03-04 13:30:00,133.90654999999992
2019-03-04 13:45:00,133.84404999999992
2019-03-04 14:00:00,133.87524999999994
2019-03-04 14:15:00,133.87524999999994
2019-03-04 14:30:00,133.71904999999992
2019-03-04 14:45:00,133.71904999999992
2019-03-04 15:00:00,133.81274999999994
2019-03-04 15:15:00,133.78154999999992
2019-03-04 15:30:00,133.81274999999994
2019-03-04 15:45:00,133.96904999999992
2019-03-04 16:00:00,134.03154999999992
2019-03-04 16:15:00,134.15654999999992
2019-03-04 16:30:00,134.21904999999992
2019-03-04 16:45:00,134.15654999999992
2019-03-04 17:00:00,134.21904999999992
2019-03-04 17:15:00,134.15654999999992
2019-03-04 17:30:00,134.21904999999992
2019-03-04 17:45:00,134.18774999999994
2019-03-04 18:00:00,134.18774999999994
2019-03-04 18:15:00,134.06274999999994
2019-03-04 18:30:00,134.15654999999992
2019-03-04 18:45:00,134.15654999999992
2019-03-04 19:00:00,134.21904999999992
2019-03-04 19:15:00,134.12524999999994
2019-03-04 19:30:00,134.18774999999994
2019-03-04 19:45:00,134.28154999999992
2019-03-04 20:00:00,134.31274999999994
2019-03-04 20:15:00,134.31274999999994
2019-03-04 20:30:00,134.31274999999994
2019-03-04 20:45:00,134.18774999999994
2019-03-04 21:00:00,134.18774999999994
2019-03-04 21:15:00,134.21904999999992
2019-03-04 21:30:00,134.18774999999994
2019-03-04 21:45:00,134.21904999999992
2019-03-04 23:00:00,133.53154999999992
2019-03-04 23:15:00,134.21904999999992
2019-03-04 23:30:00,134.18774999999994
2019-03-04 23:45:00,134.18774999999994
2019-03-05 00:00:00,134.18774999999994
2019-03-05 00:15:00,134.15654999999992
2019-03-05 00:30:00,134.12524999999994
2019-03-05 00:45:00,134.18774999999994
2019-03-05 01:00:00,134.18774999999994
2019-03-05 01:15:00,134.18774999999994
2019-03-05 01:30:00,134.18774999999994
2019-03-05 01:45:00,134.25024999999994
2019-03-05 02:00:00,134.21904999999992
2019-03-05 02:15:00,134.21904999999992
2019-03-05 02:30:00,134.18774999999994
2019-03-05 02:45:00,134.18774999999994
2019-03-05 03:00:00,134.21904999999992
2019-03-05 03:15:00,134.21904999999992
2019-03-05 03:30:00,134.21904999999992
2019-03-05 03:45:00,134.21904999999992
2019-03-05 04:00:00,134.25024999999994
2019-03-05 04:15:00,134.25024999999994
2019-03-05 04:30:00,134.25024999999994
2019-03-05 04:45:00,134.21904999999992
2019-03-05 05:15:00,134.25024999999994
2019-03-05 05:30:00,134.21904999999992
2019-03-05 05:45:00,134.18774999999994
2019-03-05 06:15:00,134.21904999999992
2019-03-05 06:30:00,134.21904999999992
2019-03-05 06:45:00,134.18774999999994
2019-03-05 07:00:00,134.12524999999994
2019-03-05 07:15:00,134.15654999999992
2019-03-05 07:30:00,134.15654999999992
2019-03-05 07:45:00,134.12524999999994
2019-03-05 08:00:00,134.09404999999992
2019-03-05 08:15:00,134.12524999999994
2019-03-05 08:30:00,134.09404999999992
2019-03-05 08:45:00,134.00024999999994
2019-03-05 09:00:00,134.03154999999992
2019-03-05 09:15:00,133.96904999999992
2019-03-05 09:30:00,134.03154999999992
2019-03-05 09:45:00,134.03154999999992
2019-03-05 10:00:00,134.00024999999994
2019-03-05 10:15:00,134.03154999999992
2019-03-05 10:30:00,134.03154999999992
2019-03-05 10:45:00,134.03154999999992
2019-03-05 11:00:00,134.03154999999992
2019-03-05 11:15:00,134.00024999999994
2019-03-05 11:30:00,134.00024999999994
2019-03-05 11:45:00,134.03154999999992
2019-03-05 12:00:00,134.00024999999994
2019-03-05 12:15:00,133.90654999999992
2019-03-05 12:30:00,133.87524999999994
2019-03-05 12:45:00,133.96904999999992
2019-03-05 13:00:00,133.87524999999994
2019-03-05 13:15:00,134.03154999999992
2019-03-05 13:30:00,133.87524999999994
2019-03-05 13:45:00,133.87524999999994
2019-03-05 14:00:00,133.84404999999992
2019-03-05 14:15:00,133.87524999999994
2019-03-05 14:30:00,133.96904999999992
2019-03-05 14:45:00,134.12524999999994
2019-03-05 15:00:00,133.84404999999992
2019-03-05 15:15:00,133.93774999999994
2019-03-05 15:30:00,134.03154999999992
2019-03-05 15:45:00,134.00024999999994
2019-03-05 16:00:00,133.90654999999992
2019-03-05 16:15:00,133.93774999999994
2019-03-05 16:30:00,133.90654999999992
2019-03-05 16:45:00,133.93774999999994
2019-03-05 17:00:00,133.93774999999994
2019-03-05 17:15:00,134.03154999999992
2019-03-05 17:30:00,134.03154999999992
2019-03-05 17:45:00,134.03154999999992
2019-03-05 18:00:00,134.03154999999992
2019-03-05 18:15:00,134.06274999999994
2019-03-05 18:30:00,134.12524999999994
2019-03-05 18:45:00,134.09404999999992
2019-03-05 19:00:00,134.12524999999994
2019-03-05 19:15:00,134.15654999999992
2019-03-05 19:30:00,134.15654999999992
2019-03-05 19:45:00,134.28154999999992
2019-03-05 20:00:00,134.31274999999994
2019-03-05 20:15:00,134.34404999999992
2019-03-05 20:30:00,134.31274999999994
2019-03-05 20:45:00,134.37524999999994
2019-03-05 21:00:00,134.31274999999994
2019-03-05 21:15:00,134.31274999999994
2019-03-05 21:30:00,134.31274999999994
2019-03-05 21:45:00,134.31274999999994
2019-03-05 23:00:00,134.21904999999992
2019-03-05 23:15:00,134.31274999999994
2019-03-05 23:30:00,134.28154999999992
2019-03-05 23:45:00,134.31274999999994
2019-03-06 00:00:00,134.37524999999994
2019-03-06 00:15:00,134.31274999999994
2019-03-06 00:30:00,134.34404999999992
2019-03-06 00:45:00,134.37524999999994
2019-03-06 01:00:00,134.37524999999994
2019-03-06 01:15:00,134.40654999999992
2019-03-06 01:30:00,134.40654999999992
2019-03-06 01:45:00,134.37524999999994
2019-03-06 02:00:00,134.37524999999994
2019-03-06 02:15:00,134.34404999999992
2019-03-06 02:30:00,134.37524999999994
2019-03-06 02:45:00,134.43774999999994
2019-03-06 03:00:00,134.46904999999992
2019-03-06 03:15:00,134.43774999999994
2019-03-06 03:30:00,134.43774999999994
2019-03-06 03:45:00,134.50024999999994
2019-03-06 04:00:00,134.53154999999992
2019-03-06 04:15:00,134.50024999999994
2019-03-06 04:30:00,134.50024999999994
2019-03-06 04:45:00,134.50024999999994
2019-03-06 05:15:00,134.50024999999994
2019-03-06 05:30:00,134.50024999999994
2019-03-06 05:45:00,134.53154999999992
2019-03-06 06:15:00,134.56274999999994
2019-03-06 06:30:00,134.56274999999994
2019-03-06 06:45:00,134.50024999999994
2019-03-06 07:00:00,134.59404999999992
2019-03-06 07:15:00,134.53154999999992
2019-03-06 07:30:00,134.50024999999994
2019-03-06 07:45:00,134.46904999999992
2019-03-06 08:00:00,134.46904999999992
2019-03-06 08:15:00,134.43774999999994
2019-03-06 08:30:00,134.43774999999994
2019-03-06 08:45:00,134.40654999999992
2019-03-06 09:00:00,134.43774999999994
2019-03-06 09:15:00,134.40654999999992
2019-03-06 09:30:00,134.43774999999994
2019-03-06 09:45:00,134.43774999999994
2019-03-06 10:00:00,134.40654999999992
2019-03-06 10:15:00,134.37524999999994
2019-03-06 10:30:00,134.40654999999992
2019-03-06 10:45:00,134.31274999999994
2019-03-06 11:00:00,134.37524999999994
2019-03-06 11:15:00,134.37524999999994
2019-03-06 11:30:00,134.31274999999994
2019-03-06 11:45:00,134.31274999999994
2019-03-06 12:00:00,134.40654999999992
2019-03-06 12:15:00,134.50024999999994
2019-03-06 12:30:00,134.59404999999992
2019-03-06 12:45:00,134.53154999999992
2019-03-06 13:00:00,134.46904999999992
2019-03-06 13:15:00,134.37524999999994
2019-03-06 13:30:00,134.46904999999992
2019-03-06 13:45:00,134.43774999999994
2019-03-06 14:00:00,134.37524999999994
2019-03-06 14:15:00,134.40654999999992
2019-03-06 14:30:00,134.53154999999992
2019-03-06 14:45:00,134.59404999999992
2019-03-06 15:00:00,134.53154999999992
2019-03-06 15:15:00,134.65654999999992
2019-03-06 15:30:00,134.62524999999994
2019-03-06 15:45:00,134.75024999999994
2019-03-06 16:00:00,134.75024999999994
2019-03-06 16:15:00,134.81274999999994
2019-03-06 16:30:00,134.81274999999994
2019-03-06 16:45:00,134.84404999999992
2019-03-06 17:00:00,134.81274999999994
2019-03-06 17:15:00,134.90654999999992
2019-03-06 17:30:00,134.90654999999992
2019-03-06 17:45:00,135.00024999999994
2019-03-06 18:00:00,134.90654999999992
2019-03-06 18:15:00,134.87524999999994
2019-03-06 18:30:00,134.84404999999992
2019-03-06 18:45:00,134.71904999999992
2019-03-06 19:00:00,134.71904999999992
2019-03-06 19:15:00,134.68774999999994
2019-03-06 19:30:00,134.75024999999994
2019-03-06 19:45:00,134.75024999999994
2019-03-06 20:00:00,134.78154999999992
2019-03-06 20:15:00,134.84404999999992
2019-03-06 20:30:00,134.84404999999992
2019-03-06 20:45:00,134.84404999999992
2019-03-06 21:00:00,134.71904999999992
2019-03-06 21:15:00,134.68774999999994
2019-03-06 21:30:00,134.68774999999994
2019-03-06 21:45:00,134.65654999999992
2019-03-06 23:00:00,134.56274999999994
2019-03-06 23:15:00,134.71904999999992
2019-03-06 23:30:00,134.71904999999992
2019-03-06 23:45:00,134.78154999999992
2019-03-07 00:00:00,134.75024999999994
2019-03-07 00:15:00,134.78154999999992
2019-03-07 00:30:00,134.78154999999992
2019-03-07 00:45:00,134.81274999999994
2019-03-07 01:00:00,134.78154999999992
2019-03-07 01:15:00,134.78154999999992
2019-03-07 01:30:00,134.81274999999994
2019-03-07 01:45:00,134.81274999999994
2019-03-07 02:00:00,134.75024999999994
2019-03-07 02:15:00,134.78154999999992
2019-03-07 02:30:00,134.78154999999992
2019-03-07 02:45:00,134.78154999999992
2019-03-07 03:00:00,134.78154999999992
2019-03-07 03:15:00,134.75024999999994
2019-03-07 03:30:00,134.75024999999994
2019-03-07 03:45:00,134.75024999999994
2019-03-07 04:00:00,134.75024999999994
2019-03-07 04:15:00,134.78154999999992
2019-03-07 04:30:00,134.75024999999994
2019-03-07 04:45:00,134.75024999999994
2019-03-07 05:15:00,134.78154999999992
2019-03-07 05:30:00,134.75024999999994
2019-03-07 05:45:00,134.75024999999994
2019-03-07 06:15:00,134.71904999999992
2019-03-07 06:30:00,134.71904999999992
2019-03-07 06:45:00,134.75024999999994
2019-03-07 07:00:00,134.81274999999994
2019-03-07 07:15:00,134.84404999999992
2019-03-07 07:30:00,134.84404999999992
2019-03-07 07:45:00,134.78154999999992
2019-03-07 08:00:00,134.71904999999992
2019-03-07 08:15:00,134.81274999999994
2019-03-07 08:30:00,134.81274999999994
2019-03-07 08:45:00,134.81274999999994
2019-03-07 09:00:00,134.75024999999994
2019-03-07 09:15:00,134.78154999999992
2019-03-07 09:30:00,134.78154999999992
2019-03-07 09:45:00,134.78154999999992
2019-03-07 10:00:00,134.75024999999994
2019-03-07 10:15:00,134.81274999999994
2019-03-07 10:30:00,134.81274999999994
2019-03-07 10:45:00,134.78154999999992
2019-03-07 11:00:00,134.81274999999994
2019-03-07 11:15:00,134.81274999999994
2019-03-07 11:30:00,134.87524999999994
2019-03-07 11:45:00,134.87524999999994
2019-03-07 12:00:00,134.84404999999992
2019-03-07 12:15:00,134.87524999999994
2019-03-07 12:30:00,134.96904999999992
2019-03-07 12:45:00,134.90654999999992
2019-03-07 13:00:00,134.96904999999992
2019-03-07 13:15:00,135.03154999999992
2019-03-07 13:30:00,135.21904999999992
2019-03-07 13:45:00,135.12524999999994
2019-03-07 14:00:00,135.25024999999994
2019-03-07 14:15:00,135.18774999999994
2019-03-07 14:30:00,135.37524999999994
2019-03-07 14:45:00,135.43774999999994
2019-03-07 15:00:00,135.46904999999992
2019-03-07 15:15:00,135.50024999999994
2019-03-07 15:30:00,135.59404999999992
2019-03-07 15:45:00,135.56274999999994
2019-03-07 16:00:00,135.59404999999992
2019-03-07 16:15:00,135.43774999999994
2019-03-07 16:30:00,135.46904999999992
2019-03-07 16:45:00,135.56274999999994
2019-03-07 17:00:00,135.59404999999992
2019-03-07 17:15:00,135.53154999999992
2019-03-07 17:30:00,135.53154999999992
2019-03-07 17:45:00,135.46904999999992
2019-03-07 18:00:00,135.46904999999992
2019-03-07 18:15:00,135.50024999999994
2019-03-07 18:30:00,135.56274999999994
2019-03-07 18:45:00,135.59404999999992
2019-03-07 19:00:00,135.68774999999994
2019-03-07 19:15:00,135.62524999999994
2019-03-07 19:30:00,135.59404999999992
2019-03-07 19:45:00,135.65654999999992
2019-03-07 20:00:00,135.56274999999994
2019-03-07 20:15:00,135.59404999999992
2019-03-07 20:30:00,135.53154999999992
2019-03-07 20:45:00,135.50024999999994
2019-03-07 21:00:00,135.59404999999992
2019-03-07 21:15:00,135.56274999999994
2019-03-07 21:30:00,135.59404999999992
2019-03-07 21:45:00,135.59404999999992
2019-03-07 23:00:00,134.75024999999994
2019-03-07 23:15:00,135.59404999999992
2019-03-07 23:30:00,135.56274999999994
2019-03-07 23:45:00,135.53154999999992
2019-03-08 00:00:00,135.56274999999994
2019-03-08 00:15:00,135.53154999999992
2019-03-08 00:30:00,135.50024999999994
2019-03-08 00:45:00,135.59404999999992
2019-03-08 01:00:00,135.65654999999992
2019-03-08 01:15:00,135.62524999999994
2019-03-08 01:30:00,135.62524999999994
2019-03-08 01:45:00,135.59404999999992
2019-03-08 02:00:00,135.59404999999992
2019-03-08 02:15:00,135.56274999999994
2019-03-08 02:30:00,135.53154999999992
2019-03-08 02:45:00,135.53154999999992
2019-03-08 03:00:00,135.56274999999994
2019-03-08 03:15:00,135.59404999999992
2019-03-08 03:30:00,135.62524999999994
2019-03-08 03:45:00,135.59404999999992
2019-03-08 04:00:00,135.59404999999992
2019-03-08 04:15:00,135.62524999999994
2019-03-08 04:30:00,135.62524999999994
2019-03-08 04:45:00,135.62524999999994
2019-03-08 05:15:00,135.62524999999994
2019-03-08 05:30:00,135.68774999999994
2019-03-08 05:45:00,135.68774999999994
2019-03-08 06:15:00,135.71904999999992
2019-03-08 06:30:00,135.71904999999992
2019-03-08 06:45:00,135.75024999999994
2019-03-08 07:00:00,135.78154999999992
2019-03-08 07:15:00,135.75024999999994
2019-03-08 07:30:00,135.81274999999994
2019-03-08 07:45:00,135.71904999999992
2019-03-08 08:00:00,135.62524999999994
2019-03-08 08:15:00,135.59404999999992
2019-03-08 08:30:00,135.62524999999994
2019-03-08 08:45:00,135.71904999999992
2019-03-08 09:00:00,135.71904999999992
2019-03-08 09:15:00,135.75024999999994
2019-03-08 09:30:00,135.68774999999994
2019-03-08 09:45:00,135.68774999999994
2019-03-08 10:00:00,135.68774999999994
2019-03-08 10:15:00,135.68774999999994
2019-03-08 10:30:00,135.62524999999994
2019-03-08 10:45:00,135.59404999999992
2019-03-08 11:00:00,135.62524999999994
2019-03-08 11:15:00,135.62524999999994
2019-03-08 11:30:00,135.59404999999992
2019-03-08 11:45:00,135.62524999999994
2019-03-08 12:00:00,135.65654999999992
2019-03-08 12:15:00,135.65654999999992
2019-03-08 12:30:00,135.62524999999994
2019-03-08 12:45:00,135.65654999999992
2019-03-08 13:00:00,135.68774999999994
2019-03-08 13:15:00,135.75024999999994
2019-03-08 13:30:00,135.90654999999992
2019-03-08 13:45:00,135.65654999999992
2019-03-08 14:00:00,135.75024999999994
2019-03-08 14:15:00,135.56274999999994
2019-03-08 14:30:00,135.50024999999994
2019-03-08 14:45:00,135.40654999999992
2019-03-08 15:00:00,135.53154999999992
2019-03-08 15:15:00,135.46904999999992
2019-03-08 15:30:00,135.46904999999992
2019-03-08 15:45:00,135.53154999999992
2019-03-08 16:00:00,135.46904999999992
2019-03-08 16:15:00,135.46904999999992
2019-03-08 16:30:00,135.53154999999992
2019-03-08 16:45:00,135.62524999999994
2019-03-08 17:00:00,135.62524999999994
2019-03-08 17:15:00,135.68774999999994
2019-03-08 17:30:00,135.75024999999994
2019-03-08 17:45:00,135.81274999999994
2019-03-08 18:00:00,135.87524999999994
2019-03-08 18:15:00,135.84404999999992
2019-03-08 18:30:00,135.78154999999992
2019-03-08 18:45:00,135.84404999999992
2019-03-08 19:00:00,135.84404999999992
2019-03-08 19:15:00,135.81274999999994
2019-03-08 19:30:00,135.81274999999994
2019-03-08 19:45:00,135.81274999999994
2019-03-08 20:00:00,135.87524999999994
2019-03-08 20:15:00,135.93774999999994
2019-03-08 20:30:00,135.87524999999994
2019-03-08 20:45:00,135.81274999999994
2019-03-08 21:00:00,135.75024999999994
2019-03-08 21:15:00,135.78154999999992
2019-03-08 21:30:00,135.78154999999992
2019-03-08 21:45:00,135.78154999999992
2019-03-08 23:00:00,135.71904999999992
2019-03-10 23:00:00,135.78154999999992
2019-03-10 23:15:00,135.81274999999994
2019-03-10 23:30:00,135.84404999999992
2019-03-10 23:45:00,135.84404999999992
2019-03-11 00:00:00,135.78154999999992
2019-03-11 00:15:00,135.78154999999992
2019-03-11 00:30:00,135.75024999999994
2019-03-11 00:45:00,135.78154999999992
2019-03-11 01:00:00,135.78154999999992
2019-03-11 01:15:00,135.81274999999994
2019-03-11 01:30:00,135.84404999999992
2019-03-11 01:45:00,135.87524999999994
2019-03-11 02:00:00,135.81274999999994
2019-03-11 02:15:00,135.71904999999992
2019-03-11 02:30:00,135.65654999999992
2019-03-11 02:45:00,135.65654999999992
2019-03-11 03:00:00,135.65654999999992
2019-03-11 03:15:00,135.65654999999992
2019-03-11 03:30:00,135.65654999999992
2019-03-11 03:45:00,135.68774999999994
2019-03-11 04:00:00,135.62524999999994
2019-03-11 04:15:00,135.62524999999994
2019-03-11 04:30:00,135.59404999999992
2019-03-11 04:45:00,135.59404999999992
2019-03-11 05:15:00,135.53154999999992
2019-03-11 05:30:00,135.53154999999992
2019-03-11 05:45:00,135.50024999999994
2019-03-11 06:15:00,135.53154999999992
2019-03-11 06:30:00,135.53154999999992
2019-03-11 06:45:00,135.59404999999992
2019-03-11 07:00:00,135.59404999999992
2019-03-11 07:15:00,135.59404999999992
2019-03-11 07:30:00,135.59404999999992
2019-03-11 07:45:00,135.56274999999994
2019-03-11 08:00:00,135.53154999999992
2019-03-11 08:15:00,135.59404999999992
2019-03-11 08:30:00,135.53154999999992
2019-03-11 08:45:00,135.46904999999992
2019-03-11 09:00:00,135.34404999999992
2019-03-11 09:15:00,135.34404999999992
2019-03-11 09:30:00,135.34404999999992
2019-03-11 09:45:00,135.43774999999994
2019-03-11 10:00:00,135.43774999999994
2019-03-11 10:15:00,135.46904999999992
2019-03-11 10:30:00,135.53154999999992
2019-03-11 10:45:00,135.46904999999992
2019-03-11 11:00:00,135.50024999999994
2019-03-11 11:15:00,135.50024999999994
2019-03-11 11:30:00,135.37524999999994
2019-03-11 11:45:00,135.34404999999992
2019-03-11 12:00:00,135.40654999999992
2019-03-11 12:15:00,135.34404999999992
2019-03-11 12:30:00,135.43774999999994
2019-03-11 12:45:00,135.43774999999994
2019-03-11 13:00:00,135.43774999999994
2019-03-11 13:15:00,135.62524999999994
2019-03-11 13:30:00,135.43774999999994
2019-03-11 13:45:00,135.59404999999992
2019-03-11 14:00:00,135.65654999999992
2019-03-11 14:15:00,135.78154999999992
2019-03-11 14:30:00,135.68774999999994
2019-03-11 14:45:00,135.68774999999994
2019-03-11 15:00:00,135.78154999999992
2019-03-11 15:15:00,135.62524999999994
2019-03-11 15:30:00,135.65654999999992
2019-03-11 15:45:00,135.59404999999992
2019-03-11 16:00:00,135.62524999999994
2019-03-11 16:15:00,135.62524999999994
2019-03-11 16:30:00,135.62524999999994
2019-03-11 16:45:00,135.56274999999994
2019-03-11 17:00:00,135.50024999999994
2019-03-11 17:15:00,135.50024999999994
2019-03-11 17:30:00,135.43774999999994
2019-03-11 17:45:00,135.43774999999994
2019-03-11 18:00:00,135.46904999999992
2019-03-11 18:15:00,135.46904999999992
2019-03-11 18:30:00,135.50024999999994
2019-03-11 18:45:00,135.56274999999994
2019-03-11 19:00:00,135.62524999999994
2019-03-11 19:15:00,135.56274999999994
2019-03-11 19:30:00,135.59404999999992
2019-03-11 19:45:00,135.53154999999992
2019-03-11 20:00:00,135.50024999999994
2019-03-11 20:15:00,135.53154999999992
2019-03-11 20:30:00,135.56274999999994
2019-03-11 20:45:00,135.56274999999994
2019-03-11 21:00:00,135.59404999999992
2019-03-11 21:15:00,135.59404999999992
2019-03-11 21:30:00,135.56274999999994
2019-03-11 21:45:00,135.56274999999994
2019-03-11 23:00:00,135.56274999999994
2019-03-11 23:15:00,135.34404999999992
2019-03-11 23:30:00,135.40654999999992
2019-03-11 23:45:00,135.21904999999992
2019-03-12 00:00:00,135.25024999999994
2019-03-12 00:15:00,135.28154999999992
2019-03-12 00:30:00,135.28154999999992
2019-03-12 00:45:00,135.28154999999992
2019-03-12 01:00:00,135.34404999999992
2019-03-12 01:15:00,135.34404999999992
2019-03-12 01:30:00,135.34404999999992
2019-03-12 01:45:00,135.28154999999992
2019-03-12 02:00:00,135.28154999999992
2019-03-12 02:15:00,135.28154999999992
2019-03-12 02:30:00,135.25024999999994
2019-03-12 02:45:00,135.18774999999994
2019-03-12 03:00:00,135.18774999999994
2019-03-12 03:15:00,135.21904999999992
2019-03-12 03:30:00,135.21904999999992
2019-03-12 03:45:00,135.21904999999992
2019-03-12 04:00:00,135.21904999999992
2019-03-12 04:15:00,135.28154999999992
2019-03-12 04:30:00,135.28154999999992
2019-03-12 04:45:00,135.25024999999994
2019-03-12 05:15:00,135.25024999999994
2019-03-12 05:30:00,135.28154999999992
2019-03-12 05:45:00,135.28154999999992
2019-03-12 06:15:00,135.31274999999994
2019-03-12 06:30:00,135.28154999999992
2019-03-12 06:45:00,135.28154999999992
2019-03-12 07:00:00,135.31274999999994
2019-03-12 07:15:00,135.34404999999992
2019-03-12 07:30:00,135.31274999999994
2019-03-12 07:45:00,135.31274999999994
2019-03-12 08:00:00,135.31274999999994
2019-03-12 08:15:00,135.31274999999994
2019-03-12 08:30:00,135.18774999999994
2019-03-12 08:45:00,135.09404999999992
2019-03-12 09:00:00,135.18774999999994
2019-03-12 09:15:00,135.15654999999992
2019-03-12 09:30:00,135.15654999999992
2019-03-12 09:45:00,135.09404999999992
2019-03-12 10:00:00,135.00024999999994
2019-03-12 10:15:00,134.96904999999992
2019-03-12 10:30:00,135.09404999999992
2019-03-12 10:45:00,135.09404999999992
2019-03-12 11:00:00,135.15654999999992
2019-03-12 11:15:00,135.25024999999994
2019-03-12 11:30:00,135.28154999999992
2019-03-12 11:45:00,135.28154999999992
2019-03-12 12:00:00,135.40654999999992
2019-03-12 12:15:00,135.46904999999992
2019-03-12 12:30:00,135.46904999999992
2019-03-12 12:45:00,135.43774999999994
2019-03-12 13:00:00,135.43774999999994
2019-03-12 13:15:00,135.40654999999992
2019-03-12 13:30:00,135.65654999999992
2019-03-12 13:45:00,135.68774999999994
2019-03-12 14:00:00,135.78154999999992
2019-03-12 14:15:00,135.71904999999992
2019-03-12 14:30:00,135.75024999999994
2019-03-12 14:45:00,135.71904999999992
2019-03-12 15:00:00,135.87524999999994
2019-03-12 15:15:00,135.78154999999992
2019-03-12 15:30:00,135.84404999999992
2019-03-12 15:45:00,135.87524999999994
2019-03-12 16:00:00,135.87524999999994
2019-03-12 16:15:00,135.90654999999992
2019-03-12 16:30:00,135.87524999999994
2019-03-12 16:45:00,135.81274999999994
2019-03-12 17:00:00,135.81274999999994
2019-03-12 17:15:00,135.87524999999994
2019-03-12 17:30:00,135.87524999999994
2019-03-12 17:45:00,135.90654999999992
2019-03-12 18:00:00,136.21904999999992
2019-03-12 18:15:00,136.21904999999992
2019-03-12 18:30:00,136.21904999999992
2019-03-12 18:45:00,136.25024999999994
2019-03-12 19:00:00,136.37524999999994
2019-03-12 19:15:00,136.40654999999992
2019-03-12 19:30:00,136.28154999999992
2019-03-12 19:45:00,136.25024999999994
2019-03-12 20:00:00,136.31274999999994
2019-03-12 20:15:00,136.18774999999994
2019-03-12 20:30:00,136.18774999999994
2019-03-12 20:45:00,136.25024999999994
2019-03-12 21:00:00,136.37524999999994
2019-03-12 21:15:00,136.31274999999994
2019-03-12 21:30:00,136.28154999999992
2019-03-12 21:45:00,136.25024999999994
2019-03-12 23:00:00,135.31274999999994
2019-03-12 23:15:00,136.21904999999992
2019-03-12 23:30:00,136.18774999999994
2019-03-12 23:45:00,136.18774999999994
2019-03-13 00:00:00,136.21904999999992
2019-03-13 00:15:00,136.21904999999992
2019-03-13 00:30:00,136.28154999999992
2019-03-13 00:45:00,136.21904999999992
2019-03-13 01:00:00,136.18774999999994
2019-03-13 01:15:00,136.18774999999994
2019-03-13 01:30:00,136.21904999999992
2019-03-13 01:45:00,136.18774999999994
2019-03-13 02:00:00,136.18774999999994
2019-03-13 02:15:00,136.15654999999992
2019-03-13 02:30:00,136.15654999999992
2019-03-13 02:45:00,136.18774999999994
2019-03-13 03:00:00,136.15654999999992
2019-03-13 03:15:00,136.15654999999992
2019-03-13 03:30:00,136.15654999999992
2019-03-13 03:45:00,136.12524999999994
2019-03-13 04:00:00,136.15654999999992
2019-03-13 04:15:00,136.15654999999992
2019-03-13 04:30:00,136.15654999999992
2019-03-13 04:45:00,136.09404999999992
2019-03-13 05:15:00,136.03154999999992
2019-03-13 05:30:00,136.09404999999992
2019-03-13 05:45:00,136.06274999999994
2019-03-13 06:15:00,136.09404999999992
2019-03-13 06:30:00,136.09404999999992
2019-03-13 06:45:00,136.06274999999994
2019-03-13 07:00:00,136.12524999999994
2019-03-13 07:15:00,136.09404999999992
2019-03-13 07:30:00,136.15654999999992
2019-03-13 07:45:00,136.15654999999992
2019-03-13 08:00:00,136.12524999999994
2019-03-13 08:15:00,136.18774999999994
2019-03-13 08:30:00,136.09404999999992
2019-03-13 08:45:00,136.06274999999994
2019-03-13 09:00:00,135.96904999999992
2019-03-13 09:15:00,136.06274999999994
2019-03-13 09:30:00,136.03154999999992
2019-03-13 09:45:00,136.00024999999994
2019-03-13 10:00:00,136.00024999999994
2019-03-13 10:15:00,136.03154999999992
2019-03-13 10:30:00,136.03154999999992
2019-03-13 10:45:00,136.00024999999994
2019-03-13 11:00:00,135.93774999999994
2019-03-13 11:15:00,135.93774999999994
2019-03-13 11:30:00,135.90654999999992
2019-03-13 11:45:00,135.93774999999994
2019-03-13 12:00:00,135.93774999999994
2019-03-13 12:15:00,135.87524999999994
2019-03-13 12:30:00,135.87524999999994
2019-03-13 12:45:00,135.87524999999994
2019-03-13 13:00:00,135.84404999999992
2019-03-13 13:15:00,135.90654999999992
2019-03-13 13:30:00,135.75024999999994
2019-03-13 13:45:00,135.78154999999992
2019-03-13 14:00:00,135.81274999999994
2019-03-13 14:15:00,135.87524999999994
2019-03-13 14:30:00,135.93774999999994
2019-03-13 14:45:00,135.90654999999992
2019-03-13 15:00:00,135.90654999999992
2019-03-13 15:15:00,136.00024999999994
2019-03-13 15:30:00,136.03154999999992
2019-03-13 15:45:00,136.00024999999994
2019-03-13 16:00:00,135.96904999999992
2019-03-13 16:15:00,135.93774999999994
2019-03-13 16:30:00,135.96904999999992
2019-03-13 16:45:00,135.96904999999992
2019-03-13 17:00:00,135.96904999999992
2019-03-13 17:15:00,135.96904999999992
2019-03-13 17:30:00,136.03154999999992
2019-03-13 17:45:00,135.96904999999992
2019-03-13 18:00:00,135.96904999999992
2019-03-13 18:15:00,135.96904999999992
2019-03-13 18:30:00,136.06274999999994
2019-03-13 18:45:00,136.00024999999994
2019-03-13 19:00:00,136.00024999999994
2019-03-13 19:15:00,136.03154999999992
2019-03-13 19:30:00,135.96904999999992
2019-03-13 19:45:00,136.00024999999994
2019-03-13 20:00:00,136.06274999999994
2019-03-13 20:15:00,136.00024999999994
2019-03-13 20:30:00,136.00024999999994
2019-03-13 20:45:00,136.03154999999992
2019-03-13 21:00:00,136.00024999999994
2019-03-13 21:15:00,135.90654999999992
2019-03-13 21:30:00,135.81274999999994
2019-03-13 21:45:00,135.81274999999994
2019-03-13 23:00:00,136.09404999999992
2019-03-13 23:15:00,135.78154999999992
2019-03-13 23:30:00,135.81274999999994
2019-03-13 23:45:00,135.81274999999994
2019-03-14 00:00:00,135.84404999999992
2019-03-14 00:15:00,135.87524999999994
2019-03-14 00:30:00,135.87524999999994
2019-03-14 00:45:00,135.87524999999994
2019-03-14 01:00:00,135.87524999999994
2019-03-14 01:15:00,135.87524999999994
2019-03-14 01:30:00,135.87524999999994
2019-03-14 01:45:00,135.87524999999994
2019-03-14 02:00:00,135.84404999999992
2019-03-14 02:15:00,135.84404999999992
2019-03-14 02:30:00,135.78154999999992
2019-03-14 02:45:00,135.78154999999992
2019-03-14 03:00:00,135.75024999999994
2019-03-14 03:15:00,135.75024999999994
2019-03-14 03:30:00,135.78154999999992
2019-03-14 03:45:00,135.78154999999992
2019-03-14 04:00:00,135.75024999999994
2019-03-14 04:15:00,135.71904999999992
2019-03-14 04:30:00,135.75024999999994
2019-03-14 04:45:00,135.75024999999994
2019-03-14 05:15:00,135.75024999999994
2019-03-14 05:30:00,135.75024999999994
2019-03-14 05:45:00,135.75024999999994
2019-03-14 06:15:00,135.75024999999994
2019-03-14 06:30:00,135.71904999999992
2019-03-14 06:45:00,135.71904999999992
2019-03-14 07:00:00,135.75024999999994
2019-03-14 07:15:00,135.75024999999994
2019-03-14 07:30:00,135.71904999999992
2019-03-14 07:45:00,135.75024999999994
2019-03-14 08:00:00,135.71904999999992
2019-03-14 08:15:00,135.71904999999992
2019-03-14 08:30:00,135.65654999999992
2019-03-14 08:45:00,135.71904999999992
2019-03-14 09:00:00,135.56274999999994
2019-03-14 09:15:00,135.56274999999994
2019-03-14 09:30:00,135.56274999999994
2019-03-14 09:45:00,135.56274999999994
2019-03-14 10:00:00,135.62524999999994
2019-03-14 10:15:00,135.59404999999992
2019-03-14 10:30:00,135.62524999999994
2019-03-14 10:45:00,135.62524999999994
2019-03-14 11:00:00,135.71904999999992
2019-03-14 11:15:00,135.75024999999994
2019-03-14 11:30:00,135.71904999999992
2019-03-14 11:45:00,135.71904999999992
2019-03-14 12:00:00,135.65654999999992
2019-03-14 12:15:00,135.68774999999994
2019-03-14 12:30:00,135.71904999999992
2019-03-14 12:45:00,135.78154999999992
2019-03-14 13:00:00,135.81274999999994
2019-03-14 13:15:00,135.84404999999992
2019-03-14 13:30:00,135.90654999999992
2019-03-14 13:45:00,135.81274999999994
2019-03-14 14:00:00,135.84404999999992
2019-03-14 14:15:00,135.87524999999994
2019-03-14 14:30:00,135.81274999999994
2019-03-14 14:45:00,135.65654999999992
2019-03-14 15:00:00,135.84404999999992
2019-03-14 15:15:00,135.78154999999992
2019-03-14 15:30:00,135.75024999999994
2019-03-14 15:45:00,135.71904999999992
2019-03-14 16:00:00,135.62524999999994
2019-03-14 16:15:00,135.53154999999992
2019-03-14 16:30:00,135.56274999999994
2019-03-14 16:45:00,135.50024999999994
2019-03-14 17:00:00,135.28154999999992
2019-03-14 17:15:00,135.37524999999994
2019-03-14 17:30:00,135.34404999999992
2019-03-14 17:45:00,135.43774999999994
2019-03-14 18:00:00,135.43774999999994
2019-03-14 18:15:00,135.43774999999994
2019-03-14 18:30:00,135.43774999999994
2019-03-14 18:45:00,135.50024999999994
2019-03-14 19:00:00,135.59404999999992
2019-03-14 19:15:00,135.37524999999994
2019-03-14 19:30:00,135.40654999999992
2019-03-14 19:45:00,135.37524999999994
2019-03-14 20:00:00,135.34404999999992
2019-03-14 20:15:00,135.40654999999992
2019-03-14 20:30:00,135.40654999999992
2019-03-14 20:45:00,135.40654999999992
2019-03-14 21:00:00,135.43774999999994
2019-03-14 21:15:00,135.43774999999994
2019-03-14 21:30:00,135.40654999999992
2019-03-14 21:45:00,135.40654999999992
2019-03-14 23:00:00,135.75024999999994
2019-03-14 23:15:00,135.43774999999994
2019-03-14 23:30:00,135.40654999999992
2019-03-14 23:45:00,135.46904999999992
2019-03-15 00:00:00,135.43774999999994
2019-03-15 00:15:00,135.50024999999994
2019-03-15 00:30:00,135.56274999999994
2019-03-15 00:45:00,135.50024999999994
2019-03-15 01:00:00,135.40654999999992
2019-03-15 01:15:00,135.40654999999992
2019-03-15 01:30:00,135.40654999999992
2019-03-15 01:45:00,135.37524999999994
2019-03-15 02:00:00,135.43774999999994
2019-03-15 02:15:00,135.40654999999992
2019-03-15 02:30:00,135.40654999999992
2019-03-15 02:45:00,135.43774999999994
2019-03-15 03:00:00,135.40654999999992
2019-03-15 03:15:00,135.40654999999992
2019-03-15 03:30:00,135.43774999999994
2019-03-15 03:45:00,135.43774999999994
2019-03-15 04:00:00,135.56274999999994
2019-03-15 04:15:00,135.56274999999994
2019-03-15 04:30:00,135.59404999999992
2019-03-15 04:45:00,135.56274999999994
2019-03-15 05:15:00,135.59404999999992
2019-03-15 05:30:00,135.56274999999994
2019-03-15 05:45:00,135.56274999999994
2019-03-15 06:15:00,135.56274999999994
2019-03-15 06:30:00,135.56274999999994
2019-03-15 06:45:00,135.56274999999994
2019-03-15 07:00:00,135.59404999999992
2019-03-15 07:15:00,135.59404999999992
2019-03-15 07:30:00,135.59404999999992
2019-03-15 07:45:00,135.59404999999992
2019-03-15 08:00:00,135.56274999999994
2019-03-15 08:15:00,135.62524999999994
2019-03-15 08:30:00,135.68774999999994
2019-03-15 08:45:00,135.65654999999992
2019-03-15 09:00:00,135.62524999999994
2019-03-15 09:15:00,135.56274999999994
2019-03-15 09:30:00,135.53154999999992
2019-03-15 09:45:00,135.53154999999992
2019-03-15 10:00:00,135.56274999999994
2019-03-15 10:15:00,135.53154999999992
2019-03-15 10:30:00,135.56274999999994
2019-03-15 10:45:00,135.59404999999992
2019-03-15 11:00:00,135.50024999999994
2019-03-15 11:15:00,135.46904999999992
2019-03-15 11:30:00,135.46904999999992
2019-03-15 11:45:00,135.40654999999992
2019-03-15 12:00:00,135.40654999999992
2019-03-15 12:15:00,135.43774999999994
2019-03-15 12:30:00,135.50024999999994
2019-03-15 12:45:00,135.59404999999992
2019-03-15 13:00:00,135.59404999999992
2019-03-15 13:15:00,135.65654999999992
2019-03-15 13:30:00,135.75024999999994
2019-03-15 13:45:00,135.84404999999992
2019-03-15 14:00:00,136.06274999999994
2019-03-15 14:15:00,136.09404999999992
2019-03-15 14:30:00,136.21904999999992
2019-03-15 14:45:00,136.21904999999992
2019-03-15 15:00:00,136.21904999999992
2019-03-15 15:15:00,136.21904999999992
2019-03-15 15:30:00,136.18774999999994
2019-03-15 15:45:00,136.06274999999994
2019-03-15 16:00:00,135.96904999999992
2019-03-15 16:15:00,135.96904999999992
2019-03-15 16:30:00,135.93774999999994
2019-03-15 16:45:00,135.96904999999992
2019-03-15 17:00:00,135.87524999999994
2019-03-15 17:15:00,135.84404999999992
2019-03-15 17:30:00,135.84404999999992
2019-03-15 17:45:00,135.93774999999994
2019-03-15 18:00:00,135.96904999999992
2019-03-15 18:15:00,136.03154999999992
2019-03-15 18:30:00,135.90654999999992
2019-03-15 18:45:00,135.90654999999992
2019-03-15 19:00:00,135.90654999999992
2019-03-15 19:15:00,135.90654999999992
2019-03-15 19:30:00,135.90654999999992
2019-03-15 19:45:00,136.06274999999994
2019-03-15 20:00:00,136.09404999999992
2019-03-15 20:15:00,136.09404999999992
2019-03-15 20:30:00,136.12524999999994
2019-03-15 20:45:00,136.12524999999994
2019-03-15 21:00:00,136.09404999999992
2019-03-15 21:15:00,136.12524999999994
2019-03-15 21:30:00,136.12524999999994
2019-03-15 21:45:00,136.15654999999992
2019-03-15 23:00:00,135.56274999999994
2019-03-17 23:00:00,136.12524999999994
2019-03-17 23:15:00,136.09404999999992
2019-03-17 23:30:00,136.09404999999992
2019-03-17 23:45:00,136.12524999999994
2019-03-18 00:00:00,136.12524999999994
2019-03-18 00:15:00,136.09404999999992
2019-03-18 00:30:00,136.09404999999992
2019-03-18 00:45:00,136.09404999999992
2019-03-18 01:00:00,136.09404999999992
2019-03-18 01:15:00,136.09404999999992
2019-03-18 01:30:00,136.06274999999994
2019-03-18 01:45:00,136.09404999999992
2019-03-18 02:00:00,136.09404999999992
2019-03-18 02:15:00,136.09404999999992
2019-03-18 02:30:00,136.09404999999992
2019-03-18 02:45:00,136.06274999999994
2019-03-18 03:00:00,136.06274999999994
2019-03-18 03:15:00,136.06274999999994
2019-03-18 03:30:00,136.06274999999994
2019-03-18 03:45:00,136.03154999999992
2019-03-18 04:00:00,136.03154999999992
2019-03-18 04:15:00,136.03154999999992
2019-03-18 04:30:00,136.03154999999992
2019-03-18 04:45:00,136.00024999999994
2019-03-18 05:15:00,136.00024999999994
2019-03-18 05:30:00,136.00024999999994
2019-03-18 05:45:00,136.00024999999994
2019-03-18 06:15:00,135.96904999999992
2019-03-18 06:30:00,135.96904999999992
2019-03-18 06:45:00,136.00024999999994
2019-03-18 07:00:00,135.96904999999992
2019-03-18 07:15:00,135.96904999999992
2019-03-18 07:30:00,135.96904999999992
2019-03-18 07:45:00,135.96904999999992
2019-03-18 08:00:00,135.96904999999992
2019-03-18 08:15:00,135.93774999999994
2019-03-18 08:30:00,135.96904999999992
2019-03-18 08:45:00,135.96904999999992
2019-03-18 09:00:00,136.03154999999992
2019-03-18 09:15:00,136.03154999999992
2019-03-18 09:30:00,136.06274999999994
2019-03-18 09:45:00,136.03154999999992
2019-03-18 10:00:00,136.06274999999994
2019-03-18 10:15:00,136.12524999999994
2019-03-18 10:30:00,136.12524999999994
2019-03-18 10:45:00,136.12524999999994
2019-03-18 11:00:00,136.12524999999994
2019-03-18 11:15:00,136.12524999999994
2019-03-18 11:30:00,136.06274999999994
2019-03-18 11:45:00,136.00024999999994
2019-03-18 12:00:00,136.00024999999994
2019-03-18 12:15:00,135.93774999999994
2019-03-18 12:30:00,135.93774999999994
2019-03-18 12:45:00,135.90654999999992
2019-03-18 13:00:00,135.87524999999994
2019-03-18 13:15:00,135.81274999999994
2019-03-18 13:30:00,135.84404999999992
2019-03-18 13:45:00,135.81274999999994
2019-03-18 14:00:00,135.87524999999994
2019-03-18 14:15:00,135.93774999999994
2019-03-18 14:30:00,135.87524999999994
2019-03-18 14:45:00,135.93774999999994
2019-03-18 15:00:00,136.06274999999994
2019-03-18 15:15:00,135.96904999999992
2019-03-18 15:30:00,135.93774999999994
2019-03-18 15:45:00,135.93774999999994
2019-03-18 16:00:00,135.96904999999992
2019-03-18 16:15:00,136.00024999999994
2019-03-18 16:30:00,136.12524999999994
2019-03-18 16:45:00,136.09404999999992
2019-03-18 17:00:00,136.09404999999992
2019-03-18 17:15:00,136.09404999999992
2019-03-18 17:30:00,136.06274999999994
2019-03-18 17:45:00,136.00024999999994
2019-03-18 18:00:00,135.96904999999992
2019-03-18 18:15:00,136.03154999999992
2019-03-18 18:30:00,136.03154999999992
2019-03-18 18:45:00,136.00024999999994
2019-03-18 19:00:00,135.96904999999992
2019-03-18 19:15:00,136.03154999999992
2019-03-18 19:30:00,136.00024999999994
2019-03-18 19:45:00,136.03154999999992
2019-03-18 20:00:00,136.00024999999994
2019-03-18 20:15:00,136.00024999999994
2019-03-18 20:30:00,135.96904999999992
2019-03-18 20:45:00,135.96904999999992
2019-03-18 21:00:00,135.96904999999992
2019-03-18 21:15:00,136.00024999999994
2019-03-18 21:30:00,135.93774999999994
2019-03-18 21:45:00,135.90654999999992
2019-03-18 23:00:00,136.00024999999994
2019-03-18 23:15:00,135.93774999999994
2019-03-18 23:30:00,135.96904999999992
2019-03-18 23:45:00,136.00024999999994
2019-03-19 00:00:00,136.00024999999994
2019-03-19 00:15:00,136.00024999999994
2019-03-19 00:30:00,135.96904999999992
2019-03-19 00:45:00,136.00024999999994
2019-03-19 01:00:00,136.03154999999992
2019-03-19 01:15:00,136.03154999999992
2019-03-19 01:30:00,136.03154999999992
2019-03-19 01:45:00,136.03154999999992
2019-03-19 02:00:00,136.03154999999992
2019-03-19 02:15:00,136.03154999999992
2019-03-19 02:30:00,136.00024999999994
2019-03-19 02:45:00,136.00024999999994
2019-03-19 03:00:00,136.06274999999994
2019-03-19 03:15:00,136.09404999999992
2019-03-19 03:30:00,136.06274999999994
2019-03-19 03:45:00,136.06274999999994
2019-03-19 04:00:00,136.03154999999992
2019-03-19 04:15:00,136.09404999999992
2019-03-19 04:30:00,136.06274999999994
2019-03-19 04:45:00,136.09404999999992
2019-03-19 05:15:00,136.06274999999994
2019-03-19 05:30:00,136.06274999999994
2019-03-19 05:45:00,136.06274999999994
2019-03-19 06:15:00,136.06274999999994
2019-03-19 06:30:00,136.09404999999992
2019-03-19 06:45:00,136.09404999999992
2019-03-19 07:00:00,136.09404999999992
2019-03-19 07:15:00,136.09404999999992
2019-03-19 07:30:00,136.09404999999992
2019-03-19 07:45:00,136.06274999999994
2019-03-19 08:00:00,136.06274999999994
2019-03-19 08:15:00,136.12524999999994
2019-03-19 08:30:00,136.15654999999992
2019-03-19 08:45:00,136.12524999999994
2019-03-19 09:00:00,136.12524999999994
2019-03-19 09:15:00,136.18774999999994
2019-03-19 09:30:00,136.18774999999994
2019-03-19 09:45:00,136.15654999999992
2019-03-19 10:00:00,136.09404999999992
2019-03-19 10:15:00,136.06274999999994
2019-03-19 10:30:00,136.06274999999994
2019-03-19 10:45:00,136.09404999999992
2019-03-19 11:00:00,136.15654999999992
2019-03-19 11:15:00,136.12524999999994
2019-03-19 11:30:00,136.12524999999994
2019-03-19 11:45:00,136.09404999999992
2019-03-19 12:00:00,135.93774999999994
2019-03-19 12:15:00,135.90654999999992
2019-03-19 12:30:00,135.90654999999992
2019-03-19 12:45:00,135.87524999999994
2019-03-19 13:00:00,135.78154999999992
2019-03-19 13:15:00,135.59404999999992
2019-03-19 13:30:00,135.40654999999992
2019-03-19 13:45:00,135.31274999999994
2019-03-19 14:00:00,135.37524999999994
2019-03-19 14:15:00,135.37524999999994
2019-03-19 14:30:00,135.43774999999994
2019-03-19 14:45:00,135.50024999999994
2019-03-19 15:00:00,135.28154999999992
2019-03-19 15:15:00,135.43774999999994
2019-03-19 15:30:00,135.43774999999994
2019-03-19 15:45:00,135.50024999999994
2019-03-19 16:00:00,135.62524999999994
2019-03-19 16:15:00,135.71904999999992
2019-03-19 16:30:00,135.65654999999992
2019-03-19 16:45:00,135.65654999999992
2019-03-19 17:00:00,135.84404999999992
2019-03-19 17:15:00,135.78154999999992
2019-03-19 17:30:00,135.71904999999992
2019-03-19 17:45:00,135.75024999999994
2019-03-19 18:00:00,135.75024999999994
2019-03-19 18:15:00,135.71904999999992
2019-03-19 18:30:00,135.68774999999994
2019-03-19 18:45:00,135.71904999999992
2019-03-19 19:00:00,135.71904999999992
2019-03-19 19:15:00,135.68774999999994
2019-03-19 19:30:00,135.71904999999992
2019-03-19 19:45:00,135.68774999999994
2019-03-19 20:00:00,135.71904999999992
2019-03-19 20:15:00,135.71904999999992
2019-03-19 20:30:00,135.71904999999992
2019-03-19 20:45:00,135.65654999999992
2019-03-19 21:00:00,135.68774999999994
2019-03-19 21:15:00,135.62524999999994
2019-03-19 21:30:00,135.59404999999992
2019-03-19 21:45:00,135.65654999999992
2019-03-19 23:00:00,136.09404999999992
2019-03-19 23:15:00,135.65654999999992
2019-03-19 23:30:00,135.62524999999994
2019-03-19 23:45:00,135.62524999999994
2019-03-20 00:00:00,135.62524999999994
2019-03-20 00:15:00,135.65654999999992
2019-03-20 00:30:00,135.62524999999994
2019-03-20 00:45:00,135.62524999999994
2019-03-20 01:00:00,135.59404999999992
2019-03-20 01:15:00,135.62524999999994
2019-03-20 01:30:00,135.62524999999994
2019-03-20 01:45:00,135.62524999999994
2019-03-20 02:00:00,135.65654999999992
2019-03-20 02:15:00,135.68774999999994
2019-03-20 02:30:00,135.68774999999994
2019-03-20 02:45:00,135.68774999999994
2019-03-20 03:00:00,135.68774999999994
2019-03-20 03:15:00,135.68774999999994
2019-03-20 03:30:00,135.65654999999992
2019-03-20 03:45:00,135.65654999999992
2019-03-20 04:00:00,135.65654999999992
2019-03-20 04:15:00,135.65654999999992
2019-03-20 04:30:00,135.65654999999992
2019-03-20 04:45:00,135.65654999999992
2019-03-20 05:15:00,135.68774999999994
2019-03-20 05:30:00,135.71904999999992
2019-03-20 05:45:00,135.68774999999994
2019-03-20 06:15:00,135.68774999999994
2019-03-20 06:30:00,135.68774999999994
2019-03-20 06:45:00,135.68774999999994
2019-03-20 07:00:00,135.68774999999994
2019-03-20 07:15:00,135.68774999999994
2019-03-20 07:30:00,135.71904999999992
2019-03-20 07:45:00,135.71904999999992
2019-03-20 08:00:00,135.68774999999994
2019-03-20 08:15:00,135.71904999999992
2019-03-20 08:30:00,135.78154999999992
2019-03-20 08:45:00,135.84404999999992
2019-03-20 09:00:00,135.84404999999992
2019-03-20 09:15:00,135.90654999999992
2019-03-20 09:30:00,135.87524999999994
2019-03-20 09:45:00,135.84404999999992
2019-03-20 10:00:00,135.93774999999994
2019-03-20 10:15:00,135.93774999999994
2019-03-20 10:30:00,135.90654999999992
2019-03-20 10:45:00,135.93774999999994
2019-03-20 11:00:00,135.93774999999994
2019-03-20 11:15:00,135.90654999999992
2019-03-20 11:30:00,135.90654999999992
2019-03-20 11:45:00,135.90654999999992
2019-03-20 12:00:00,135.90654999999992
2019-03-20 12:15:00,135.93774999999994
2019-03-20 12:30:00,135.93774999999994
2019-03-20 12:45:00,135.90654999999992
2019-03-20 13:00:00,135.90654999999992
2019-03-20 13:15:00,136.03154999999992
2019-03-20 13:30:00,136.12524999999994
2019-03-20 13:45:00,136.12524999999994
2019-03-20 14:00:00,136.00024999999994
2019-03-20 14:15:00,135.90654999999992
2019-03-20 14:30:00,135.96904999999992
2019-03-20 14:45:00,136.06274999999994
2019-03-20 15:00:00,136.03154999999992
2019-03-20 15:15:00,136.09404999999992
2019-03-20 15:30:00,136.06274999999994
2019-03-20 15:45:00,136.09404999999992
2019-03-20 16:00:00,136.09404999999992
2019-03-20 16:15:00,136.00024999999994
2019-03-20 16:30:00,136.06274999999994
2019-03-20 16:45:00,136.18774999999994
2019-03-20 17:00:00,136.12524999999994
2019-03-20 17:15:00,136.12524999999994
2019-03-20 17:30:00,136.09404999999992
2019-03-20 17:45:00,136.06274999999994
2019-03-20 18:00:00,136.06274999999994
2019-03-20 18:15:00,136.06274999999994
2019-03-20 18:30:00,136.09404999999992
2019-03-20 18:45:00,136.03154999999992
2019-03-20 19:00:00,136.59404999999992
2019-03-20 19:15:00,136.84404999999992
2019-03-20 19:30:00,136.84404999999992
2019-03-20 19:45:00,136.81274999999994
2019-03-20 20:00:00,136.84404999999992
2019-03-20 20:15:00,136.71904999999992
2019-03-20 20:30:00,136.71904999999992
2019-03-20 20:45:00,136.90654999999992
2019-03-20 21:00:00,136.96904999999992
2019-03-20 21:15:00,136.93774999999994
2019-03-20 21:30:00,136.93774999999994
2019-03-20 21:45:00,136.87524999999994
2019-03-20 23:00:00,135.68774999999994
2019-03-20 23:15:00,136.84404999999992
2019-03-20 23:30:00,136.81274999999994
2019-03-20 23:45:00,136.81274999999994
2019-03-21 00:00:00,136.81274999999994
2019-03-21 00:15:00,136.81274999999994
2019-03-21 00:30:00,136.78154999999992
2019-03-21 00:45:00,136.81274999999994
2019-03-21 01:00:00,136.78154999999992
2019-03-21 01:15:00,136.75024999999994
2019-03-21 01:30:00,136.78154999999992
2019-03-21 01:45:00,136.78154999999992
2019-03-21 02:00:00,136.78154999999992
2019-03-21 02:15:00,136.78154999999992
2019-03-21 02:30:00,136.75024999999994
2019-03-21 02:45:00,136.81274999999994
2019-03-21 03:00:00,136.81274999999994
2019-03-21 03:15:00,136.81274999999994
2019-03-21 03:30:00,136.78154999999992
2019-03-21 03:45:00,136.78154999999992
2019-03-21 04:00:00,136.84404999999992
2019-03-21 04:15:00,136.87524999999994
2019-03-21 04:30:00,136.90654999999992
2019-03-21 04:45:00,136.90654999999992
2019-03-21 05:15:00,136.90654999999992
2019-03-21 05:30:00,136.96904999999992
2019-03-21 05:45:00,136.96904999999992
2019-03-21 06:15:00,137.00024999999994
2019-03-21 06:30:00,137.00024999999994
2019-03-21 06:45:00,137.00024999999994
2019-03-21 07:00:00,137.00024999999994
2019-03-21 07:15:00,137.00024999999994
2019-03-21 07:30:00,137.00024999999994
2019-03-21 07:45:00,136.96904999999992
2019-03-21 08:00:00,136.96904999999992
2019-03-21 08:15:00,136.96904999999992
2019-03-21 08:30:00,137.03154999999992
2019-03-21 08:45:00,137.15654999999992
2019-03-21 09:00:00,137.12524999999994
2019-03-21 09:15:00,137.25024999999994
2019-03-21 09:30:00,137.18774999999994
2019-03-21 09:45:00,137.12524999999994
2019-03-21 10:00:00,137.12524999999994
2019-03-21 10:15:00,137.18774999999994
2019-03-21 10:30:00,137.09404999999992
2019-03-21 10:45:00,136.96904999999992
2019-03-21 11:00:00,137.09404999999992
2019-03-21 11:15:00,137.12524999999994
2019-03-21 11:30:00,137.09404999999992
2019-03-21 11:45:00,137.00024999999994
2019-03-21 12:00:00,137.15654999999992
2019-03-21 12:15:00,137.18774999999994
2019-03-21 12:30:00,137.15654999999992
2019-03-21 12:45:00,137.25024999999994
2019-03-21 13:00:00,137.28154999999992
2019-03-21 13:15:00,137.28154999999992
2019-03-21 13:30:00,137.03154999999992
2019-03-21 13:45:00,137.03154999999992
2019-03-21 14:00:00,137.09404999999992
2019-03-21 14:15:00,137.18774999999994
2019-03-21 14:30:00,137.15654999999992
2019-03-21 14:45:00,137.12524999999994
2019-03-21 15:00:00,137.12524999999994
2019-03-21 15:15:00,137.15654999999992
2019-03-21 15:30:00,137.18774999999994
2019-03-21 15:45:00,137.09404999999992
2019-03-21 16:00:00,137.12524999999994
2019-03-21 16:15:00,137.06274999999994
2019-03-21 16:30:00,137.09404999999992
2019-03-21 16:45:00,137.18774999999994
2019-03-21 17:00:00,137.18774999999994
2019-03-21 17:15:00,137.28154999999992
2019-03-21 17:30:00,137.25024999999994
2019-03-21 17:45:00,137.25024999999994
2019-03-21 18:00:00,137.15654999999992
2019-03-21 18:15:00,137.12524999999994
2019-03-21 18:30:00,137.03154999999992
2019-03-21 18:45:00,137.00024999999994
2019-03-21 19:00:00,136.96904999999992
2019-03-21 19:15:00,136.93774999999994
2019-03-21 19:30:00,137.00024999999994
2019-03-21 19:45:00,137.03154999999992
2019-03-21 20:00:00,137.00024999999994
2019-03-21 20:15:00,136.96904999999992
2019-03-21 20:30:00,137.03154999999992
2019-03-21 20:45:00,137.03154999999992
2019-03-21 21:00:00,137.00024999999994
2019-03-21 21:15:00,137.00024999999994
2019-03-21 21:30:00,136.96904999999992
2019-03-21 21:45:00,136.90654999999992
2019-03-21 23:00:00,137.00024999999994
2019-03-21 23:15:00,136.96904999999992
2019-03-21 23:30:00,136.96904999999992
2019-03-21 23:45:00,136.96904999999992
2019-03-22 00:00:00,136.96904999999992
2019-03-22 00:15:00,136.96904999999992
2019-03-22 00:30:00,136.96904999999992
2019-03-22 00:45:00,137.00024999999994
2019-03-22 01:00:00,137.03154999999992
2019-03-22 01:15:00,136.96904999999992
2019-03-22 01:30:00,137.00024999999994
2019-03-22 01:45:00,137.03154999999992
2019-03-22 02:00:00,137.03154999999992
2019-03-22 02:15:00,137.12524999999994
2019-03-22 02:30:00,137.12524999999994
2019-03-22 02:45:00,137.12524999999994
2019-03-22 03:00:00,137.09404999999992
2019-03-22 03:15:00,137.09404999999992
2019-03-22 03:30:00,137.09404999999992
2019-03-22 03:45:00,137.12524999999994
2019-03-22 04:00:00,137.09404999999992
2019-03-22 04:15:00,137.09404999999992
2019-03-22 04:30:00,137.09404999999992
2019-03-22 04:45:00,137.06274999999994
2019-03-22 05:15:00,137.09404999999992
2019-03-22 05:30:00,137.09404999999992
2019-03-22 05:45:00,137.09404999999992
2019-03-22 06:15:00,137.12524999999994
2019-03-22 06:30:00,137.15654999999992
2019-03-22 06:45:00,137.15654999999992
2019-03-22 07:00:00,137.18774999999994
2019-03-22 07:15:00,137.15654999999992
2019-03-22 07:30:00,137.15654999999992
2019-03-22 07:45:00,137.09404999999992
2019-03-22 08:00:00,137.12524999999994
2019-03-22 08:15:00,137.15654999999992
2019-03-22 08:30:00,137.12524999999994
2019-03-22 08:45:00,137.12524999999994
2019-03-22 09:00:00,137.09404999999992
2019-03-22 09:15:00,137.09404999999992
2019-03-22 09:30:00,137.37524999999994
2019-03-22 09:45:00,137.53154999999992
2019-03-22 10:00:00,137.53154999999992
2019-03-22 10:15:00,137.53154999999992
2019-03-22 10:30:00,137.62524999999994
2019-03-22 10:45:00,137.59404999999992
2019-03-22 11:00:00,137.62524999999994
2019-03-22 11:15:00,137.75024999999994
2019-03-22 11:30:00,137.68774999999994
2019-03-22 11:45:00,137.68774999999994
2019-03-22 12:00:00,137.78154999999992
2019-03-22 12:15:00,137.68774999999994
2019-03-22 12:30:00,137.78154999999992
2019-03-22 12:45:00,138.00024999999994
2019-03-22 13:00:00,138.09404999999992
2019-03-22 13:15:00,137.96904999999992
2019-03-22 13:30:00,137.93774999999994
2019-03-22 13:45:00,138.09404999999992
2019-03-22 14:00:00,138.15654999999992
2019-03-22 14:15:00,138.15654999999992
2019-03-22 14:30:00,138.09404999999992
2019-03-22 14:45:00,138.53154999999992
2019-03-22 15:00:00,138.37524999999994
2019-03-22 15:15:00,138.50024999999994
2019-03-22 15:30:00,138.53154999999992
2019-03-22 15:45:00,138.87524999999994
2019-03-22 16:00:00,138.62524999999994
2019-03-22 16:15:00,138.78154999999992
2019-03-22 16:30:00,138.75024999999994
2019-03-22 16:45:00,138.93774999999994
2019-03-22 17:00:00,138.62524999999994
2019-03-22 17:15:00,138.65654999999992
2019-03-22 17:30:00,138.68774999999994
2019-03-22 17:45:00,138.43774999999994
2019-03-22 18:00:00,138.53154999999992
2019-03-22 18:15:00,138.46904999999992
2019-03-22 18:30:00,138.34404999999992
2019-03-22 18:45:00,138.43774999999994
2019-03-22 19:00:00,138.21904999999992
2019-03-22 19:15:00,138.15654999999992
2019-03-22 19:30:00,138.34404999999992
2019-03-22 19:45:00,138.40654999999992
2019-03-22 20:00:00,138.53154999999992
2019-03-22 20:15:00,138.62524999999994
2019-03-22 20:30:00,138.65654999999992
2019-03-22 20:45:00,138.65654999999992
2019-03-22 21:00:00,138.78154999999992
2019-03-22 21:15:00,138.68774999999994
2019-03-22 21:30:00,138.68774999999994
2019-03-22 21:45:00,138.65654999999992
2019-03-22 23:00:00,137.09404999999992
2019-03-24 23:00:00,138.59404999999992
2019-03-24 23:15:00,138.59404999999992
2019-03-24 23:30:00,138.65654999999992
2019-03-24 23:45:00,138.59404999999992
2019-03-25 00:00:00,138.59404999999992
2019-03-25 00:15:00,138.53154999999992
2019-03-25 00:30:00,138.50024999999994
2019-03-25 00:45:00,138.50024999999994
2019-03-25 01:00:00,138.65654999999992
2019-03-25 01:15:00,138.71904999999992
2019-03-25 01:30:00,138.75024999999994
2019-03-25 01:45:00,138.84404999999992
2019-03-25 02:00:00,138.81274999999994
2019-03-25 02:15:00,138.71904999999992
2019-03-25 02:30:00,138.71904999999992
2019-03-25 02:45:00,138.71904999999992
2019-03-25 03:00:00,138.78154999999992
2019-03-25 03:15:00,138.75024999999994
2019-03-25 03:30:00,138.68774999999994
2019-03-25 03:45:00,138.65654999999992
2019-03-25 04:00:00,138.71904999999992
2019-03-25 04:15:00,138.75024999999994
2019-03-25 04:30:00,138.71904999999992
2019-03-25 04:45:00,138.71904999999992
2019-03-25 05:15:00,138.71904999999992
2019-03-25 05:30:00,138.68774999999994
2019-03-25 05:45:00,138.62524999999994
2019-03-25 06:15:00,138.62524999999994
2019-03-25 06:30:00,138.65654999999992
2019-03-25 06:45:00,138.65654999999992
2019-03-25 07:00:00,138.75024999999994
2019-03-25 07:15:00,138.71904999999992
2019-03-25 07:30:00,138.68774999999994
2019-03-25 07:45:00,138.75024999999994
2019-03-25 08:00:00,138.62524999999994
2019-03-25 08:15:00,138.65654999999992
2019-03-25 08:30:00,138.56274999999994
2019-03-25 08:45:00,138.46904999999992
2019-03-25 09:00:00,138.37524999999994
2019-03-25 09:15:00,138.31274999999994
2019-03-25 09:30:00,138.15654999999992
2019-03-25 09:45:00,138.28154999999992
2019-03-25 10:00:00,138.12524999999994
2019-03-25 10:15:00,138.15654999999992
2019-03-25 10:30:00,138.09404999999992
2019-03-25 10:45:00,138.21904999999992
2019-03-25 11:00:00,138.28154999999992
2019-03-25 11:15:00,138.15654999999992
2019-03-25 11:30:00,138.12524999999994
2019-03-25 11:45:00,138.15654999999992
2019-03-25 12:00:00,138.12524999999994
2019-03-25 12:15:00,138.34404999999992
2019-03-25 12:30:00,138.31274999999994
2019-03-25 12:45:00,138.18774999999994
2019-03-25 13:00:00,138.25024999999994
2019-03-25 13:15:00,138.31274999999994
2019-03-25 13:30:00,138.56274999999994
2019-03-25 13:45:00,138.50024999999994
2019-03-25 14:00:00,138.46904999999992
2019-03-25 14:15:00,138.59404999999992
2019-03-25 14:30:00,138.43774999999994
2019-03-25 14:45:00,138.65654999999992
2019-03-25 15:00:00,138.78154999999992
2019-03-25 15:15:00,138.68774999999994
2019-03-25 15:30:00,138.68774999999994
2019-03-25 15:45:00,138.46904999999992
2019-03-25 16:00:00,138.46904999999992
2019-03-25 16:15:00,138.34404999999992
2019-03-25 16:30:00,138.56274999999994
2019-03-25 16:45:00,138.68774999999994
2019-03-25 17:00:00,138.62524999999994
2019-03-25 17:15:00,138.68774999999994
2019-03-25 17:30:00,138.96904999999992
2019-03-25 17:45:00,138.87524999999994
2019-03-25 18:00:00,138.96904999999992
2019-03-25 18:15:00,139.06274999999994
2019-03-25 18:30:00,139.09404999999992
2019-03-25 18:45:00,139.31274999999994
2019-03-25 19:00:00,139.37524999999994
2019-03-25 19:15:00,139.21904999999992
2019-03-25 19:30:00,139.09404999999992
2019-03-25 19:45:00,138.87524999999994
2019-03-25 20:00:00,138.78154999999992
2019-03-25 20:15:00,138.78154999999992
2019-03-25 20:30:00,138.87524999999994
2019-03-25 20:45:00,138.87524999999994
2019-03-25 21:00:00,138.90654999999992
2019-03-25 21:15:00,139.00024999999994
2019-03-25 21:30:00,139.00024999999994
2019-03-25 21:45:00,139.03154999999992
2019-03-25 23:00:00,138.62524999999994
2019-03-25 23:15:00,138.93774999999994
2019-03-25 23:30:00,138.96904999999992
2019-03-25 23:45:00,138.93774999999994
2019-03-26 00:00:00,138.96904999999992
2019-03-26 00:15:00,138.96904999999992
2019-03-26 00:30:00,139.03154999999992
2019-03-26 00:45:00,138.84404999999992
2019-03-26 01:00:00,138.87524999999994
2019-03-26 01:15:00,138.84404999999992
2019-03-26 01:30:00,138.71904999999992
2019-03-26 01:45:00,138.78154999999992
2019-03-26 02:00:00,138.68774999999994
2019-03-26 02:15:00,138.71904999999992
2019-03-26 02:30:00,138.68774999999994
2019-03-26 02:45:00,138.78154999999992
2019-03-26 03:00:00,138.68774999999994
2019-03-26 03:15:00,138.71904999999992
2019-03-26 03:30:00,138.65654999999992
2019-03-26 03:45:00,138.68774999999994
2019-03-26 04:00:00,138.75024999999994
2019-03-26 04:15:00,138.75024999999994
2019-03-26 04:30:00,138.68774999999994
2019-03-26 04:45:00,138.65654999999992
2019-03-26 05:15:00,138.43774999999994
2019-03-26 05:30:00,138.50024999999994
2019-03-26 05:45:00,138.53154999999992
2019-03-26 06:15:00,138.46904999999992
2019-03-26 06:30:00,138.46904999999992
2019-03-26 06:45:00,138.46904999999992
2019-03-26 07:00:00,138.62524999999994
2019-03-26 07:15:00,138.68774999999994
2019-03-26 07:30:00,138.71904999999992
2019-03-26 07:45:00,138.65654999999992
2019-03-26 08:00:00,138.68774999999994
2019-03-26 08:15:00,138.59404999999992
2019-03-26 08:30:00,138.53154999999992
2019-03-26 08:45:00,138.53154999999992
2019-03-26 09:00:00,138.59404999999992
2019-03-26 09:15:00,138.62524999999994
2019-03-26 09:30:00,138.68774999999994
2019-03-26 09:45:00,138.68774999999994
2019-03-26 10:00:00,138.62524999999994
2019-03-26 10:15:00,138.53154999999992
2019-03-26 10:30:00,138.56274999999994
2019-03-26 10:45:00,138.43774999999994
2019-03-26 11:00:00,138.46904999999992
2019-03-26 11:15:00,138.46904999999992
2019-03-26 11:30:00,138.43774999999994
2019-03-26 11:45:00,138.43774999999994
2019-03-26 12:00:00,138.43774999999994
2019-03-26 12:15:00,138.37524999999994
2019-03-26 12:30:00,138.43774999999994
2019-03-26 12:45:00,138.37524999999994
2019-03-26 13:00:00,138.25024999999994
2019-03-26 13:15:00,138.43774999999994
2019-03-26 13:30:00,138.53154999999992
2019-03-26 13:45:00,138.59404999999992
2019-03-26 14:00:00,138.59404999999992
2019-03-26 14:15:00,138.62524999999994
2019-03-26 14:30:00,138.59404999999992
2019-03-26 14:45:00,138.71904999999992
2019-03-26 15:00:00,138.90654999999992
2019-03-26 15:15:00,138.81274999999994
2019-03-26 15:30:00,138.87524999999994
2019-03-26 15:45:00,138.71904999999992
2019-03-26 16:00:00,138.75024999999994
2019-03-26 16:15:00,138.75024999999994
2019-03-26 16:30:00,138.59404999999992
2019-03-26 16:45:00,138.71904999999992
2019-03-26 17:00:00,138.68774999999994
2019-03-26 17:15:00,138.75024999999994
2019-03-26 17:30:00,138.81274999999994
2019-03-26 17:45:00,138.78154999999992
2019-03-26 18:00:00,138.78154999999992
2019-03-26 18:15:00,138.84404999999992
2019-03-26 18:30:00,138.87524999999994
2019-03-26 18:45:00,138.90654999999992
2019-03-26 19:00:00,138.93774999999994
2019-03-26 19:15:00,138.96904999999992
2019-03-26 19:30:00,138.87524999999994
2019-03-26 19:45:00,138.93774999999994
2019-03-26 20:00:00,139.09404999999992
2019-03-26 20:15:00,139.06274999999994
2019-03-26 20:30:00,138.90654999999992
2019-03-26 20:45:00,138.84404999999992
2019-03-26 21:00:00,138.84404999999992
2019-03-26 21:15:00,138.84404999999992
2019-03-26 21:30:00,138.78154999999992
2019-03-26 21:45:00,138.81274999999994
2019-03-26 23:00:00,138.50024999999994
2019-03-26 23:15:00,138.93774999999994
2019-03-26 23:30:00,138.87524999999994
2019-03-26 23:45:00,138.90654999999992
2019-03-27 00:00:00,138.87524999999994
2019-03-27 00:15:00,138.90654999999992
2019-03-27 00:30:00,138.90654999999992
2019-03-27 00:45:00,138.81274999999994
2019-03-27 01:00:00,138.90654999999992
2019-03-27 01:15:00,138.75024999999994
2019-03-27 01:30:00,138.75024999999994
2019-03-27 01:45:00,138.71904999999992
2019-03-27 02:00:00,138.81274999999994
2019-03-27 02:15:00,138.87524999999994
2019-03-27 02:30:00,138.87524999999994
2019-03-27 02:45:00,138.93774999999994
2019-03-27 03:00:00,139.03154999999992
2019-03-27 03:15:00,139.00024999999994
2019-03-27 03:30:00,139.00024999999994
2019-03-27 03:45:00,138.93774999999994
2019-03-27 04:00:00,138.93774999999994
2019-03-27 04:15:00,138.90654999999992
2019-03-27 04:30:00,138.90654999999992
2019-03-27 04:45:00,138.93774999999994
2019-03-27 05:15:00,138.90654999999992
2019-03-27 05:30:00,138.84404999999992
2019-03-27 05:45:00,138.84404999999992
2019-03-27 06:15:00,138.93774999999994
2019-03-27 06:30:00,138.90654999999992
2019-03-27 06:45:00,138.90654999999992
2019-03-27 07:00:00,138.96904999999992
2019-03-27 07:15:00,139.00024999999994
2019-03-27 07:30:00,139.03154999999992
2019-03-27 07:45:00,139.06274999999994
2019-03-27 08:00:00,139.00024999999994
2019-03-27 08:15:00,139.18774999999994
2019-03-27 08:30:00,139.21904999999992
2019-03-27 08:45:00,139.12524999999994
2019-03-27 09:00:00,139.18774999999994
2019-03-27 09:15:00,139.28154999999992
2019-03-27 09:30:00,139.34404999999992
2019-03-27 09:45:00,139.37524999999994
2019-03-27 10:00:00,139.28154999999992
2019-03-27 10:15:00,139.31274999999994
2019-03-27 10:30:00,139.62524999999994
2019-03-27 10:45:00,139.68774999999994
2019-03-27 11:00:00,139.62524999999994
2019-03-27 11:15:00,139.59404999999992
2019-03-27 11:30:00,139.53154999999992
2019-03-27 11:45:00,139.62524999999994
2019-03-27 12:00:00,139.50024999999994
2019-03-27 12:15:00,139.40654999999992
2019-03-27 12:30:00,139.50024999999994
2019-03-27 12:45:00,139.34404999999992
2019-03-27 13:00:00,139.50024999999994
2019-03-27 13:15:00,139.21904999999992
2019-03-27 13:30:00,139.09404999999992
2019-03-27 13:45:00,139.03154999999992
2019-03-27 14:00:00,139.15654999999992
2019-03-27 14:15:00,139.18774999999994
2019-03-27 14:30:00,139.31274999999994
2019-03-27 14:45:00,139.46904999999992
2019-03-27 15:00:00,139.25024999999994
2019-03-27 15:15:00,139.34404999999992
2019-03-27 15:30:00,139.59404999999992
2019-03-27 15:45:00,139.71904999999992
2019-03-27 16:00:00,139.78154999999992
2019-03-27 16:15:00,139.90654999999992
2019-03-27 16:30:00,139.81274999999994
2019-03-27 16:45:00,139.71904999999992
2019-03-27 17:00:00,139.65654999999992
2019-03-27 17:15:00,139.46904999999992
2019-03-27 17:30:00,139.43774999999994
2019-03-27 17:45:00,139.65654999999992
2019-03-27 18:00:00,139.59404999999992
2019-03-27 18:15:00,139.59404999999992
2019-03-27 18:30:00,139.43774999999994
2019-03-27 18:45:00,139.62524999999994
2019-03-27 19:00:00,139.71904999999992
2019-03-27 19:15:00,139.90654999999992
2019-03-27 19:30:00,139.93774999999994
2019-03-27 19:45:00,139.93774999999994
2019-03-27 20:00:00,139.81274999999994
2019-03-27 20:15:00,139.65654999999992
2019-03-27 20:30:00,139.78154999999992
2019-03-27 20:45:00,139.71904999999992
2019-03-27 21:00:00,139.75024999999994
2019-03-27 21:15:00,139.75024999999994
2019-03-27 21:30:00,139.81274999999994
2019-03-27 21:45:00,140.00024999999994
2019-03-27 23:00:00,138.84404999999992
2019-03-27 23:15:00,140.06274999999994
2019-03-27 23:30:00,140.03154999999992
2019-03-27 23:45:00,140.03154999999992
2019-03-28 00:00:00,140.03154999999992
2019-03-28 00:15:00,140.03154999999992
2019-03-28 00:30:00,140.09404999999992
2019-03-28 00:45:00,140.09404999999992
2019-03-28 01:00:00,140.21904999999992
2019-03-28 01:15:00,140.25024999999994
2019-03-28 01:30:00,140.37524999999994
2019-03-28 01:45:00,140.40654999999992
2019-03-28 02:00:00,140.43774999999994
2019-03-28 02:15:00,140.43774999999994
2019-03-28 02:30:00,140.31274999999994
2019-03-28 02:45:00,140.34404999999992
2019-03-28 03:00:00,140.34404999999992
2019-03-28 03:15:00,140.25024999999994
2019-03-28 03:30:00,140.21904999999992
2019-03-28 03:45:00,140.18774999999994
2019-03-28 04:00:00,140.18774999999994
2019-03-28 04:15:00,140.18774999999994
2019-03-28 04:30:00,140.18774999999994
2019-03-28 04:45:00,140.18774999999994
2019-03-28 05:15:00,140.21904999999992
2019-03-28 05:30:00,140.21904999999992
2019-03-28 05:45:00,140.18774999999994
2019-03-28 06:15:00,140.18774999999994
2019-03-28 06:30:00,140.18774999999994
2019-03-28 06:45:00,140.28154999999992
2019-03-28 07:00:00,140.28154999999992
2019-03-28 07:15:00,140.25024999999994
2019-03-28 07:30:00,140.31274999999994
2019-03-28 07:45:00,140.28154999999992
2019-03-28 08:00:00,140.12524999999994
2019-03-28 08:15:00,140.15654999999992
2019-03-28 08:30:00,140.21904999999992
2019-03-28 08:45:00,140.12524999999994
2019-03-28 09:00:00,140.15654999999992
2019-03-28 09:15:00,140.12524999999994
2019-03-28 09:30:00,139.93774999999994
2019-03-28 09:45:00,139.90654999999992
2019-03-28 10:00:00,139.84404999999992
2019-03-28 10:15:00,139.81274999999994
2019-03-28 10:30:00,139.84404999999992
2019-03-28 10:45:00,139.81274999999994
2019-03-28 11:00:00,139.81274999999994
2019-03-28 11:15:00,139.90654999999992
2019-03-28 11:30:00,139.90654999999992
2019-03-28 11:45:00,139.90654999999992
2019-03-28 12:00:00,140.00024999999994
2019-03-28 12:15:00,140.09404999999992
2019-03-28 12:30:00,140.12524999999994
2019-03-28 12:45:00,140.06274999999994
2019-03-28 13:00:00,139.87524999999994
2019-03-28 13:15:00,139.90654999999992
2019-03-28 13:30:00,139.96904999999992
2019-03-28 13:45:00,139.93774999999994
2019-03-28 14:00:00,139.78154999999992
2019-03-28 14:15:00,139.90654999999992
2019-03-28 14:30:00,139.62524999999994
2019-03-28 14:45:00,139.81274999999994
2019-03-28 15:00:00,139.90654999999992
2019-03-28 15:15:00,139.84404999999992
2019-03-28 15:30:00,139.71904999999992
2019-03-28 15:45:00,139.81274999999994
2019-03-28 16:00:00,139.90654999999992
2019-03-28 16:15:00,139.96904999999992
2019-03-28 16:30:00,139.78154999999992
2019-03-28 16:45:00,139.78154999999992
2019-03-28 17:00:00,139.84404999999992
2019-03-28 17:15:00,139.68774999999994
2019-03-28 17:30:00,139.84404999999992
2019-03-28 17:45:00,139.87524999999994
2019-03-28 18:00:00,140.00024999999994
2019-03-28 18:15:00,139.96904999999992
2019-03-28 18:30:00,140.03154999999992
2019-03-28 18:45:00,140.09404999999992
2019-03-28 19:00:00,139.96904999999992
2019-03-28 19:15:00,140.00024999999994
2019-03-28 19:30:00,139.84404999999992
2019-03-28 19:45:00,139.93774999999994
2019-03-28 20:00:00,139.84404999999992
2019-03-28 20:15:00,139.87524999999994
2019-03-28 20:30:00,140.00024999999994
2019-03-28 20:45:00,140.00024999999994
2019-03-28 21:00:00,139.84404999999992
2019-03-28 21:15:00,139.78154999999992
2019-03-28 21:30:00,139.81274999999994
2019-03-28 21:45:00,139.65654999999992
2019-03-28 23:00:00,140.15654999999992
2019-03-28 23:15:00,139.78154999999992
2019-03-28 23:30:00,139.81274999999994
2019-03-28 23:45:00,139.84404999999992
2019-03-29 00:00:00,139.78154999999992
2019-03-29 00:15:00,139.84404999999992
2019-03-29 00:30:00,139.84404999999992
2019-03-29 00:45:00,139.84404999999992
2019-03-29 01:00:00,139.75024999999994
2019-03-29 01:15:00,139.78154999999992
2019-03-29 01:30:00,139.75024999999994
2019-03-29 01:45:00,139.71904999999992
2019-03-29 02:00:00,139.84404999999992
2019-03-29 02:15:00,139.81274999999994
2019-03-29 02:30:00,139.78154999999992
2019-03-29 02:45:00,139.78154999999992
2019-03-29 03:00:00,139.75024999999994
2019-03-29 03:15:00,139.68774999999994
2019-03-29 03:30:00,139.65654999999992
2019-03-29 03:45:00,139.62524999999994
2019-03-29 04:00:00,139.65654999999992
2019-03-29 04:15:00,139.62524999999994
2019-03-29 04:30:00,139.62524999999994
2019-03-29 04:45:00,139.68774999999994
2019-03-29 05:15:00,139.68774999999994
2019-03-29 05:30:00,139.65654999999992
2019-03-29 05:45:00,139.65654999999992
2019-03-29 06:15:00,139.65654999999992
2019-03-29 06:30:00,139.65654999999992
2019-03-29 06:45:00,139.62524999999994
2019-03-29 07:00:00,139.71904999999992
2019-03-29 07:15:00,139.71904999999992
2019-03-29 07:30:00,139.71904999999992
2019-03-29 07:45:00,139.78154999999992
2019-03-29 08:00:00,139.68774999999994
2019-03-29 08:15:00,139.78154999999992
2019-03-29 08:30:00,139.90654999999992
2019-03-29 08:45:00,139.71904999999992
2019-03-29 09:00:00,139.65654999999992
2019-03-29 09:15:00,139.75024999999994
2019-03-29 09:30:00,139.71904999999992
2019-03-29 09:45:00,139.62524999999994
2019-03-29 10:00:00,139.46904999999992
2019-03-29 10:15:00,139.50024999999994
2019-03-29 10:30:00,139.53154999999992
2019-03-29 10:45:00,139.50024999999994
2019-03-29 11:00:00,139.56274999999994
2019-03-29 11:15:00,139.56274999999994
2019-03-29 11:30:00,139.59404999999992
2019-03-29 11:45:00,139.31274999999994
2019-03-29 12:00:00,139.37524999999994
2019-03-29 12:15:00,139.40654999999992
2019-03-29 12:30:00,139.46904999999992
2019-03-29 12:45:00,139.40654999999992
2019-03-29 13:00:00,139.34404999999992
2019-03-29 13:15:00,139.40654999999992
2019-03-29 13:30:00,139.37524999999994
2019-03-29 13:45:00,139.28154999999992
2019-03-29 14:00:00,139.40654999999992
2019-03-29 14:15:00,139.18774999999994
2019-03-29 14:30:00,139.43774999999994
2019-03-29 14:45:00,139.43774999999994
2019-03-29 15:00:00,139.34404999999992
2019-03-29 15:15:00,139.21904999999992
2019-03-29 15:30:00,139.53154999999992
2019-03-29 15:45:00,139.46904999999992
2019-03-29 16:00:00,139.46904999999992
2019-03-29 16:15:00,139.53154999999992
2019-03-29 16:30:00,139.40654999999992
2019-03-29 16:45:00,139.56274999999994
2019-03-29 17:00:00,139.43774999999994
2019-03-29 17:15:00,139.37524999999994
2019-03-29 17:30:00,139.59404999999992
2019-03-29 17:45:00,139.59404999999992
2019-03-29 18:00:00,139.56274999999994
2019-03-29 18:15:00,139.59404999999992
2019-03-29 18:30:00,139.62524999999994
2019-03-29 18:45:00,139.65654999999992
2019-03-29 19:00:00,139.65654999999992
2019-03-29 19:15:00,139.59404999999992
2019-03-29 19:30:00,139.62524999999994
2019-03-29 19:45:00,139.53154999999992
2019-03-29 20:00:00,139.68774999999994
2019-03-29 20:15:00,139.71904999999992
2019-03-29 20:30:00,139.71904999999992
2019-03-29 20:45:00,139.78154999999992
2019-03-29 21:00:00,139.68774999999994
2019-03-29 21:15:00,139.59404999999992
2019-03-29 21:30:00,139.62524999999994
2019-03-29 21:45:00,139.62524999999994
2019-03-29 23:00:00,139.65654999999992
2019-03-31 23:00:00,139.34404999999992
2019-03-31 23:15:00,139.31274999999994
2019-03-31 23:30:00,139.25024999999994
2019-03-31 23:45:00,139.28154999999992
2019-04-01 00:00:00,139.28154999999992
2019-04-01 00:15:00,139.28154999999992
2019-04-01 00:30:00,139.31274999999994
2019-04-01 00:45:00,139.31274999999994
2019-04-01 01:00:00,139.12524999999994
2019-04-01 01:15:00,139.15654999999992
2019-04-01 01:30:00,139.18774999999994
2019-04-01 01:45:00,139.12524999999994
2019-04-01 02:00:00,139.12524999999994
2019-04-01 02:15:00,139.15654999999992
2019-04-01 02:30:00,139.15654999999992
2019-04-01 02:45:00,139.09404999999992
2019-04-01 03:00:00,139.06274999999994
2019-04-01 03:15:00,139.12524999999994
2019-04-01 03:30:00,139.18774999999994
2019-04-01 03:45:00,139.21904999999992
2019-04-01 04:00:00,139.25024999999994
2019-04-01 04:15:00,139.21904999999992
2019-04-01 04:30:00,139.25024999999994
2019-04-01 04:45:00,139.21904999999992
2019-04-01 05:15:00,139.21904999999992
2019-04-01 05:30:00,139.21904999999992
2019-04-01 05:45:00,139.25024999999994
2019-04-01 06:15:00,139.21904999999992
2019-04-01 06:30:00,139.21904999999992
2019-04-01 06:45:00,139.18774999999994
2019-04-01 07:00:00,139.09404999999992
2019-04-01 07:15:00,139.09404999999992
2019-04-01 07:30:00,139.00024999999994
2019-04-01 07:45:00,139.06274999999994
2019-04-01 08:00:00,139.12524999999994
2019-04-01 08:15:00,139.12524999999994
2019-04-01 08:30:00,139.12524999999994
2019-04-01 08:45:00,139.09404999999992
2019-04-01 09:00:00,139.18774999999994
2019-04-01 09:15:00,139.03154999999992
2019-04-01 09:30:00,139.00024999999994
2019-04-01 09:45:00,139.12524999999994
2019-04-01 10:00:00,139.21904999999992
2019-04-01 10:15:00,139.12524999999994
2019-04-01 10:30:00,139.09404999999992
2019-04-01 10:45:00,139.03154999999992
2019-04-01 11:00:00,139.00024999999994
2019-04-01 11:15:00,139.00024999999994
2019-04-01 11:30:00,139.03154999999992
2019-04-01 11:45:00,139.03154999999992
2019-04-01 12:00:00,139.00024999999994
2019-04-01 12:15:00,138.96904999999992
2019-04-01 12:30:00,139.00024999999994
2019-04-01 12:45:00,138.96904999999992
2019-04-01 13:00:00,139.00024999999994
2019-04-01 13:15:00,139.09404999999992
2019-04-01 13:30:00,139.12524999999994
2019-04-01 13:45:00,139.00024999999994
2019-04-01 14:00:00,139.12524999999994
2019-04-01 14:15:00,138.96904999999992
2019-04-01 14:30:00,138.93774999999994
2019-04-01 14:45:00,138.90654999999992
2019-04-01 15:00:00,138.53154999999992
2019-04-01 15:15:00,138.34404999999992
2019-04-01 15:30:00,138.25024999999994
2019-04-01 15:45:00,138.37524999999994
2019-04-01 16:00:00,138.31274999999994
2019-04-01 16:15:00,138.34404999999992
2019-04-01 16:30:00,138.37524999999994
2019-04-01 16:45:00,138.15654999999992
2019-04-01 17:00:00,138.18774999999994
2019-04-01 17:15:00,138.25024999999994
2019-04-01 17:30:00,138.09404999999992
2019-04-01 17:45:00,138.06274999999994
2019-04-01 18:00:00,138.09404999999992
2019-04-01 18:15:00,138.00024999999994
2019-04-01 18:30:00,138.03154999999992
2019-04-01 18:45:00,138.09404999999992
2019-04-01 19:00:00,138.09404999999992
2019-04-01 19:15:00,138.00024999999994
2019-04-01 19:30:00,138.06274999999994
2019-04-01 19:45:00,138.09404999999992
2019-04-01 20:00:00,138.15654999999992
2019-04-01 20:15:00,138.09404999999992
2019-04-01 20:30:00,138.09404999999992
2019-04-01 20:45:00,138.06274999999994
2019-04-01 21:00:00,137.93774999999994
2019-04-01 21:15:00,137.90654999999992
2019-04-01 21:30:00,138.00024999999994
2019-04-01 21:45:00,138.00024999999994
2019-04-01 23:00:00,139.25024999999994
2019-04-01 23:15:00,138.18774999999994
2019-04-01 23:30:00,138.18774999999994
2019-04-01 23:45:00,138.15654999999992
2019-04-02 00:00:00,138.18774999999994
2019-04-02 00:15:00,138.18774999999994
2019-04-02 00:30:00,138.18774999999994
2019-04-02 00:45:00,138.15654999999992
2019-04-02 01:00:00,138.28154999999992
2019-04-02 01:15:00,138.28154999999992
2019-04-02 01:30:00,138.28154999999992
2019-04-02 01:45:00,138.31274999999994
2019-04-02 02:00:00,138.28154999999992
2019-04-02 02:15:00,138.34404999999992
2019-04-02 02:30:00,138.37524999999994
2019-04-02 02:45:00,138.40654999999992
2019-04-02 03:00:00,138.40654999999992
2019-04-02 03:15:00,138.34404999999992
2019-04-02 03:30:00,138.31274999999994
2019-04-02 03:45:00,138.34404999999992
2019-04-02 04:00:00,138.31274999999994
2019-04-02 04:15:00,138.37524999999994
2019-04-02 04:30:00,138.43774999999994
2019-04-02 04:45:00,138.43774999999994
2019-04-02 05:15:00,138.37524999999994
2019-04-02 05:30:00,138.40654999999992
2019-04-02 05:45:00,138.43774999999994
2019-04-02 06:15:00,138.40654999999992
2019-04-02 06:30:00,138.37524999999994
2019-04-02 06:45:00,138.34404999999992
2019-04-02 07:00:00,138.43774999999994
2019-04-02 07:15:00,138.37524999999994
2019-04-02 07:30:00,138.31274999999994
2019-04-02 07:45:00,138.28154999999992
2019-04-02 08:00:00,138.25024999999994
2019-04-02 08:15:00,138.34404999999992
2019-04-02 08:30:00,138.37524999999994
2019-04-02 08:45:00,138.34404999999992
2019-04-02 09:00:00,138.31274999999994
2019-04-02 09:15:00,138.31274999999994
2019-04-02 09:30:00,138.31274999999994
2019-04-02 09:45:00,138.34404999999992
2019-04-02 10:00:00,138.40654999999992
2019-04-02 10:15:00,138.37524999999994
2019-04-02 10:30:00,138.40654999999992
2019-04-02 10:45:00,138.40654999999992
2019-04-02 11:00:00,138.37524999999994
2019-04-02 11:15:00,138.34404999999992
2019-04-02 11:30:00,138.28154999999992
2019-04-02 11:45:00,138.28154999999992
2019-04-02 12:00:00,138.34404999999992
2019-04-02 12:15:00,138.46904999999992
2019-04-02 12:30:00,138.43774999999994
2019-04-02 12:45:00,138.40654999999992
2019-04-02 13:00:00,138.53154999999992
2019-04-02 13:15:00,138.40654999999992
2019-04-02 13:30:00,138.37524999999994
2019-04-02 13:45:00,138.25024999999994
2019-04-02 14:00:00,138.21904999999992
2019-04-02 14:15:00,138.18774999999994
2019-04-02 14:30:00,138.25024999999994
2019-04-02 14:45:00,138.03154999999992
2019-04-02 15:00:00,138.18774999999994
2019-04-02 15:15:00,138.15654999999992
2019-04-02 15:30:00,138.09404999999992
2019-04-02 15:45:00,138.28154999999992
2019-04-02 16:00:00,138.34404999999992
2019-04-02 16:15:00,138.31274999999994
2019-04-02 16:30:00,138.28154999999992
2019-04-02 16:45:00,138.28154999999992
2019-04-02 17:00:00,138.28154999999992
2019-04-02 17:15:00,138.31274999999994
2019-04-02 17:30:00,138.12524999999994
2019-04-02 17:45:00,138.06274999999994
2019-04-02 18:00:00,138.00024999999994
2019-04-02 18:15:00,138.03154999999992
2019-04-02 18:30:00,138.00024999999994
2019-04-02 18:45:00,138.15654999999992
2019-04-02 19:00:00,138.12524999999994
2019-04-02 19:15:00,138.21904999999992
2019-04-02 19:30:00,138.25024999999994
2019-04-02 19:45:00,138.18774999999994
2019-04-02 20:00:00,138.25024999999994
2019-04-02 20:15:00,138.25024999999994
2019-04-02 20:30:00,138.21904999999992
2019-04-02 20:45:00,138.28154999999992
2019-04-02 21:00:00,138.31274999999994
2019-04-02 21:15:00,138.37524999999994
2019-04-02 21:30:00,138.31274999999994
2019-04-02 21:45:00,138.25024999999994
2019-04-02 23:00:00,138.37524999999994
2019-04-02 23:15:00,138.25024999999994
2019-04-02 23:30:00,138.25024999999994
2019-04-02 23:45:00,138.28154999999992
2019-04-03 00:00:00,138.25024999999994
2019-04-03 00:15:00,138.28154999999992
2019-04-03 00:30:00,138.25024999999994
2019-04-03 00:45:00,138.28154999999992
2019-04-03 01:00:00,138.31274999999994
2019-04-03 01:15:00,138.34404999999992
2019-04-03 01:30:00,137.96904999999992
2019-04-03 01:45:00,137.87524999999994
2019-04-03 02:00:00,137.96904999999992
2019-04-03 02:15:00,137.93774999999994
2019-04-03 02:30:00,137.84404999999992
2019-04-03 02:45:00,137.81274999999994
2019-04-03 03:00:00,137.78154999999992
2019-04-03 03:15:00,137.75024999999994
2019-04-03 03:30:00,137.75024999999994
2019-04-03 03:45:00,137.75024999999994
2019-04-03 04:00:00,137.75024999999994
2019-04-03 04:15:00,137.78154999999992
2019-04-03 04:30:00,137.71904999999992
2019-04-03 04:45:00,137.78154999999992
2019-04-03 05:15:00,137.78154999999992
2019-04-03 05:30:00,137.78154999999992
2019-04-03 05:45:00,137.75024999999994
2019-04-03 06:15:00,137.71904999999992
2019-04-03 06:30:00,137.71904999999992
2019-04-03 06:45:00,137.68774999999994
2019-04-03 07:00:00,137.62524999999994
2019-04-03 07:15:00,137.56274999999994
2019-04-03 07:30:00,137.53154999999992
2019-04-03 07:45:00,137.53154999999992
2019-04-03 08:00:00,137.46904999999992
2019-04-03 08:15:00,137.50024999999994
2019-04-03 08:30:00,137.46904999999992
2019-04-03 08:45:00,137.40654999999992
2019-04-03 09:00:00,137.46904999999992
2019-04-03 09:15:00,137.40654999999992
2019-04-03 09:30:00,137.46904999999992
2019-04-03 09:45:00,137.50024999999994
2019-04-03 10:00:00,137.46904999999992
2019-04-03 10:15:00,137.43774999999994
2019-04-03 10:30:00,137.40654999999992
2019-04-03 10:45:00,137.34404999999992
2019-04-03 11:00:00,137.40654999999992
2019-04-03 11:15:00,137.50024999999994
2019-04-03 11:30:00,137.53154999999992
2019-04-03 11:45:00,137.53154999999992
2019-04-03 12:00:00,137.46904999999992
2019-04-03 12:15:00,137.46904999999992
2019-04-03 12:30:00,137.50024999999994
2019-04-03 12:45:00,137.53154999999992
2019-04-03 13:00:00,137.46904999999992
2019-04-03 13:15:00,137.59404999999992
2019-04-03 13:30:00,137.46904999999992
2019-04-03 13:45:00,137.40654999999992
2019-04-03 14:00:00,137.56274999999994
2019-04-03 14:15:00,137.43774999999994
2019-04-03 14:30:00,137.40654999999992
2019-04-03 14:45:00,137.34404999999992
2019-04-03 15:00:00,137.56274999999994
2019-04-03 15:15:00,137.50024999999994
2019-04-03 15:30:00,137.53154999999992
2019-04-03 15:45:00,137.50024999999994
2019-04-03 16:00:00,137.50024999999994
2019-04-03 16:15:00,137.53154999999992
2019-04-03 16:30:00,137.50024999999994
2019-04-03 16:45:00,137.37524999999994
2019-04-03 17:00:00,137.37524999999994
2019-04-03 17:15:00,137.34404999999992
2019-04-03 17:30:00,137.37524999999994
2019-04-03 17:45:00,137.43774999999994
2019-04-03 18:00:00,137.43774999999994
2019-04-03 18:15:00,137.40654999999992
2019-04-03 18:30:00,137.43774999999994
2019-04-03 18:45:00,137.50024999999994
2019-04-03 19:00:00,137.46904999999992
2019-04-03 19:15:00,137.37524999999994
2019-04-03 19:30:00,137.40654999999992
2019-04-03 19:45:00,137.37524999999994
2019-04-03 20:00:00,137.46904999999992
2019-04-03 20:15:00,137.31274999999994
2019-04-03 20:30:00,137.34404999999992
2019-04-03 20:45:00,137.34404999999992
2019-04-03 21:00:00,137.34404999999992
2019-04-03 21:15:00,137.28154999999992
2019-04-03 21:30:00,137.21904999999992
2019-04-03 21:45:00,137.28154999999992
2019-04-03 23:00:00,137.75024999999994
2019-04-03 23:15:00,137.28154999999992
2019-04-03 23:30:00,137.31274999999994
2019-04-03 23:45:00,137.34404999999992
2019-04-04 00:00:00,137.31274999999994
2019-04-04 00:15:00,137.31274999999994
2019-04-04 00:30:00,137.34404999999992
2019-04-04 00:45:00,137.34404999999992
2019-04-04 01:00:00,137.37524999999994
2019-04-04 01:15:00,137.34404999999992
2019-04-04 01:30:00,137.34404999999992
2019-04-04 01:45:00,137.34404999999992
2019-04-04 02:00:00,137.34404999999992
2019-04-04 02:15:00,137.34404999999992
2019-04-04 02:30:00,137.25024999999994
2019-04-04 02:45:00,137.21904999999992
2019-04-04 03:00:00,137.28154999999992
2019-04-04 03:15:00,137.34404999999992
2019-04-04 03:30:00,137.31274999999994
2019-04-04 03:45:00,137.34404999999992
2019-04-04 04:00:00,137.43774999999994
2019-04-04 04:15:00,137.40654999999992
2019-04-04 04:30:00,137.43774999999994
2019-04-04 04:45:00,137.43774999999994
2019-04-04 05:15:00,137.43774999999994
2019-04-04 05:30:00,137.46904999999992
2019-04-04 05:45:00,137.43774999999994
2019-04-04 06:15:00,137.40654999999992
2019-04-04 06:30:00,137.40654999999992
2019-04-04 06:45:00,137.34404999999992
2019-04-04 07:00:00,137.50024999999994
2019-04-04 07:15:00,137.50024999999994
2019-04-04 07:30:00,137.59404999999992
2019-04-04 07:45:00,137.56274999999994
2019-04-04 08:00:00,137.59404999999992
2019-04-04 08:15:00,137.53154999999992
2019-04-04 08:30:00,137.46904999999992
2019-04-04 08:45:00,137.59404999999992
2019-04-04 09:00:00,137.59404999999992
2019-04-04 09:15:00,137.56274999999994
2019-04-04 09:30:00,137.53154999999992
2019-04-04 09:45:00,137.56274999999994
2019-04-04 10:00:00,137.59404999999992
2019-04-04 10:15:00,137.59404999999992
2019-04-04 10:30:00,137.62524999999994
2019-04-04 10:45:00,137.59404999999992
2019-04-04 11:00:00,137.53154999999992
2019-04-04 11:15:00,137.53154999999992
2019-04-04 11:30:00,137.65654999999992
2019-04-04 11:45:00,137.56274999999994
2019-04-04 12:00:00,137.56274999999994
2019-04-04 12:15:00,137.56274999999994
2019-04-04 12:30:00,137.59404999999992
2019-04-04 12:45:00,137.56274999999994
2019-04-04 13:00:00,137.53154999999992
2019-04-04 13:15:00,137.46904999999992
2019-04-04 13:30:00,137.34404999999992
2019-04-04 13:45:00,137.31274999999994
2019-04-04 14:00:00,137.40654999999992
2019-04-04 14:15:00,137.46904999999992
2019-04-04 14:30:00,137.40654999999992
2019-04-04 14:45:00,137.43774999999994
2019-04-04 15:00:00,137.50024999999994
2019-04-04 15:15:00,137.53154999999992
2019-04-04 15:30:00,137.53154999999992
2019-04-04 15:45:00,137.50024999999994
2019-04-04 16:00:00,137.62524999999994
2019-04-04 16:15:00,137.65654999999992
2019-04-04 16:30:00,137.56274999999994
2019-04-04 16:45:00,137.59404999999992
2019-04-04 17:00:00,137.56274999999994
2019-04-04 17:15:00,137.56274999999994
2019-04-04 17:30:00,137.59404999999992
2019-04-04 17:45:00,137.56274999999994
2019-04-04 18:00:00,137.59404999999992
2019-04-04 18:15:00,137.68774999999994
2019-04-04 18:30:00,137.62524999999994
2019-04-04 18:45:00,137.62524999999994
2019-04-04 19:00:00,137.59404999999992
2019-04-04 19:15:00,137.65654999999992
2019-04-04 19:30:00,137.59404999999992
2019-04-04 19:45:00,137.56274999999994
2019-04-04 20:00:00,137.50024999999994
2019-04-04 20:15:00,137.59404999999992
2019-04-04 20:30:00,137.53154999999992
2019-04-04 20:45:00,137.65654999999992
2019-04-04 21:00:00,137.62524999999994
2019-04-04 21:15:00,137.59404999999992
2019-04-04 21:30:00,137.50024999999994
2019-04-04 21:45:00,137.46904999999992
2019-04-04 23:00:00,137.43774999999994
2019-04-04 23:15:00,137.50024999999994
2019-04-04 23:30:00,137.50024999999994
2019-04-04 23:45:00,137.53154999999992
2019-04-05 00:00:00,137.53154999999992
2019-04-05 00:15:00,137.50024999999994
2019-04-05 00:30:00,137.50024999999994
2019-04-05 00:45:00,137.50024999999994
2019-04-05 01:00:00,137.25024999999994
2019-04-05 01:15:00,137.15654999999992
2019-04-05 01:30:00,137.28154999999992
2019-04-05 01:45:00,137.25024999999994
2019-04-05 02:00:00,137.28154999999992
2019-04-05 02:15:00,137.25024999999994
2019-04-05 02:30:00,137.25024999999994
2019-04-05 02:45:00,137.28154999999992
2019-04-05 03:00:00,137.25024999999994
2019-04-05 03:15:00,137.28154999999992
2019-04-05 03:30:00,137.25024999999994
2019-04-05 03:45:00,137.25024999999994
2019-04-05 04:00:00,137.18774999999994
2019-04-05 04:15:00,137.21904999999992
2019-04-05 04:30:00,137.21904999999992
2019-04-05 04:45:00,137.21904999999992
2019-04-05 05:15:00,137.21904999999992
2019-04-05 05:30:00,137.21904999999992
2019-04-05 05:45:00,137.21904999999992
2019-04-05 06:15:00,137.21904999999992
2019-04-05 06:30:00,137.25024999999994
2019-04-05 06:45:00,137.21904999999992
2019-04-05 07:00:00,137.18774999999994
2019-04-05 07:15:00,137.18774999999994
2019-04-05 07:30:00,137.21904999999992
2019-04-05 07:45:00,137.25024999999994
2019-04-05 08:00:00,137.31274999999994
2019-04-05 08:15:00,137.34404999999992
2019-04-05 08:30:00,137.34404999999992
2019-04-05 08:45:00,137.34404999999992
2019-04-05 09:00:00,137.28154999999992
2019-04-05 09:15:00,137.25024999999994
2019-04-05 09:30:00,137.25024999999994
2019-04-05 09:45:00,137.21904999999992
2019-04-05 10:00:00,137.25024999999994
2019-04-05 10:15:00,137.18774999999994
2019-04-05 10:30:00,137.15654999999992
2019-04-05 10:45:00,137.15654999999992
2019-04-05 11:00:00,137.15654999999992
2019-04-05 11:15:00,137.09404999999992
2019-04-05 11:30:00,137.09404999999992
2019-04-05 11:45:00,137.06274999999994
2019-04-05 12:00:00,137.03154999999992
2019-04-05 12:15:00,137.00024999999994
2019-04-05 12:30:00,137.03154999999992
2019-04-05 12:45:00,137.03154999999992
2019-04-05 13:00:00,137.12524999999994
2019-04-05 13:15:00,137.09404999999992
2019-04-05 13:30:00,136.96904999999992
2019-04-05 13:45:00,137.46904999999992
2019-04-05 14:00:00,137.56274999999994
2019-04-05 14:15:00,137.46904999999992
2019-04-05 14:30:00,137.65654999999992
2019-04-05 14:45:00,137.68774999999994
2019-04-05 15:00:00,137.93774999999994
2019-04-05 15:15:00,137.93774999999994
2019-04-05 15:30:00,137.84404999999992
2019-04-05 15:45:00,137.90654999999992
2019-04-05 16:00:00,137.71904999999992
2019-04-05 16:15:00,137.75024999999994
2019-04-05 16:30:00,137.68774999999994
2019-04-05 16:45:00,137.81274999999994
2019-04-05 17:00:00,137.78154999999992
2019-04-05 17:15:00,137.78154999999992
2019-04-05 17:30:00,137.78154999999992
2019-04-05 17:45:00,137.71904999999992
2019-04-05 18:00:00,137.75024999999994
2019-04-05 18:15:00,137.78154999999992
2019-04-05 18:30:00,137.71904999999992
2019-04-05 18:45:00,137.71904999999992
2019-04-05 19:00:00,137.84404999999992
2019-04-05 19:15:00,137.84404999999992
2019-04-05 19:30:00,137.84404999999992
2019-04-05 19:45:00,137.81274999999994
2019-04-05 20:00:00,137.87524999999994
2019-04-05 20:15:00,137.87524999999994
2019-04-05 20:30:00,137.81274999999994
2019-04-05 20:45:00,137.84404999999992
2019-04-05 21:00:00,137.84404999999992
2019-04-05 21:15:00,137.84404999999992
2019-04-05 21:30:00,137.87524999999994
2019-04-05 21:45:00,137.87524999999994
2019-04-05 23:00:00,137.21904999999992
2019-04-07 23:00:00,137.84404999999992
2019-04-07 23:15:00,137.84404999999992
2019-04-07 23:30:00,137.84404999999992
2019-04-07 23:45:00,137.84404999999992
2019-04-08 00:00:00,137.84404999999992
2019-04-08 00:15:00,137.84404999999992
2019-04-08 00:30:00,137.81274999999994
2019-04-08 00:45:00,137.81274999999994
2019-04-08 01:00:00,137.81274999999994
2019-04-08 01:15:00,137.81274999999994
2019-04-08 01:30:00,137.81274999999994
2019-04-08 01:45:00,137.87524999999994
2019-04-08 02:00:00,137.84404999999992
2019-04-08 02:15:00,137.84404999999992
2019-04-08 02:30:00,137.84404999999992
2019-04-08 02:45:00,137.90654999999992
2019-04-08 03:00:00,137.93774999999994
2019-04-08 03:15:00,137.93774999999994
2019-04-08 03:30:00,137.93774999999994
2019-04-08 03:45:00,137.96904999999992
2019-04-08 04:00:00,137.93774999999994
2019-04-08 04:15:00,137.96904999999992
2019-04-08 04:30:00,137.96904999999992
2019-04-08 04:45:00,138.00024999999994
2019-04-08 05:15:00,138.06274999999994
2019-04-08 05:30:00,138.03154999999992
2019-04-08 05:45:00,137.96904999999992
2019-04-08 06:15:00,138.03154999999992
2019-04-08 06:30:00,138.03154999999992
2019-04-08 06:45:00,138.03154999999992
2019-04-08 07:00:00,137.96904999999992
2019-04-08 07:15:00,137.90654999999992
2019-04-08 07:30:00,137.90654999999992
2019-04-08 07:45:00,137.96904999999992
2019-04-08 08:00:00,137.93774999999994
2019-04-08 08:15:00,137.87524999999994
2019-04-08 08:30:00,137.93774999999994
2019-04-08 08:45:00,137.96904999999992
2019-04-08 09:00:00,137.93774999999994
2019-04-08 09:15:00,137.81274999999994
2019-04-08 09:30:00,137.78154999999992
2019-04-08 09:45:00,137.81274999999994
2019-04-08 10:00:00,137.81274999999994
2019-04-08 10:15:00,137.78154999999992
2019-04-08 10:30:00,137.81274999999994
2019-04-08 10:45:00,137.81274999999994
2019-04-08 11:00:00,137.71904999999992
2019-04-08 11:15:00,137.75024999999994
2019-04-08 11:30:00,137.75024999999994
2019-04-08 11:45:00,137.68774999999994
2019-04-08 12:00:00,137.65654999999992
2019-04-08 12:15:00,137.71904999999992
2019-04-08 12:30:00,137.78154999999992
2019-04-08 12:45:00,137.75024999999994
2019-04-08 13:00:00,137.68774999999994
2019-04-08 13:15:00,137.56274999999994
2019-04-08 13:30:00,137.62524999999994
2019-04-08 13:45:00,137.59404999999992
2019-04-08 14:00:00,137.71904999999992
2019-04-08 14:15:00,137.68774999999994
2019-04-08 14:30:00,137.78154999999992
2019-04-08 14:45:00,137.65654999999992
2019-04-08 15:00:00,137.56274999999994
2019-04-08 15:15:00,137.53154999999992
2019-04-08 15:30:00,137.59404999999992
2019-04-08 15:45:00,137.65654999999992
2019-04-08 16:00:00,137.59404999999992
2019-04-08 16:15:00,137.65654999999992
2019-04-08 16:30:00,137.59404999999992
2019-04-08 16:45:00,137.50024999999994
2019-04-08 17:00:00,137.50024999999994
2019-04-08 17:15:00,137.50024999999994
2019-04-08 17:30:00,137.46904999999992
2019-04-08 17:45:00,137.50024999999994
2019-04-08 18:00:00,137.46904999999992
2019-04-08 18:15:00,137.50024999999994
2019-04-08 18:30:00,137.50024999999994
2019-04-08 18:45:00,137.56274999999994
2019-04-08 19:00:00,137.53154999999992
2019-04-08 19:15:00,137.53154999999992
2019-04-08 19:30:00,137.50024999999994
2019-04-08 19:45:00,137.50024999999994
2019-04-08 20:00:00,137.50024999999994
2019-04-08 20:15:00,137.46904999999992
2019-04-08 20:30:00,137.43774999999994
2019-04-08 20:45:00,137.46904999999992
2019-04-08 21:00:00,137.50024999999994
2019-04-08 21:15:00,137.50024999999994
2019-04-08 21:30:00,137.50024999999994
2019-04-08 21:45:00,137.43774999999994
2019-04-08 23:00:00,138.00024999999994
2019-04-08 23:15:00,137.50024999999994
2019-04-08 23:30:00,137.50024999999994
2019-04-08 23:45:00,137.56274999999994
2019-04-09 00:00:00,137.56274999999994
2019-04-09 00:15:00,137.56274999999994
2019-04-09 00:30:00,137.56274999999994
2019-04-09 00:45:00,137.56274999999994
2019-04-09 01:00:00,137.56274999999994
2019-04-09 01:15:00,137.50024999999994
2019-04-09 01:30:00,137.56274999999994
2019-04-09 01:45:00,137.56274999999994
2019-04-09 02:00:00,137.56274999999994
2019-04-09 02:15:00,137.56274999999994
2019-04-09 02:30:00,137.56274999999994
2019-04-09 02:45:00,137.56274999999994
2019-04-09 03:00:00,137.56274999999994
2019-04-09 03:15:00,137.56274999999994
2019-04-09 03:30:00,137.56274999999994
2019-04-09 03:45:00,137.53154999999992
2019-04-09 04:00:00,137.56274999999994
2019-04-09 04:15:00,137.56274999999994
2019-04-09 04:30:00,137.50024999999994
2019-04-09 04:45:00,137.46904999999992
2019-04-09 05:15:00,137.46904999999992
2019-04-09 05:30:00,137.46904999999992
2019-04-09 06:15:00,137.46904999999992
2019-04-09 06:30:00,137.50024999999994
2019-04-09 06:45:00,137.53154999999992
2019-04-09 07:00:00,137.56274999999994
2019-04-09 07:15:00,137.56274999999994
2019-04-09 07:30:00,137.56274999999994
2019-04-09 07:45:00,137.62524999999994
2019-04-09 08:00:00,137.65654999999992
2019-04-09 08:15:00,137.59404999999992
2019-04-09 08:30:00,137.62524999999994
2019-04-09 08:45:00,137.71904999999992
2019-04-09 09:00:00,137.71904999999992
2019-04-09 09:15:00,137.68774999999994
2019-04-09 09:30:00,137.50024999999994
2019-04-09 09:45:00,137.56274999999994
2019-04-09 10:00:00,137.68774999999994
2019-04-09 10:15:00,137.62524999999994
2019-04-09 10:30:00,137.59404999999992
2019-04-09 10:45:00,137.59404999999992
2019-04-09 11:00:00,137.62524999999994
2019-04-09 11:15:00,137.56274999999994
2019-04-09 11:30:00,137.56274999999994
2019-04-09 11:45:00,137.56274999999994
2019-04-09 12:00:00,137.56274999999994
2019-04-09 12:15:00,137.50024999999994
2019-04-09 12:30:00,137.46904999999992
2019-04-09 12:45:00,137.46904999999992
2019-04-09 13:00:00,137.56274999999994
2019-04-09 13:15:00,137.65654999999992
2019-04-09 13:30:00,137.75024999999994
2019-04-09 13:45:00,137.78154999999992
2019-04-09 14:00:00,137.84404999999992
2019-04-09 14:15:00,138.06274999999994
2019-04-09 14:30:00,138.12524999999994
2019-04-09 14:45:00,137.93774999999994
2019-04-09 15:00:00,137.96904999999992
2019-04-09 15:15:00,138.00024999999994
2019-04-09 15:30:00,137.93774999999994
2019-04-09 15:45:00,137.90654999999992
2019-04-09 16:00:00,137.90654999999992
2019-04-09 16:15:00,137.93774999999994
2019-04-09 16:30:00,138.00024999999994
2019-04-09 16:45:00,138.03154999999992
2019-04-09 17:00:00,137.93774999999994
2019-04-09 17:15:00,137.90654999999992
2019-04-09 17:30:00,137.93774999999994
2019-04-09 17:45:00,137.96904999999992
2019-04-09 18:00:00,137.84404999999992
2019-04-09 18:15:00,137.87524999999994
2019-04-09 18:30:00,137.84404999999992
2019-04-09 18:45:00,137.87524999999994
2019-04-09 19:00:00,137.90654999999992
2019-04-09 19:15:00,137.90654999999992
2019-04-09 19:30:00,137.90654999999992
2019-04-09 19:45:00,137.84404999999992
2019-04-09 20:00:00,137.81274999999994
2019-04-09 20:15:00,137.75024999999994
2019-04-09 20:30:00,137.84404999999992
2019-04-09 20:45:00,137.87524999999994
2019-04-09 21:00:00,137.78154999999992
2019-04-09 21:15:00,137.78154999999992
2019-04-09 21:30:00,137.81274999999994
2019-04-09 21:45:00,137.78154999999992
2019-04-09 23:00:00,137.46904999999992
2019-04-09 23:15:00,137.78154999999992
2019-04-09 23:30:00,137.75024999999994
2019-04-09 23:45:00,137.78154999999992
2019-04-10 00:00:00,137.78154999999992
2019-04-10 00:15:00,137.81274999999994
2019-04-10 00:30:00,137.81274999999994
2019-04-10 00:45:00,137.81274999999994
2019-04-10 01:00:00,137.81274999999994
2019-04-10 01:15:00,137.84404999999992
2019-04-10 01:30:00,137.84404999999992
2019-04-10 01:45:00,137.90654999999992
2019-04-10 02:00:00,137.87524999999994
2019-04-10 02:15:00,137.90654999999992
2019-04-10 02:30:00,137.96904999999992
2019-04-10 02:45:00,137.93774999999994
2019-04-10 03:00:00,137.96904999999992
2019-04-10 03:15:00,138.00024999999994
2019-04-10 03:30:00,138.00024999999994
2019-04-10 03:45:00,137.96904999999992
2019-04-10 04:00:00,137.96904999999992
2019-04-10 04:15:00,137.96904999999992
2019-04-10 04:30:00,137.93774999999994
2019-04-10 04:45:00,137.93774999999994
2019-04-10 05:15:00,137.96904999999992
2019-04-10 05:30:00,137.96904999999992
2019-04-10 05:45:00,137.96904999999992
2019-04-10 06:15:00,137.96904999999992
2019-04-10 06:30:00,137.96904999999992
2019-04-10 06:45:00,137.93774999999994
2019-04-10 07:00:00,137.93774999999994
2019-04-10 07:15:00,137.93774999999994
2019-04-10 07:30:00,137.93774999999994
2019-04-10 07:45:00,137.96904999999992
2019-04-10 08:00:00,137.96904999999992
2019-04-10 08:15:00,137.93774999999994
2019-04-10 08:30:00,137.93774999999994
2019-04-10 08:45:00,137.90654999999992
2019-04-10 09:00:00,137.93774999999994
2019-04-10 09:15:00,137.90654999999992
2019-04-10 09:30:00,137.90654999999992
2019-04-10 09:45:00,137.93774999999994
2019-04-10 10:00:00,137.90654999999992
2019-04-10 10:15:00,137.93774999999994
2019-04-10 10:30:00,137.84404999999992
2019-04-10 10:45:00,137.87524999999994
2019-04-10 11:00:00,137.81274999999994
2019-04-10 11:15:00,137.81274999999994
2019-04-10 11:30:00,137.71904999999992
2019-04-10 11:45:00,137.75024999999994
2019-04-10 12:00:00,137.75024999999994
2019-04-10 12:15:00,137.75024999999994
2019-04-10 12:30:00,137.68774999999994
2019-04-10 12:45:00,137.81274999999994
2019-04-10 13:00:00,137.75024999999994
2019-04-10 13:15:00,137.81274999999994
2019-04-10 13:30:00,137.93774999999994
2019-04-10 13:45:00,137.90654999999992
2019-04-10 14:00:00,138.03154999999992
2019-04-10 14:15:00,138.15654999999992
2019-04-10 14:30:00,138.25024999999994
2019-04-10 14:45:00,138.28154999999992
2019-04-10 15:00:00,138.34404999999992
2019-04-10 15:15:00,138.28154999999992
2019-04-10 15:30:00,138.21904999999992
2019-04-10 15:45:00,138.21904999999992
2019-04-10 16:00:00,138.25024999999994
2019-04-10 16:15:00,138.21904999999992
2019-04-10 16:30:00,138.25024999999994
2019-04-10 16:45:00,138.15654999999992
2019-04-10 17:00:00,138.15654999999992
2019-04-10 17:15:00,138.28154999999992
2019-04-10 17:30:00,138.28154999999992
2019-04-10 17:45:00,138.15654999999992
2019-04-10 18:00:00,138.28154999999992
2019-04-10 18:15:00,138.31274999999994
2019-04-10 18:30:00,138.31274999999994
2019-04-10 18:45:00,138.34404999999992
2019-04-10 19:00:00,138.12524999999994
2019-04-10 19:15:00,138.06274999999994
2019-04-10 19:30:00,138.09404999999992
2019-04-10 19:45:00,138.12524999999994
2019-04-10 20:00:00,138.15654999999992
2019-04-10 20:15:00,138.18774999999994
2019-04-10 20:30:00,138.28154999999992
2019-04-10 20:45:00,138.15654999999992
2019-04-10 21:00:00,138.25024999999994
2019-04-10 21:15:00,138.25024999999994
2019-04-10 21:30:00,138.31274999999994
2019-04-10 21:45:00,138.25024999999994
2019-04-10 23:00:00,137.93774999999994
2019-04-10 23:15:00,138.25024999999994
2019-04-10 23:30:00,138.21904999999992
2019-04-10 23:45:00,138.25024999999994
2019-04-11 00:00:00,138.25024999999994
2019-04-11 00:15:00,138.25024999999994
2019-04-11 00:30:00,138.25024999999994
2019-04-11 00:45:00,138.21904999999992
2019-04-11 01:00:00,138.18774999999994
2019-04-11 01:15:00,138.21904999999992
2019-04-11 01:30:00,138.25024999999994
2019-04-11 01:45:00,138.21904999999992
2019-04-11 02:00:00,138.18774999999994
2019-04-11 02:15:00,138.18774999999994
2019-04-11 02:30:00,138.15654999999992
2019-04-11 02:45:00,138.18774999999994
2019-04-11 03:00:00,138.15654999999992
2019-04-11 03:15:00,138.15654999999992
2019-04-11 03:30:00,138.15654999999992
2019-04-11 03:45:00,138.15654999999992
2019-04-11 04:00:00,138.15654999999992
2019-04-11 04:15:00,138.18774999999994
2019-04-11 04:30:00,138.18774999999994
2019-04-11 04:45:00,138.18774999999994
2019-04-11 05:15:00,138.15654999999992
2019-04-11 05:30:00,138.12524999999994
2019-04-11 05:45:00,138.15654999999992
2019-04-11 06:15:00,138.15654999999992
2019-04-11 06:30:00,138.18774999999994
2019-04-11 06:45:00,138.15654999999992
2019-04-11 07:00:00,138.15654999999992
2019-04-11 07:15:00,138.15654999999992
2019-04-11 07:30:00,138.12524999999994
2019-04-11 07:45:00,138.09404999999992
2019-04-11 08:00:00,138.15654999999992
2019-04-11 08:15:00,138.12524999999994
2019-04-11 08:30:00,138.15654999999992
2019-04-11 08:45:00,138.12524999999994
2019-04-11 09:00:00,138.12524999999994
2019-04-11 09:15:00,138.15654999999992
2019-04-11 09:30:00,138.15654999999992
2019-04-11 09:45:00,138.15654999999992
2019-04-11 10:00:00,138.12524999999994
2019-04-11 10:15:00,138.12524999999994
2019-04-11 10:30:00,138.12524999999994
2019-04-11 10:45:00,138.12524999999994
2019-04-11 11:00:00,138.12524999999994
2019-04-11 11:15:00,138.09404999999992
2019-04-11 11:30:00,138.12524999999994
2019-04-11 11:45:00,138.09404999999992
2019-04-11 12:00:00,138.00024999999994
2019-04-11 12:15:00,138.06274999999994
2019-04-11 12:30:00,138.03154999999992
2019-04-11 12:45:00,138.00024999999994
2019-04-11 13:00:00,137.96904999999992
2019-04-11 13:15:00,137.96904999999992
2019-04-11 13:30:00,137.84404999999992
2019-04-11 13:45:00,137.87524999999994
2019-04-11 14:00:00,137.90654999999992
2019-04-11 14:15:00,137.90654999999992
2019-04-11 14:30:00,137.87524999999994
2019-04-11 14:45:00,137.81274999999994
2019-04-11 15:00:00,137.75024999999994
2019-04-11 15:15:00,137.81274999999994
2019-04-11 15:30:00,137.81274999999994
2019-04-11 15:45:00,137.78154999999992
2019-04-11 16:00:00,137.78154999999992
2019-04-11 16:15:00,137.75024999999994
2019-04-11 16:30:00,137.81274999999994
2019-04-11 16:45:00,137.84404999999992
2019-04-11 17:00:00,137.87524999999994
2019-04-11 17:15:00,137.84404999999992
2019-04-11 17:30:00,137.75024999999994
2019-04-11 17:45:00,137.71904999999992
2019-04-11 18:00:00,137.65654999999992
2019-04-11 18:15:00,137.59404999999992
2019-04-11 18:30:00,137.62524999999994
2019-04-11 18:45:00,137.68774999999994
2019-04-11 19:00:00,137.71904999999992
2019-04-11 19:15:00,137.68774999999994
2019-04-11 19:30:00,137.62524999999994
2019-04-11 19:45:00,137.59404999999992
2019-04-11 20:00:00,137.56274999999994
2019-04-11 20:15:00,137.62524999999994
2019-04-11 20:30:00,137.62524999999994
2019-04-11 20:45:00,137.65654999999992
2019-04-11 21:00:00,137.65654999999992
2019-04-11 21:15:00,137.71904999999992
2019-04-11 21:30:00,137.71904999999992
2019-04-11 21:45:00,137.71904999999992
2019-04-11 23:00:00,138.15654999999992
2019-04-11 23:15:00,137.75024999999994
2019-04-11 23:30:00,137.78154999999992
2019-04-11 23:45:00,137.78154999999992
2019-04-12 00:00:00,137.81274999999994
2019-04-12 00:15:00,137.78154999999992
2019-04-12 00:30:00,137.81274999999994
2019-04-12 00:45:00,137.75024999999994
2019-04-12 01:00:00,137.81274999999994
2019-04-12 01:15:00,137.84404999999992
2019-04-12 01:30:00,137.78154999999992
2019-04-12 01:45:00,137.71904999999992
2019-04-12 02:00:00,137.68774999999994
2019-04-12 02:15:00,137.68774999999994
2019-04-12 02:30:00,137.78154999999992
2019-04-12 02:45:00,137.75024999999994
2019-04-12 03:00:00,137.71904999999992
2019-04-12 03:15:00,137.78154999999992
2019-04-12 03:30:00,137.78154999999992
2019-04-12 03:45:00,137.75024999999994
2019-04-12 04:00:00,137.78154999999992
2019-04-12 04:15:00,137.78154999999992
2019-04-12 04:30:00,137.75024999999994
2019-04-12 04:45:00,137.75024999999994
2019-04-12 05:15:00,137.75024999999994
2019-04-12 05:30:00,137.71904999999992
2019-04-12 05:45:00,137.68774999999994
2019-04-12 06:15:00,137.75024999999994
2019-04-12 06:30:00,137.68774999999994
2019-04-12 06:45:00,137.75024999999994
2019-04-12 07:00:00,137.78154999999992
2019-04-12 07:15:00,137.78154999999992
2019-04-12 07:30:00,137.81274999999994
2019-04-12 07:45:00,137.78154999999992
2019-04-12 08:00:00,137.84404999999992
2019-04-12 08:15:00,137.87524999999994
2019-04-12 08:30:00,137.87524999999994
2019-04-12 08:45:00,137.90654999999992
2019-04-12 09:00:00,137.75024999999994
2019-04-12 09:15:00,137.68774999999994
2019-04-12 09:30:00,137.43774999999994
2019-04-12 09:45:00,137.31274999999994
2019-04-12 10:00:00,137.28154999999992
2019-04-12 10:15:00,137.28154999999992
2019-04-12 10:30:00,137.28154999999992
2019-04-12 10:45:00,137.31274999999994
2019-04-12 11:00:00,137.06274999999994
2019-04-12 11:15:00,137.15654999999992
2019-04-12 11:30:00,137.12524999999994
2019-04-12 11:45:00,137.03154999999992
2019-04-12 12:00:00,136.93774999999994
2019-04-12 12:15:00,137.09404999999992
2019-04-12 12:30:00,136.93774999999994
2019-04-12 12:45:00,137.00024999999994
2019-04-12 13:00:00,137.03154999999992
2019-04-12 13:15:00,137.06274999999994
2019-04-12 13:30:00,136.84404999999992
2019-04-12 13:45:00,136.93774999999994
2019-04-12 14:00:00,136.96904999999992
2019-04-12 14:15:00,136.96904999999992
2019-04-12 14:30:00,136.84404999999992
2019-04-12 14:45:00,136.93774999999994
2019-04-12 15:00:00,136.96904999999992
2019-04-12 15:15:00,136.96904999999992
2019-04-12 15:30:00,137.09404999999992
2019-04-12 15:45:00,136.90654999999992
2019-04-12 16:00:00,136.87524999999994
2019-04-12 16:15:00,136.96904999999992
2019-04-12 16:30:00,136.96904999999992
2019-04-12 16:45:00,136.93774999999994
2019-04-12 17:00:00,136.90654999999992
2019-04-12 17:15:00,136.84404999999992
2019-04-12 17:30:00,136.90654999999992
2019-04-12 17:45:00,136.87524999999994
2019-04-12 18:00:00,136.96904999999992
2019-04-12 18:15:00,137.00024999999994
2019-04-12 18:30:00,136.81274999999994
2019-04-12 18:45:00,136.71904999999992
2019-04-12 19:00:00,136.75024999999994
2019-04-12 19:15:00,136.81274999999994
2019-04-12 19:30:00,136.81274999999994
2019-04-12 19:45:00,136.81274999999994
2019-04-12 20:00:00,136.71904999999992
2019-04-12 20:15:00,136.75024999999994
2019-04-12 20:30:00,136.71904999999992
2019-04-12 20:45:00,136.78154999999992
2019-04-12 21:00:00,136.78154999999992
2019-04-12 21:15:00,136.78154999999992
2019-04-12 21:30:00,136.75024999999994
2019-04-12 21:45:00,136.71904999999992
2019-04-12 23:00:00,137.71904999999992
2019-04-14 23:00:00,136.71904999999992
2019-04-14 23:15:00,136.71904999999992
2019-04-14 23:30:00,136.71904999999992
2019-04-14 23:45:00,136.75024999999994
2019-04-15 00:00:00,136.78154999999992
2019-04-15 00:15:00,136.78154999999992
2019-04-15 00:30:00,136.81274999999994
2019-04-15 00:45:00,136.81274999999994
2019-04-15 01:00:00,136.78154999999992
2019-04-15 01:15:00,136.78154999999992
2019-04-15 01:30:00,136.84404999999992
2019-04-15 01:45:00,136.81274999999994
2019-04-15 02:00:00,136.84404999999992
2019-04-15 02:15:00,136.78154999999992
2019-04-15 02:30:00,136.75024999999994
2019-04-15 02:45:00,136.78154999999992
2019-04-15 03:00:00,136.75024999999994
2019-04-15 03:15:00,136.71904999999992
2019-04-15 03:30:00,136.71904999999992
2019-04-15 03:45:00,136.75024999999994
2019-04-15 04:00:00,136.71904999999992
2019-04-15 04:15:00,136.81274999999994
2019-04-15 04:30:00,136.81274999999994
2019-04-15 04:45:00,136.78154999999992
2019-04-15 05:15:00,136.81274999999994
2019-04-15 05:30:00,136.78154999999992
2019-04-15 05:45:00,136.81274999999994
2019-04-15 06:15:00,136.81274999999994
2019-04-15 06:30:00,136.81274999999994
2019-04-15 06:45:00,136.81274999999994
2019-04-15 07:00:00,136.81274999999994
2019-04-15 07:15:00,136.71904999999992
2019-04-15 07:30:00,136.78154999999992
2019-04-15 07:45:00,136.81274999999994
2019-04-15 08:00:00,136.71904999999992
2019-04-15 08:15:00,136.62524999999994
2019-04-15 08:30:00,136.68774999999994
2019-04-15 08:45:00,136.75024999999994
2019-04-15 09:00:00,136.78154999999992
2019-04-15 09:15:00,136.81274999999994
2019-04-15 09:30:00,136.78154999999992
2019-04-15 09:45:00,136.75024999999994
2019-04-15 10:00:00,136.81274999999994
2019-04-15 10:15:00,136.81274999999994
2019-04-15 10:30:00,136.78154999999992
2019-04-15 10:45:00,136.78154999999992
2019-04-15 11:00:00,136.81274999999994
2019-04-15 11:15:00,136.78154999999992
2019-04-15 11:30:00,136.78154999999992
2019-04-15 11:45:00,136.81274999999994
2019-04-15 12:00:00,136.84404999999992
2019-04-15 12:15:00,136.78154999999992
2019-04-15 12:30:00,136.71904999999992
2019-04-15 12:45:00,136.68774999999994
2019-04-15 13:00:00,136.68774999999994
2019-04-15 13:15:00,136.84404999999992
2019-04-15 13:30:00,136.62524999999994
2019-04-15 13:45:00,136.71904999999992
2019-04-15 14:00:00,136.81274999999994
2019-04-15 14:15:00,136.81274999999994
2019-04-15 14:30:00,136.87524999999994
2019-04-15 14:45:00,136.87524999999994
2019-04-15 15:00:00,136.90654999999992
2019-04-15 15:15:00,136.90654999999992
2019-04-15 15:30:00,136.96904999999992
2019-04-15 15:45:00,136.84404999999992
2019-04-15 16:00:00,136.87524999999994
2019-04-15 16:15:00,136.87524999999994
2019-04-15 16:30:00,136.96904999999992
2019-04-15 16:45:00,136.93774999999994
2019-04-15 17:00:00,136.93774999999994
2019-04-15 17:15:00,136.87524999999994
2019-04-15 17:30:00,136.84404999999992
2019-04-15 17:45:00,136.90654999999992
2019-04-15 18:00:00,136.78154999999992
2019-04-15 18:15:00,136.84404999999992
2019-04-15 18:30:00,136.87524999999994
2019-04-15 18:45:00,136.90654999999992
2019-04-15 19:00:00,136.90654999999992
2019-04-15 19:15:00,136.93774999999994
2019-04-15 19:30:00,136.87524999999994
2019-04-15 19:45:00,136.96904999999992
2019-04-15 20:00:00,136.93774999999994
2019-04-15 20:15:00,136.93774999999994
2019-04-15 20:30:00,136.96904999999992
2019-04-15 20:45:00,137.00024999999994
2019-04-15 21:00:00,136.90654999999992
2019-04-15 21:15:00,136.84404999999992
2019-04-15 21:30:00,136.87524999999994
2019-04-15 21:45:00,136.84404999999992
2019-04-15 23:00:00,136.78154999999992
2019-04-15 23:15:00,136.84404999999992
2019-04-15 23:30:00,136.87524999999994
2019-04-15 23:45:00,136.84404999999992
2019-04-16 00:00:00,136.84404999999992
2019-04-16 00:15:00,136.84404999999992
2019-04-16 00:30:00,136.87524999999994
2019-04-16 00:45:00,136.84404999999992
2019-04-16 01:00:00,136.84404999999992
2019-04-16 01:15:00,136.90654999999992
2019-04-16 01:30:00,136.87524999999994
2019-04-16 01:45:00,136.90654999999992
2019-04-16 02:00:00,136.90654999999992
2019-04-16 02:15:00,136.90654999999992
2019-04-16 02:30:00,136.90654999999992
2019-04-16 02:45:00,136.93774999999994
2019-04-16 03:00:00,136.93774999999994
2019-04-16 03:15:00,136.93774999999994
2019-04-16 03:30:00,136.93774999999994
2019-04-16 03:45:00,136.93774999999994
2019-04-16 04:00:00,136.93774999999994
2019-04-16 04:15:00,136.93774999999994
2019-04-16 04:30:00,136.96904999999992
2019-04-16 04:45:00,136.96904999999992
2019-04-16 05:15:00,136.93774999999994
2019-04-16 05:30:00,136.93774999999994
2019-04-16 05:45:00,136.90654999999992
2019-04-16 06:15:00,136.90654999999992
2019-04-16 06:30:00,136.90654999999992
2019-04-16 06:45:00,136.90654999999992
2019-04-16 07:00:00,136.90654999999992
2019-04-16 07:15:00,136.87524999999994
2019-04-16 07:30:00,136.90654999999992
2019-04-16 07:45:00,136.90654999999992
2019-04-16 08:00:00,136.87524999999994
2019-04-16 08:15:00,136.78154999999992
2019-04-16 08:30:00,136.75024999999994
2019-04-16 08:45:00,136.68774999999994
2019-04-16 09:00:00,136.68774999999994
2019-04-16 09:15:00,136.68774999999994
2019-04-16 09:30:00,136.59404999999992
2019-04-16 09:45:00,136.53154999999992
2019-04-16 10:00:00,136.71904999999992
2019-04-16 10:15:00,136.68774999999994
2019-04-16 10:30:00,136.71904999999992
2019-04-16 10:45:00,136.87524999999994
2019-04-16 11:00:00,136.75024999999994
2019-04-16 11:15:00,136.71904999999992
2019-04-16 11:30:00,136.71904999999992
2019-04-16 11:45:00,136.65654999999992
2019-04-16 12:00:00,136.62524999999994
2019-04-16 12:15:00,136.56274999999994
2019-04-16 12:30:00,136.53154999999992
2019-04-16 12:45:00,136.59404999999992
2019-04-16 13:00:00,136.50024999999994
2019-04-16 13:15:00,136.28154999999992
2019-04-16 13:30:00,136.40654999999992
2019-04-16 13:45:00,136.46904999999992
2019-04-16 14:00:00,136.46904999999992
2019-04-16 14:15:00,136.53154999999992
2019-04-16 14:30:00,136.56274999999994
2019-04-16 14:45:00,136.50024999999994
2019-04-16 15:00:00,136.37524999999994
2019-04-16 15:15:00,136.43774999999994
2019-04-16 15:30:00,136.40654999999992
2019-04-16 15:45:00,136.40654999999992
2019-04-16 16:00:00,136.37524999999994
2019-04-16 16:15:00,136.31274999999994
2019-04-16 16:30:00,136.28154999999992
2019-04-16 16:45:00,136.31274999999994
2019-04-16 17:00:00,136.21904999999992
2019-04-16 17:15:00,136.28154999999992
2019-04-16 17:30:00,136.21904999999992
2019-04-16 17:45:00,136.18774999999994
2019-04-16 18:00:00,136.21904999999992
2019-04-16 18:15:00,136.25024999999994
2019-04-16 18:30:00,136.21904999999992
2019-04-16 18:45:00,136.25024999999994
2019-04-16 19:00:00,136.28154999999992
2019-04-16 19:15:00,136.21904999999992
2019-04-16 19:30:00,136.25024999999994
2019-04-16 19:45:00,136.21904999999992
2019-04-16 20:00:00,136.21904999999992
2019-04-16 20:15:00,136.25024999999994
2019-04-16 20:30:00,136.25024999999994
2019-04-16 20:45:00,136.28154999999992
2019-04-16 21:00:00,136.28154999999992
2019-04-16 21:15:00,136.28154999999992
2019-04-16 21:30:00,136.21904999999992
2019-04-16 21:45:00,136.25024999999994
2019-04-16 23:00:00,136.93774999999994
2019-04-16 23:15:00,136.28154999999992
2019-04-16 23:30:00,136.28154999999992
2019-04-16 23:45:00,136.34404999999992
2019-04-17 00:00:00,136.31274999999994
2019-04-17 00:15:00,136.31274999999994
2019-04-17 00:30:00,136.31274999999994
2019-04-17 00:45:00,136.31274999999994
2019-04-17 01:00:00,136.28154999999992
2019-04-17 01:15:00,136.28154999999992
2019-04-17 01:30:00,136.28154999999992
2019-04-17 01:45:00,136.31274999999994
2019-04-17 02:00:00,136.34404999999992
2019-04-17 02:15:00,136.40654999999992
2019-04-17 02:30:00,136.37524999999994
2019-04-17 02:45:00,136.21904999999992
2019-04-17 03:00:00,136.06274999999994
2019-04-17 03:15:00,136.06274999999994
2019-04-17 03:30:00,136.12524999999994
2019-04-17 03:45:00,136.12524999999994
2019-04-17 04:00:00,136.15654999999992
2019-04-17 04:15:00,136.15654999999992
2019-04-17 04:30:00,136.18774999999994
2019-04-17 04:45:00,136.18774999999994
2019-04-17 05:15:00,136.18774999999994
2019-04-17 05:30:00,136.18774999999994
2019-04-17 05:45:00,136.18774999999994
2019-04-17 06:15:00,136.12524999999994
2019-04-17 06:30:00,136.15654999999992
2019-04-17 06:45:00,136.12524999999994
2019-04-17 07:00:00,136.15654999999992
2019-04-17 07:15:00,136.18774999999994
2019-04-17 07:30:00,136.18774999999994
2019-04-17 07:45:00,136.15654999999992
2019-04-17 08:00:00,136.09404999999992
2019-04-17 08:15:00,135.93774999999994
2019-04-17 08:30:00,136.00024999999994
2019-04-17 08:45:00,136.00024999999994
2019-04-17 09:00:00,135.96904999999992
2019-04-17 09:15:00,135.96904999999992
2019-04-17 09:30:00,135.93774999999994
2019-04-17 09:45:00,135.96904999999992
2019-04-17 10:00:00,135.96904999999992
2019-04-17 10:15:00,135.93774999999994
2019-04-17 10:30:00,136.00024999999994
2019-04-17 10:45:00,135.96904999999992
2019-04-17 11:00:00,135.96904999999992
2019-04-17 11:15:00,135.93774999999994
2019-04-17 11:30:00,135.96904999999992
2019-04-17 11:45:00,136.00024999999994
2019-04-17 12:00:00,135.93774999999994
2019-04-17 12:15:00,136.00024999999994
2019-04-17 12:30:00,136.03154999999992
2019-04-17 12:45:00,136.03154999999992
2019-04-17 13:00:00,136.09404999999992
2019-04-17 13:15:00,136.03154999999992
2019-04-17 13:30:00,135.87524999999994
2019-04-17 13:45:00,135.93774999999994
2019-04-17 14:00:00,135.96904999999992
2019-04-17 14:15:00,136.06274999999994
2019-04-17 14:30:00,136.21904999999992
2019-04-17 14:45:00,136.28154999999992
2019-04-17 15:00:00,136.28154999999992
2019-04-17 15:15:00,136.18774999999994
2019-04-17 15:30:00,136.12524999999994
2019-04-17 15:45:00,136.18774999999994
2019-04-17 16:00:00,136.21904999999992
2019-04-17 16:15:00,136.34404999999992
2019-04-17 16:30:00,136.31274999999994
2019-04-17 16:45:00,136.28154999999992
2019-04-17 17:00:00,136.37524999999994
2019-04-17 17:15:00,136.31274999999994
2019-04-17 17:30:00,136.31274999999994
2019-04-17 17:45:00,136.28154999999992
2019-04-17 18:00:00,136.25024999999994
2019-04-17 18:15:00,136.28154999999992
2019-04-17 18:30:00,136.18774999999994
2019-04-17 18:45:00,136.25024999999994
2019-04-17 19:00:00,136.28154999999992
2019-04-17 19:15:00,136.25024999999994
2019-04-17 19:30:00,136.18774999999994
2019-04-17 19:45:00,136.15654999999992
2019-04-17 20:00:00,136.15654999999992
2019-04-17 20:15:00,136.18774999999994
2019-04-17 20:30:00,136.09404999999992
2019-04-17 20:45:00,136.12524999999994
2019-04-17 21:00:00,136.12524999999994
2019-04-17 21:15:00,136.12524999999994
2019-04-17 21:30:00,136.12524999999994
2019-04-17 21:45:00,136.06274999999994
2019-04-17 23:00:00,136.18774999999994
2019-04-17 23:15:00,136.15654999999992
2019-04-17 23:30:00,136.12524999999994
2019-04-17 23:45:00,136.15654999999992
2019-04-18 00:00:00,136.15654999999992
2019-04-18 00:15:00,136.15654999999992
2019-04-18 00:30:00,136.18774999999994
2019-04-18 00:45:00,136.21904999999992
2019-04-18 01:00:00,136.25024999999994
2019-04-18 01:15:00,136.28154999999992
2019-04-18 01:30:00,136.25024999999994
2019-04-18 01:45:00,136.25024999999994
2019-04-18 02:00:00,136.28154999999992
2019-04-18 02:15:00,136.25024999999994
2019-04-18 02:30:00,136.25024999999994
2019-04-18 02:45:00,136.31274999999994
2019-04-18 03:00:00,136.34404999999992
2019-04-18 03:15:00,136.31274999999994
2019-04-18 03:30:00,136.31274999999994
2019-04-18 03:45:00,136.34404999999992
2019-04-18 04:00:00,136.31274999999994
2019-04-18 04:15:00,136.34404999999992
2019-04-18 04:30:00,136.37524999999994
2019-04-18 04:45:00,136.43774999999994
2019-04-18 05:15:00,136.40654999999992
2019-04-18 05:30:00,136.43774999999994
2019-04-18 05:45:00,136.43774999999994
2019-04-18 06:15:00,136.46904999999992
2019-04-18 06:30:00,136.50024999999994
2019-04-18 06:45:00,136.46904999999992
2019-04-18 07:00:00,136.43774999999994
2019-04-18 07:15:00,136.37524999999994
2019-04-18 07:30:00,136.34404999999992
2019-04-18 07:45:00,136.34404999999992
2019-04-18 08:00:00,136.37524999999994
2019-04-18 08:15:00,136.37524999999994
2019-04-18 08:30:00,136.59404999999992
2019-04-18 08:45:00,136.65654999999992
2019-04-18 09:00:00,136.68774999999994
2019-04-18 09:15:00,136.65654999999992
2019-04-18 09:30:00,136.65654999999992
2019-04-18 09:45:00,136.62524999999994
2019-04-18 10:00:00,136.65654999999992
2019-04-18 10:15:00,136.62524999999994
2019-04-18 10:30:00,136.53154999999992
2019-04-18 10:45:00,136.56274999999994
2019-04-18 11:00:00,136.59404999999992
2019-04-18 11:15:00,136.53154999999992
2019-04-18 11:30:00,136.56274999999994
2019-04-18 11:45:00,136.59404999999992
2019-04-18 12:00:00,136.62524999999994
2019-04-18 12:15:00,136.53154999999992
2019-04-18 12:30:00,136.56274999999994
2019-04-18 12:45:00,136.53154999999992
2019-04-18 13:00:00,136.50024999999994
2019-04-18 13:15:00,136.59404999999992
2019-04-18 13:30:00,136.46904999999992
2019-04-18 13:45:00,136.40654999999992
2019-04-18 14:00:00,136.53154999999992
2019-04-18 14:15:00,136.65654999999992
2019-04-18 14:30:00,136.62524999999994
2019-04-18 14:45:00,136.75024999999994
2019-04-18 15:00:00,136.78154999999992
2019-04-18 15:15:00,136.78154999999992
2019-04-18 15:30:00,136.78154999999992
2019-04-18 15:45:00,136.68774999999994
2019-04-18 16:00:00,136.65654999999992
2019-04-18 16:15:00,136.62524999999994
2019-04-18 16:30:00,136.62524999999994
2019-04-18 16:45:00,136.62524999999994
2019-04-18 17:00:00,136.68774999999994
2019-04-18 17:15:00,136.65654999999992
2019-04-18 17:30:00,136.68774999999994
2019-04-18 17:45:00,136.71904999999992
2019-04-18 18:00:00,136.71904999999992
2019-04-18 18:15:00,136.68774999999994
2019-04-18 18:30:00,136.75024999999994
2019-04-18 18:45:00,136.71904999999992
2019-04-18 19:00:00,136.68774999999994
2019-04-18 19:15:00,136.65654999999992
2019-04-18 19:30:00,136.65654999999992
2019-04-18 19:45:00,136.65654999999992
2019-04-18 20:00:00,136.65654999999992
2019-04-18 20:15:00,136.62524999999994
2019-04-18 20:30:00,136.65654999999992
2019-04-18 20:45:00,136.65654999999992
2019-04-18 21:00:00,136.65654999999992
2019-04-18 21:15:00,136.62524999999994
2019-04-18 21:30:00,136.59404999999992
2019-04-18 21:45:00,136.62524999999994
2019-04-18 23:00:00,136.46904999999992
2019-04-21 23:00:00,136.68774999999994
2019-04-21 23:15:00,136.68774999999994
2019-04-21 23:30:00,136.68774999999994
2019-04-21 23:45:00,136.65654999999992
2019-04-22 00:00:00,136.65654999999992
2019-04-22 00:15:00,136.65654999999992
2019-04-22 00:30:00,136.65654999999992
2019-04-22 00:45:00,136.68774999999994
2019-04-22 01:00:00,136.65654999999992
2019-04-22 01:15:00,136.53154999999992
2019-04-22 01:30:00,136.53154999999992
2019-04-22 01:45:00,136.56274999999994
2019-04-22 02:00:00,136.59404999999992
2019-04-22 02:15:00,136.65654999999992
2019-04-22 02:30:00,136.46904999999992
2019-04-22 02:45:00,136.50024999999994
2019-04-22 03:00:00,136.50024999999994
2019-04-22 03:15:00,136.50024999999994
2019-04-22 03:30:00,136.46904999999992
2019-04-22 03:45:00,136.50024999999994
2019-04-22 04:00:00,136.50024999999994
2019-04-22 04:15:00,136.53154999999992
2019-04-22 04:30:00,136.53154999999992
2019-04-22 04:45:00,136.53154999999992
2019-04-22 05:15:00,136.53154999999992
2019-04-22 05:30:00,136.53154999999992
2019-04-22 05:45:00,136.53154999999992
2019-04-22 06:15:00,136.46904999999992
2019-04-22 06:30:00,136.46904999999992
2019-04-22 06:45:00,136.43774999999994
2019-04-22 07:00:00,136.46904999999992
2019-04-22 07:15:00,136.46904999999992
2019-04-22 07:30:00,136.46904999999992
2019-04-22 07:45:00,136.46904999999992
2019-04-22 08:00:00,136.50024999999994
2019-04-22 08:15:00,136.50024999999994
2019-04-22 08:30:00,136.50024999999994
2019-04-22 08:45:00,136.46904999999992
2019-04-22 09:00:00,136.46904999999992
2019-04-22 09:15:00,136.50024999999994
2019-04-22 09:30:00,136.50024999999994
2019-04-22 09:45:00,136.46904999999992
2019-04-22 10:00:00,136.46904999999992
2019-04-22 10:15:00,136.50024999999994
2019-04-22 10:30:00,136.46904999999992
2019-04-22 10:45:00,136.46904999999992
2019-04-22 11:00:00,136.46904999999992
2019-04-22 11:15:00,136.50024999999994
2019-04-22 11:30:00,136.46904999999992
2019-04-22 11:45:00,136.46904999999992
2019-04-22 12:00:00,136.53154999999992
2019-04-22 12:15:00,136.56274999999994
2019-04-22 12:30:00,136.43774999999994
2019-04-22 12:45:00,136.46904999999992
2019-04-22 13:00:00,136.50024999999994
2019-04-22 13:15:00,136.40654999999992
2019-04-22 13:30:00,136.53154999999992
2019-04-22 13:45:00,136.53154999999992
2019-04-22 14:00:00,136.34404999999992
2019-04-22 14:15:00,136.28154999999992
2019-04-22 14:30:00,136.28154999999992
2019-04-22 14:45:00,136.12524999999994
2019-04-22 15:00:00,136.28154999999992
2019-04-22 15:15:00,136.28154999999992
2019-04-22 15:30:00,136.31274999999994
2019-04-22 15:45:00,136.18774999999994
2019-04-22 16:00:00,136.28154999999992
2019-04-22 16:15:00,136.31274999999994
2019-04-22 16:30:00,136.25024999999994
2019-04-22 16:45:00,136.21904999999992
2019-04-22 17:00:00,136.15654999999992
2019-04-22 17:15:00,136.18774999999994
2019-04-22 17:30:00,136.18774999999994
2019-04-22 17:45:00,136.21904999999992
2019-04-22 18:00:00,136.25024999999994
2019-04-22 18:15:00,136.21904999999992
2019-04-22 18:30:00,136.25024999999994
2019-04-22 18:45:00,136.25024999999994
2019-04-22 19:00:00,136.09404999999992
2019-04-22 19:15:00,136.12524999999994
2019-04-22 19:30:00,136.15654999999992
2019-04-22 19:45:00,136.06274999999994
2019-04-22 20:00:00,136.06274999999994
2019-04-22 20:15:00,136.06274999999994
2019-04-22 20:30:00,136.15654999999992
2019-04-22 20:45:00,136.12524999999994
2019-04-22 21:00:00,136.15654999999992
2019-04-22 21:15:00,136.21904999999992
2019-04-22 21:30:00,136.15654999999992
2019-04-22 21:45:00,136.12524999999994
2019-04-22 23:00:00,136.50024999999994
2019-04-22 23:15:00,136.15654999999992
2019-04-22 23:30:00,136.18774999999994
2019-04-22 23:45:00,136.18774999999994
2019-04-23 00:00:00,136.18774999999994
2019-04-23 00:15:00,136.18774999999994
2019-04-23 00:30:00,136.21904999999992
2019-04-23 00:45:00,136.18774999999994
2019-04-23 01:00:00,136.18774999999994
2019-04-23 01:15:00,136.21904999999992
2019-04-23 01:30:00,136.28154999999992
2019-04-23 01:45:00,136.34404999999992
2019-04-23 02:00:00,136.34404999999992
2019-04-23 02:15:00,136.34404999999992
2019-04-23 02:30:00,136.31274999999994
2019-04-23 02:45:00,136.31274999999994
2019-04-23 03:00:00,136.28154999999992
2019-04-23 03:15:00,136.31274999999994
2019-04-23 03:30:00,136.31274999999994
2019-04-23 03:45:00,136.34404999999992
2019-04-23 04:00:00,136.34404999999992
2019-04-23 04:15:00,136.31274999999994
2019-04-23 04:30:00,136.31274999999994
2019-04-23 04:45:00,136.34404999999992
2019-04-23 05:15:00,136.34404999999992
2019-04-23 05:30:00,136.31274999999994
2019-04-23 05:45:00,136.31274999999994
2019-04-23 06:15:00,136.31274999999994
2019-04-23 06:30:00,136.31274999999994
2019-04-23 06:45:00,136.31274999999994
2019-04-23 07:00:00,136.34404999999992
2019-04-23 07:15:00,136.31274999999994
2019-04-23 07:30:00,136.31274999999994
2019-04-23 07:45:00,136.25024999999994
2019-04-23 08:00:00,136.25024999999994
2019-04-23 08:15:00,136.18774999999994
2019-04-23 08:30:00,136.18774999999994
2019-04-23 08:45:00,136.18774999999994
2019-04-23 09:00:00,136.12524999999994
2019-04-23 09:15:00,136.18774999999994
2019-04-23 09:30:00,136.18774999999994
2019-04-23 09:45:00,136.18774999999994
2019-04-23 10:00:00,136.18774999999994
2019-04-23 10:15:00,136.21904999999992
2019-04-23 10:30:00,136.18774999999994
2019-04-23 10:45:00,136.18774999999994
2019-04-23 11:00:00,136.21904999999992
2019-04-23 11:15:00,136.15654999999992
2019-04-23 11:30:00,136.18774999999994
2019-04-23 11:45:00,136.18774999999994
2019-04-23 12:00:00,136.15654999999992
2019-04-23 12:15:00,136.06274999999994
2019-04-23 12:30:00,136.06274999999994
2019-04-23 12:45:00,136.06274999999994
2019-04-23 13:00:00,136.03154999999992
2019-04-23 13:15:00,136.06274999999994
2019-04-23 13:30:00,136.15654999999992
2019-04-23 13:45:00,136.06274999999994
2019-04-23 14:00:00,136.28154999999992
2019-04-23 14:15:00,136.40654999999992
2019-04-23 14:30:00,136.37524999999994
2019-04-23 14:45:00,136.46904999999992
2019-04-23 15:00:00,136.43774999999994
2019-04-23 15:15:00,136.46904999999992
2019-04-23 15:30:00,136.37524999999994
2019-04-23 15:45:00,136.46904999999992
2019-04-23 16:00:00,136.28154999999992
2019-04-23 16:15:00,136.31274999999994
2019-04-23 16:30:00,136.31274999999994
2019-04-23 16:45:00,136.37524999999994
2019-04-23 17:00:00,136.37524999999994
2019-04-23 17:15:00,136.40654999999992
2019-04-23 17:30:00,136.40654999999992
2019-04-23 17:45:00,136.37524999999994
2019-04-23 18:00:00,136.34404999999992
2019-04-23 18:15:00,136.40654999999992
2019-04-23 18:30:00,136.34404999999992
2019-04-23 18:45:00,136.37524999999994
2019-04-23 19:00:00,136.37524999999994
2019-04-23 19:15:00,136.37524999999994
2019-04-23 19:30:00,136.34404999999992
2019-04-23 19:45:00,136.34404999999992
2019-04-23 20:00:00,136.31274999999994
2019-04-23 20:15:00,136.34404999999992
2019-04-23 20:30:00,136.31274999999994
2019-04-23 20:45:00,136.40654999999992
2019-04-23 21:00:00,136.40654999999992
2019-04-23 21:15:00,136.37524999999994
2019-04-23 21:30:00,136.37524999999994
2019-04-23 21:45:00,136.40654999999992
2019-04-23 23:00:00,136.31274999999994
2019-04-23 23:15:00,136.40654999999992
2019-04-23 23:30:00,136.40654999999992
2019-04-23 23:45:00,136.37524999999994
2019-04-24 00:00:00,136.34404999999992
2019-04-24 00:15:00,136.34404999999992
2019-04-24 00:30:00,136.37524999999994
2019-04-24 00:45:00,136.37524999999994
2019-04-24 01:00:00,136.37524999999994
2019-04-24 01:15:00,136.37524999999994
2019-04-24 01:30:00,136.37524999999994
2019-04-24 01:45:00,136.37524999999994
2019-04-24 02:00:00,136.40654999999992
2019-04-24 02:15:00,136.37524999999994
2019-04-24 02:30:00,136.46904999999992
2019-04-24 02:45:00,136.50024999999994
2019-04-24 03:00:00,136.50024999999994
2019-04-24 03:15:00,136.53154999999992
2019-04-24 03:30:00,136.53154999999992
2019-04-24 03:45:00,136.53154999999992
2019-04-24 04:00:00,136.53154999999992
2019-04-24 04:15:00,136.53154999999992
2019-04-24 04:30:00,136.56274999999994
2019-04-24 04:45:00,136.59404999999992
2019-04-24 05:15:00,136.59404999999992
2019-04-24 05:30:00,136.56274999999994
2019-04-24 05:45:00,136.59404999999992
2019-04-24 06:15:00,136.59404999999992
2019-04-24 06:30:00,136.59404999999992
2019-04-24 06:45:00,136.62524999999994
2019-04-24 07:00:00,136.65654999999992
2019-04-24 07:15:00,136.68774999999994
2019-04-24 07:30:00,136.68774999999994
2019-04-24 07:45:00,136.68774999999994
2019-04-24 08:00:00,136.59404999999992
2019-04-24 08:15:00,136.59404999999992
2019-04-24 08:30:00,136.65654999999992
2019-04-24 08:45:00,136.65654999999992
2019-04-24 09:00:00,136.75024999999994
2019-04-24 09:15:00,136.75024999999994
2019-04-24 09:30:00,136.75024999999994
2019-04-24 09:45:00,136.71904999999992
2019-04-24 10:00:00,136.71904999999992
2019-04-24 10:15:00,136.71904999999992
2019-04-24 10:30:00,136.81274999999994
2019-04-24 10:45:00,136.84404999999992
2019-04-24 11:00:00,136.84404999999992
2019-04-24 11:15:00,136.84404999999992
2019-04-24 11:30:00,136.84404999999992
2019-04-24 11:45:00,136.84404999999992
2019-04-24 12:00:00,136.84404999999992
2019-04-24 12:15:00,136.84404999999992
2019-04-24 12:30:00,136.81274999999994
2019-04-24 12:45:00,136.87524999999994
2019-04-24 13:00:00,136.90654999999992
2019-04-24 13:15:00,136.96904999999992
2019-04-24 13:30:00,137.00024999999994
2019-04-24 13:45:00,136.96904999999992
2019-04-24 14:00:00,137.00024999999994
2019-04-24 14:15:00,136.93774999999994
2019-04-24 14:30:00,137.06274999999994
2019-04-24 14:45:00,137.03154999999992
2019-04-24 15:00:00,137.12524999999994
2019-04-24 15:15:00,137.12524999999994
2019-04-24 15:30:00,137.18774999999994
2019-04-24 15:45:00,137.15654999999992
2019-04-24 16:00:00,137.18774999999994
2019-04-24 16:15:00,137.25024999999994
2019-04-24 16:30:00,137.21904999999992
2019-04-24 16:45:00,137.15654999999992
2019-04-24 17:00:00,137.15654999999992
2019-04-24 17:15:00,137.18774999999994
2019-04-24 17:30:00,137.15654999999992
2019-04-24 17:45:00,137.21904999999992
2019-04-24 18:00:00,137.21904999999992
2019-04-24 18:15:00,137.15654999999992
2019-04-24 18:30:00,137.18774999999994
2019-04-24 18:45:00,137.18774999999994
2019-04-24 19:00:00,137.21904999999992
2019-04-24 19:15:00,137.15654999999992
2019-04-24 19:30:00,137.18774999999994
2019-04-24 19:45:00,137.21904999999992
2019-04-24 20:00:00,137.18774999999994
2019-04-24 20:15:00,137.18774999999994
2019-04-24 20:30:00,137.25024999999994
2019-04-24 20:45:00,137.28154999999992
2019-04-24 21:00:00,137.25024999999994
2019-04-24 21:15:00,137.25024999999994
2019-04-24 21:30:00,137.28154999999992
2019-04-24 21:45:00,137.28154999999992
2019-04-24 23:00:00,136.59404999999992
2019-04-24 23:15:00,137.28154999999992
2019-04-24 23:30:00,137.28154999999992
2019-04-24 23:45:00,137.25024999999994
2019-04-25 00:00:00,137.28154999999992
2019-04-25 00:15:00,137.28154999999992
2019-04-25 00:30:00,137.25024999999994
2019-04-25 00:45:00,137.25024999999994
2019-04-25 01:00:00,137.21904999999992
2019-04-25 01:15:00,137.15654999999992
2019-04-25 01:30:00,137.25024999999994
2019-04-25 01:45:00,137.31274999999994
2019-04-25 02:00:00,137.34404999999992
2019-04-25 02:15:00,137.31274999999994
2019-04-25 02:30:00,137.31274999999994
2019-04-25 02:45:00,137.31274999999994
2019-04-25 03:00:00,137.28154999999992
2019-04-25 03:15:00,137.28154999999992
2019-04-25 03:30:00,137.31274999999994
2019-04-25 03:45:00,137.28154999999992
2019-04-25 04:00:00,137.28154999999992
2019-04-25 04:15:00,137.28154999999992
2019-04-25 04:30:00,137.28154999999992
2019-04-25 04:45:00,137.28154999999992
2019-04-25 05:15:00,137.28154999999992
2019-04-25 05:30:00,137.28154999999992
2019-04-25 05:45:00,137.28154999999992
2019-04-25 06:15:00,137.21904999999992
2019-04-25 06:30:00,137.21904999999992
2019-04-25 06:45:00,137.25024999999994
2019-04-25 07:00:00,137.21904999999992
2019-04-25 07:15:00,137.15654999999992
2019-04-25 07:30:00,137.15654999999992
2019-04-25 07:45:00,137.25024999999994
2019-04-25 08:00:00,137.15654999999992
2019-04-25 08:15:00,137.21904999999992
2019-04-25 08:30:00,137.21904999999992
2019-04-25 08:45:00,137.12524999999994
2019-04-25 09:00:00,137.15654999999992
2019-04-25 09:15:00,137.15654999999992
2019-04-25 09:30:00,137.06274999999994
2019-04-25 09:45:00,137.09404999999992
2019-04-25 10:00:00,137.09404999999992
2019-04-25 10:15:00,137.09404999999992
2019-04-25 10:30:00,137.06274999999994
2019-04-25 10:45:00,137.12524999999994
2019-04-25 11:00:00,137.06274999999994
2019-04-25 11:15:00,137.09404999999992
2019-04-25 11:30:00,137.06274999999994
2019-04-25 11:45:00,137.09404999999992
2019-04-25 12:00:00,137.06274999999994
2019-04-25 12:15:00,137.06274999999994
2019-04-25 12:30:00,137.09404999999992
2019-04-25 12:45:00,137.09404999999992
2019-04-25 13:00:00,137.06274999999994
2019-04-25 13:15:00,137.06274999999994
2019-04-25 13:30:00,137.00024999999994
2019-04-25 13:45:00,137.00024999999994
2019-04-25 14:00:00,137.12524999999994
2019-04-25 14:15:00,137.21904999999992
2019-04-25 14:30:00,137.25024999999994
2019-04-25 14:45:00,137.06274999999994
2019-04-25 15:00:00,137.12524999999994
2019-04-25 15:15:00,137.06274999999994
2019-04-25 15:30:00,137.06274999999994
2019-04-25 15:45:00,137.03154999999992
2019-04-25 16:00:00,137.06274999999994
2019-04-25 16:15:00,137.03154999999992
2019-04-25 16:30:00,137.00024999999994
2019-04-25 16:45:00,137.03154999999992
2019-04-25 17:00:00,137.03154999999992
2019-04-25 17:15:00,137.03154999999992
2019-04-25 17:30:00,137.00024999999994
2019-04-25 17:45:00,137.00024999999994
2019-04-25 18:00:00,136.93774999999994
2019-04-25 18:15:00,136.93774999999994
2019-04-25 18:30:00,136.87524999999994
2019-04-25 18:45:00,137.00024999999994
2019-04-25 19:00:00,136.93774999999994
2019-04-25 19:15:00,136.96904999999992
2019-04-25 19:30:00,136.96904999999992
2019-04-25 19:45:00,137.06274999999994
2019-04-25 20:00:00,137.12524999999994
2019-04-25 20:15:00,137.12524999999994
2019-04-25 20:30:00,137.09404999999992
2019-04-25 20:45:00,137.09404999999992
2019-04-25 21:00:00,137.06274999999994
2019-04-25 21:15:00,137.03154999999992
2019-04-25 21:30:00,137.09404999999992
2019-04-25 21:45:00,137.12524999999994
2019-04-25 23:00:00,137.25024999999994
2019-04-25 23:15:00,137.15654999999992
2019-04-25 23:30:00,137.12524999999994
2019-04-25 23:45:00,137.12524999999994
2019-04-26 00:00:00,137.15654999999992
2019-04-26 00:15:00,137.15654999999992
2019-04-26 00:30:00,137.15654999999992
2019-04-26 00:45:00,137.18774999999994
2019-04-26 01:00:00,137.21904999999992
2019-04-26 01:15:00,137.18774999999994
2019-04-26 01:30:00,137.15654999999992
2019-04-26 01:45:00,137.18774999999994
2019-04-26 02:00:00,137.15654999999992
2019-04-26 02:15:00,137.06274999999994
2019-04-26 02:30:00,137.09404999999992
2019-04-26 02:45:00,137.06274999999994
2019-04-26 03:00:00,137.00024999999994
2019-04-26 03:15:00,137.00024999999994
2019-04-26 03:30:00,137.00024999999994
2019-04-26 03:45:00,136.96904999999992
2019-04-26 04:00:00,137.00024999999994
2019-04-26 04:15:00,137.03154999999992
2019-04-26 04:30:00,136.96904999999992
2019-04-26 04:45:00,137.00024999999994
2019-04-26 05:15:00,137.00024999999994
2019-04-26 05:30:00,137.00024999999994
2019-04-26 05:45:00,137.03154999999992
2019-04-26 06:15:00,136.96904999999992
2019-04-26 06:30:00,136.96904999999992
2019-04-26 06:45:00,137.00024999999994
2019-04-26 07:00:00,137.03154999999992
2019-04-26 07:15:00,137.03154999999992
2019-04-26 07:30:00,137.03154999999992
2019-04-26 07:45:00,137.12524999999994
2019-04-26 08:00:00,137.15654999999992
2019-04-26 08:15:00,137.12524999999994
2019-04-26 08:30:00,137.15654999999992
2019-04-26 08:45:00,137.12524999999994
2019-04-26 09:00:00,137.15654999999992
2019-04-26 09:15:00,137.15654999999992
2019-04-26 09:30:00,137.18774999999994
2019-04-26 09:45:00,137.21904999999992
2019-04-26 10:00:00,137.21904999999992
2019-04-26 10:15:00,137.21904999999992
2019-04-26 10:30:00,137.18774999999994
2019-04-26 10:45:00,137.15654999999992
2019-04-26 11:00:00,137.15654999999992
2019-04-26 11:15:00,137.09404999999992
2019-04-26 11:30:00,137.09404999999992
2019-04-26 11:45:00,137.12524999999994
2019-04-26 12:00:00,137.09404999999992
2019-04-26 12:15:00,137.09404999999992
2019-04-26 12:30:00,137.12524999999994
2019-04-26 12:45:00,137.15654999999992
2019-04-26 13:00:00,137.15654999999992
2019-04-26 13:15:00,137.15654999999992
2019-04-26 13:30:00,137.46904999999992
2019-04-26 13:45:00,137.59404999999992
2019-04-26 14:00:00,137.50024999999994
2019-04-26 14:15:00,137.65654999999992
2019-04-26 14:30:00,137.53154999999992
2019-04-26 14:45:00,137.59404999999992
2019-04-26 15:00:00,137.62524999999994
2019-04-26 15:15:00,137.59404999999992
2019-04-26 15:30:00,137.59404999999992
2019-04-26 15:45:00,137.56274999999994
2019-04-26 16:00:00,137.50024999999994
2019-04-26 16:15:00,137.50024999999994
2019-04-26 16:30:00,137.53154999999992
2019-04-26 16:45:00,137.56274999999994
2019-04-26 17:00:00,137.53154999999992
2019-04-26 17:15:00,137.53154999999992
2019-04-26 17:30:00,137.53154999999992
2019-04-26 17:45:00,137.56274999999994
2019-04-26 18:00:00,137.56274999999994
2019-04-26 18:15:00,137.56274999999994
2019-04-26 18:30:00,137.53154999999992
2019-04-26 18:45:00,137.43774999999994
2019-04-26 19:00:00,137.40654999999992
2019-04-26 19:15:00,137.37524999999994
2019-04-26 19:30:00,137.46904999999992
2019-04-26 19:45:00,137.50024999999994
2019-04-26 20:00:00,137.50024999999994
2019-04-26 20:15:00,137.50024999999994
2019-04-26 20:30:00,137.53154999999992
2019-04-26 20:45:00,137.50024999999994
2019-04-26 21:00:00,137.50024999999994
2019-04-26 21:15:00,137.50024999999994
2019-04-26 21:30:00,137.50024999999994
2019-04-26 21:45:00,137.50024999999994
2019-04-26 23:00:00,137.00024999999994
2019-04-28 23:00:00,137.53154999999992
2019-04-28 23:15:00,137.46904999999992
2019-04-28 23:30:00,137.53154999999992
2019-04-28 23:45:00,137.50024999999994
2019-04-29 00:00:00,137.50024999999994
2019-04-29 00:15:00,137.46904999999992
2019-04-29 00:30:00,137.50024999999994
2019-04-29 00:45:00,137.53154999999992
2019-04-29 01:00:00,137.50024999999994
2019-04-29 01:15:00,137.46904999999992
2019-04-29 01:30:00,137.46904999999992
2019-04-29 01:45:00,137.50024999999994
2019-04-29 02:00:00,137.50024999999994
2019-04-29 02:15:00,137.50024999999994
2019-04-29 02:30:00,137.46904999999992
2019-04-29 02:45:00,137.43774999999994
2019-04-29 03:00:00,137.43774999999994
2019-04-29 03:15:00,137.46904999999992
2019-04-29 03:30:00,137.46904999999992
2019-04-29 03:45:00,137.46904999999992
2019-04-29 04:00:00,137.46904999999992
2019-04-29 04:15:00,137.43774999999994
2019-04-29 04:30:00,137.43774999999994
2019-04-29 04:45:00,137.46904999999992
2019-04-29 05:15:00,137.43774999999994
2019-04-29 05:30:00,137.43774999999994
2019-04-29 05:45:00,137.46904999999992
2019-04-29 06:15:00,137.46904999999992
2019-04-29 06:30:00,137.43774999999994
2019-04-29 06:45:00,137.40654999999992
2019-04-29 07:00:00,137.40654999999992
2019-04-29 07:15:00,137.40654999999992
2019-04-29 07:30:00,137.37524999999994
2019-04-29 07:45:00,137.37524999999994
2019-04-29 08:00:00,137.18774999999994
2019-04-29 08:15:00,137.28154999999992
2019-04-29 08:30:00,137.25024999999994
2019-04-29 08:45:00,137.25024999999994
2019-04-29 09:00:00,137.28154999999992
2019-04-29 09:15:00,137.34404999999992
2019-04-29 09:30:00,137.37524999999994
2019-04-29 09:45:00,137.34404999999992
2019-04-29 10:00:00,137.34404999999992
2019-04-29 10:15:00,137.37524999999994
2019-04-29 10:30:00,137.43774999999994
2019-04-29 10:45:00,137.40654999999992
2019-04-29 11:00:00,137.37524999999994
2019-04-29 11:15:00,137.43774999999994
2019-04-29 11:30:00,137.37524999999994
2019-04-29 11:45:00,137.40654999999992
2019-04-29 12:00:00,137.34404999999992
2019-04-29 12:15:00,137.37524999999994
2019-04-29 12:30:00,137.34404999999992
2019-04-29 12:45:00,137.37524999999994
2019-04-29 13:00:00,137.43774999999994
2019-04-29 13:15:00,137.28154999999992
2019-04-29 13:30:00,137.15654999999992
2019-04-29 13:45:00,137.00024999999994
2019-04-29 14:00:00,137.06274999999994
2019-04-29 14:15:00,136.96904999999992
2019-04-29 14:30:00,137.00024999999994
2019-04-29 14:45:00,137.00024999999994
2019-04-29 15:00:00,137.06274999999994
2019-04-29 15:15:00,137.09404999999992
2019-04-29 15:30:00,137.09404999999992
2019-04-29 15:45:00,137.09404999999992
2019-04-29 16:00:00,137.09404999999992
2019-04-29 16:15:00,137.09404999999992
2019-04-29 16:30:00,137.00024999999994
2019-04-29 16:45:00,136.90654999999992
2019-04-29 17:00:00,136.84404999999992
2019-04-29 17:15:00,136.84404999999992
2019-04-29 17:30:00,136.87524999999994
2019-04-29 17:45:00,136.84404999999992
2019-04-29 18:00:00,136.87524999999994
2019-04-29 18:15:00,136.84404999999992
2019-04-29 18:30:00,136.84404999999992
2019-04-29 18:45:00,136.81274999999994
2019-04-29 19:00:00,136.81274999999994
2019-04-29 19:15:00,136.75024999999994
2019-04-29 19:30:00,136.75024999999994
2019-04-29 19:45:00,136.87524999999994
2019-04-29 20:00:00,136.84404999999992
2019-04-29 20:15:00,136.87524999999994
2019-04-29 20:30:00,136.90654999999992
2019-04-29 20:45:00,136.93774999999994
2019-04-29 21:00:00,137.00024999999994
2019-04-29 21:15:00,137.00024999999994
2019-04-29 21:30:00,137.03154999999992
2019-04-29 21:45:00,137.00024999999994
2019-04-29 23:00:00,137.43774999999994
2019-04-29 23:15:00,137.06274999999994
2019-04-29 23:30:00,137.06274999999994
2019-04-29 23:45:00,137.12524999999994
2019-04-30 00:00:00,137.12524999999994
2019-04-30 00:15:00,137.09404999999992
2019-04-30 00:30:00,137.12524999999994
2019-04-30 00:45:00,137.09404999999992
2019-04-30 01:00:00,137.09404999999992
2019-04-30 01:15:00,137.12524999999994
2019-04-30 01:30:00,137.12524999999994
2019-04-30 01:45:00,137.06274999999994
2019-04-30 02:00:00,137.21904999999992
2019-04-30 02:15:00,137.15654999999992
2019-04-30 02:30:00,137.18774999999994
2019-04-30 02:45:00,137.21904999999992
2019-04-30 03:00:00,137.18774999999994
2019-04-30 03:15:00,137.18774999999994
2019-04-30 03:30:00,137.21904999999992
2019-04-30 03:45:00,137.18774999999994
2019-04-30 04:00:00,137.25024999999994
2019-04-30 04:15:00,137.21904999999992
2019-04-30 04:30:00,137.18774999999994
2019-04-30 04:45:00,137.18774999999994
2019-04-30 05:15:00,137.21904999999992
2019-04-30 05:30:00,137.25024999999994
2019-04-30 05:45:00,137.25024999999994
2019-04-30 06:15:00,137.25024999999994
2019-04-30 06:30:00,137.21904999999992
2019-04-30 06:45:00,137.21904999999992
2019-04-30 07:00:00,137.28154999999992
2019-04-30 07:15:00,137.31274999999994
2019-04-30 07:30:00,137.28154999999992
2019-04-30 07:45:00,137.18774999999994
2019-04-30 08:00:00,137.25024999999994
2019-04-30 08:15:00,137.31274999999994
2019-04-30 08:30:00,137.25024999999994
2019-04-30 08:45:00,137.31274999999994
2019-04-30 09:00:00,137.18774999999994
2019-04-30 09:15:00,137.06274999999994
2019-04-30 09:30:00,137.00024999999994
2019-04-30 09:45:00,136.96904999999992
2019-04-30 10:00:00,136.96904999999992
2019-04-30 10:15:00,136.90654999999992
2019-04-30 10:30:00,136.93774999999994
2019-04-30 10:45:00,136.93774999999994
2019-04-30 11:00:00,136.96904999999992
2019-04-30 11:15:00,136.93774999999994
2019-04-30 11:30:00,136.93774999999994
2019-04-30 11:45:00,136.84404999999992
2019-04-30 12:00:00,136.93774999999994
2019-04-30 12:15:00,136.93774999999994
2019-04-30 12:30:00,137.00024999999994
2019-04-30 12:45:00,137.00024999999994
2019-04-30 13:00:00,136.93774999999994
2019-04-30 13:15:00,136.71904999999992
2019-04-30 13:30:00,136.75024999999994
2019-04-30 13:45:00,136.81274999999994
2019-04-30 14:00:00,136.81274999999994
2019-04-30 14:15:00,136.78154999999992
2019-04-30 14:30:00,137.09404999999992
2019-04-30 14:45:00,137.18774999999994
2019-04-30 15:00:00,137.18774999999994
2019-04-30 15:15:00,137.15654999999992
2019-04-30 15:30:00,137.25024999999994
2019-04-30 15:45:00,137.28154999999992
2019-04-30 16:00:00,137.31274999999994
2019-04-30 16:15:00,137.34404999999992
2019-04-30 16:30:00,137.34404999999992
2019-04-30 16:45:00,137.25024999999994
2019-04-30 17:00:00,137.21904999999992
2019-04-30 17:15:00,137.28154999999992
2019-04-30 17:30:00,137.25024999999994
2019-04-30 17:45:00,137.28154999999992
2019-04-30 18:00:00,137.34404999999992
2019-04-30 18:15:00,137.34404999999992
2019-04-30 18:30:00,137.34404999999992
2019-04-30 18:45:00,137.34404999999992
2019-04-30 19:00:00,137.34404999999992
2019-04-30 19:15:00,137.40654999999992
2019-04-30 19:30:00,137.37524999999994
2019-04-30 19:45:00,137.40654999999992
2019-04-30 20:00:00,137.43774999999994
2019-04-30 20:15:00,137.43774999999994
2019-04-30 20:30:00,137.50024999999994
2019-04-30 20:45:00,137.40654999999992
2019-04-30 21:00:00,137.37524999999994
2019-04-30 21:15:00,137.46904999999992
2019-04-30 21:30:00,137.46904999999992
2019-04-30 21:45:00,137.50024999999994
2019-04-30 23:00:00,137.25024999999994
2019-04-30 23:15:00,137.43774999999994
2019-04-30 23:30:00,137.43774999999994
2019-04-30 23:45:00,137.43774999999994
2019-05-01 00:00:00,137.43774999999994
2019-05-01 00:15:00,137.43774999999994
2019-05-01 00:30:00,137.46904999999992
2019-05-01 00:45:00,137.43774999999994
2019-05-01 01:00:00,137.43774999999994
2019-05-01 01:15:00,137.43774999999994
2019-05-01 01:30:00,137.43774999999994
2019-05-01 01:45:00,137.43774999999994
2019-05-01 02:00:00,137.40654999999992
2019-05-01 02:15:00,137.40654999999992
2019-05-01 02:30:00,137.40654999999992
2019-05-01 02:45:00,137.40654999999992
2019-05-01 03:00:00,137.40654999999992
2019-05-01 03:15:00,137.40654999999992
2019-05-01 03:30:00,137.43774999999994
2019-05-01 03:45:00,137.40654999999992
2019-05-01 04:00:00,137.40654999999992
2019-05-01 04:15:00,137.43774999999994
2019-05-01 04:30:00,137.40654999999992
2019-05-01 04:45:00,137.40654999999992
2019-05-01 05:15:00,137.46904999999992
2019-05-01 05:30:00,137.46904999999992
2019-05-01 05:45:00,137.46904999999992
2019-05-01 06:15:00,137.43774999999994
2019-05-01 06:30:00,137.43774999999994
2019-05-01 06:45:00,137.46904999999992
2019-05-01 07:00:00,137.46904999999992
2019-05-01 07:15:00,137.43774999999994
2019-05-01 07:30:00,137.46904999999992
2019-05-01 07:45:00,137.43774999999994
2019-05-01 08:00:00,137.40654999999992
2019-05-01 08:15:00,137.40654999999992
2019-05-01 08:30:00,137.43774999999994
2019-05-01 08:45:00,137.46904999999992
2019-05-01 09:00:00,137.46904999999992
2019-05-01 09:15:00,137.50024999999994
2019-05-01 09:30:00,137.46904999999992
2019-05-01 09:45:00,137.46904999999992
2019-05-01 10:00:00,137.46904999999992
2019-05-01 10:15:00,137.50024999999994
2019-05-01 10:30:00,137.46904999999992
2019-05-01 10:45:00,137.46904999999992
2019-05-01 11:00:00,137.50024999999994
2019-05-01 11:15:00,137.50024999999994
2019-05-01 11:30:00,137.59404999999992
2019-05-01 11:45:00,137.59404999999992
2019-05-01 12:00:00,137.53154999999992
2019-05-01 12:15:00,137.59404999999992
2019-05-01 12:30:00,137.56274999999994
2019-05-01 12:45:00,137.59404999999992
2019-05-01 13:00:00,137.59404999999992
2019-05-01 13:15:00,137.62524999999994
2019-05-01 13:30:00,137.59404999999992
2019-05-01 13:45:00,137.56274999999994
2019-05-01 14:00:00,137.62524999999994
2019-05-01 14:15:00,137.62524999999994
2019-05-01 14:30:00,137.62524999999994
2019-05-01 14:45:00,137.53154999999992
2019-05-01 15:00:00,137.96904999999992
2019-05-01 15:15:00,138.00024999999994
2019-05-01 15:30:00,138.06274999999994
2019-05-01 15:45:00,138.03154999999992
2019-05-01 16:00:00,138.09404999999992
2019-05-01 16:15:00,138.15654999999992
2019-05-01 16:30:00,138.06274999999994
2019-05-01 16:45:00,138.06274999999994
2019-05-01 17:00:00,137.93774999999994
2019-05-01 17:15:00,138.00024999999994
2019-05-01 17:30:00,137.93774999999994
2019-05-01 17:45:00,137.96904999999992
2019-05-01 18:00:00,137.93774999999994
2019-05-01 18:15:00,137.96904999999992
2019-05-01 18:30:00,138.00024999999994
2019-05-01 18:45:00,137.84404999999992
2019-05-01 19:00:00,138.09404999999992
2019-05-01 19:15:00,138.18774999999994
2019-05-01 19:30:00,137.46904999999992
2019-05-01 19:45:00,137.50024999999994
2019-05-01 20:00:00,137.50024999999994
2019-05-01 20:15:00,137.50024999999994
2019-05-01 20:30:00,137.65654999999992
2019-05-01 20:45:00,137.68774999999994
2019-05-01 21:00:00,137.68774999999994
2019-05-01 21:15:00,137.71904999999992
2019-05-01 21:30:00,137.71904999999992
2019-05-01 21:45:00,137.75024999999994
2019-05-01 23:00:00,137.46904999999992
2019-05-01 23:15:00,137.68774999999994
2019-05-01 23:30:00,137.71904999999992
2019-05-01 23:45:00,137.71904999999992
2019-05-02 00:00:00,137.71904999999992
2019-05-02 00:15:00,137.71904999999992
2019-05-02 00:30:00,137.71904999999992
2019-05-02 00:45:00,137.71904999999992
2019-05-02 01:00:00,137.71904999999992
2019-05-02 01:15:00,137.62524999999994
2019-05-02 01:30:00,137.59404999999992
2019-05-02 01:45:00,137.59404999999992
2019-05-02 02:00:00,137.56274999999994
2019-05-02 02:15:00,137.56274999999994
2019-05-02 02:30:00,137.56274999999994
2019-05-02 02:45:00,137.53154999999992
2019-05-02 03:00:00,137.50024999999994
2019-05-02 03:15:00,137.50024999999994
2019-05-02 03:30:00,137.46904999999992
2019-05-02 03:45:00,137.50024999999994
2019-05-02 04:00:00,137.50024999999994
2019-05-02 04:15:00,137.50024999999994
2019-05-02 04:30:00,137.50024999999994
2019-05-02 04:45:00,137.50024999999994
2019-05-02 05:15:00,137.46904999999992
2019-05-02 05:30:00,137.43774999999994
2019-05-02 05:45:00,137.43774999999994
2019-05-02 06:15:00,137.46904999999992
2019-05-02 06:30:00,137.46904999999992
2019-05-02 06:45:00,137.46904999999992
2019-05-02 07:00:00,137.46904999999992
2019-05-02 07:15:00,137.34404999999992
2019-05-02 07:30:00,137.28154999999992
2019-05-02 07:45:00,137.28154999999992
2019-05-02 08:00:00,137.28154999999992
2019-05-02 08:15:00,137.28154999999992
2019-05-02 08:30:00,137.25024999999994
2019-05-02 08:45:00,137.18774999999994
2019-05-02 09:00:00,137.21904999999992
2019-05-02 09:15:00,137.28154999999992
2019-05-02 09:30:00,137.28154999999992
2019-05-02 09:45:00,137.34404999999992
2019-05-02 10:00:00,137.25024999999994
2019-05-02 10:15:00,137.28154999999992
2019-05-02 10:30:00,137.31274999999994
2019-05-02 10:45:00,137.34404999999992
2019-05-02 11:00:00,137.43774999999994
2019-05-02 11:15:00,137.40654999999992
2019-05-02 11:30:00,137.43774999999994
2019-05-02 11:45:00,137.50024999999994
2019-05-02 12:00:00,137.46904999999992
2019-05-02 12:15:00,137.50024999999994
2019-05-02 12:30:00,137.53154999999992
2019-05-02 12:45:00,137.50024999999994
2019-05-02 13:00:00,137.62524999999994
2019-05-02 13:15:00,137.56274999999994
2019-05-02 13:30:00,137.59404999999992
2019-05-02 13:45:00,137.53154999999992
2019-05-02 14:00:00,137.40654999999992
2019-05-02 14:15:00,137.37524999999994
2019-05-02 14:30:00,137.37524999999994
2019-05-02 14:45:00,137.46904999999992
2019-05-02 15:00:00,137.46904999999992
2019-05-02 15:15:00,137.34404999999992
2019-05-02 15:30:00,137.28154999999992
2019-05-02 15:45:00,137.15654999999992
2019-05-02 16:00:00,137.00024999999994
2019-05-02 16:15:00,136.90654999999992
2019-05-02 16:30:00,136.87524999999994
2019-05-02 16:45:00,136.90654999999992
2019-05-02 17:00:00,136.87524999999994
2019-05-02 17:15:00,136.93774999999994
2019-05-02 17:30:00,136.84404999999992
2019-05-02 17:45:00,136.81274999999994
2019-05-02 18:00:00,136.84404999999992
2019-05-02 18:15:00,136.81274999999994
2019-05-02 18:30:00,136.84404999999992
2019-05-02 18:45:00,136.84404999999992
2019-05-02 19:00:00,136.81274999999994
2019-05-02 19:15:00,136.87524999999994
2019-05-02 19:30:00,136.81274999999994
2019-05-02 19:45:00,136.81274999999994
2019-05-02 20:00:00,136.90654999999992
2019-05-02 20:15:00,136.90654999999992
2019-05-02 20:30:00,136.93774999999994
2019-05-02 20:45:00,136.93774999999994
2019-05-02 21:00:00,136.93774999999994
2019-05-02 21:15:00,136.96904999999992
2019-05-02 21:30:00,136.96904999999992
2019-05-02 21:45:00,137.00024999999994
2019-05-02 23:00:00,137.46904999999992
2019-05-02 23:15:00,137.00024999999994
2019-05-02 23:30:00,136.96904999999992
2019-05-02 23:45:00,137.00024999999994
2019-05-03 00:00:00,137.00024999999994
2019-05-03 00:15:00,137.03154999999992
2019-05-03 00:30:00,137.00024999999994
2019-05-03 00:45:00,137.00024999999994
2019-05-03 01:00:00,137.00024999999994
2019-05-03 01:15:00,137.03154999999992
2019-05-03 01:30:00,137.00024999999994
2019-05-03 01:45:00,137.00024999999994
2019-05-03 02:00:00,137.00024999999994
2019-05-03 02:15:00,137.03154999999992
2019-05-03 02:30:00,137.03154999999992
2019-05-03 02:45:00,137.03154999999992
2019-05-03 03:00:00,137.03154999999992
2019-05-03 03:15:00,137.00024999999994
2019-05-03 03:30:00,137.00024999999994
2019-05-03 03:45:00,137.03154999999992
2019-05-03 04:00:00,137.00024999999994
2019-05-03 04:15:00,137.00024999999994
2019-05-03 04:30:00,137.00024999999994
2019-05-03 04:45:00,137.00024999999994
2019-05-03 05:15:00,137.00024999999994
2019-05-03 05:30:00,137.00024999999994
2019-05-03 05:45:00,136.96904999999992
2019-05-03 06:15:00,136.96904999999992
2019-05-03 06:30:00,136.93774999999994
2019-05-03 06:45:00,136.93774999999994
2019-05-03 07:00:00,136.96904999999992
2019-05-03 07:15:00,136.96904999999992
2019-05-03 07:30:00,136.90654999999992
2019-05-03 07:45:00,136.90654999999992
2019-05-03 08:00:00,136.87524999999994
2019-05-03 08:15:00,136.81274999999994
2019-05-03 08:30:00,136.78154999999992
2019-05-03 08:45:00,136.78154999999992
2019-05-03 09:00:00,136.75024999999994
2019-05-03 09:15:00,136.75024999999994
2019-05-03 09:30:00,136.81274999999994
2019-05-03 09:45:00,136.71904999999992
2019-05-03 10:00:00,136.71904999999992
2019-05-03 10:15:00,136.75024999999994
2019-05-03 10:30:00,136.78154999999992
2019-05-03 10:45:00,136.81274999999994
2019-05-03 11:00:00,136.78154999999992
2019-05-03 11:15:00,136.78154999999992
2019-05-03 11:30:00,136.81274999999994
2019-05-03 11:45:00,136.81274999999994
2019-05-03 12:00:00,136.87524999999994
2019-05-03 12:15:00,136.81274999999994
2019-05-03 12:30:00,136.81274999999994
2019-05-03 12:45:00,136.84404999999992
2019-05-03 13:00:00,136.78154999999992
2019-05-03 13:15:00,136.75024999999994
2019-05-03 13:30:00,137.03154999999992
2019-05-03 13:45:00,137.06274999999994
2019-05-03 14:00:00,137.12524999999994
2019-05-03 14:15:00,137.28154999999992
2019-05-03 14:30:00,137.34404999999992
2019-05-03 14:45:00,137.34404999999992
2019-05-03 15:00:00,137.40654999999992
2019-05-03 15:15:00,137.34404999999992
2019-05-03 15:30:00,137.28154999999992
2019-05-03 15:45:00,137.34404999999992
2019-05-03 16:00:00,137.34404999999992
2019-05-03 16:15:00,137.34404999999992
2019-05-03 16:30:00,137.15654999999992
2019-05-03 16:45:00,137.09404999999992
2019-05-03 17:00:00,137.12524999999994
2019-05-03 17:15:00,137.18774999999994
2019-05-03 17:30:00,137.25024999999994
2019-05-03 17:45:00,137.28154999999992
2019-05-03 18:00:00,137.15654999999992
2019-05-03 18:15:00,137.21904999999992
2019-05-03 18:30:00,137.15654999999992
2019-05-03 18:45:00,137.21904999999992
2019-05-03 19:00:00,137.18774999999994
2019-05-03 19:15:00,137.15654999999992
2019-05-03 19:30:00,137.18774999999994
2019-05-03 19:45:00,137.21904999999992
2019-05-03 20:00:00,137.28154999999992
2019-05-03 20:15:00,137.21904999999992
2019-05-03 20:30:00,137.21904999999992
2019-05-03 20:45:00,137.25024999999994
2019-05-03 21:00:00,137.31274999999994
2019-05-03 21:15:00,137.28154999999992
2019-05-03 21:30:00,137.25024999999994
2019-05-03 21:45:00,137.31274999999994
2019-05-03 23:00:00,136.93774999999994
2019-05-05 23:00:00,138.09404999999992
2019-05-05 23:15:00,138.06274999999994
2019-05-05 23:30:00,138.06274999999994
2019-05-05 23:45:00,138.00024999999994
2019-05-06 00:00:00,138.06274999999994
2019-05-06 00:15:00,138.03154999999992
2019-05-06 00:30:00,138.03154999999992
2019-05-06 00:45:00,138.34404999999992
2019-05-06 01:00:00,138.21904999999992
2019-05-06 01:15:00,138.28154999999992
2019-05-06 01:30:00,138.37524999999994
2019-05-06 01:45:00,138.56274999999994
2019-05-06 02:00:00,138.53154999999992
2019-05-06 02:15:00,138.43774999999994
2019-05-06 02:30:00,138.46904999999992
2019-05-06 02:45:00,138.28154999999992
2019-05-06 03:00:00,138.34404999999992
2019-05-06 03:15:00,138.40654999999992
2019-05-06 03:30:00,138.31274999999994
2019-05-06 03:45:00,138.34404999999992
2019-05-06 04:00:00,138.28154999999992
2019-05-06 04:15:00,138.31274999999994
2019-05-06 04:30:00,138.34404999999992
2019-05-06 04:45:00,138.40654999999992
2019-05-06 05:15:00,138.43774999999994
2019-05-06 05:30:00,138.40654999999992
2019-05-06 05:45:00,138.18774999999994
2019-05-06 06:15:00,138.21904999999992
2019-05-06 06:30:00,138.15654999999992
2019-05-06 06:45:00,138.15654999999992
2019-05-06 07:00:00,138.09404999999992
2019-05-06 07:15:00,138.12524999999994
2019-05-06 07:30:00,138.15654999999992
2019-05-06 07:45:00,138.18774999999994
2019-05-06 08:00:00,138.25024999999994
2019-05-06 08:15:00,137.90654999999992
2019-05-06 08:30:00,138.00024999999994
2019-05-06 08:45:00,138.09404999999992
2019-05-06 09:00:00,138.00024999999994
2019-05-06 09:15:00,138.03154999999992
2019-05-06 09:30:00,138.00024999999994
2019-05-06 09:45:00,138.03154999999992
2019-05-06 10:00:00,138.00024999999994
2019-05-06 10:15:00,137.96904999999992
2019-05-06 10:30:00,138.03154999999992
2019-05-06 10:45:00,137.96904999999992
2019-05-06 11:00:00,138.00024999999994
2019-05-06 11:15:00,137.96904999999992
2019-05-06 11:30:00,137.96904999999992
2019-05-06 11:45:00,137.93774999999994
2019-05-06 12:00:00,137.93774999999994
2019-05-06 12:15:00,138.00024999999994
2019-05-06 12:30:00,137.93774999999994
2019-05-06 12:45:00,137.93774999999994
2019-05-06 13:00:00,137.96904999999992
2019-05-06 13:15:00,137.84404999999992
2019-05-06 13:30:00,137.84404999999992
2019-05-06 13:45:00,137.90654999999992
2019-05-06 14:00:00,138.00024999999994
2019-05-06 14:15:00,137.87524999999994
2019-05-06 14:30:00,137.71904999999992
2019-05-06 14:45:00,137.75024999999994
2019-05-06 15:00:00,137.75024999999994
2019-05-06 15:15:00,137.75024999999994
2019-05-06 15:30:00,137.78154999999992
2019-05-06 15:45:00,137.84404999999992
2019-05-06 16:00:00,137.75024999999994
2019-05-06 16:15:00,137.75024999999994
2019-05-06 16:30:00,137.84404999999992
2019-05-06 16:45:00,137.90654999999992
2019-05-06 17:00:00,137.90654999999992
2019-05-06 17:15:00,137.93774999999994
2019-05-06 17:30:00,137.96904999999992
2019-05-06 17:45:00,137.90654999999992
2019-05-06 18:00:00,137.93774999999994
2019-05-06 18:15:00,137.84404999999992
2019-05-06 18:30:00,137.84404999999992
2019-05-06 18:45:00,137.81274999999994
2019-05-06 19:00:00,137.75024999999994
2019-05-06 19:15:00,137.78154999999992
2019-05-06 19:30:00,137.78154999999992
2019-05-06 19:45:00,137.68774999999994
2019-05-06 20:00:00,137.75024999999994
2019-05-06 20:15:00,137.65654999999992
2019-05-06 20:30:00,137.68774999999994
2019-05-06 20:45:00,137.71904999999992
2019-05-06 21:00:00,137.71904999999992
2019-05-06 21:15:00,137.65654999999992
2019-05-06 21:30:00,137.68774999999994
2019-05-06 21:45:00,138.03154999999992
2019-05-06 23:00:00,138.18774999999994
2019-05-06 23:15:00,138.15654999999992
2019-05-06 23:30:00,138.12524999999994
2019-05-06 23:45:00,138.09404999999992
2019-05-07 00:00:00,138.09404999999992
2019-05-07 00:15:00,138.06274999999994
2019-05-07 00:30:00,137.96904999999992
2019-05-07 00:45:00,137.96904999999992
2019-05-07 01:00:00,138.15654999999992
2019-05-07 01:15:00,138.12524999999994
2019-05-07 01:30:00,138.06274999999994
2019-05-07 01:45:00,138.03154999999992
2019-05-07 02:00:00,138.06274999999994
2019-05-07 02:15:00,138.06274999999994
2019-05-07 02:30:00,138.00024999999994
2019-05-07 02:45:00,138.03154999999992
2019-05-07 03:00:00,138.00024999999994
2019-05-07 03:15:00,137.96904999999992
2019-05-07 03:30:00,137.93774999999994
2019-05-07 03:45:00,137.93774999999994
2019-05-07 04:00:00,137.93774999999994
2019-05-07 04:15:00,137.93774999999994
2019-05-07 04:30:00,138.03154999999992
2019-05-07 04:45:00,138.03154999999992
2019-05-07 05:15:00,138.03154999999992
2019-05-07 05:30:00,137.90654999999992
2019-05-07 05:45:00,137.90654999999992
2019-05-07 06:15:00,137.93774999999994
2019-05-07 06:30:00,137.90654999999992
2019-05-07 06:45:00,137.93774999999994
2019-05-07 07:00:00,138.00024999999994
2019-05-07 07:15:00,137.75024999999994
2019-05-07 07:30:00,137.68774999999994
2019-05-07 07:45:00,137.71904999999992
2019-05-07 08:00:00,137.78154999999992
2019-05-07 08:15:00,137.87524999999994
2019-05-07 08:30:00,137.90654999999992
2019-05-07 08:45:00,137.93774999999994
2019-05-07 09:00:00,137.96904999999992
2019-05-07 09:15:00,138.00024999999994
2019-05-07 09:30:00,138.00024999999994
2019-05-07 09:45:00,138.09404999999992
2019-05-07 10:00:00,138.09404999999992
2019-05-07 10:15:00,138.03154999999992
2019-05-07 10:30:00,138.06274999999994
2019-05-07 10:45:00,138.06274999999994
2019-05-07 11:00:00,138.09404999999992
2019-05-07 11:15:00,138.12524999999994
2019-05-07 11:30:00,138.06274999999994
2019-05-07 11:45:00,138.15654999999992
2019-05-07 12:00:00,138.12524999999994
2019-05-07 12:15:00,138.12524999999994
2019-05-07 12:30:00,138.03154999999992
2019-05-07 12:45:00,138.21904999999992
2019-05-07 13:00:00,138.03154999999992
2019-05-07 13:15:00,138.03154999999992
2019-05-07 13:30:00,138.12524999999994
2019-05-07 13:45:00,138.15654999999992
2019-05-07 14:00:00,138.25024999999994
2019-05-07 14:15:00,138.18774999999994
2019-05-07 14:30:00,138.12524999999994
2019-05-07 14:45:00,138.25024999999994
2019-05-07 15:00:00,138.31274999999994
2019-05-07 15:15:00,138.25024999999994
2019-05-07 15:30:00,138.25024999999994
2019-05-07 15:45:00,138.31274999999994
2019-05-07 16:00:00,138.37524999999994
2019-05-07 16:15:00,138.37524999999994
2019-05-07 16:30:00,138.34404999999992
2019-05-07 16:45:00,138.40654999999992
2019-05-07 17:00:00,138.46904999999992
2019-05-07 17:15:00,138.37524999999994
2019-05-07 17:30:00,138.40654999999992
2019-05-07 17:45:00,138.46904999999992
2019-05-07 18:00:00,138.56274999999994
2019-05-07 18:15:00,138.62524999999994
2019-05-07 18:30:00,138.65654999999992
2019-05-07 18:45:00,138.56274999999994
2019-05-07 19:00:00,138.53154999999992
2019-05-07 19:15:00,138.56274999999994
2019-05-07 19:30:00,138.59404999999992
2019-05-07 19:45:00,138.62524999999994
2019-05-07 20:00:00,138.56274999999994
2019-05-07 20:15:00,138.65654999999992
2019-05-07 20:30:00,138.65654999999992
2019-05-07 20:45:00,138.53154999999992
2019-05-07 21:00:00,138.50024999999994
2019-05-07 21:15:00,138.46904999999992
2019-05-07 21:30:00,138.65654999999992
2019-05-07 21:45:00,138.50024999999994
2019-05-07 23:00:00,137.93774999999994
2019-05-07 23:15:00,138.50024999999994
2019-05-07 23:30:00,138.50024999999994
2019-05-07 23:45:00,138.50024999999994
2019-05-08 00:00:00,138.50024999999994
2019-05-08 00:15:00,138.50024999999994
2019-05-08 00:30:00,138.53154999999992
2019-05-08 00:45:00,138.53154999999992
2019-05-08 01:00:00,138.46904999999992
2019-05-08 01:15:00,138.40654999999992
2019-05-08 01:30:00,138.40654999999992
2019-05-08 01:45:00,138.46904999999992
2019-05-08 02:00:00,138.40654999999992
2019-05-08 02:15:00,138.37524999999994
2019-05-08 02:30:00,138.37524999999994
2019-05-08 02:45:00,138.40654999999992
2019-05-08 03:00:00,138.46904999999992
2019-05-08 03:15:00,138.40654999999992
2019-05-08 03:30:00,138.40654999999992
2019-05-08 03:45:00,138.40654999999992
2019-05-08 04:00:00,138.40654999999992
2019-05-08 04:15:00,138.37524999999994
2019-05-08 04:30:00,138.43774999999994
2019-05-08 04:45:00,138.40654999999992
2019-05-08 05:15:00,138.40654999999992
2019-05-08 05:30:00,138.40654999999992
2019-05-08 05:45:00,138.50024999999994
2019-05-08 06:15:00,138.46904999999992
2019-05-08 06:30:00,138.50024999999994
2019-05-08 06:45:00,138.40654999999992
2019-05-08 07:00:00,138.40654999999992
2019-05-08 07:15:00,138.43774999999994
2019-05-08 07:30:00,138.37524999999994
2019-05-08 07:45:00,138.40654999999992
2019-05-08 08:00:00,138.46904999999992
2019-05-08 08:15:00,138.37524999999994
2019-05-08 08:30:00,138.43774999999994
2019-05-08 08:45:00,138.40654999999992
2019-05-08 09:00:00,138.34404999999992
2019-05-08 09:15:00,138.37524999999994
2019-05-08 09:30:00,138.40654999999992
2019-05-08 09:45:00,138.56274999999994
2019-05-08 10:00:00,138.68774999999994
2019-05-08 10:15:00,138.68774999999994
2019-05-08 10:30:00,138.75024999999994
2019-05-08 10:45:00,138.81274999999994
2019-05-08 11:00:00,138.84404999999992
2019-05-08 11:15:00,138.90654999999992
2019-05-08 11:30:00,139.00024999999994
2019-05-08 11:45:00,138.96904999999992
2019-05-08 12:00:00,139.00024999999994
2019-05-08 12:15:00,138.93774999999994
2019-05-08 12:30:00,138.96904999999992
2019-05-08 12:45:00,138.90654999999992
2019-05-08 13:00:00,138.84404999999992
2019-05-08 13:15:00,138.78154999999992
2019-05-08 13:30:00,138.90654999999992
2019-05-08 13:45:00,138.71904999999992
2019-05-08 14:00:00,138.75024999999994
2019-05-08 14:15:00,138.71904999999992
2019-05-08 14:30:00,138.65654999999992
2019-05-08 14:45:00,138.71904999999992
2019-05-08 15:00:00,138.62524999999994
2019-05-08 15:15:00,138.65654999999992
2019-05-08 15:30:00,138.68774999999994
2019-05-08 15:45:00,138.40654999999992
2019-05-08 16:00:00,138.56274999999994
2019-05-08 16:15:00,138.56274999999994
2019-05-08 16:30:00,138.62524999999994
2019-05-08 16:45:00,138.53154999999992
2019-05-08 17:00:00,138.56274999999994
2019-05-08 17:15:00,138.50024999999994
2019-05-08 17:30:00,138.43774999999994
2019-05-08 17:45:00,138.37524999999994
2019-05-08 18:00:00,138.03154999999992
2019-05-08 18:15:00,138.06274999999994
2019-05-08 18:30:00,138.12524999999994
2019-05-08 18:45:00,138.09404999999992
2019-05-08 19:00:00,138.12524999999994
2019-05-08 19:15:00,138.12524999999994
2019-05-08 19:30:00,138.12524999999994
2019-05-08 19:45:00,138.06274999999994
2019-05-08 20:00:00,138.00024999999994
2019-05-08 20:15:00,138.03154999999992
2019-05-08 20:30:00,138.09404999999992
2019-05-08 20:45:00,138.09404999999992
2019-05-08 21:00:00,138.03154999999992
2019-05-08 21:15:00,137.96904999999992
2019-05-08 21:30:00,138.03154999999992
2019-05-08 21:45:00,138.03154999999992
2019-05-08 23:00:00,138.53154999999992
2019-05-08 23:15:00,138.03154999999992
2019-05-08 23:30:00,138.06274999999994
2019-05-08 23:45:00,138.09404999999992
2019-05-09 00:00:00,138.06274999999994
2019-05-09 00:15:00,138.06274999999994
2019-05-09 00:30:00,138.12524999999994
2019-05-09 00:45:00,138.15654999999992
2019-05-09 01:00:00,138.15654999999992
2019-05-09 01:15:00,138.43774999999994
2019-05-09 01:30:00,138.40654999999992
2019-05-09 01:45:00,138.37524999999994
2019-05-09 02:00:00,138.31274999999994
2019-05-09 02:15:00,138.34404999999992
2019-05-09 02:30:00,138.25024999999994
2019-05-09 02:45:00,138.34404999999992
2019-05-09 03:00:00,138.34404999999992
2019-05-09 03:15:00,138.37524999999994
2019-05-09 03:30:00,138.34404999999992
2019-05-09 03:45:00,138.28154999999992
2019-05-09 04:00:00,138.28154999999992
2019-05-09 04:15:00,138.31274999999994
2019-05-09 04:30:00,138.34404999999992
2019-05-09 04:45:00,138.28154999999992
2019-05-09 05:15:00,138.25024999999994
2019-05-09 05:30:00,138.28154999999992
2019-05-09 05:45:00,138.21904999999992
2019-05-09 06:15:00,138.25024999999994
2019-05-09 06:30:00,138.21904999999992
2019-05-09 06:45:00,138.21904999999992
2019-05-09 07:00:00,138.25024999999994
2019-05-09 07:15:00,138.31274999999994
2019-05-09 07:30:00,138.28154999999992
2019-05-09 07:45:00,138.40654999999992
2019-05-09 08:00:00,138.40654999999992
2019-05-09 08:15:00,138.53154999999992
2019-05-09 08:30:00,138.59404999999992
2019-05-09 08:45:00,138.62524999999994
2019-05-09 09:00:00,138.65654999999992
2019-05-09 09:15:00,138.68774999999994
2019-05-09 09:30:00,138.62524999999994
2019-05-09 09:45:00,138.62524999999994
2019-05-09 10:00:00,138.56274999999994
2019-05-09 10:15:00,138.59404999999992
2019-05-09 10:30:00,138.62524999999994
2019-05-09 10:45:00,138.68774999999994
2019-05-09 11:00:00,138.62524999999994
2019-05-09 11:15:00,138.59404999999992
2019-05-09 11:30:00,138.50024999999994
2019-05-09 11:45:00,138.46904999999992
2019-05-09 12:00:00,138.50024999999994
2019-05-09 12:15:00,138.50024999999994
2019-05-09 12:30:00,138.62524999999994
2019-05-09 12:45:00,138.59404999999992
2019-05-09 13:00:00,138.65654999999992
2019-05-09 13:15:00,138.68774999999994
2019-05-09 13:30:00,138.68774999999994
2019-05-09 13:45:00,138.68774999999994
2019-05-09 14:00:00,138.68774999999994
2019-05-09 14:15:00,138.75024999999994
2019-05-09 14:30:00,138.71904999999992
2019-05-09 14:45:00,138.87524999999994
2019-05-09 15:00:00,138.78154999999992
2019-05-09 15:15:00,138.87524999999994
2019-05-09 15:30:00,138.81274999999994
2019-05-09 15:45:00,138.81274999999994
2019-05-09 16:00:00,138.65654999999992
2019-05-09 16:15:00,138.71904999999992
2019-05-09 16:30:00,138.65654999999992
2019-05-09 16:45:00,138.62524999999994
2019-05-09 17:00:00,138.56274999999994
2019-05-09 17:15:00,138.53154999999992
2019-05-09 17:30:00,138.40654999999992
2019-05-09 17:45:00,138.28154999999992
2019-05-09 18:00:00,138.37524999999994
2019-05-09 18:15:00,138.56274999999994
2019-05-09 18:30:00,138.53154999999992
2019-05-09 18:45:00,138.53154999999992
2019-05-09 19:00:00,138.50024999999994
2019-05-09 19:15:00,138.43774999999994
2019-05-09 19:30:00,138.43774999999994
2019-05-09 19:45:00,138.56274999999994
2019-05-09 20:00:00,138.59404999999992
2019-05-09 20:15:00,138.59404999999992
2019-05-09 20:30:00,138.62524999999994
2019-05-09 20:45:00,138.62524999999994
2019-05-09 21:00:00,138.65654999999992
2019-05-09 21:15:00,138.62524999999994
2019-05-09 21:30:00,138.62524999999994
2019-05-09 21:45:00,138.75024999999994
2019-05-09 23:00:00,138.18774999999994
2019-05-09 23:15:00,138.81274999999994
2019-05-09 23:30:00,138.78154999999992
2019-05-09 23:45:00,138.75024999999994
2019-05-10 00:00:00,138.68774999999994
2019-05-10 00:15:00,138.65654999999992
2019-05-10 00:30:00,138.62524999999994
2019-05-10 00:45:00,138.59404999999992
2019-05-10 01:00:00,138.46904999999992
2019-05-10 01:15:00,138.56274999999994
2019-05-10 01:30:00,138.56274999999994
2019-05-10 01:45:00,138.65654999999992
2019-05-10 02:00:00,138.62524999999994
2019-05-10 02:15:00,138.59404999999992
2019-05-10 02:30:00,138.50024999999994
2019-05-10 02:45:00,138.40654999999992
2019-05-10 03:00:00,138.46904999999992
2019-05-10 03:15:00,138.53154999999992
2019-05-10 03:30:00,138.56274999999994
2019-05-10 03:45:00,138.68774999999994
2019-05-10 04:00:00,138.68774999999994
2019-05-10 04:15:00,138.62524999999994
2019-05-10 04:30:00,138.59404999999992
2019-05-10 04:45:00,138.75024999999994
2019-05-10 05:15:00,138.81274999999994
2019-05-10 05:30:00,138.78154999999992
2019-05-10 05:45:00,138.78154999999992
2019-05-10 06:15:00,138.78154999999992
2019-05-10 06:30:00,138.71904999999992
2019-05-10 06:45:00,138.65654999999992
2019-05-10 07:00:00,138.68774999999994
2019-05-10 07:15:00,138.56274999999994
2019-05-10 07:30:00,138.59404999999992
2019-05-10 07:45:00,138.56274999999994
2019-05-10 08:00:00,138.59404999999992
2019-05-10 08:15:00,138.65654999999992
2019-05-10 08:30:00,138.71904999999992
2019-05-10 08:45:00,138.65654999999992
2019-05-10 09:00:00,138.65654999999992
2019-05-10 09:15:00,138.56274999999994
2019-05-10 09:30:00,138.46904999999992
2019-05-10 09:45:00,138.56274999999994
2019-05-10 10:00:00,138.56274999999994
2019-05-10 10:15:00,138.50024999999994
2019-05-10 10:30:00,138.53154999999992
2019-05-10 10:45:00,138.56274999999994
2019-05-10 11:00:00,138.56274999999994
2019-05-10 11:15:00,138.50024999999994
2019-05-10 11:30:00,138.43774999999994
2019-05-10 11:45:00,138.56274999999994
2019-05-10 12:00:00,138.59404999999992
2019-05-10 12:15:00,138.65654999999992
2019-05-10 12:30:00,138.65654999999992
2019-05-10 12:45:00,138.65654999999992
2019-05-10 13:00:00,138.68774999999994
2019-05-10 13:15:00,138.65654999999992
2019-05-10 13:30:00,138.65654999999992
2019-05-10 13:45:00,138.68774999999994
2019-05-10 14:00:00,138.59404999999992
2019-05-10 14:15:00,138.62524999999994
2019-05-10 14:30:00,138.62524999999994
2019-05-10 14:45:00,138.68774999999994
2019-05-10 15:00:00,138.81274999999994
2019-05-10 15:15:00,138.65654999999992
2019-05-10 15:30:00,138.84404999999992
2019-05-10 15:45:00,138.96904999999992
2019-05-10 16:00:00,138.96904999999992
2019-05-10 16:15:00,138.90654999999992
2019-05-10 16:30:00,138.90654999999992
2019-05-10 16:45:00,138.84404999999992
2019-05-10 17:00:00,138.81274999999994
2019-05-10 17:15:00,138.75024999999994
2019-05-10 17:30:00,138.68774999999994
2019-05-10 17:45:00,138.81274999999994
2019-05-10 18:00:00,138.78154999999992
2019-05-10 18:15:00,138.59404999999992
2019-05-10 18:30:00,138.59404999999992
2019-05-10 18:45:00,138.50024999999994
2019-05-10 19:00:00,138.46904999999992
2019-05-10 19:15:00,138.53154999999992
2019-05-10 19:30:00,138.50024999999994
2019-05-10 19:45:00,138.53154999999992
2019-05-10 20:00:00,138.43774999999994
2019-05-10 20:15:00,138.31274999999994
2019-05-10 20:30:00,138.46904999999992
2019-05-10 20:45:00,138.37524999999994
2019-05-10 21:00:00,138.34404999999992
2019-05-10 21:15:00,138.34404999999992
2019-05-10 21:30:00,138.31274999999994
2019-05-10 21:45:00,138.37524999999994
2019-05-10 23:00:00,138.75024999999994
2019-05-12 23:00:00,138.81274999999994
2019-05-12 23:15:00,138.81274999999994
2019-05-12 23:30:00,138.78154999999992
2019-05-12 23:45:00,138.81274999999994
2019-05-13 00:00:00,138.81274999999994
2019-05-13 00:15:00,138.81274999999994
2019-05-13 00:30:00,138.87524999999994
2019-05-13 00:45:00,138.87524999999994
2019-05-13 01:00:00,138.90654999999992
2019-05-13 01:15:00,138.84404999999992
2019-05-13 01:30:00,138.84404999999992
2019-05-13 01:45:00,138.84404999999992
2019-05-13 02:00:00,138.81274999999994
2019-05-13 02:15:00,138.78154999999992
2019-05-13 02:30:00,138.78154999999992
2019-05-13 02:45:00,138.75024999999994
2019-05-13 03:00:00,138.78154999999992
2019-05-13 03:15:00,138.81274999999994
2019-05-13 03:30:00,138.81274999999994
2019-05-13 03:45:00,138.81274999999994
2019-05-13 04:00:00,138.81274999999994
2019-05-13 04:15:00,138.81274999999994
2019-05-13 04:30:00,138.78154999999992
2019-05-13 04:45:00,138.81274999999994
2019-05-13 05:15:00,138.78154999999992
2019-05-13 05:30:00,138.78154999999992
2019-05-13 05:45:00,138.78154999999992
2019-05-13 06:15:00,138.78154999999992
2019-05-13 06:30:00,138.84404999999992
2019-05-13 06:45:00,138.81274999999994
2019-05-13 07:00:00,138.78154999999992
2019-05-13 07:15:00,138.75024999999994
2019-05-13 07:30:00,138.71904999999992
2019-05-13 07:45:00,138.75024999999994
2019-05-13 08:00:00,138.90654999999992
2019-05-13 08:15:00,139.00024999999994
2019-05-13 08:30:00,139.00024999999994
2019-05-13 08:45:00,139.06274999999994
2019-05-13 09:00:00,139.06274999999994
2019-05-13 09:15:00,139.00024999999994
2019-05-13 09:30:00,138.96904999999992
2019-05-13 09:45:00,139.00024999999994
2019-05-13 10:00:00,138.90654999999992
2019-05-13 10:15:00,138.90654999999992
2019-05-13 10:30:00,138.90654999999992
2019-05-13 10:45:00,138.93774999999994
2019-05-13 11:00:00,138.93774999999994
2019-05-13 11:15:00,138.96904999999992
2019-05-13 11:30:00,138.96904999999992
2019-05-13 11:45:00,138.93774999999994
2019-05-13 12:00:00,138.93774999999994
2019-05-13 12:15:00,138.96904999999992
2019-05-13 12:30:00,138.96904999999992
2019-05-13 12:45:00,139.09404999999992
2019-05-13 13:00:00,139.06274999999994
2019-05-13 13:15:00,139.03154999999992
2019-05-13 13:30:00,139.09404999999992
2019-05-13 13:45:00,139.00024999999994
2019-05-13 14:00:00,139.00024999999994
2019-05-13 14:15:00,139.12524999999994
2019-05-13 14:30:00,139.06274999999994
2019-05-13 14:45:00,139.21904999999992
2019-05-13 15:00:00,139.21904999999992
2019-05-13 15:15:00,139.18774999999994
2019-05-13 15:30:00,139.15654999999992
2019-05-13 15:45:00,139.31274999999994
2019-05-13 16:00:00,139.28154999999992
2019-05-13 16:15:00,139.53154999999992
2019-05-13 16:30:00,139.56274999999994
2019-05-13 16:45:00,139.43774999999994
2019-05-13 17:00:00,139.46904999999992
2019-05-13 17:15:00,139.56274999999994
2019-05-13 17:30:00,139.46904999999992
2019-05-13 17:45:00,139.50024999999994
2019-05-13 18:00:00,139.50024999999994
2019-05-13 18:15:00,139.50024999999994
2019-05-13 18:30:00,139.40654999999992
2019-05-13 18:45:00,139.37524999999994
2019-05-13 19:00:00,139.37524999999994
2019-05-13 19:15:00,139.31274999999994
2019-05-13 19:30:00,139.40654999999992
2019-05-13 19:45:00,139.37524999999994
2019-05-13 20:00:00,139.28154999999992
2019-05-13 20:15:00,139.37524999999994
2019-05-13 20:30:00,139.43774999999994
2019-05-13 20:45:00,139.43774999999994
2019-05-13 21:00:00,139.40654999999992
2019-05-13 21:15:00,139.40654999999992
2019-05-13 21:30:00,139.37524999999994
2019-05-13 21:45:00,139.37524999999994
2019-05-13 23:00:00,138.81274999999994
2019-05-13 23:15:00,139.37524999999994
2019-05-13 23:30:00,139.37524999999994
2019-05-13 23:45:00,139.37524999999994
2019-05-14 00:00:00,139.37524999999994
2019-05-14 00:15:00,139.37524999999994
2019-05-14 00:30:00,139.40654999999992
2019-05-14 00:45:00,139.37524999999994
2019-05-14 01:00:00,139.37524999999994
2019-05-14 01:15:00,139.43774999999994
2019-05-14 01:30:00,139.50024999999994
2019-05-14 01:45:00,139.31274999999994
2019-05-14 02:00:00,139.31274999999994
2019-05-14 02:15:00,139.28154999999992
2019-05-14 02:30:00,139.21904999999992
2019-05-14 02:45:00,139.18774999999994
2019-05-14 03:00:00,139.15654999999992
2019-05-14 03:15:00,139.18774999999994
2019-05-14 03:30:00,139.18774999999994
2019-05-14 03:45:00,139.18774999999994
2019-05-14 04:00:00,139.18774999999994
2019-05-14 04:15:00,139.15654999999992
2019-05-14 04:30:00,139.15654999999992
2019-05-14 04:45:00,139.12524999999994
2019-05-14 05:15:00,139.15654999999992
2019-05-14 05:30:00,139.12524999999994
2019-05-14 05:45:00,139.12524999999994
2019-05-14 06:15:00,139.12524999999994
2019-05-14 06:30:00,139.12524999999994
2019-05-14 06:45:00,139.12524999999994
2019-05-14 07:00:00,139.18774999999994
2019-05-14 07:15:00,139.25024999999994
2019-05-14 07:30:00,139.21904999999992
2019-05-14 07:45:00,139.25024999999994
2019-05-14 08:00:00,139.09404999999992
2019-05-14 08:15:00,139.12524999999994
2019-05-14 08:30:00,139.12524999999994
2019-05-14 08:45:00,139.15654999999992
2019-05-14 09:00:00,139.21904999999992
2019-05-14 09:15:00,139.18774999999994
2019-05-14 09:30:00,139.21904999999992
2019-05-14 09:45:00,139.09404999999992
2019-05-14 10:00:00,139.12524999999994
2019-05-14 10:15:00,139.12524999999994
2019-05-14 10:30:00,139.09404999999992
2019-05-14 10:45:00,139.15654999999992
2019-05-14 11:00:00,139.12524999999994
2019-05-14 11:15:00,139.15654999999992
2019-05-14 11:30:00,139.18774999999994
2019-05-14 11:45:00,139.12524999999994
2019-05-14 12:00:00,139.06274999999994
2019-05-14 12:15:00,139.06274999999994
2019-05-14 12:30:00,139.12524999999994
2019-05-14 12:45:00,139.15654999999992
2019-05-14 13:00:00,139.12524999999994
2019-05-14 13:15:00,139.28154999999992
2019-05-14 13:30:00,139.34404999999992
2019-05-14 13:45:00,139.28154999999992
2019-05-14 14:00:00,139.31274999999994
2019-05-14 14:15:00,139.18774999999994
2019-05-14 14:30:00,139.15654999999992
2019-05-14 14:45:00,139.31274999999994
2019-05-14 15:00:00,139.25024999999994
2019-05-14 15:15:00,139.15654999999992
2019-05-14 15:30:00,139.18774999999994
2019-05-14 15:45:00,139.12524999999994
2019-05-14 16:00:00,139.12524999999994
2019-05-14 16:15:00,139.06274999999994
2019-05-14 16:30:00,139.00024999999994
2019-05-14 16:45:00,138.93774999999994
2019-05-14 17:00:00,139.00024999999994
2019-05-14 17:15:00,139.09404999999992
2019-05-14 17:30:00,139.06274999999994
2019-05-14 17:45:00,139.09404999999992
2019-05-14 18:00:00,139.03154999999992
2019-05-14 18:15:00,139.03154999999992
2019-05-14 18:30:00,139.03154999999992
2019-05-14 18:45:00,139.00024999999994
2019-05-14 19:00:00,139.06274999999994
2019-05-14 19:15:00,139.03154999999992
2019-05-14 19:30:00,139.03154999999992
2019-05-14 19:45:00,139.09404999999992
2019-05-14 20:00:00,139.00024999999994
2019-05-14 20:15:00,139.00024999999994
2019-05-14 20:30:00,139.06274999999994
2019-05-14 20:45:00,139.12524999999994
2019-05-14 21:00:00,139.18774999999994
2019-05-14 21:15:00,139.15654999999992
2019-05-14 21:30:00,139.15654999999992
2019-05-14 21:45:00,139.15654999999992
2019-05-14 23:00:00,139.12524999999994
2019-05-14 23:15:00,139.15654999999992
2019-05-14 23:30:00,139.18774999999994
2019-05-14 23:45:00,139.18774999999994
2019-05-15 00:00:00,139.21904999999992
2019-05-15 00:15:00,139.21904999999992
2019-05-15 00:30:00,139.21904999999992
2019-05-15 00:45:00,139.21904999999992
2019-05-15 01:00:00,139.28154999999992
2019-05-15 01:15:00,139.28154999999992
2019-05-15 01:30:00,139.25024999999994
2019-05-15 01:45:00,139.18774999999994
2019-05-15 02:00:00,139.21904999999992
2019-05-15 02:15:00,139.15654999999992
2019-05-15 02:30:00,139.18774999999994
2019-05-15 02:45:00,139.12524999999994
2019-05-15 03:00:00,139.21904999999992
2019-05-15 03:15:00,139.25024999999994
2019-05-15 03:30:00,139.21904999999992
2019-05-15 03:45:00,139.21904999999992
2019-05-15 04:00:00,139.21904999999992
2019-05-15 04:15:00,139.21904999999992
2019-05-15 04:30:00,139.18774999999994
2019-05-15 04:45:00,139.18774999999994
2019-05-15 05:15:00,139.18774999999994
2019-05-15 05:30:00,139.18774999999994
2019-05-15 05:45:00,139.18774999999994
2019-05-15 06:15:00,139.18774999999994
2019-05-15 06:30:00,139.15654999999992
2019-05-15 06:45:00,139.12524999999994
2019-05-15 07:00:00,139.18774999999994
2019-05-15 07:15:00,139.12524999999994
2019-05-15 07:30:00,139.12524999999994
2019-05-15 07:45:00,139.18774999999994
2019-05-15 08:00:00,139.37524999999994
2019-05-15 08:15:00,139.43774999999994
2019-05-15 08:30:00,139.43774999999994
2019-05-15 08:45:00,139.43774999999994
2019-05-15 09:00:00,139.43774999999994
2019-05-15 09:15:00,139.46904999999992
2019-05-15 09:30:00,139.53154999999992
2019-05-15 09:45:00,139.59404999999992
2019-05-15 10:00:00,139.53154999999992
2019-05-15 10:15:00,139.56274999999994
2019-05-15 10:30:00,139.68774999999994
2019-05-15 10:45:00,139.71904999999992
2019-05-15 11:00:00,139.71904999999992
2019-05-15 11:15:00,139.81274999999994
2019-05-15 11:30:00,139.68774999999994
2019-05-15 11:45:00,139.68774999999994
2019-05-15 12:00:00,139.65654999999992
2019-05-15 12:15:00,139.68774999999994
2019-05-15 12:30:00,139.75024999999994
2019-05-15 12:45:00,139.75024999999994
2019-05-15 13:00:00,139.81274999999994
2019-05-15 13:15:00,139.75024999999994
2019-05-15 13:30:00,139.96904999999992
2019-05-15 13:45:00,139.78154999999992
2019-05-15 14:00:00,139.84404999999992
2019-05-15 14:15:00,139.90654999999992
2019-05-15 14:30:00,139.81274999999994
2019-05-15 14:45:00,139.75024999999994
2019-05-15 15:00:00,139.59404999999992
2019-05-15 15:15:00,139.53154999999992
2019-05-15 15:30:00,139.62524999999994
2019-05-15 15:45:00,139.62524999999994
2019-05-15 16:00:00,139.56274999999994
2019-05-15 16:15:00,139.50024999999994
2019-05-15 16:30:00,139.56274999999994
2019-05-15 16:45:00,139.59404999999992
2019-05-15 17:00:00,139.56274999999994
2019-05-15 17:15:00,139.75024999999994
2019-05-15 17:30:00,139.78154999999992
2019-05-15 17:45:00,139.78154999999992
2019-05-15 18:00:00,139.75024999999994
2019-05-15 18:15:00,139.78154999999992
2019-05-15 18:30:00,139.75024999999994
2019-05-15 18:45:00,139.71904999999992
2019-05-15 19:00:00,139.68774999999994
2019-05-15 19:15:00,139.71904999999992
2019-05-15 19:30:00,139.71904999999992
2019-05-15 19:45:00,139.75024999999994
2019-05-15 20:00:00,139.78154999999992
2019-05-15 20:15:00,139.75024999999994
2019-05-15 20:30:00,139.75024999999994
2019-05-15 20:45:00,139.81274999999994
2019-05-15 21:00:00,139.81274999999994
2019-05-15 21:15:00,139.75024999999994
2019-05-15 21:30:00,139.71904999999992
2019-05-15 21:45:00,139.78154999999992
2019-05-15 23:00:00,139.18774999999994
2019-05-15 23:15:00,139.75024999999994
2019-05-15 23:30:00,139.75024999999994
2019-05-15 23:45:00,139.75024999999994
2019-05-16 00:00:00,139.75024999999994
2019-05-16 00:15:00,139.75024999999994
2019-05-16 00:30:00,139.78154999999992
2019-05-16 00:45:00,139.78154999999992
2019-05-16 01:00:00,139.81274999999994
2019-05-16 01:15:00,139.81274999999994
2019-05-16 01:30:00,139.87524999999994
2019-05-16 01:45:00,139.90654999999992
2019-05-16 02:00:00,140.03154999999992
2019-05-16 02:15:00,139.96904999999992
2019-05-16 02:30:00,140.03154999999992
2019-05-16 02:45:00,139.90654999999992
2019-05-16 03:00:00,139.90654999999992
2019-05-16 03:15:00,139.87524999999994
2019-05-16 03:30:00,139.84404999999992
2019-05-16 03:45:00,139.84404999999992
2019-05-16 04:00:00,139.87524999999994
2019-05-16 04:15:00,139.81274999999994
2019-05-16 04:30:00,139.84404999999992
2019-05-16 04:45:00,139.81274999999994
2019-05-16 05:15:00,139.84404999999992
2019-05-16 05:30:00,139.84404999999992
2019-05-16 05:45:00,139.87524999999994
2019-05-16 06:15:00,139.90654999999992
2019-05-16 06:30:00,139.93774999999994
2019-05-16 06:45:00,139.93774999999994
2019-05-16 07:00:00,139.90654999999992
2019-05-16 07:15:00,140.03154999999992
2019-05-16 07:30:00,140.03154999999992
2019-05-16 07:45:00,140.00024999999994
2019-05-16 08:00:00,140.03154999999992
2019-05-16 08:15:00,140.09404999999992
2019-05-16 08:30:00,140.09404999999992
2019-05-16 08:45:00,140.03154999999992
2019-05-16 09:00:00,140.09404999999992
2019-05-16 09:15:00,140.00024999999994
2019-05-16 09:30:00,139.96904999999992
2019-05-16 09:45:00,140.09404999999992
2019-05-16 10:00:00,140.03154999999992
2019-05-16 10:15:00,139.96904999999992
2019-05-16 10:30:00,139.90654999999992
2019-05-16 10:45:00,139.87524999999994
2019-05-16 11:00:00,139.81274999999994
2019-05-16 11:15:00,139.75024999999994
2019-05-16 11:30:00,139.78154999999992
2019-05-16 11:45:00,139.71904999999992
2019-05-16 12:00:00,139.62524999999994
2019-05-16 12:15:00,139.62524999999994
2019-05-16 12:30:00,139.75024999999994
2019-05-16 12:45:00,139.68774999999994
2019-05-16 13:00:00,139.78154999999992
2019-05-16 13:15:00,139.75024999999994
2019-05-16 13:30:00,139.53154999999992
2019-05-16 13:45:00,139.50024999999994
2019-05-16 14:00:00,139.56274999999994
2019-05-16 14:15:00,139.43774999999994
2019-05-16 14:30:00,139.28154999999992
2019-05-16 14:45:00,139.28154999999992
2019-05-16 15:00:00,139.34404999999992
2019-05-16 15:15:00,139.28154999999992
2019-05-16 15:30:00,139.34404999999992
2019-05-16 15:45:00,139.40654999999992
2019-05-16 16:00:00,139.40654999999992
2019-05-16 16:15:00,139.37524999999994
2019-05-16 16:30:00,139.37524999999994
2019-05-16 16:45:00,139.40654999999992
2019-05-16 17:00:00,139.34404999999992
2019-05-16 17:15:00,139.31274999999994
2019-05-16 17:30:00,139.37524999999994
2019-05-16 17:45:00,139.40654999999992
2019-05-16 18:00:00,139.40654999999992
2019-05-16 18:15:00,139.40654999999992
2019-05-16 18:30:00,139.43774999999994
2019-05-16 18:45:00,139.40654999999992
2019-05-16 19:00:00,139.40654999999992
2019-05-16 19:15:00,139.34404999999992
2019-05-16 19:30:00,139.31274999999994
2019-05-16 19:45:00,139.31274999999994
2019-05-16 20:00:00,139.34404999999992
2019-05-16 20:15:00,139.40654999999992
2019-05-16 20:30:00,139.40654999999992
2019-05-16 20:45:00,139.40654999999992
2019-05-16 21:00:00,139.37524999999994
2019-05-16 21:15:00,139.40654999999992
2019-05-16 21:30:00,139.46904999999992
2019-05-16 21:45:00,139.46904999999992
2019-05-16 23:00:00,139.90654999999992
2019-05-16 23:15:00,139.43774999999994
2019-05-16 23:30:00,139.46904999999992
2019-05-16 23:45:00,139.46904999999992
2019-05-17 00:00:00,139.43774999999994
2019-05-17 00:15:00,139.43774999999994
2019-05-17 00:30:00,139.40654999999992
2019-05-17 00:45:00,139.40654999999992
2019-05-17 01:00:00,139.43774999999994
2019-05-17 01:15:00,139.34404999999992
2019-05-17 01:30:00,139.34404999999992
2019-05-17 01:45:00,139.34404999999992
2019-05-17 02:00:00,139.34404999999992
2019-05-17 02:15:00,139.31274999999994
2019-05-17 02:30:00,139.28154999999992
2019-05-17 02:45:00,139.28154999999992
2019-05-17 03:00:00,139.31274999999994
2019-05-17 03:15:00,139.28154999999992
2019-05-17 03:30:00,139.31274999999994
2019-05-17 03:45:00,139.37524999999994
2019-05-17 04:00:00,139.40654999999992
2019-05-17 04:15:00,139.56274999999994
2019-05-17 04:30:00,139.56274999999994
2019-05-17 04:45:00,139.59404999999992
2019-05-17 05:15:00,139.56274999999994
2019-05-17 05:30:00,139.56274999999994
2019-05-17 05:45:00,139.56274999999994
2019-05-17 06:15:00,139.62524999999994
2019-05-17 06:30:00,139.65654999999992
2019-05-17 06:45:00,139.65654999999992
2019-05-17 07:00:00,139.65654999999992
2019-05-17 07:15:00,139.65654999999992
2019-05-17 07:30:00,139.65654999999992
2019-05-17 07:45:00,139.56274999999994
2019-05-17 08:00:00,139.53154999999992
2019-05-17 08:15:00,139.43774999999994
2019-05-17 08:30:00,139.40654999999992
2019-05-17 08:45:00,139.40654999999992
2019-05-17 09:00:00,139.50024999999994
2019-05-17 09:15:00,139.59404999999992
2019-05-17 09:30:00,139.62524999999994
2019-05-17 09:45:00,139.65654999999992
2019-05-17 10:00:00,139.65654999999992
2019-05-17 10:15:00,139.65654999999992
2019-05-17 10:30:00,139.59404999999992
2019-05-17 10:45:00,139.59404999999992
2019-05-17 11:00:00,139.59404999999992
2019-05-17 11:15:00,139.62524999999994
2019-05-17 11:30:00,139.65654999999992
2019-05-17 11:45:00,139.68774999999994
2019-05-17 12:00:00,139.78154999999992
2019-05-17 12:15:00,139.84404999999992
2019-05-17 12:30:00,139.87524999999994
2019-05-17 12:45:00,139.90654999999992
2019-05-17 13:00:00,139.90654999999992
2019-05-17 13:15:00,139.93774999999994
2019-05-17 13:30:00,139.78154999999992
2019-05-17 13:45:00,139.93774999999994
2019-05-17 14:00:00,139.87524999999994
2019-05-17 14:15:00,139.87524999999994
2019-05-17 14:30:00,139.68774999999994
2019-05-17 14:45:00,139.65654999999992
2019-05-17 15:00:00,139.59404999999992
2019-05-17 15:15:00,139.43774999999994
2019-05-17 15:30:00,139.50024999999994
2019-05-17 15:45:00,139.37524999999994
2019-05-17 16:00:00,139.46904999999992
2019-05-17 16:15:00,139.46904999999992
2019-05-17 16:30:00,139.46904999999992
2019-05-17 16:45:00,139.53154999999992
2019-05-17 17:00:00,139.59404999999992
2019-05-17 17:15:00,139.59404999999992
2019-05-17 17:30:00,139.50024999999994
2019-05-17 17:45:00,139.50024999999994
2019-05-17 18:00:00,139.46904999999992
2019-05-17 18:15:00,139.50024999999994
2019-05-17 18:30:00,139.56274999999994
2019-05-17 18:45:00,139.50024999999994
2019-05-17 19:00:00,139.56274999999994
2019-05-17 19:15:00,139.53154999999992
2019-05-17 19:30:00,139.53154999999992
2019-05-17 19:45:00,139.56274999999994
2019-05-17 20:00:00,139.68774999999994
2019-05-17 20:15:00,139.65654999999992
2019-05-17 20:30:00,139.62524999999994
2019-05-17 20:45:00,139.62524999999994
2019-05-17 21:00:00,139.56274999999994
2019-05-17 21:15:00,139.56274999999994
2019-05-17 21:30:00,139.59404999999992
2019-05-17 21:45:00,139.53154999999992
2019-05-17 23:00:00,139.59404999999992
2019-05-19 23:00:00,139.62524999999994
2019-05-19 23:15:00,139.59404999999992
2019-05-19 23:30:00,139.59404999999992
2019-05-19 23:45:00,139.59404999999992
2019-05-20 00:00:00,139.56274999999994
2019-05-20 00:15:00,139.56274999999994
2019-05-20 00:30:00,139.53154999999992
2019-05-20 00:45:00,139.46904999999992
2019-05-20 01:00:00,139.46904999999992
2019-05-20 01:15:00,139.46904999999992
2019-05-20 01:30:00,139.46904999999992
2019-05-20 01:45:00,139.43774999999994
2019-05-20 02:00:00,139.37524999999994
2019-05-20 02:15:00,139.37524999999994
2019-05-20 02:30:00,139.37524999999994
2019-05-20 02:45:00,139.40654999999992
2019-05-20 03:00:00,139.43774999999994
2019-05-20 03:15:00,139.40654999999992
2019-05-20 03:30:00,139.37524999999994
2019-05-20 03:45:00,139.40654999999992
2019-05-20 04:00:00,139.40654999999992
2019-05-20 04:15:00,139.40654999999992
2019-05-20 04:30:00,139.40654999999992
2019-05-20 04:45:00,139.40654999999992
2019-05-20 05:15:00,139.37524999999994
2019-05-20 05:30:00,139.37524999999994
2019-05-20 05:45:00,139.40654999999992
2019-05-20 06:15:00,139.40654999999992
2019-05-20 06:30:00,139.43774999999994
2019-05-20 06:45:00,139.43774999999994
2019-05-20 07:00:00,139.43774999999994
2019-05-20 07:15:00,139.46904999999992
2019-05-20 07:30:00,139.50024999999994
2019-05-20 07:45:00,139.43774999999994
2019-05-20 08:00:00,139.40654999999992
2019-05-20 08:15:00,139.46904999999992
2019-05-20 08:30:00,139.40654999999992
2019-05-20 08:45:00,139.28154999999992
2019-05-20 09:00:00,139.21904999999992
2019-05-20 09:15:00,139.31274999999994
2019-05-20 09:30:00,139.40654999999992
2019-05-20 09:45:00,139.40654999999992
2019-05-20 10:00:00,139.43774999999994
2019-05-20 10:15:00,139.43774999999994
2019-05-20 10:30:00,139.43774999999994
2019-05-20 10:45:00,139.43774999999994
2019-05-20 11:00:00,139.59404999999992
2019-05-20 11:15:00,139.59404999999992
2019-05-20 11:30:00,139.53154999999992
2019-05-20 11:45:00,139.59404999999992
2019-05-20 12:00:00,139.65654999999992
2019-05-20 12:15:00,139.62524999999994
2019-05-20 12:30:00,139.59404999999992
2019-05-20 12:45:00,139.62524999999994
2019-05-20 13:00:00,139.75024999999994
2019-05-20 13:15:00,139.65654999999992
2019-05-20 13:30:00,139.62524999999994
2019-05-20 13:45:00,139.62524999999994
2019-05-20 14:00:00,139.68774999999994
2019-05-20 14:15:00,139.59404999999992
2019-05-20 14:30:00,139.75024999999994
2019-05-20 14:45:00,139.62524999999994
2019-05-20 15:00:00,139.59404999999992
2019-05-20 15:15:00,139.50024999999994
2019-05-20 15:30:00,139.53154999999992
2019-05-20 15:45:00,139.40654999999992
2019-05-20 16:00:00,139.43774999999994
2019-05-20 16:15:00,139.43774999999994
2019-05-20 16:30:00,139.50024999999994
2019-05-20 16:45:00,139.40654999999992
2019-05-20 17:00:00,139.28154999999992
2019-05-20 17:15:00,139.31274999999994
2019-05-20 17:30:00,139.31274999999994
2019-05-20 17:45:00,139.25024999999994
2019-05-20 18:00:00,139.28154999999992
2019-05-20 18:15:00,139.21904999999992
2019-05-20 18:30:00,139.18774999999994
2019-05-20 18:45:00,139.21904999999992
2019-05-20 19:00:00,139.28154999999992
2019-05-20 19:15:00,139.37524999999994
2019-05-20 19:30:00,139.28154999999992
2019-05-20 19:45:00,139.28154999999992
2019-05-20 20:00:00,139.31274999999994
2019-05-20 20:15:00,139.28154999999992
2019-05-20 20:30:00,139.28154999999992
2019-05-20 20:45:00,139.25024999999994
2019-05-20 21:00:00,139.28154999999992
2019-05-20 21:15:00,139.21904999999992
2019-05-20 21:30:00,139.15654999999992
2019-05-20 21:45:00,139.18774999999994
2019-05-20 23:00:00,139.37524999999994
2019-05-20 23:15:00,139.21904999999992
2019-05-20 23:30:00,139.21904999999992
2019-05-20 23:45:00,139.21904999999992
2019-05-21 00:00:00,139.25024999999994
2019-05-21 00:15:00,139.21904999999992
2019-05-21 00:30:00,139.21904999999992
2019-05-21 00:45:00,139.21904999999992
2019-05-21 01:00:00,139.25024999999994
2019-05-21 01:15:00,139.21904999999992
2019-05-21 01:30:00,139.15654999999992
2019-05-21 01:45:00,139.15654999999992
2019-05-21 02:00:00,139.09404999999992
2019-05-21 02:15:00,139.06274999999994
2019-05-21 02:30:00,139.12524999999994
2019-05-21 02:45:00,139.12524999999994
2019-05-21 03:00:00,139.15654999999992
2019-05-21 03:15:00,139.12524999999994
2019-05-21 03:30:00,139.15654999999992
2019-05-21 03:45:00,139.12524999999994
2019-05-21 04:00:00,139.15654999999992
2019-05-21 04:15:00,139.15654999999992
2019-05-21 04:30:00,139.15654999999992
2019-05-21 04:45:00,139.15654999999992
2019-05-21 05:15:00,139.18774999999994
2019-05-21 05:30:00,139.18774999999994
2019-05-21 05:45:00,139.18774999999994
2019-05-21 06:15:00,139.21904999999992
2019-05-21 06:30:00,139.25024999999994
2019-05-21 06:45:00,139.21904999999992
2019-05-21 07:00:00,139.31274999999994
2019-05-21 07:15:00,139.28154999999992
2019-05-21 07:30:00,139.15654999999992
2019-05-21 07:45:00,139.15654999999992
2019-05-21 08:00:00,139.21904999999992
2019-05-21 08:15:00,139.37524999999994
2019-05-21 08:30:00,139.28154999999992
2019-05-21 08:45:00,139.28154999999992
2019-05-21 09:00:00,139.40654999999992
2019-05-21 09:15:00,139.31274999999994
2019-05-21 09:30:00,139.34404999999992
2019-05-21 09:45:00,139.31274999999994
2019-05-21 10:00:00,139.37524999999994
2019-05-21 10:15:00,139.28154999999992
2019-05-21 10:30:00,139.28154999999992
2019-05-21 10:45:00,139.25024999999994
2019-05-21 11:00:00,139.25024999999994
2019-05-21 11:15:00,139.25024999999994
2019-05-21 11:30:00,139.25024999999994
2019-05-21 11:45:00,139.15654999999992
2019-05-21 12:00:00,139.15654999999992
2019-05-21 12:15:00,139.06274999999994
2019-05-21 12:30:00,139.06274999999994
2019-05-21 12:45:00,139.00024999999994
2019-05-21 13:00:00,138.96904999999992
2019-05-21 13:15:00,139.00024999999994
2019-05-21 13:30:00,139.03154999999992
2019-05-21 13:45:00,139.03154999999992
2019-05-21 14:00:00,139.09404999999992
2019-05-21 14:15:00,139.15654999999992
2019-05-21 14:30:00,139.12524999999994
2019-05-21 14:45:00,139.18774999999994
2019-05-21 15:00:00,139.21904999999992
2019-05-21 15:15:00,139.15654999999992
2019-05-21 15:30:00,139.03154999999992
2019-05-21 15:45:00,138.90654999999992
2019-05-21 16:00:00,138.93774999999994
2019-05-21 16:15:00,139.00024999999994
2019-05-21 16:30:00,139.00024999999994
2019-05-21 16:45:00,139.03154999999992
2019-05-21 17:00:00,139.00024999999994
2019-05-21 17:15:00,139.03154999999992
2019-05-21 17:30:00,139.09404999999992
2019-05-21 17:45:00,139.09404999999992
2019-05-21 18:00:00,139.09404999999992
2019-05-21 18:15:00,139.06274999999994
2019-05-21 18:30:00,139.06274999999994
2019-05-21 18:45:00,139.03154999999992
2019-05-21 19:00:00,139.03154999999992
2019-05-21 19:15:00,139.00024999999994
2019-05-21 19:30:00,139.00024999999994
2019-05-21 19:45:00,139.09404999999992
2019-05-21 20:00:00,139.03154999999992
2019-05-21 20:15:00,139.06274999999994
2019-05-21 20:30:00,139.03154999999992
2019-05-21 20:45:00,139.03154999999992
2019-05-21 21:00:00,139.00024999999994
2019-05-21 21:15:00,138.96904999999992
2019-05-21 21:30:00,139.03154999999992
2019-05-21 21:45:00,139.00024999999994
2019-05-21 23:00:00,139.21904999999992
2019-05-21 23:15:00,139.03154999999992
2019-05-21 23:30:00,139.03154999999992
2019-05-21 23:45:00,139.06274999999994
2019-05-22 00:00:00,139.06274999999994
2019-05-22 00:15:00,139.06274999999994
2019-05-22 00:30:00,139.06274999999994
2019-05-22 00:45:00,139.06274999999994
2019-05-22 01:00:00,139.06274999999994
2019-05-22 01:15:00,139.09404999999992
2019-05-22 01:30:00,139.15654999999992
2019-05-22 01:45:00,139.15654999999992
2019-05-22 02:00:00,139.12524999999994
2019-05-22 02:15:00,139.09404999999992
2019-05-22 02:30:00,139.03154999999992
2019-05-22 02:45:00,138.96904999999992
2019-05-22 03:00:00,138.93774999999994
2019-05-22 03:15:00,138.96904999999992
2019-05-22 03:30:00,138.96904999999992
2019-05-22 03:45:00,139.00024999999994
2019-05-22 04:00:00,138.96904999999992
2019-05-22 04:15:00,138.96904999999992
2019-05-22 04:30:00,139.03154999999992
2019-05-22 04:45:00,139.00024999999994
2019-05-22 05:15:00,139.06274999999994
2019-05-22 05:30:00,139.09404999999992
2019-05-22 05:45:00,139.12524999999994
2019-05-22 06:15:00,139.12524999999994
2019-05-22 06:30:00,139.12524999999994
2019-05-22 06:45:00,139.15654999999992
2019-05-22 07:00:00,139.18774999999994
2019-05-22 07:15:00,139.15654999999992
2019-05-22 07:30:00,139.09404999999992
2019-05-22 07:45:00,139.09404999999992
2019-05-22 08:00:00,139.21904999999992
2019-05-22 08:15:00,139.12524999999994
2019-05-22 08:30:00,139.15654999999992
2019-05-22 08:45:00,139.25024999999994
2019-05-22 09:00:00,139.25024999999994
2019-05-22 09:15:00,139.15654999999992
2019-05-22 09:30:00,139.12524999999994
2019-05-22 09:45:00,139.15654999999992
2019-05-22 10:00:00,139.09404999999992
2019-05-22 10:15:00,139.03154999999992
2019-05-22 10:30:00,139.03154999999992
2019-05-22 10:45:00,139.00024999999994
2019-05-22 11:00:00,139.03154999999992
2019-05-22 11:15:00,139.06274999999994
2019-05-22 11:30:00,139.06274999999994
2019-05-22 11:45:00,139.09404999999992
2019-05-22 12:00:00,139.15654999999992
2019-05-22 12:15:00,139.09404999999992
2019-05-22 12:30:00,139.15654999999992
2019-05-22 12:45:00,139.25024999999994
2019-05-22 13:00:00,139.31274999999994
2019-05-22 13:15:00,139.43774999999994
2019-05-22 13:30:00,139.46904999999992
2019-05-22 13:45:00,139.37524999999994
2019-05-22 14:00:00,139.34404999999992
2019-05-22 14:15:00,139.28154999999992
2019-05-22 14:30:00,139.43774999999994
2019-05-22 14:45:00,139.50024999999994
2019-05-22 15:00:00,139.62524999999994
2019-05-22 15:15:00,139.53154999999992
2019-05-22 15:30:00,139.62524999999994
2019-05-22 15:45:00,139.65654999999992
2019-05-22 16:00:00,139.59404999999992
2019-05-22 16:15:00,139.53154999999992
2019-05-22 16:30:00,139.65654999999992
2019-05-22 16:45:00,139.68774999999994
2019-05-22 17:00:00,139.65654999999992
2019-05-22 17:15:00,139.71904999999992
2019-05-22 17:30:00,139.68774999999994
2019-05-22 17:45:00,139.68774999999994
2019-05-22 18:00:00,139.75024999999994
2019-05-22 18:15:00,139.71904999999992
2019-05-22 18:30:00,139.65654999999992
2019-05-22 18:45:00,139.65654999999992
2019-05-22 19:00:00,139.68774999999994
2019-05-22 19:15:00,139.68774999999994
2019-05-22 19:30:00,139.65654999999992
2019-05-22 19:45:00,139.56274999999994
2019-05-22 20:00:00,139.59404999999992
2019-05-22 20:15:00,139.59404999999992
2019-05-22 20:30:00,139.65654999999992
2019-05-22 20:45:00,139.65654999999992
2019-05-22 21:00:00,139.68774999999994
2019-05-22 21:15:00,139.75024999999994
2019-05-22 21:30:00,139.78154999999992
2019-05-22 21:45:00,139.78154999999992
2019-05-22 23:00:00,139.12524999999994
2019-05-22 23:15:00,139.75024999999994
2019-05-22 23:30:00,139.75024999999994
2019-05-22 23:45:00,139.75024999999994
2019-05-23 00:00:00,139.75024999999994
2019-05-23 00:15:00,139.75024999999994
2019-05-23 00:30:00,139.78154999999992
2019-05-23 00:45:00,139.78154999999992
2019-05-23 01:00:00,139.71904999999992
2019-05-23 01:15:00,139.75024999999994
2019-05-23 01:30:00,139.78154999999992
2019-05-23 01:45:00,139.81274999999994
2019-05-23 02:00:00,139.84404999999992
2019-05-23 02:15:00,139.84404999999992
2019-05-23 02:30:00,139.90654999999992
2019-05-23 02:45:00,139.87524999999994
2019-05-23 03:00:00,139.87524999999994
2019-05-23 03:15:00,139.87524999999994
2019-05-23 03:30:00,139.84404999999992
2019-05-23 03:45:00,139.81274999999994
2019-05-23 04:00:00,139.81274999999994
2019-05-23 04:15:00,139.81274999999994
2019-05-23 04:30:00,139.81274999999994
2019-05-23 04:45:00,139.81274999999994
2019-05-23 05:15:00,139.81274999999994
2019-05-23 05:30:00,139.78154999999992
2019-05-23 05:45:00,139.78154999999992
2019-05-23 06:15:00,139.84404999999992
2019-05-23 06:30:00,139.87524999999994
2019-05-23 06:45:00,139.84404999999992
2019-05-23 07:00:00,139.87524999999994
2019-05-23 07:15:00,139.81274999999994
2019-05-23 07:30:00,139.96904999999992
2019-05-23 07:45:00,139.93774999999994
2019-05-23 08:00:00,140.00024999999994
2019-05-23 08:15:00,139.81274999999994
2019-05-23 08:30:00,139.87524999999994
2019-05-23 08:45:00,139.78154999999992
2019-05-23 09:00:00,140.03154999999992
2019-05-23 09:15:00,140.03154999999992
2019-05-23 09:30:00,140.03154999999992
2019-05-23 09:45:00,139.96904999999992
2019-05-23 10:00:00,140.03154999999992
2019-05-23 10:15:00,140.15654999999992
2019-05-23 10:30:00,140.25024999999994
2019-05-23 10:45:00,140.21904999999992
2019-05-23 11:00:00,140.28154999999992
2019-05-23 11:15:00,140.25024999999994
2019-05-23 11:30:00,140.28154999999992
2019-05-23 11:45:00,140.37524999999994
2019-05-23 12:00:00,140.28154999999992
2019-05-23 12:15:00,140.21904999999992
2019-05-23 12:30:00,140.25024999999994
2019-05-23 12:45:00,140.21904999999992
2019-05-23 13:00:00,140.25024999999994
2019-05-23 13:15:00,140.25024999999994
2019-05-23 13:30:00,140.18774999999994
2019-05-23 13:45:00,140.25024999999994
2019-05-23 14:00:00,140.28154999999992
2019-05-23 14:15:00,140.18774999999994
2019-05-23 14:30:00,140.40654999999992
2019-05-23 14:45:00,140.65654999999992
2019-05-23 15:00:00,140.68774999999994
2019-05-23 15:15:00,140.65654999999992
2019-05-23 15:30:00,140.68774999999994
2019-05-23 15:45:00,140.62524999999994
2019-05-23 16:00:00,140.71904999999992
2019-05-23 16:15:00,140.81274999999994
2019-05-23 16:30:00,140.84404999999992
2019-05-23 16:45:00,140.96904999999992
2019-05-23 17:00:00,141.03154999999992
2019-05-23 17:15:00,141.09404999999992
2019-05-23 17:30:00,141.03154999999992
2019-05-23 17:45:00,141.18774999999994
2019-05-23 18:00:00,141.25024999999994
2019-05-23 18:15:00,141.12524999999994
2019-05-23 18:30:00,141.18774999999994
2019-05-23 18:45:00,141.06274999999994
2019-05-23 19:00:00,141.28154999999992
2019-05-23 19:15:00,141.21904999999992
2019-05-23 19:30:00,141.28154999999992
2019-05-23 19:45:00,141.28154999999992
2019-05-23 20:00:00,141.18774999999994
2019-05-23 20:15:00,141.03154999999992
2019-05-23 20:30:00,141.00024999999994
2019-05-23 20:45:00,140.90654999999992
2019-05-23 21:00:00,140.96904999999992
2019-05-23 21:15:00,140.96904999999992
2019-05-23 21:30:00,140.84404999999992
2019-05-23 21:45:00,140.87524999999994
2019-05-23 23:00:00,139.81274999999994
2019-05-23 23:15:00,140.84404999999992
2019-05-23 23:30:00,140.84404999999992
2019-05-23 23:45:00,140.90654999999992
2019-05-24 00:00:00,140.90654999999992
2019-05-24 00:15:00,140.96904999999992
2019-05-24 00:30:00,140.93774999999994
2019-05-24 00:45:00,140.90654999999992
2019-05-24 01:00:00,140.81274999999994
2019-05-24 01:15:00,140.81274999999994
2019-05-24 01:30:00,140.75024999999994
2019-05-24 01:45:00,140.75024999999994
2019-05-24 02:00:00,140.75024999999994
2019-05-24 02:15:00,140.78154999999992
2019-05-24 02:30:00,140.71904999999992
2019-05-24 02:45:00,140.75024999999994
2019-05-24 03:00:00,140.78154999999992
2019-05-24 03:15:00,140.81274999999994
2019-05-24 03:30:00,140.81274999999994
2019-05-24 03:45:00,140.81274999999994
2019-05-24 04:00:00,140.87524999999994
2019-05-24 04:15:00,140.90654999999992
2019-05-24 04:30:00,140.87524999999994
2019-05-24 04:45:00,140.84404999999992
2019-05-24 05:15:00,140.81274999999994
2019-05-24 05:30:00,140.78154999999992
2019-05-24 05:45:00,140.81274999999994
2019-05-24 06:15:00,140.81274999999994
2019-05-24 06:30:00,140.84404999999992
2019-05-24 06:45:00,140.84404999999992
2019-05-24 07:00:00,140.84404999999992
2019-05-24 07:15:00,140.93774999999994
2019-05-24 07:30:00,140.78154999999992
2019-05-24 07:45:00,140.84404999999992
2019-05-24 08:00:00,141.00024999999994
2019-05-24 08:15:00,140.96904999999992
2019-05-24 08:30:00,140.93774999999994
2019-05-24 08:45:00,140.93774999999994
2019-05-24 09:00:00,140.87524999999994
2019-05-24 09:15:00,140.93774999999994
2019-05-24 09:30:00,140.84404999999992
2019-05-24 09:45:00,140.81274999999994
2019-05-24 10:00:00,140.84404999999992
2019-05-24 10:15:00,140.81274999999994
2019-05-24 10:30:00,140.81274999999994
2019-05-24 10:45:00,140.78154999999992
2019-05-24 11:00:00,140.71904999999992
2019-05-24 11:15:00,140.71904999999992
2019-05-24 11:30:00,140.78154999999992
2019-05-24 11:45:00,140.78154999999992
2019-05-24 12:00:00,140.75024999999994
2019-05-24 12:15:00,140.75024999999994
2019-05-24 12:30:00,140.81274999999994
2019-05-24 12:45:00,140.93774999999994
2019-05-24 13:00:00,140.90654999999992
2019-05-24 13:15:00,141.00024999999994
2019-05-24 13:30:00,141.09404999999992
2019-05-24 13:45:00,140.93774999999994
2019-05-24 14:00:00,140.96904999999992
2019-05-24 14:15:00,140.90654999999992
2019-05-24 14:30:00,140.78154999999992
2019-05-24 14:45:00,140.78154999999992
2019-05-24 15:00:00,140.78154999999992
2019-05-24 15:15:00,140.78154999999992
2019-05-24 15:30:00,140.81274999999994
2019-05-24 15:45:00,141.00024999999994
2019-05-24 16:00:00,140.93774999999994
2019-05-24 16:15:00,140.90654999999992
2019-05-24 16:30:00,140.87524999999994
2019-05-24 16:45:00,140.90654999999992
2019-05-24 17:00:00,140.87524999999994
2019-05-24 17:15:00,140.90654999999992
2019-05-24 17:30:00,140.90654999999992
2019-05-24 17:45:00,140.84404999999992
2019-05-24 18:00:00,140.96904999999992
2019-05-24 18:15:00,141.00024999999994
2019-05-24 18:30:00,140.93774999999994
2019-05-24 18:45:00,140.90654999999992
2019-05-24 19:00:00,140.93774999999994
2019-05-24 19:15:00,140.90654999999992
2019-05-24 19:30:00,140.93774999999994
2019-05-24 19:45:00,140.93774999999994
2019-05-24 20:00:00,141.00024999999994
2019-05-24 20:15:00,141.00024999999994
2019-05-24 20:30:00,141.00024999999994
2019-05-24 20:45:00,141.03154999999992
2019-05-24 21:00:00,141.03154999999992
2019-05-24 21:15:00,141.03154999999992
2019-05-24 21:30:00,141.03154999999992
2019-05-24 21:45:00,141.09404999999992
2019-05-24 23:00:00,140.81274999999994
2019-05-26 23:00:00,141.06274999999994
2019-05-26 23:15:00,141.06274999999994
2019-05-26 23:30:00,141.06274999999994
2019-05-26 23:45:00,141.03144999999995
2019-05-27 00:00:00,141.03144999999995
2019-05-27 00:15:00,141.03144999999995
2019-05-27 00:30:00,141.03144999999995
2019-05-27 00:45:00,141.03144999999995
2019-05-27 01:00:00,141.06274999999994
2019-05-27 01:15:00,141.06274999999994
2019-05-27 01:30:00,141.00024999999994
2019-05-27 01:45:00,140.96894999999995
2019-05-27 02:00:00,140.96894999999995
2019-05-27 02:15:00,140.96894999999995
2019-05-27 02:30:00,140.96894999999995
2019-05-27 02:45:00,140.96894999999995
2019-05-27 03:00:00,140.96894999999995
2019-05-27 03:15:00,140.96894999999995
2019-05-27 03:30:00,140.96894999999995
2019-05-27 03:45:00,140.96894999999995
2019-05-27 04:00:00,141.00024999999994
2019-05-27 04:15:00,140.96894999999995
2019-05-27 04:30:00,140.96894999999995
2019-05-27 04:45:00,140.96894999999995
2019-05-27 05:45:00,140.96894999999995
2019-05-27 06:15:00,140.96894999999995
2019-05-27 06:30:00,140.96894999999995
2019-05-27 06:45:00,140.93774999999994
2019-05-27 07:00:00,140.93774999999994
2019-05-27 07:15:00,140.96894999999995
2019-05-27 07:30:00,140.96894999999995
2019-05-27 08:00:00,140.96894999999995
2019-05-27 08:15:00,141.00024999999994
2019-05-27 08:30:00,141.00024999999994
2019-05-27 08:45:00,141.03144999999995
2019-05-27 09:00:00,141.06274999999994
2019-05-27 09:15:00,141.06274999999994
2019-05-27 09:30:00,141.09394999999995
2019-05-27 09:45:00,141.12524999999994
2019-05-27 10:00:00,141.12524999999994
2019-05-27 10:15:00,141.12524999999994
2019-05-27 10:30:00,141.09394999999995
2019-05-27 10:45:00,141.12524999999994
2019-05-27 11:00:00,141.15644999999995
2019-05-27 11:15:00,141.15644999999995
2019-05-27 11:30:00,141.18774999999994
2019-05-27 11:45:00,141.18774999999994
2019-05-27 12:00:00,141.18774999999994
2019-05-27 12:15:00,141.15644999999995
2019-05-27 12:30:00,141.15644999999995
2019-05-27 12:45:00,141.15644999999995
2019-05-27 13:00:00,141.15644999999995
2019-05-27 13:15:00,141.18774999999994
2019-05-27 13:30:00,141.18774999999994
2019-05-27 13:45:00,141.18774999999994
2019-05-27 14:00:00,141.18774999999994
2019-05-27 14:15:00,141.34394999999995
2019-05-27 14:30:00,141.37524999999994
2019-05-27 14:45:00,141.31274999999994
2019-05-27 15:00:00,141.31274999999994
2019-05-27 15:15:00,141.34394999999995
2019-05-27 15:30:00,141.37524999999994
2019-05-27 15:45:00,141.37524999999994
2019-05-27 16:00:00,141.40644999999995
2019-05-27 16:15:00,141.37524999999994
2019-05-27 16:30:00,141.37524999999994
2019-05-27 16:45:00,141.40644999999995
2019-05-27 17:00:00,141.34394999999995
2019-05-27 17:15:00,141.31274999999994
2019-05-27 17:30:00,141.31274999999994
2019-05-27 17:45:00,141.31274999999994
2019-05-27 23:00:00,140.96894999999995
2019-05-27 23:15:00,141.28144999999995
2019-05-27 23:30:00,141.28144999999995
2019-05-27 23:45:00,141.21894999999995
2019-05-28 00:00:00,141.21894999999995
2019-05-28 00:15:00,141.21894999999995
2019-05-28 00:30:00,141.21894999999995
2019-05-28 00:45:00,141.21894999999995
2019-05-28 01:00:00,141.18774999999994
2019-05-28 01:15:00,141.15644999999995
2019-05-28 01:30:00,141.18774999999994
2019-05-28 01:45:00,141.18774999999994
2019-05-28 02:00:00,141.18774999999994
2019-05-28 02:15:00,141.25024999999994
2019-05-28 02:30:00,141.25024999999994
2019-05-28 02:45:00,141.25024999999994
2019-05-28 03:00:00,141.21894999999995
2019-05-28 03:15:00,141.25024999999994
2019-05-28 03:30:00,141.28144999999995
2019-05-28 03:45:00,141.28144999999995
2019-05-28 04:00:00,141.28144999999995
2019-05-28 04:15:00,141.25024999999994
2019-05-28 04:30:00,141.28144999999995
2019-05-28 04:45:00,141.25024999999994
2019-05-28 05:15:00,141.28144999999995
2019-05-28 05:30:00,141.21894999999995
2019-05-28 05:45:00,141.18774999999994
2019-05-28 06:15:00,141.18774999999994
2019-05-28 06:30:00,141.18774999999994
2019-05-28 06:45:00,141.15644999999995
2019-05-28 07:00:00,141.21894999999995
2019-05-28 07:15:00,141.31274999999994
2019-05-28 07:30:00,141.37524999999994
2019-05-28 07:45:00,141.34394999999995
2019-05-28 08:00:00,141.59394999999995
2019-05-28 08:15:00,141.59394999999995
2019-05-28 08:30:00,141.65644999999995
2019-05-28 08:45:00,141.59394999999995
2019-05-28 09:00:00,141.81274999999994
2019-05-28 09:15:00,141.78144999999995
2019-05-28 09:30:00,141.84394999999995
2019-05-28 09:45:00,141.87524999999994
2019-05-28 10:00:00,141.68774999999994
2019-05-28 10:15:00,141.59394999999995
2019-05-28 10:30:00,141.59394999999995
2019-05-28 10:45:00,141.56274999999994
2019-05-28 11:00:00,141.62524999999994
2019-05-28 11:15:00,141.62524999999994
2019-05-28 11:30:00,141.59394999999995
2019-05-28 11:45:00,141.59394999999995
2019-05-28 12:00:00,141.43774999999994
2019-05-28 12:15:00,141.50024999999994
2019-05-28 12:30:00,141.46894999999995
2019-05-28 12:45:00,141.37524999999994
2019-05-28 13:00:00,141.46894999999995
2019-05-28 13:15:00,141.40644999999995
2019-05-28 13:30:00,141.53144999999995
2019-05-28 13:45:00,141.46894999999995
2019-05-28 14:00:00,141.56274999999994
2019-05-28 14:15:00,141.56274999999994
2019-05-28 14:30:00,141.46894999999995
2019-05-28 14:45:00,141.50024999999994
2019-05-28 15:00:00,141.43774999999994
2019-05-28 15:15:00,141.46894999999995
2019-05-28 15:30:00,141.53144999999995
2019-05-28 15:45:00,141.65644999999995
2019-05-28 16:00:00,141.71894999999995
2019-05-28 16:15:00,141.75024999999994
2019-05-28 16:30:00,142.00024999999994
2019-05-28 16:45:00,142.00024999999994
2019-05-28 17:00:00,141.93774999999994
2019-05-28 17:15:00,141.96894999999995
2019-05-28 17:30:00,141.93774999999994
2019-05-28 17:45:00,141.93774999999994
2019-05-28 18:00:00,141.90644999999995
2019-05-28 18:15:00,141.87524999999994
2019-05-28 18:30:00,141.90644999999995
2019-05-28 18:45:00,141.93774999999994
2019-05-28 19:00:00,142.00024999999994
2019-05-28 19:15:00,141.93774999999994
2019-05-28 19:30:00,142.03144999999995
2019-05-28 19:45:00,141.93774999999994
2019-05-28 20:00:00,142.03144999999995
2019-05-28 20:15:00,142.00024999999994
2019-05-28 20:30:00,142.00024999999994
2019-05-28 20:45:00,142.00024999999994
2019-05-28 21:00:00,141.93774999999994
2019-05-28 21:15:00,141.96894999999995
2019-05-28 21:30:00,142.00024999999994
2019-05-28 21:45:00,142.00024999999994
2019-05-28 23:00:00,141.21894999999995
2019-05-28 23:15:00,142.00024999999994
2019-05-28 23:30:00,142.00024999999994
2019-05-28 23:45:00,141.96894999999995
2019-05-29 00:00:00,142.00024999999994
2019-05-29 00:15:00,142.03144999999995
2019-05-29 00:30:00,141.96894999999995
2019-05-29 00:45:00,142.00024999999994
2019-05-29 01:00:00,142.09394999999995
2019-05-29 01:15:00,142.15644999999995
2019-05-29 01:30:00,142.31274999999994
2019-05-29 01:45:00,142.25024999999994
2019-05-29 02:00:00,142.18774999999994
2019-05-29 02:15:00,142.15644999999995
2019-05-29 02:30:00,142.34394999999995
2019-05-29 02:45:00,142.40644999999995
2019-05-29 03:00:00,142.34394999999995
2019-05-29 03:15:00,142.31274999999994
2019-05-29 03:30:00,142.31274999999994
2019-05-29 03:45:00,142.31274999999994
2019-05-29 04:00:00,142.34394999999995
2019-05-29 04:15:00,142.43774999999994
2019-05-29 04:30:00,142.37524999999994
2019-05-29 04:45:00,142.40644999999995
2019-05-29 05:15:00,142.37524999999994
2019-05-29 05:30:00,142.40644999999995
2019-05-29 05:45:00,142.40644999999995
2019-05-29 06:15:00,142.43774999999994
2019-05-29 06:30:00,142.40644999999995
2019-05-29 06:45:00,142.46894999999995
2019-05-29 07:00:00,142.56274999999994
2019-05-29 07:15:00,142.68774999999994
2019-05-29 07:30:00,142.65644999999995
2019-05-29 07:45:00,142.75024999999994
2019-05-29 08:00:00,142.81274999999994
2019-05-29 08:15:00,142.68774999999994
2019-05-29 08:30:00,142.62524999999994
2019-05-29 08:45:00,142.78144999999995
2019-05-29 09:00:00,142.71894999999995
2019-05-29 09:15:00,142.75024999999994
2019-05-29 09:30:00,142.65644999999995
2019-05-29 09:45:00,142.65644999999995
2019-05-29 10:00:00,142.71894999999995
2019-05-29 10:15:00,142.81274999999994
2019-05-29 10:30:00,142.75024999999994
2019-05-29 10:45:00,142.71894999999995
2019-05-29 11:00:00,142.62524999999994
2019-05-29 11:15:00,142.59394999999995
2019-05-29 11:30:00,142.59394999999995
2019-05-29 11:45:00,142.50024999999994
2019-05-29 12:00:00,142.56274999999994
2019-05-29 12:15:00,142.71894999999995
2019-05-29 12:30:00,142.65644999999995
2019-05-29 12:45:00,142.71894999999995
2019-05-29 13:00:00,142.75024999999994
2019-05-29 13:15:00,142.71894999999995
2019-05-29 13:30:00,142.75024999999994
2019-05-29 13:45:00,142.75024999999994
2019-05-29 14:00:00,142.71894999999995
2019-05-29 14:15:00,142.75024999999994
2019-05-29 14:30:00,142.87524999999994
2019-05-29 14:45:00,142.87524999999994
2019-05-29 15:00:00,142.71894999999995
2019-05-29 15:15:00,142.65644999999995
2019-05-29 15:30:00,142.81274999999994
2019-05-29 15:45:00,142.84394999999995
2019-05-29 16:00:00,142.78144999999995
2019-05-29 16:15:00,142.81274999999994
2019-05-29 16:30:00,142.96894999999995
2019-05-29 16:45:00,143.00024999999994
2019-05-29 17:00:00,142.90644999999995
2019-05-29 17:15:00,142.84394999999995
2019-05-29 17:30:00,142.75024999999994
2019-05-29 17:45:00,142.84394999999995
2019-05-29 18:00:00,142.56274999999994
2019-05-29 18:15:00,142.62524999999994
2019-05-29 18:30:00,142.65644999999995
2019-05-29 18:45:00,142.62524999999994
2019-05-29 19:00:00,142.65644999999995
2019-05-29 19:15:00,142.62524999999994
2019-05-29 19:30:00,142.71894999999995
2019-05-29 19:45:00,142.62524999999994
2019-05-29 20:00:00,142.46894999999995
2019-05-29 20:15:00,142.37524999999994
2019-05-29 20:30:00,142.25024999999994
2019-05-29 20:45:00,142.21894999999995
2019-05-29 21:00:00,142.18774999999994
2019-05-29 21:15:00,142.18774999999994
2019-05-29 21:30:00,142.18774999999994
2019-05-29 21:45:00,142.21894999999995
2019-05-29 23:00:00,142.40644999999995
2019-05-29 23:15:00,142.21894999999995
2019-05-29 23:30:00,142.25024999999994
2019-05-29 23:45:00,142.25024999999994
2019-05-30 00:00:00,142.25024999999994
2019-05-30 00:15:00,142.28144999999995
2019-05-30 00:30:00,142.25024999999994
2019-05-30 00:45:00,142.28144999999995
2019-05-30 01:00:00,142.09394999999995
2019-05-30 01:15:00,142.21894999999995
2019-05-30 01:30:00,142.25024999999994
2019-05-30 01:45:00,142.40644999999995
2019-05-30 02:00:00,142.28144999999995
2019-05-30 02:15:00,142.31274999999994
2019-05-30 02:30:00,142.28144999999995
2019-05-30 02:45:00,142.28144999999995
2019-05-30 03:00:00,142.21894999999995
2019-05-30 03:15:00,142.21894999999995
2019-05-30 03:30:00,142.25024999999994
2019-05-30 03:45:00,142.25024999999994
2019-05-30 04:00:00,142.18774999999994
2019-05-30 04:15:00,142.18774999999994
2019-05-30 04:30:00,142.18774999999994
2019-05-30 04:45:00,142.21894999999995
2019-05-30 05:15:00,142.18774999999994
2019-05-30 05:30:00,142.18774999999994
2019-05-30 05:45:00,142.18774999999994
2019-05-30 06:15:00,142.21894999999995
2019-05-30 06:30:00,142.18774999999994
2019-05-30 06:45:00,142.21894999999995
2019-05-30 07:00:00,142.25024999999994
2019-05-30 07:15:00,142.25024999999994
2019-05-30 07:30:00,142.28144999999995
2019-05-30 07:45:00,142.06274999999994
2019-05-30 08:00:00,142.03144999999995
2019-05-30 08:15:00,141.96894999999995
2019-05-30 08:30:00,142.00024999999994
2019-05-30 08:45:00,142.06274999999994
2019-05-30 09:00:00,142.06274999999994
2019-05-30 09:15:00,142.06274999999994
2019-05-30 09:30:00,142.06274999999994
2019-05-30 09:45:00,142.15644999999995
2019-05-30 10:00:00,142.21894999999995
2019-05-30 10:15:00,142.21894999999995
2019-05-30 10:30:00,142.25024999999994
2019-05-30 10:45:00,142.21894999999995
2019-05-30 11:00:00,142.25024999999994
2019-05-30 11:15:00,142.25024999999994
2019-05-30 11:30:00,142.31274999999994
2019-05-30 11:45:00,142.31274999999994
2019-05-30 12:00:00,142.31274999999994
2019-05-30 12:15:00,142.31274999999994
2019-05-30 12:30:00,142.31274999999994
2019-05-30 12:45:00,142.34394999999995
2019-05-30 13:00:00,142.34394999999995
2019-05-30 13:15:00,142.46894999999995
2019-05-30 13:30:00,142.43774999999994
2019-05-30 13:45:00,142.43774999999994
2019-05-30 14:00:00,142.43774999999994
2019-05-30 14:15:00,142.37524999999994
2019-05-30 14:30:00,142.21894999999995
2019-05-30 14:45:00,142.09394999999995
2019-05-30 15:00:00,142.12524999999994
2019-05-30 15:15:00,142.12524999999994
2019-05-30 15:30:00,142.15644999999995
2019-05-30 15:45:00,142.28144999999995
2019-05-30 16:00:00,142.46894999999995
2019-05-30 16:15:00,142.56274999999994
2019-05-30 16:30:00,142.62524999999994
2019-05-30 16:45:00,142.68774999999994
2019-05-30 17:00:00,142.68774999999994
2019-05-30 17:15:00,142.68774999999994
2019-05-30 17:30:00,142.68774999999994
2019-05-30 17:45:00,142.65644999999995
2019-05-30 18:00:00,142.68774999999994
2019-05-30 18:15:00,142.71894999999995
2019-05-30 18:30:00,142.75024999999994
2019-05-30 18:45:00,142.78144999999995
2019-05-30 19:00:00,142.78144999999995
2019-05-30 19:15:00,142.84394999999995
2019-05-30 19:30:00,142.96894999999995
2019-05-30 19:45:00,143.00024999999994
2019-05-30 20:00:00,143.09394999999995
2019-05-30 20:15:00,143.06274999999994
2019-05-30 20:30:00,143.00024999999994
2019-05-30 20:45:00,143.12524999999994
2019-05-30 21:00:00,143.15644999999995
2019-05-30 21:15:00,143.12524999999994
2019-05-30 21:30:00,143.12524999999994
2019-05-30 21:45:00,143.15644999999995
2019-05-30 23:00:00,142.18774999999994
2019-05-30 23:15:00,143.15644999999995
2019-05-30 23:30:00,143.09394999999995
2019-05-30 23:45:00,143.06274999999994
2019-05-31 00:00:00,143.06274999999994
2019-05-31 00:15:00,143.06274999999994
2019-05-31 00:30:00,143.37524999999994
2019-05-31 00:45:00,143.53144999999995
2019-05-31 01:00:00,143.53144999999995
2019-05-31 01:15:00,143.56274999999994
2019-05-31 01:30:00,143.56274999999994
2019-05-31 01:45:00,143.62524999999994
2019-05-31 02:00:00,143.50024999999994
2019-05-31 02:15:00,143.43774999999994
2019-05-31 02:30:00,143.43774999999994
2019-05-31 02:45:00,143.50024999999994
2019-05-31 03:00:00,143.46894999999995
2019-05-31 03:15:00,143.53144999999995
2019-05-31 03:30:00,143.59394999999995
2019-05-31 03:45:00,143.53144999999995
2019-05-31 04:00:00,143.59394999999995
2019-05-31 04:15:00,143.59394999999995
2019-05-31 04:30:00,143.62524999999994
2019-05-31 04:45:00,143.59394999999995
2019-05-31 05:15:00,143.62524999999994
2019-05-31 05:30:00,143.62524999999994
2019-05-31 05:45:00,143.68774999999994
2019-05-31 06:15:00,143.71894999999995
2019-05-31 06:30:00,143.75024999999994
2019-05-31 06:45:00,143.81274999999994
2019-05-31 07:00:00,143.68774999999994
2019-05-31 07:15:00,143.65644999999995
2019-05-31 07:30:00,143.62524999999994
2019-05-31 07:45:00,143.68774999999994
2019-05-31 08:00:00,143.84394999999995
2019-05-31 08:15:00,143.75024999999994
2019-05-31 08:30:00,143.71894999999995
2019-05-31 08:45:00,143.81274999999994
2019-05-31 09:00:00,143.84394999999995
2019-05-31 09:15:00,143.96894999999995
2019-05-31 09:30:00,144.00024999999994
2019-05-31 09:45:00,144.03144999999995
2019-05-31 10:00:00,143.96894999999995
2019-05-31 10:15:00,143.96894999999995
2019-05-31 10:30:00,144.12524999999994
2019-05-31 10:45:00,144.15644999999995
2019-05-31 11:00:00,144.12524999999994
2019-05-31 11:15:00,144.06274999999994
2019-05-31 11:30:00,144.03144999999995
2019-05-31 11:45:00,144.00024999999994
2019-05-31 12:00:00,143.96894999999995
2019-05-31 12:15:00,143.90644999999995
2019-05-31 12:30:00,143.96894999999995
2019-05-31 12:45:00,144.03144999999995
2019-05-31 13:00:00,144.06274999999994
2019-05-31 13:15:00,143.84394999999995
2019-05-31 13:30:00,143.75024999999994
2019-05-31 13:45:00,143.68774999999994
2019-05-31 14:00:00,143.78144999999995
2019-05-31 14:15:00,143.71894999999995
2019-05-31 14:30:00,143.81274999999994
2019-05-31 14:45:00,143.78144999999995
2019-05-31 15:00:00,143.96894999999995
2019-05-31 15:15:00,143.96894999999995
2019-05-31 15:30:00,143.90644999999995
2019-05-31 15:45:00,143.75024999999994
2019-05-31 16:00:00,143.68774999999994
2019-05-31 16:15:00,143.75024999999994
2019-05-31 16:30:00,143.81274999999994
2019-05-31 16:45:00,143.90644999999995
2019-05-31 17:00:00,143.90644999999995
2019-05-31 17:15:00,143.96894999999995
2019-05-31 17:30:00,144.00024999999994
2019-05-31 17:45:00,144.00024999999994
2019-05-31 18:00:00,143.87524999999994
2019-05-31 18:15:00,144.06274999999994
2019-05-31 18:30:00,144.09394999999995
2019-05-31 18:45:00,144.12524999999994
2019-05-31 19:00:00,144.09394999999995
2019-05-31 19:15:00,144.12524999999994
2019-05-31 19:30:00,144.15644999999995
2019-05-31 19:45:00,144.18774999999994
2019-05-31 20:00:00,144.25024999999994
2019-05-31 20:15:00,144.34394999999995
2019-05-31 20:30:00,144.43774999999994
2019-05-31 20:45:00,144.40644999999995
2019-05-31 21:00:00,144.37524999999994
2019-05-31 21:15:00,144.50024999999994
2019-05-31 21:30:00,144.50024999999994
2019-05-31 21:45:00,144.53144999999995
2019-05-31 23:00:00,143.71894999999995
2019-06-02 23:00:00,144.53144999999995
2019-06-02 23:15:00,144.68774999999994
2019-06-02 23:30:00,144.71894999999995
2019-06-02 23:45:00,144.68774999999994
2019-06-03 00:00:00,144.53144999999995
2019-06-03 00:15:00,144.53144999999995
2019-06-03 00:30:00,144.56274999999994
2019-06-03 00:45:00,144.59394999999995
2019-06-03 01:00:00,144.56274999999994
2019-06-03 01:15:00,144.62524999999994
2019-06-03 01:30:00,144.59394999999995
2019-06-03 01:45:00,144.53144999999995
2019-06-03 02:00:00,144.56274999999994
2019-06-03 02:15:00,144.50024999999994
2019-06-03 02:30:00,144.59394999999995
2019-06-03 02:45:00,144.46894999999995
2019-06-03 03:00:00,144.56274999999994
2019-06-03 03:15:00,144.62524999999994
2019-06-03 03:30:00,144.56274999999994
2019-06-03 03:45:00,144.59394999999995
2019-06-03 04:00:00,144.59394999999995
2019-06-03 04:15:00,144.56274999999994
2019-06-03 04:30:00,144.50024999999994
2019-06-03 04:45:00,144.56274999999994
2019-06-03 05:15:00,144.59394999999995
2019-06-03 05:30:00,144.59394999999995
2019-06-03 05:45:00,144.62524999999994
2019-06-03 06:15:00,144.50024999999994
2019-06-03 06:30:00,144.50024999999994
2019-06-03 06:45:00,144.50024999999994
2019-06-03 07:00:00,144.43774999999994
2019-06-03 07:15:00,144.43774999999994
2019-06-03 07:30:00,144.43774999999994
2019-06-03 07:45:00,144.46894999999995
2019-06-03 08:00:00,145.00024999999994
2019-06-03 08:15:00,144.93774999999994
2019-06-03 08:30:00,145.18774999999994
2019-06-03 08:45:00,145.25024999999994
2019-06-03 09:00:00,145.31274999999994
2019-06-03 09:15:00,145.34394999999995
2019-06-03 09:30:00,145.37524999999994
2019-06-03 09:45:00,145.21894999999995
2019-06-03 10:00:00,145.15644999999995
2019-06-03 10:15:00,145.09394999999995
2019-06-03 10:30:00,145.09394999999995
2019-06-03 10:45:00,145.09394999999995
2019-06-03 11:00:00,145.03144999999995
2019-06-03 11:15:00,145.03144999999995
2019-06-03 11:30:00,145.06274999999994
2019-06-03 11:45:00,145.03144999999995
2019-06-03 12:00:00,144.87524999999994
2019-06-03 12:15:00,144.75024999999994
2019-06-03 12:30:00,144.68774999999994
2019-06-03 12:45:00,144.65644999999995
2019-06-03 13:00:00,144.62524999999994
2019-06-03 13:15:00,144.71894999999995
2019-06-03 13:30:00,144.78144999999995
2019-06-03 13:45:00,144.65644999999995
2019-06-03 14:00:00,144.84394999999995
2019-06-03 14:15:00,144.78144999999995
2019-06-03 14:30:00,144.68774999999994
2019-06-03 14:45:00,144.87524999999994
2019-06-03 15:00:00,144.81274999999994
2019-06-03 15:15:00,144.65644999999995
2019-06-03 15:30:00,144.53144999999995
2019-06-03 15:45:00,144.56274999999994
2019-06-03 16:00:00,144.65644999999995
2019-06-03 16:15:00,144.56274999999994
2019-06-03 16:30:00,144.50024999999994
2019-06-03 16:45:00,144.65644999999995
2019-06-03 17:00:00,144.71894999999995
2019-06-03 17:15:00,144.75024999999994
2019-06-03 17:30:00,144.75024999999994
2019-06-03 17:45:00,144.78144999999995
2019-06-03 18:00:00,144.71894999999995
2019-06-03 18:15:00,144.87524999999994
2019-06-03 18:30:00,144.87524999999994
2019-06-03 18:45:00,144.90644999999995
2019-06-03 19:00:00,144.81274999999994
2019-06-03 19:15:00,144.87524999999994
2019-06-03 19:30:00,144.96894999999995
2019-06-03 19:45:00,145.15644999999995
2019-06-03 20:00:00,145.40644999999995
2019-06-03 20:15:00,145.43774999999994
2019-06-03 20:30:00,145.31274999999994
2019-06-03 20:45:00,145.25024999999994
2019-06-03 21:00:00,145.18774999999994
2019-06-03 21:15:00,145.31274999999994
2019-06-03 21:30:00,145.25024999999994
2019-06-03 21:45:00,145.31274999999994
2019-06-03 23:00:00,144.56274999999994
2019-06-03 23:15:00,145.37524999999994
2019-06-03 23:30:00,145.37524999999994
2019-06-03 23:45:00,145.43774999999994
2019-06-04 00:00:00,145.37524999999994
2019-06-04 00:15:00,145.28144999999995
2019-06-04 00:30:00,145.18774999999994
2019-06-04 00:45:00,145.03144999999995
2019-06-04 01:00:00,145.03144999999995
2019-06-04 01:15:00,145.03144999999995
2019-06-04 01:30:00,144.90644999999995
2019-06-04 01:45:00,144.93774999999994
2019-06-04 02:00:00,144.87524999999994
2019-06-04 02:15:00,144.90644999999995
2019-06-04 02:30:00,144.93774999999994
2019-06-04 02:45:00,144.90644999999995
2019-06-04 03:00:00,144.90644999999995
2019-06-04 03:15:00,144.81274999999994
2019-06-04 03:30:00,144.84394999999995
2019-06-04 03:45:00,144.84394999999995
2019-06-04 04:00:00,144.81274999999994
2019-06-04 04:15:00,144.78144999999995
2019-06-04 04:30:00,144.75024999999994
2019-06-04 04:45:00,144.75024999999994
2019-06-04 05:15:00,144.78144999999995
2019-06-04 05:30:00,144.81274999999994
2019-06-04 05:45:00,144.81274999999994
2019-06-04 06:15:00,144.81274999999994
2019-06-04 06:30:00,144.78144999999995
2019-06-04 06:45:00,144.84394999999995
2019-06-04 07:00:00,145.00024999999994
2019-06-04 07:15:00,145.06274999999994
2019-06-04 07:30:00,145.12524999999994
2019-06-04 07:45:00,144.96894999999995
2019-06-04 08:00:00,144.84394999999995
2019-06-04 08:15:00,144.78144999999995
2019-06-04 08:30:00,144.81274999999994
2019-06-04 08:45:00,144.81274999999994
2019-06-04 09:00:00,144.87524999999994
2019-06-04 09:15:00,144.71894999999995
2019-06-04 09:30:00,144.65644999999995
2019-06-04 09:45:00,144.62524999999994
2019-06-04 10:00:00,144.59394999999995
2019-06-04 10:15:00,144.59394999999995
2019-06-04 10:30:00,144.75024999999994
2019-06-04 10:45:00,144.78144999999995
2019-06-04 11:00:00,144.71894999999995
2019-06-04 11:15:00,144.75024999999994
2019-06-04 11:30:00,144.75024999999994
2019-06-04 11:45:00,144.78144999999995
2019-06-04 12:00:00,144.78144999999995
2019-06-04 12:15:00,144.78144999999995
2019-06-04 12:30:00,144.75024999999994
2019-06-04 12:45:00,144.59394999999995
2019-06-04 13:00:00,144.43774999999994
2019-06-04 13:15:00,144.46894999999995
2019-06-04 13:30:00,144.50024999999994
2019-06-04 13:45:00,144.50024999999994
2019-06-04 14:00:00,144.28144999999995
2019-06-04 14:15:00,144.43774999999994
2019-06-04 14:30:00,144.43774999999994
2019-06-04 14:45:00,144.59394999999995
2019-06-04 15:00:00,144.53144999999995
2019-06-04 15:15:00,144.34394999999995
2019-06-04 15:30:00,144.09394999999995
2019-06-04 15:45:00,143.96894999999995
2019-06-04 16:00:00,144.03144999999995
2019-06-04 16:15:00,143.96894999999995
2019-06-04 16:30:00,144.00024999999994
2019-06-04 16:45:00,144.03144999999995
2019-06-04 17:00:00,144.15644999999995
2019-06-04 17:15:00,144.03144999999995
2019-06-04 17:30:00,143.96894999999995
2019-06-04 17:45:00,143.93774999999994
2019-06-04 18:00:00,143.87524999999994
2019-06-04 18:15:00,143.93774999999994
2019-06-04 18:30:00,143.96894999999995
2019-06-04 18:45:00,144.03144999999995
2019-06-04 19:00:00,144.00024999999994
2019-06-04 19:15:00,144.03144999999995
2019-06-04 19:30:00,144.12524999999994
2019-06-04 19:45:00,144.18774999999994
2019-06-04 20:00:00,144.12524999999994
2019-06-04 20:15:00,144.15644999999995
2019-06-04 20:30:00,144.37524999999994
2019-06-04 20:45:00,144.25024999999994
2019-06-04 21:00:00,144.15644999999995
2019-06-04 21:15:00,144.21894999999995
2019-06-04 21:30:00,144.21894999999995
2019-06-04 21:45:00,144.00024999999994
2019-06-04 23:00:00,144.81274999999994
2019-06-04 23:15:00,144.03144999999995
2019-06-04 23:30:00,144.09394999999995
2019-06-04 23:45:00,144.09394999999995
2019-06-05 00:00:00,144.09394999999995
2019-06-05 00:15:00,144.12524999999994
2019-06-05 00:30:00,144.15644999999995
2019-06-05 00:45:00,144.06274999999994
2019-06-05 01:00:00,144.18774999999994
2019-06-05 01:15:00,144.18774999999994
2019-06-05 01:30:00,144.15644999999995
2019-06-05 01:45:00,144.15644999999995
2019-06-05 02:00:00,144.15644999999995
2019-06-05 02:15:00,144.18774999999994
2019-06-05 02:30:00,144.21894999999995
2019-06-05 02:45:00,144.21894999999995
2019-06-05 03:00:00,144.15644999999995
2019-06-05 03:15:00,144.18774999999994
2019-06-05 03:30:00,144.25024999999994
2019-06-05 03:45:00,144.21894999999995
2019-06-05 04:00:00,144.21894999999995
2019-06-05 04:15:00,144.21894999999995
2019-06-05 04:30:00,144.25024999999994
2019-06-05 04:45:00,144.21894999999995
2019-06-05 05:15:00,144.25024999999994
2019-06-05 05:30:00,144.28144999999995
2019-06-05 05:45:00,144.31274999999994
2019-06-05 06:15:00,144.31274999999994
2019-06-05 06:30:00,144.37524999999994
2019-06-05 06:45:00,144.46894999999995
2019-06-05 07:00:00,144.53144999999995
2019-06-05 07:15:00,144.62524999999994
2019-06-05 07:30:00,144.65644999999995
2019-06-05 07:45:00,144.56274999999994
2019-06-05 08:00:00,144.50024999999994
2019-06-05 08:15:00,144.40644999999995
2019-06-05 08:30:00,144.21894999999995
2019-06-05 08:45:00,144.18774999999994
2019-06-05 09:00:00,144.03144999999995
2019-06-05 09:15:00,144.06274999999994
2019-06-05 09:30:00,144.00024999999994
2019-06-05 09:45:00,144.03144999999995
2019-06-05 10:00:00,143.96894999999995
2019-06-05 10:15:00,143.90644999999995
2019-06-05 10:30:00,143.93774999999994
2019-06-05 10:45:00,143.87524999999994
2019-06-05 11:00:00,143.84394999999995
2019-06-05 11:15:00,143.87524999999994
2019-06-05 11:30:00,143.96894999999995
2019-06-05 11:45:00,143.96894999999995
2019-06-05 12:00:00,144.03144999999995
2019-06-05 12:15:00,144.09394999999995
2019-06-05 12:30:00,144.06274999999994
2019-06-05 12:45:00,144.12524999999994
2019-06-05 13:00:00,144.18774999999994
2019-06-05 13:15:00,144.50024999999994
2019-06-05 13:30:00,144.46894999999995
2019-06-05 13:45:00,144.53144999999995
2019-06-05 14:00:00,144.46894999999995
2019-06-05 14:15:00,144.18774999999994
2019-06-05 14:30:00,144.31274999999994
2019-06-05 14:45:00,144.56274999999994
2019-06-05 15:00:00,144.18774999999994
2019-06-05 15:15:00,144.21894999999995
2019-06-05 15:30:00,144.25024999999994
2019-06-05 15:45:00,144.18774999999994
2019-06-05 16:00:00,144.18774999999994
2019-06-05 16:15:00,143.96894999999995
2019-06-05 16:30:00,143.96894999999995
2019-06-05 16:45:00,144.03144999999995
2019-06-05 17:00:00,144.06274999999994
2019-06-05 17:15:00,144.15644999999995
2019-06-05 17:30:00,144.03144999999995
2019-06-05 17:45:00,143.93774999999994
2019-06-05 18:00:00,143.96894999999995
2019-06-05 18:15:00,143.93774999999994
2019-06-05 18:30:00,143.96894999999995
2019-06-05 18:45:00,144.00024999999994
2019-06-05 19:00:00,143.93774999999994
2019-06-05 19:15:00,143.90644999999995
2019-06-05 19:30:00,143.81274999999994
2019-06-05 19:45:00,143.93774999999994
2019-06-05 20:00:00,144.00024999999994
2019-06-05 20:15:00,143.96894999999995
2019-06-05 20:30:00,144.00024999999994
2019-06-05 20:45:00,143.84394999999995
2019-06-05 21:00:00,143.87524999999994
2019-06-05 21:15:00,143.87524999999994
2019-06-05 21:30:00,143.71894999999995
2019-06-05 21:45:00,143.62524999999994
2019-06-05 23:00:00,144.31274999999994
2019-06-05 23:15:00,143.96894999999995
2019-06-05 23:30:00,143.93774999999994
2019-06-05 23:45:00,143.93774999999994
2019-06-06 00:00:00,143.93774999999994
2019-06-06 00:15:00,143.93774999999994
2019-06-06 00:30:00,143.84394999999995
2019-06-06 00:45:00,143.90644999999995
2019-06-06 01:00:00,143.81274999999994
2019-06-06 01:15:00,143.75024999999994
2019-06-06 01:30:00,143.78144999999995
2019-06-06 01:45:00,143.84394999999995
2019-06-06 02:00:00,143.87524999999994
2019-06-06 02:15:00,143.84394999999995
2019-06-06 02:30:00,143.90644999999995
2019-06-06 02:45:00,143.93774999999994
2019-06-06 03:00:00,143.87524999999994
2019-06-06 03:15:00,143.90644999999995
2019-06-06 03:30:00,143.87524999999994
2019-06-06 03:45:00,143.90644999999995
2019-06-06 04:00:00,143.90644999999995
2019-06-06 04:15:00,143.90644999999995
2019-06-06 04:30:00,143.96894999999995
2019-06-06 04:45:00,143.96894999999995
2019-06-06 05:15:00,144.03144999999995
2019-06-06 05:30:00,144.00024999999994
2019-06-06 05:45:00,144.03144999999995
2019-06-06 06:15:00,144.03144999999995
2019-06-06 06:30:00,144.06274999999994
2019-06-06 06:45:00,144.09394999999995
2019-06-06 07:00:00,144.06274999999994
2019-06-06 07:15:00,144.06274999999994
2019-06-06 07:30:00,144.00024999999994
2019-06-06 07:45:00,144.03144999999995
2019-06-06 08:00:00,144.03144999999995
2019-06-06 08:15:00,144.15644999999995
2019-06-06 08:30:00,144.15644999999995
2019-06-06 08:45:00,144.15644999999995
2019-06-06 09:00:00,144.06274999999994
2019-06-06 09:15:00,144.06274999999994
2019-06-06 09:30:00,144.06274999999994
2019-06-06 09:45:00,144.25024999999994
2019-06-06 10:00:00,144.31274999999994
2019-06-06 10:15:00,144.25024999999994
2019-06-06 10:30:00,144.28144999999995
2019-06-06 10:45:00,144.21894999999995
2019-06-06 11:00:00,144.18774999999994
2019-06-06 11:15:00,144.21894999999995
2019-06-06 11:30:00,144.28144999999995
2019-06-06 11:45:00,144.37524999999994
2019-06-06 12:00:00,144.43774999999994
2019-06-06 12:15:00,144.37524999999994
2019-06-06 12:30:00,144.37524999999994
2019-06-06 12:45:00,144.18774999999994
2019-06-06 13:00:00,144.34394999999995
2019-06-06 13:15:00,144.53144999999995
2019-06-06 13:30:00,144.56274999999994
2019-06-06 13:45:00,144.46894999999995
2019-06-06 14:00:00,144.40644999999995
2019-06-06 14:15:00,144.34394999999995
2019-06-06 14:30:00,144.37524999999994
2019-06-06 14:45:00,144.68774999999994
2019-06-06 15:00:00,144.65644999999995
2019-06-06 15:15:00,144.71894999999995
2019-06-06 15:30:00,144.68774999999994
2019-06-06 15:45:00,144.78144999999995
2019-06-06 16:00:00,144.65644999999995
2019-06-06 16:15:00,144.59394999999995
2019-06-06 16:30:00,144.75024999999994
2019-06-06 16:45:00,144.71894999999995
2019-06-06 17:00:00,144.65644999999995
2019-06-06 17:15:00,144.53144999999995
2019-06-06 17:30:00,144.53144999999995
2019-06-06 17:45:00,144.46894999999995
2019-06-06 18:00:00,144.43774999999994
2019-06-06 18:15:00,144.31274999999994
2019-06-06 18:30:00,144.21894999999995
2019-06-06 18:45:00,144.34394999999995
2019-06-06 19:00:00,144.18774999999994
2019-06-06 19:15:00,144.18774999999994
2019-06-06 19:30:00,144.00024999999994
2019-06-06 19:45:00,144.06274999999994
2019-06-06 20:00:00,143.96894999999995
2019-06-06 20:15:00,144.03144999999995
2019-06-06 20:30:00,143.96894999999995
2019-06-06 20:45:00,144.06274999999994
2019-06-06 21:00:00,144.09394999999995
2019-06-06 21:15:00,144.03144999999995
2019-06-06 21:30:00,144.18774999999994
2019-06-06 21:45:00,144.25024999999994
2019-06-06 23:00:00,144.03144999999995
2019-06-06 23:15:00,144.34394999999995
2019-06-06 23:30:00,144.31274999999994
2019-06-06 23:45:00,144.31274999999994
2019-06-07 00:00:00,144.12524999999994
2019-06-07 00:15:00,144.12524999999994
2019-06-07 00:30:00,144.06274999999994
2019-06-07 00:45:00,144.06274999999994
2019-06-07 01:00:00,144.12524999999994
2019-06-07 01:15:00,144.06274999999994
2019-06-07 01:30:00,144.06274999999994
2019-06-07 01:45:00,144.09394999999995
2019-06-07 02:00:00,144.12524999999994
2019-06-07 02:15:00,144.15644999999995
2019-06-07 02:30:00,144.12524999999994
2019-06-07 02:45:00,144.12524999999994
2019-06-07 03:00:00,144.12524999999994
2019-06-07 03:15:00,144.15644999999995
2019-06-07 03:30:00,144.06274999999994
2019-06-07 03:45:00,144.12524999999994
2019-06-07 04:00:00,144.15644999999995
2019-06-07 04:15:00,144.15644999999995
2019-06-07 04:30:00,144.15644999999995
2019-06-07 04:45:00,144.18774999999994
2019-06-07 05:15:00,144.15644999999995
2019-06-07 05:30:00,144.15644999999995
2019-06-07 05:45:00,144.15644999999995
2019-06-07 06:15:00,144.21894999999995
2019-06-07 06:30:00,144.15644999999995
2019-06-07 06:45:00,144.15644999999995
2019-06-07 07:00:00,144.15644999999995
2019-06-07 07:15:00,144.12524999999994
2019-06-07 07:30:00,144.09394999999995
2019-06-07 07:45:00,144.09394999999995
2019-06-07 08:00:00,144.12524999999994
2019-06-07 08:15:00,144.21894999999995
2019-06-07 08:30:00,144.21894999999995
2019-06-07 08:45:00,144.28144999999995
2019-06-07 09:00:00,144.25024999999994
2019-06-07 09:15:00,144.18774999999994
2019-06-07 09:30:00,144.18774999999994
2019-06-07 09:45:00,144.25024999999994
2019-06-07 10:00:00,144.25024999999994
2019-06-07 10:15:00,144.18774999999994
2019-06-07 10:30:00,144.18774999999994
2019-06-07 10:45:00,144.12524999999994
2019-06-07 11:00:00,144.12524999999994
2019-06-07 11:15:00,144.09394999999995
2019-06-07 11:30:00,144.09394999999995
2019-06-07 11:45:00,144.12524999999994
2019-06-07 12:00:00,144.18774999999994
2019-06-07 12:15:00,144.25024999999994
2019-06-07 12:30:00,144.31274999999994
2019-06-07 12:45:00,144.37524999999994
2019-06-07 13:00:00,144.59394999999995
2019-06-07 13:15:00,144.65644999999995
2019-06-07 13:30:00,145.31274999999994
2019-06-07 13:45:00,145.25024999999994
2019-06-07 14:00:00,145.28144999999995
2019-06-07 14:15:00,145.28144999999995
2019-06-07 14:30:00,145.15644999999995
2019-06-07 14:45:00,145.25024999999994
2019-06-07 15:00:00,145.21894999999995
2019-06-07 15:15:00,145.28144999999995
2019-06-07 15:30:00,145.31274999999994
2019-06-07 15:45:00,145.34394999999995
2019-06-07 16:00:00,145.31274999999994
2019-06-07 16:15:00,145.15644999999995
2019-06-07 16:30:00,145.00024999999994
2019-06-07 16:45:00,144.93774999999994
2019-06-07 17:00:00,145.12524999999994
2019-06-07 17:15:00,145.15644999999995
2019-06-07 17:30:00,145.15644999999995
2019-06-07 17:45:00,145.15644999999995
2019-06-07 18:00:00,145.18774999999994
2019-06-07 18:15:00,144.96894999999995
2019-06-07 18:30:00,145.06274999999994
2019-06-07 18:45:00,145.03144999999995
2019-06-07 19:00:00,144.96894999999995
2019-06-07 19:15:00,145.06274999999994
2019-06-07 19:30:00,144.96894999999995
2019-06-07 19:45:00,145.06274999999994
2019-06-07 20:00:00,145.09394999999995
2019-06-07 20:15:00,145.06274999999994
2019-06-07 20:30:00,145.03144999999995
2019-06-07 20:45:00,145.09394999999995
2019-06-07 21:00:00,145.09394999999995
2019-06-07 21:15:00,145.06274999999994
2019-06-07 21:30:00,145.09394999999995
2019-06-07 21:45:00,145.06274999999994
2019-06-07 23:00:00,144.15644999999995
2019-06-09 23:00:00,144.31274999999994
2019-06-09 23:15:00,144.37524999999994
2019-06-09 23:30:00,144.46894999999995
2019-06-09 23:45:00,144.46894999999995
2019-06-10 00:00:00,144.46894999999995
2019-06-10 00:15:00,144.53144999999995
2019-06-10 00:30:00,144.56274999999994
2019-06-10 00:45:00,144.56274999999994
2019-06-10 01:00:00,144.56274999999994
2019-06-10 01:15:00,144.68774999999994
2019-06-10 01:30:00,144.65644999999995
2019-06-10 01:45:00,144.68774999999994
2019-06-10 02:00:00,144.68774999999994
2019-06-10 02:15:00,144.65644999999995
2019-06-10 02:30:00,144.53144999999995
2019-06-10 02:45:00,144.56274999999994
2019-06-10 03:00:00,144.56274999999994
2019-06-10 03:15:00,144.59394999999995
2019-06-10 03:30:00,144.59394999999995
2019-06-10 03:45:00,144.59394999999995
2019-06-10 04:00:00,144.62524999999994
2019-06-10 04:15:00,144.62524999999994
2019-06-10 04:30:00,144.62524999999994
2019-06-10 04:45:00,144.56274999999994
2019-06-10 05:15:00,144.46894999999995
2019-06-10 05:30:00,144.46894999999995
2019-06-10 05:45:00,144.46894999999995
2019-06-10 06:15:00,144.40644999999995
2019-06-10 06:30:00,144.46894999999995
2019-06-10 06:45:00,144.43774999999994
2019-06-10 07:00:00,144.43774999999994
2019-06-10 07:15:00,144.31274999999994
2019-06-10 07:30:00,144.31274999999994
2019-06-10 07:45:00,144.34394999999995
2019-06-10 08:00:00,144.37524999999994
2019-06-10 08:15:00,144.25024999999994
2019-06-10 08:30:00,144.25024999999994
2019-06-10 08:45:00,144.12524999999994
2019-06-10 09:00:00,144.18774999999994
2019-06-10 09:15:00,144.18774999999994
2019-06-10 09:30:00,144.25024999999994
2019-06-10 09:45:00,144.18774999999994
2019-06-10 10:00:00,144.25024999999994
2019-06-10 10:15:00,144.28144999999995
2019-06-10 10:30:00,144.18774999999994
2019-06-10 10:45:00,144.09394999999995
2019-06-10 11:00:00,144.00024999999994
2019-06-10 11:15:00,144.06274999999994
2019-06-10 11:30:00,144.00024999999994
2019-06-10 11:45:00,144.09394999999995
2019-06-10 12:00:00,144.06274999999994
2019-06-10 12:15:00,143.96894999999995
2019-06-10 12:30:00,144.00024999999994
2019-06-10 12:45:00,144.00024999999994
2019-06-10 13:00:00,144.03144999999995
2019-06-10 13:15:00,144.15644999999995
2019-06-10 13:30:00,144.21894999999995
2019-06-10 13:45:00,144.34394999999995
2019-06-10 14:00:00,144.28144999999995
2019-06-10 14:15:00,144.28144999999995
2019-06-10 14:30:00,144.15644999999995
2019-06-10 14:45:00,144.15644999999995
2019-06-10 15:00:00,144.09394999999995
2019-06-10 15:15:00,144.12524999999994
2019-06-10 15:30:00,144.12524999999994
2019-06-10 15:45:00,144.03144999999995
2019-06-10 16:00:00,144.06274999999994
2019-06-10 16:15:00,144.15644999999995
2019-06-10 16:30:00,144.03144999999995
2019-06-10 16:45:00,144.03144999999995
2019-06-10 17:00:00,144.06274999999994
2019-06-10 17:15:00,144.09394999999995
2019-06-10 17:30:00,144.09394999999995
2019-06-10 17:45:00,144.03144999999995
2019-06-10 18:00:00,143.93774999999994
2019-06-10 18:15:00,143.93774999999994
2019-06-10 18:30:00,144.06274999999994
2019-06-10 18:45:00,144.06274999999994
2019-06-10 19:00:00,144.15644999999995
2019-06-10 19:15:00,144.12524999999994
2019-06-10 19:30:00,144.09394999999995
2019-06-10 19:45:00,144.03144999999995
2019-06-10 20:00:00,144.00024999999994
2019-06-10 20:15:00,144.00024999999994
2019-06-10 20:30:00,144.00024999999994
2019-06-10 20:45:00,143.96894999999995
2019-06-10 21:00:00,143.93774999999994
2019-06-10 21:15:00,143.87524999999994
2019-06-10 21:30:00,143.87524999999994
2019-06-10 21:45:00,143.81274999999994
2019-06-10 23:00:00,144.40644999999995
2019-06-10 23:15:00,143.90644999999995
2019-06-10 23:30:00,143.96894999999995
2019-06-10 23:45:00,143.96894999999995
2019-06-11 00:00:00,143.96894999999995
2019-06-11 00:15:00,144.00024999999994
2019-06-11 00:30:00,144.00024999999994
2019-06-11 00:45:00,144.00024999999994
2019-06-11 01:00:00,144.03144999999995
2019-06-11 01:15:00,144.03144999999995
2019-06-11 01:30:00,144.06274999999994
2019-06-11 01:45:00,143.96894999999995
2019-06-11 02:00:00,143.87524999999994
2019-06-11 02:15:00,143.81274999999994
2019-06-11 02:30:00,143.84394999999995
2019-06-11 02:45:00,143.78144999999995
2019-06-11 03:00:00,143.78144999999995
2019-06-11 03:15:00,143.78144999999995
2019-06-11 03:30:00,143.78144999999995
2019-06-11 03:45:00,143.78144999999995
2019-06-11 04:00:00,143.78144999999995
2019-06-11 04:15:00,143.81274999999994
2019-06-11 04:30:00,143.78144999999995
2019-06-11 04:45:00,143.81274999999994
2019-06-11 05:15:00,143.78144999999995
2019-06-11 05:30:00,143.81274999999994
2019-06-11 05:45:00,143.81274999999994
2019-06-11 06:15:00,143.87524999999994
2019-06-11 06:30:00,143.87524999999994
2019-06-11 06:45:00,143.90644999999995
2019-06-11 07:00:00,143.87524999999994
2019-06-11 07:15:00,143.93774999999994
2019-06-11 07:30:00,143.93774999999994
2019-06-11 07:45:00,144.00024999999994
2019-06-11 08:00:00,143.96894999999995
2019-06-11 08:15:00,143.96894999999995
2019-06-11 08:30:00,143.81274999999994
2019-06-11 08:45:00,143.78144999999995
2019-06-11 09:00:00,143.84394999999995
2019-06-11 09:15:00,143.81274999999994
2019-06-11 09:30:00,143.75024999999994
2019-06-11 09:45:00,143.75024999999994
2019-06-11 10:00:00,143.78144999999995
2019-06-11 10:15:00,143.71894999999995
2019-06-11 10:30:00,143.62524999999994
2019-06-11 10:45:00,143.50024999999994
2019-06-11 11:00:00,143.40644999999995
2019-06-11 11:15:00,143.40644999999995
2019-06-11 11:30:00,143.40644999999995
2019-06-11 11:45:00,143.37524999999994
2019-06-11 12:00:00,143.46894999999995
2019-06-11 12:15:00,143.50024999999994
2019-06-11 12:30:00,143.46894999999995
2019-06-11 12:45:00,143.50024999999994
2019-06-11 13:00:00,143.46894999999995
2019-06-11 13:15:00,143.56274999999994
2019-06-11 13:30:00,143.68774999999994
2019-06-11 13:45:00,143.87524999999994
2019-06-11 14:00:00,143.78144999999995
2019-06-11 14:15:00,143.90644999999995
2019-06-11 14:30:00,143.96894999999995
2019-06-11 14:45:00,143.96894999999995
2019-06-11 15:00:00,143.96894999999995
2019-06-11 15:15:00,143.87524999999994
2019-06-11 15:30:00,144.00024999999994
2019-06-11 15:45:00,143.93774999999994
2019-06-11 16:00:00,143.90644999999995
2019-06-11 16:15:00,143.87524999999994
2019-06-11 16:30:00,143.96894999999995
2019-06-11 16:45:00,143.90644999999995
2019-06-11 17:00:00,143.93774999999994
2019-06-11 17:15:00,144.03144999999995
2019-06-11 17:30:00,144.03144999999995
2019-06-11 17:45:00,144.06274999999994
2019-06-11 18:00:00,144.06274999999994
2019-06-11 18:15:00,144.09394999999995
2019-06-11 18:30:00,144.09394999999995
2019-06-11 18:45:00,144.06274999999994
2019-06-11 19:00:00,144.12524999999994
2019-06-11 19:15:00,144.15644999999995
2019-06-11 19:30:00,144.15644999999995
2019-06-11 19:45:00,144.12524999999994
2019-06-11 20:00:00,144.06274999999994
2019-06-11 20:15:00,144.06274999999994
2019-06-11 20:30:00,144.03144999999995
2019-06-11 20:45:00,144.06274999999994
2019-06-11 21:00:00,144.03144999999995
2019-06-11 21:15:00,144.06274999999994
2019-06-11 21:30:00,144.09394999999995
2019-06-11 21:45:00,144.09394999999995
2019-06-11 23:00:00,143.81274999999994
2019-06-11 23:15:00,144.15644999999995
2019-06-11 23:30:00,144.15644999999995
2019-06-11 23:45:00,144.15644999999995
2019-06-12 00:00:00,144.15644999999995
2019-06-12 00:15:00,144.15644999999995
2019-06-12 00:30:00,144.15644999999995
2019-06-12 00:45:00,144.25024999999994
2019-06-12 01:00:00,144.21894999999995
2019-06-12 01:15:00,144.15644999999995
2019-06-12 01:30:00,144.18774999999994
2019-06-12 01:45:00,144.21894999999995
2019-06-12 02:00:00,144.21894999999995
2019-06-12 02:15:00,144.21894999999995
2019-06-12 02:30:00,144.21894999999995
2019-06-12 02:45:00,144.18774999999994
2019-06-12 03:00:00,144.21894999999995
2019-06-12 03:15:00,144.18774999999994
2019-06-12 03:30:00,144.18774999999994
2019-06-12 03:45:00,144.21894999999995
2019-06-12 04:00:00,144.21894999999995
2019-06-12 04:15:00,144.18774999999994
2019-06-12 04:30:00,144.21894999999995
2019-06-12 04:45:00,144.21894999999995
2019-06-12 05:15:00,144.28144999999995
2019-06-12 05:30:00,144.28144999999995
2019-06-12 05:45:00,144.31274999999994
2019-06-12 06:15:00,144.28144999999995
2019-06-12 06:30:00,144.31274999999994
2019-06-12 06:45:00,144.37524999999994
2019-06-12 07:00:00,144.40644999999995
2019-06-12 07:15:00,144.50024999999994
2019-06-12 07:30:00,144.50024999999994
2019-06-12 07:45:00,144.40644999999995
2019-06-12 08:00:00,144.40644999999995
2019-06-12 08:15:00,144.34394999999995
2019-06-12 08:30:00,144.37524999999994
2019-06-12 08:45:00,144.40644999999995
2019-06-12 09:00:00,144.46894999999995
2019-06-12 09:15:00,144.53144999999995
2019-06-12 09:30:00,144.59394999999995
2019-06-12 09:45:00,144.56274999999994
2019-06-12 10:00:00,144.43774999999994
2019-06-12 10:15:00,144.43774999999994
2019-06-12 10:30:00,144.50024999999994
2019-06-12 10:45:00,144.50024999999994
2019-06-12 11:00:00,144.40644999999995
2019-06-12 11:15:00,144.37524999999994
2019-06-12 11:30:00,144.37524999999994
2019-06-12 11:45:00,144.43774999999994
2019-06-12 12:00:00,144.46894999999995
2019-06-12 12:15:00,144.46894999999995
2019-06-12 12:30:00,144.43774999999994
2019-06-12 12:45:00,144.50024999999994
2019-06-12 13:00:00,144.50024999999994
2019-06-12 13:15:00,144.43774999999994
2019-06-12 13:30:00,144.43774999999994
2019-06-12 13:45:00,144.21894999999995
2019-06-12 14:00:00,144.06274999999994
2019-06-12 14:15:00,143.90644999999995
2019-06-12 14:30:00,144.00024999999994
2019-06-12 14:45:00,144.06274999999994
2019-06-12 15:00:00,144.15644999999995
2019-06-12 15:15:00,144.15644999999995
2019-06-12 15:30:00,144.28144999999995
2019-06-12 15:45:00,144.21894999999995
2019-06-12 16:00:00,144.18774999999994
2019-06-12 16:15:00,144.03144999999995
2019-06-12 16:30:00,144.09394999999995
2019-06-12 16:45:00,144.18774999999994
2019-06-12 17:00:00,144.21894999999995
2019-06-12 17:15:00,144.15644999999995
2019-06-12 17:30:00,144.15644999999995
2019-06-12 17:45:00,144.00024999999994
2019-06-12 18:00:00,144.12524999999994
2019-06-12 18:15:00,144.12524999999994
2019-06-12 18:30:00,144.15644999999995
2019-06-12 18:45:00,144.15644999999995
2019-06-12 19:00:00,144.21894999999995
2019-06-12 19:15:00,144.21894999999995
2019-06-12 19:30:00,144.15644999999995
2019-06-12 19:45:00,144.12524999999994
2019-06-12 20:00:00,144.12524999999994
2019-06-12 20:15:00,144.21894999999995
2019-06-12 20:30:00,144.25024999999994
2019-06-12 20:45:00,144.25024999999994
2019-06-12 21:00:00,144.28144999999995
2019-06-12 21:15:00,144.25024999999994
2019-06-12 21:30:00,144.18774999999994
2019-06-12 21:45:00,144.21894999999995
2019-06-12 23:00:00,144.25024999999994
2019-06-12 23:15:00,144.18774999999994
2019-06-12 23:30:00,144.21894999999995
2019-06-12 23:45:00,144.21894999999995
2019-06-13 00:00:00,144.21894999999995
2019-06-13 00:15:00,144.21894999999995
2019-06-13 00:30:00,144.25024999999994
2019-06-13 00:45:00,144.21894999999995
2019-06-13 01:00:00,144.25024999999994
2019-06-13 01:15:00,144.21894999999995
2019-06-13 01:30:00,144.25024999999994
2019-06-13 01:45:00,144.21894999999995
2019-06-13 02:00:00,144.25024999999994
2019-06-13 02:15:00,144.28144999999995
2019-06-13 02:30:00,144.34394999999995
2019-06-13 02:45:00,144.46894999999995
2019-06-13 03:00:00,144.62524999999994
2019-06-13 03:15:00,144.56274999999994
2019-06-13 03:30:00,144.50024999999994
2019-06-13 03:45:00,144.50024999999994
2019-06-13 04:00:00,144.46894999999995
2019-06-13 04:15:00,144.40644999999995
2019-06-13 04:30:00,144.31274999999994
2019-06-13 04:45:00,144.34394999999995
2019-06-13 05:15:00,144.40644999999995
2019-06-13 05:30:00,144.40644999999995
2019-06-13 05:45:00,144.40644999999995
2019-06-13 06:15:00,144.43774999999994
2019-06-13 06:30:00,144.40644999999995
2019-06-13 06:45:00,144.40644999999995
2019-06-13 07:00:00,144.46894999999995
2019-06-13 07:15:00,144.40644999999995
2019-06-13 07:30:00,144.31274999999994
2019-06-13 07:45:00,144.34394999999995
2019-06-13 08:00:00,144.50024999999994
2019-06-13 08:15:00,144.40644999999995
2019-06-13 08:30:00,144.37524999999994
2019-06-13 08:45:00,144.37524999999994
2019-06-13 09:00:00,144.43774999999994
2019-06-13 09:15:00,144.37524999999994
2019-06-13 09:30:00,144.31274999999994
2019-06-13 09:45:00,144.31274999999994
2019-06-13 10:00:00,144.28144999999995
2019-06-13 10:15:00,144.31274999999994
2019-06-13 10:30:00,144.31274999999994
2019-06-13 10:45:00,144.37524999999994
2019-06-13 11:00:00,144.34394999999995
2019-06-13 11:15:00,144.28144999999995
2019-06-13 11:30:00,144.28144999999995
2019-06-13 11:45:00,144.28144999999995
2019-06-13 12:00:00,144.31274999999994
2019-06-13 12:15:00,144.31274999999994
2019-06-13 12:30:00,144.31274999999994
2019-06-13 12:45:00,144.37524999999994
2019-06-13 13:00:00,144.37524999999994
2019-06-13 13:15:00,144.53144999999995
2019-06-13 13:30:00,144.53144999999995
2019-06-13 13:45:00,144.34394999999995
2019-06-13 14:00:00,144.28144999999995
2019-06-13 14:15:00,144.37524999999994
2019-06-13 14:30:00,144.53144999999995
2019-06-13 14:45:00,144.50024999999994
2019-06-13 15:00:00,144.59394999999995
2019-06-13 15:15:00,144.46894999999995
2019-06-13 15:30:00,144.53144999999995
2019-06-13 15:45:00,144.62524999999994
2019-06-13 16:00:00,144.59394999999995
2019-06-13 16:15:00,144.62524999999994
2019-06-13 16:30:00,144.65644999999995
2019-06-13 16:45:00,144.59394999999995
2019-06-13 17:00:00,144.59394999999995
2019-06-13 17:15:00,144.71894999999995
2019-06-13 17:30:00,144.65644999999995
2019-06-13 17:45:00,144.53144999999995
2019-06-13 18:00:00,144.65644999999995
2019-06-13 18:15:00,144.68774999999994
2019-06-13 18:30:00,144.71894999999995
2019-06-13 18:45:00,144.78144999999995
2019-06-13 19:00:00,144.81274999999994
2019-06-13 19:15:00,144.75024999999994
2019-06-13 19:30:00,144.75024999999994
2019-06-13 19:45:00,144.78144999999995
2019-06-13 20:00:00,144.81274999999994
2019-06-13 20:15:00,144.71894999999995
2019-06-13 20:30:00,144.75024999999994
2019-06-13 20:45:00,144.75024999999994
2019-06-13 21:00:00,144.71894999999995
2019-06-13 21:15:00,144.75024999999994
2019-06-13 21:30:00,144.75024999999994
2019-06-13 21:45:00,144.68774999999994
2019-06-13 23:00:00,144.43774999999994
2019-06-13 23:15:00,144.75024999999994
2019-06-13 23:30:00,144.75024999999994
2019-06-13 23:45:00,144.78144999999995
2019-06-14 00:00:00,144.87524999999994
2019-06-14 00:15:00,144.81274999999994
2019-06-14 00:30:00,144.84394999999995
2019-06-14 00:45:00,144.87524999999994
2019-06-14 01:00:00,144.90644999999995
2019-06-14 01:15:00,144.84394999999995
2019-06-14 01:30:00,144.87524999999994
2019-06-14 01:45:00,144.87524999999994
2019-06-14 02:00:00,144.87524999999994
2019-06-14 02:15:00,144.90644999999995
2019-06-14 02:30:00,144.87524999999994
2019-06-14 02:45:00,144.87524999999994
2019-06-14 03:00:00,144.90644999999995
2019-06-14 03:15:00,144.90644999999995
2019-06-14 03:30:00,144.90644999999995
2019-06-14 03:45:00,144.87524999999994
2019-06-14 04:00:00,144.90644999999995
2019-06-14 04:15:00,144.90644999999995
2019-06-14 04:30:00,145.00024999999994
2019-06-14 04:45:00,144.96894999999995
2019-06-14 05:15:00,145.00024999999994
2019-06-14 05:30:00,145.00024999999994
2019-06-14 05:45:00,144.96894999999995
2019-06-14 06:15:00,144.96894999999995
2019-06-14 06:30:00,144.93774999999994
2019-06-14 06:45:00,144.93774999999994
2019-06-14 07:00:00,145.06274999999994
2019-06-14 07:15:00,145.03144999999995
2019-06-14 07:30:00,145.25024999999994
2019-06-14 07:45:00,145.28144999999995
2019-06-14 08:00:00,145.18774999999994
2019-06-14 08:15:00,145.34394999999995
2019-06-14 08:30:00,145.34394999999995
2019-06-14 08:45:00,145.25024999999994
2019-06-14 09:00:00,145.28144999999995
2019-06-14 09:15:00,145.25024999999994
2019-06-14 09:30:00,145.28144999999995
2019-06-14 09:45:00,145.21894999999995
2019-06-14 10:00:00,145.21894999999995
2019-06-14 10:15:00,145.21894999999995
2019-06-14 10:30:00,145.31274999999994
2019-06-14 10:45:00,145.28144999999995
2019-06-14 11:00:00,145.25024999999994
2019-06-14 11:15:00,145.28144999999995
2019-06-14 11:30:00,145.31274999999994
2019-06-14 11:45:00,145.28144999999995
2019-06-14 12:00:00,145.15644999999995
2019-06-14 12:15:00,145.18774999999994
2019-06-14 12:30:00,145.21894999999995
2019-06-14 12:45:00,145.18774999999994
2019-06-14 13:00:00,145.12524999999994
2019-06-14 13:15:00,145.09394999999995
2019-06-14 13:30:00,144.68774999999994
2019-06-14 13:45:00,144.62524999999994
2019-06-14 14:00:00,144.78144999999995
2019-06-14 14:15:00,144.59394999999995
2019-06-14 14:30:00,144.84394999999995
2019-06-14 14:45:00,145.00024999999994
2019-06-14 15:00:00,145.06274999999994
2019-06-14 15:15:00,144.96894999999995
2019-06-14 15:30:00,144.90644999999995
2019-06-14 15:45:00,144.84394999999995
2019-06-14 16:00:00,145.03144999999995
2019-06-14 16:15:00,145.03144999999995
2019-06-14 16:30:00,144.93774999999994
2019-06-14 16:45:00,144.96894999999995
2019-06-14 17:00:00,144.90644999999995
2019-06-14 17:15:00,144.93774999999994
2019-06-14 17:30:00,145.06274999999994
2019-06-14 17:45:00,145.06274999999994
2019-06-14 18:00:00,144.96894999999995
2019-06-14 18:15:00,144.96894999999995
2019-06-14 18:30:00,144.84394999999995
2019-06-14 18:45:00,144.87524999999994
2019-06-14 19:00:00,144.87524999999994
2019-06-14 19:15:00,144.87524999999994
2019-06-14 19:30:00,144.90644999999995
2019-06-14 19:45:00,144.84394999999995
2019-06-14 20:00:00,144.87524999999994
2019-06-14 20:15:00,144.87524999999994
2019-06-14 20:30:00,144.87524999999994
2019-06-14 20:45:00,145.03144999999995
2019-06-14 21:00:00,145.06274999999994
2019-06-14 21:15:00,145.06274999999994
2019-06-14 21:30:00,145.06274999999994
2019-06-14 21:45:00,145.09394999999995
2019-06-14 23:00:00,144.96894999999995
2019-06-16 23:00:00,145.06274999999994
2019-06-16 23:15:00,145.03144999999995
2019-06-16 23:30:00,145.00024999999994
2019-06-16 23:45:00,145.00024999999994
2019-06-17 00:00:00,145.00024999999994
2019-06-17 00:15:00,145.03144999999995
2019-06-17 00:30:00,145.03144999999995
2019-06-17 00:45:00,144.96894999999995
2019-06-17 01:00:00,144.96894999999995
2019-06-17 01:15:00,144.93774999999994
2019-06-17 01:30:00,144.78144999999995
2019-06-17 01:45:00,144.68774999999994
2019-06-17 02:00:00,144.68774999999994
2019-06-17 02:15:00,144.65644999999995
2019-06-17 02:30:00,144.59394999999995
2019-06-17 02:45:00,144.59394999999995
2019-06-17 03:00:00,144.62524999999994
2019-06-17 03:15:00,144.59394999999995
2019-06-17 03:30:00,144.59394999999995
2019-06-17 03:45:00,144.59394999999995
2019-06-17 04:00:00,144.59394999999995
2019-06-17 04:15:00,144.62524999999994
2019-06-17 04:30:00,144.62524999999994
2019-06-17 04:45:00,144.62524999999994
2019-06-17 05:15:00,144.62524999999994
2019-06-17 05:30:00,144.68774999999994
2019-06-17 05:45:00,144.68774999999994
2019-06-17 06:15:00,144.65644999999995
2019-06-17 06:30:00,144.65644999999995
2019-06-17 06:45:00,144.71894999999995
2019-06-17 07:00:00,144.78144999999995
2019-06-17 07:15:00,144.78144999999995
2019-06-17 07:30:00,144.78144999999995
2019-06-17 07:45:00,144.68774999999994
2019-06-17 08:00:00,144.84394999999995
2019-06-17 08:15:00,144.75024999999994
2019-06-17 08:30:00,144.78144999999995
2019-06-17 08:45:00,144.75024999999994
2019-06-17 09:00:00,144.59394999999995
2019-06-17 09:15:00,144.62524999999994
2019-06-17 09:30:00,144.65644999999995
2019-06-17 09:45:00,144.68774999999994
2019-06-17 10:00:00,144.62524999999994
2019-06-17 10:15:00,144.59394999999995
2019-06-17 10:30:00,144.59394999999995
2019-06-17 10:45:00,144.59394999999995
2019-06-17 11:00:00,144.62524999999994
2019-06-17 11:15:00,144.62524999999994
2019-06-17 11:30:00,144.56274999999994
2019-06-17 11:45:00,144.56274999999994
2019-06-17 12:00:00,144.62524999999994
2019-06-17 12:15:00,144.65644999999995
2019-06-17 12:30:00,144.62524999999994
2019-06-17 12:45:00,144.71894999999995
2019-06-17 13:00:00,144.84394999999995
2019-06-17 13:15:00,144.84394999999995
2019-06-17 13:30:00,144.93774999999994
2019-06-17 13:45:00,144.93774999999994
2019-06-17 14:00:00,145.00024999999994
2019-06-17 14:15:00,145.00024999999994
2019-06-17 14:30:00,144.96894999999995
2019-06-17 14:45:00,144.78144999999995
2019-06-17 15:00:00,144.78144999999995
2019-06-17 15:15:00,144.84394999999995
2019-06-17 15:30:00,144.81274999999994
2019-06-17 15:45:00,144.90644999999995
2019-06-17 16:00:00,145.00024999999994
2019-06-17 16:15:00,145.09394999999995
2019-06-17 16:30:00,145.12524999999994
2019-06-17 16:45:00,145.25024999999994
2019-06-17 17:00:00,145.25024999999994
2019-06-17 17:15:00,145.18774999999994
2019-06-17 17:30:00,145.18774999999994
2019-06-17 17:45:00,145.15644999999995
2019-06-17 18:00:00,145.18774999999994
2019-06-17 18:15:00,145.15644999999995
2019-06-17 18:30:00,145.15644999999995
2019-06-17 18:45:00,145.09394999999995
2019-06-17 19:00:00,145.12524999999994
2019-06-17 19:15:00,145.21894999999995
2019-06-17 19:30:00,145.15644999999995
2019-06-17 19:45:00,145.15644999999995
2019-06-17 20:00:00,145.15644999999995
2019-06-17 20:15:00,145.12524999999994
2019-06-17 20:30:00,145.09394999999995
2019-06-17 20:45:00,145.12524999999994
2019-06-17 21:00:00,145.12524999999994
2019-06-17 21:15:00,145.12524999999994
2019-06-17 21:30:00,145.09394999999995
2019-06-17 21:45:00,145.00024999999994
2019-06-17 23:00:00,144.65644999999995
2019-06-17 23:15:00,145.06274999999994
2019-06-17 23:30:00,145.12524999999994
2019-06-17 23:45:00,145.09394999999995
2019-06-18 00:00:00,145.06274999999994
2019-06-18 00:15:00,145.09394999999995
2019-06-18 00:30:00,145.12524999999994
2019-06-18 00:45:00,145.09394999999995
2019-06-18 01:00:00,145.03144999999995
2019-06-18 01:15:00,145.06274999999994
2019-06-18 01:30:00,145.09394999999995
2019-06-18 01:45:00,145.06274999999994
2019-06-18 02:00:00,145.06274999999994
2019-06-18 02:15:00,145.09394999999995
2019-06-18 02:30:00,145.18774999999994
2019-06-18 02:45:00,145.18774999999994
2019-06-18 03:00:00,145.15644999999995
2019-06-18 03:15:00,145.21894999999995
2019-06-18 03:30:00,145.18774999999994
2019-06-18 03:45:00,145.15644999999995
2019-06-18 04:00:00,145.18774999999994
2019-06-18 04:15:00,145.21894999999995
2019-06-18 04:30:00,145.28144999999995
2019-06-18 04:45:00,145.28144999999995
2019-06-18 05:15:00,145.28144999999995
2019-06-18 05:30:00,145.28144999999995
2019-06-18 05:45:00,145.25024999999994
2019-06-18 06:15:00,145.28144999999995
2019-06-18 06:30:00,145.31274999999994
2019-06-18 06:45:00,145.28144999999995
2019-06-18 07:00:00,145.37524999999994
2019-06-18 07:15:00,145.31274999999994
2019-06-18 07:30:00,145.34394999999995
2019-06-18 07:45:00,145.40644999999995
2019-06-18 08:00:00,145.40644999999995
2019-06-18 08:15:00,145.37524999999994
2019-06-18 08:30:00,145.37524999999994
2019-06-18 08:45:00,145.34394999999995
2019-06-18 09:00:00,145.62524999999994
2019-06-18 09:15:00,145.71894999999995
2019-06-18 09:30:00,145.75024999999994
2019-06-18 09:45:00,145.84394999999995
2019-06-18 10:00:00,145.93774999999994
2019-06-18 10:15:00,145.90644999999995
2019-06-18 10:30:00,145.87524999999994
2019-06-18 10:45:00,146.03144999999995
2019-06-18 11:00:00,145.90644999999995
2019-06-18 11:15:00,145.87524999999994
2019-06-18 11:30:00,145.90644999999995
2019-06-18 11:45:00,145.93774999999994
2019-06-18 12:00:00,145.93774999999994
2019-06-18 12:15:00,146.18774999999994
2019-06-18 12:30:00,146.31274999999994
2019-06-18 12:45:00,146.46894999999995
2019-06-18 13:00:00,146.15644999999995
2019-06-18 13:15:00,146.03144999999995
2019-06-18 13:30:00,146.15644999999995
2019-06-18 13:45:00,146.03144999999995
2019-06-18 14:00:00,146.15644999999995
2019-06-18 14:15:00,146.09394999999995
2019-06-18 14:30:00,145.53144999999995
2019-06-18 14:45:00,145.46894999999995
2019-06-18 15:00:00,145.46894999999995
2019-06-18 15:15:00,145.53144999999995
2019-06-18 15:30:00,145.62524999999994
2019-06-18 15:45:00,145.93774999999994
2019-06-18 16:00:00,146.00024999999994
2019-06-18 16:15:00,145.90644999999995
2019-06-18 16:30:00,145.68774999999994
2019-06-18 16:45:00,145.68774999999994
2019-06-18 17:00:00,145.62524999999994
2019-06-18 17:15:00,145.59394999999995
2019-06-18 17:30:00,145.50024999999994
2019-06-18 17:45:00,145.59394999999995
2019-06-18 18:00:00,145.53144999999995
2019-06-18 18:15:00,145.56274999999994
2019-06-18 18:30:00,145.56274999999994
2019-06-18 18:45:00,145.56274999999994
2019-06-18 19:00:00,145.65644999999995
2019-06-18 19:15:00,145.65644999999995
2019-06-18 19:30:00,145.68774999999994
2019-06-18 19:45:00,145.53144999999995
2019-06-18 20:00:00,145.46894999999995
2019-06-18 20:15:00,145.59394999999995
2019-06-18 20:30:00,145.59394999999995
2019-06-18 20:45:00,145.53144999999995
2019-06-18 21:00:00,145.59394999999995
2019-06-18 21:15:00,145.59394999999995
2019-06-18 21:30:00,145.59394999999995
2019-06-18 21:45:00,145.56274999999994
2019-06-18 23:00:00,145.28144999999995
2019-06-18 23:15:00,145.68774999999994
2019-06-18 23:30:00,145.65644999999995
2019-06-18 23:45:00,145.56274999999994
2019-06-19 00:00:00,145.62524999999994
2019-06-19 00:15:00,145.59394999999995
2019-06-19 00:30:00,145.56274999999994
2019-06-19 00:45:00,145.56274999999994
2019-06-19 01:00:00,145.62524999999994
2019-06-19 01:15:00,145.46894999999995
2019-06-19 01:30:00,145.46894999999995
2019-06-19 01:45:00,145.43774999999994
2019-06-19 02:00:00,145.40644999999995
2019-06-19 02:15:00,145.40644999999995
2019-06-19 02:30:00,145.40644999999995
2019-06-19 02:45:00,145.46894999999995
2019-06-19 03:00:00,145.46894999999995
2019-06-19 03:15:00,145.43774999999994
2019-06-19 03:30:00,145.46894999999995
2019-06-19 03:45:00,145.50024999999994
2019-06-19 04:00:00,145.53144999999995
2019-06-19 04:15:00,145.46894999999995
2019-06-19 04:30:00,145.46894999999995
2019-06-19 04:45:00,145.43774999999994
2019-06-19 05:15:00,145.46894999999995
2019-06-19 05:30:00,145.50024999999994
2019-06-19 05:45:00,145.50024999999994
2019-06-19 06:15:00,145.40644999999995
2019-06-19 06:30:00,145.34394999999995
2019-06-19 06:45:00,145.34394999999995
2019-06-19 07:00:00,145.37524999999994
2019-06-19 07:15:00,145.37524999999994
2019-06-19 07:30:00,145.59394999999995
2019-06-19 07:45:00,145.59394999999995
2019-06-19 08:00:00,145.53144999999995
2019-06-19 08:15:00,145.50024999999994
2019-06-19 08:30:00,145.43774999999994
2019-06-19 08:45:00,145.37524999999994
2019-06-19 09:00:00,145.28144999999995
2019-06-19 09:15:00,145.28144999999995
2019-06-19 09:30:00,145.18774999999994
2019-06-19 09:45:00,145.15644999999995
2019-06-19 10:00:00,145.21894999999995
2019-06-19 10:15:00,145.21894999999995
2019-06-19 10:30:00,145.28144999999995
2019-06-19 10:45:00,145.21894999999995
2019-06-19 11:00:00,145.15644999999995
2019-06-19 11:15:00,145.12524999999994
2019-06-19 11:30:00,145.12524999999994
2019-06-19 11:45:00,145.12524999999994
2019-06-19 12:00:00,145.25024999999994
2019-06-19 12:15:00,145.15644999999995
2019-06-19 12:30:00,145.18774999999994
2019-06-19 12:45:00,145.21894999999995
2019-06-19 13:00:00,145.18774999999994
2019-06-19 13:15:00,145.03144999999995
2019-06-19 13:30:00,145.03144999999995
2019-06-19 13:45:00,145.00024999999994
2019-06-19 14:00:00,145.06274999999994
2019-06-19 14:15:00,145.03144999999995
2019-06-19 14:30:00,145.03144999999995
2019-06-19 14:45:00,144.93774999999994
2019-06-19 15:00:00,144.96894999999995
2019-06-19 15:15:00,144.93774999999994
2019-06-19 15:30:00,145.00024999999994
2019-06-19 15:45:00,144.81274999999994
2019-06-19 16:00:00,144.93774999999994
2019-06-19 16:15:00,145.06274999999994
2019-06-19 16:30:00,145.03144999999995
2019-06-19 16:45:00,144.93774999999994
2019-06-19 17:00:00,145.00024999999994
2019-06-19 17:15:00,145.09394999999995
2019-06-19 17:30:00,144.96894999999995
2019-06-19 17:45:00,144.93774999999994
2019-06-19 18:00:00,144.96894999999995
2019-06-19 18:15:00,145.06274999999994
2019-06-19 18:30:00,145.00024999999994
2019-06-19 18:45:00,145.09394999999995
2019-06-19 19:00:00,145.65644999999995
2019-06-19 19:15:00,145.65644999999995
2019-06-19 19:30:00,145.71894999999995
2019-06-19 19:45:00,145.93774999999994
2019-06-19 20:00:00,145.81274999999994
2019-06-19 20:15:00,145.93774999999994
2019-06-19 20:30:00,145.90644999999995
2019-06-19 20:45:00,145.81274999999994
2019-06-19 21:00:00,145.78144999999995
2019-06-19 21:15:00,145.87524999999994
2019-06-19 21:30:00,145.90644999999995
2019-06-19 21:45:00,145.93774999999994
2019-06-19 23:00:00,145.50024999999994
2019-06-19 23:15:00,145.93774999999994
2019-06-19 23:30:00,145.84394999999995
2019-06-19 23:45:00,145.81274999999994
2019-06-20 00:00:00,145.78144999999995
2019-06-20 00:15:00,145.84394999999995
2019-06-20 00:30:00,145.81274999999994
2019-06-20 00:45:00,145.84394999999995
2019-06-20 01:00:00,146.46894999999995
2019-06-20 01:15:00,146.59394999999995
2019-06-20 01:30:00,146.62524999999994
2019-06-20 01:45:00,146.78144999999995
2019-06-20 02:00:00,146.78144999999995
2019-06-20 02:15:00,147.00024999999994
2019-06-20 02:30:00,146.93774999999994
2019-06-20 02:45:00,146.87524999999994
2019-06-20 03:00:00,146.90644999999995
2019-06-20 03:15:00,146.81274999999994
2019-06-20 03:30:00,146.75024999999994
2019-06-20 03:45:00,146.78144999999995
2019-06-20 04:00:00,146.81274999999994
2019-06-20 04:15:00,146.75024999999994
2019-06-20 04:30:00,146.71894999999995
2019-06-20 04:45:00,146.75024999999994
2019-06-20 05:15:00,146.71894999999995
2019-06-20 05:30:00,146.75024999999994
2019-06-20 05:45:00,146.75024999999994
2019-06-20 06:15:00,146.75024999999994
2019-06-20 06:30:00,146.75024999999994
2019-06-20 06:45:00,146.75024999999994
2019-06-20 07:00:00,146.84394999999995
2019-06-20 07:15:00,146.68774999999994
2019-06-20 07:30:00,146.68774999999994
2019-06-20 07:45:00,146.71894999999995
2019-06-20 08:00:00,146.46894999999995
2019-06-20 08:15:00,146.43774999999994
2019-06-20 08:30:00,146.46894999999995
2019-06-20 08:45:00,146.46894999999995
2019-06-20 09:00:00,146.37524999999994
2019-06-20 09:15:00,146.31274999999994
2019-06-20 09:30:00,146.12524999999994
2019-06-20 09:45:00,146.18774999999994
2019-06-20 10:00:00,146.31274999999994
2019-06-20 10:15:00,146.31274999999994
2019-06-20 10:30:00,146.21894999999995
2019-06-20 10:45:00,146.15644999999995
2019-06-20 11:00:00,146.03144999999995
2019-06-20 11:15:00,146.00024999999994
2019-06-20 11:30:00,146.06274999999994
2019-06-20 11:45:00,146.00024999999994
2019-06-20 12:00:00,146.06274999999994
2019-06-20 12:15:00,146.03144999999995
2019-06-20 12:30:00,146.12524999999994
2019-06-20 12:45:00,146.34394999999995
2019-06-20 13:00:00,146.34394999999995
2019-06-20 13:15:00,146.09394999999995
2019-06-20 13:30:00,146.03144999999995
2019-06-20 13:45:00,146.25024999999994
2019-06-20 14:00:00,146.25024999999994
2019-06-20 14:15:00,146.18774999999994
2019-06-20 14:30:00,146.28144999999995
2019-06-20 14:45:00,146.25024999999994
2019-06-20 15:00:00,146.15644999999995
2019-06-20 15:15:00,146.31274999999994
2019-06-20 15:30:00,146.40644999999995
2019-06-20 15:45:00,146.50024999999994
2019-06-20 16:00:00,146.56274999999994
2019-06-20 16:15:00,146.65644999999995
2019-06-20 16:30:00,146.56274999999994
2019-06-20 16:45:00,146.50024999999994
2019-06-20 17:00:00,146.43774999999994
2019-06-20 17:15:00,146.21894999999995
2019-06-20 17:30:00,146.21894999999995
2019-06-20 17:45:00,146.28144999999995
2019-06-20 18:00:00,146.18774999999994
2019-06-20 18:15:00,146.09394999999995
2019-06-20 18:30:00,146.25024999999994
2019-06-20 18:45:00,146.15644999999995
2019-06-20 19:00:00,146.15644999999995
2019-06-20 19:15:00,146.12524999999994
2019-06-20 19:30:00,146.21894999999995
2019-06-20 19:45:00,146.25024999999994
2019-06-20 20:00:00,146.34394999999995
2019-06-20 20:15:00,146.18774999999994
2019-06-20 20:30:00,146.21894999999995
2019-06-20 20:45:00,146.21894999999995
2019-06-20 21:00:00,146.06274999999994
2019-06-20 21:15:00,145.84394999999995
2019-06-20 21:30:00,146.00024999999994
2019-06-20 21:45:00,145.87524999999994
2019-06-20 23:00:00,146.71894999999995
2019-06-20 23:15:00,146.03144999999995
2019-06-20 23:30:00,146.00024999999994
2019-06-20 23:45:00,146.03144999999995
2019-06-21 00:00:00,146.03144999999995
2019-06-21 00:15:00,146.06274999999994
2019-06-21 00:30:00,146.09394999999995
2019-06-21 00:45:00,146.06274999999994
2019-06-21 01:00:00,146.15644999999995
2019-06-21 01:15:00,146.21894999999995
2019-06-21 01:30:00,146.31274999999994
2019-06-21 01:45:00,146.25024999999994
2019-06-21 02:00:00,146.34394999999995
2019-06-21 02:15:00,146.31274999999994
2019-06-21 02:30:00,146.31274999999994
2019-06-21 02:45:00,146.43774999999994
2019-06-21 03:00:00,146.37524999999994
2019-06-21 03:15:00,146.34394999999995
2019-06-21 03:30:00,146.40644999999995
2019-06-21 03:45:00,146.40644999999995
2019-06-21 04:00:00,146.40644999999995
2019-06-21 04:15:00,146.43774999999994
2019-06-21 04:30:00,146.43774999999994
2019-06-21 04:45:00,146.43774999999994
2019-06-21 05:15:00,146.37524999999994
2019-06-21 05:30:00,146.34394999999995
2019-06-21 05:45:00,146.37524999999994
2019-06-21 06:15:00,146.43774999999994
2019-06-21 06:30:00,146.40644999999995
2019-06-21 06:45:00,146.28144999999995
2019-06-21 07:00:00,146.37524999999994
2019-06-21 07:15:00,146.28144999999995
2019-06-21 07:30:00,146.15644999999995
2019-06-21 07:45:00,146.15644999999995
2019-06-21 08:00:00,146.21894999999995
2019-06-21 08:15:00,146.06274999999994
2019-06-21 08:30:00,145.78144999999995
2019-06-21 08:45:00,145.56274999999994
2019-06-21 09:00:00,145.84394999999995
2019-06-21 09:15:00,146.00024999999994
2019-06-21 09:30:00,145.90644999999995
2019-06-21 09:45:00,145.96894999999995
2019-06-21 10:00:00,145.93774999999994
2019-06-21 10:15:00,145.81274999999994
2019-06-21 10:30:00,145.84394999999995
2019-06-21 10:45:00,145.78144999999995
2019-06-21 11:00:00,145.81274999999994
2019-06-21 11:15:00,145.84394999999995
2019-06-21 11:30:00,145.93774999999994
2019-06-21 11:45:00,145.81274999999994
2019-06-21 12:00:00,145.84394999999995
2019-06-21 12:15:00,145.96894999999995
2019-06-21 12:30:00,146.03144999999995
2019-06-21 12:45:00,146.00024999999994
2019-06-21 13:00:00,145.90644999999995
2019-06-21 13:15:00,146.03144999999995
2019-06-21 13:30:00,145.90644999999995
2019-06-21 13:45:00,146.00024999999994
2019-06-21 14:00:00,145.81274999999994
2019-06-21 14:15:00,145.81274999999994
2019-06-21 14:30:00,145.71894999999995
2019-06-21 14:45:00,145.34394999999995
2019-06-21 15:00:00,145.34394999999995
2019-06-21 15:15:00,145.37524999999994
2019-06-21 15:30:00,145.34394999999995
2019-06-21 15:45:00,145.25024999999994
2019-06-21 16:00:00,145.34394999999995
2019-06-21 16:15:00,145.37524999999994
2019-06-21 16:30:00,145.43774999999994
2019-06-21 16:45:00,145.31274999999994
2019-06-21 17:00:00,145.31274999999994
2019-06-21 17:15:00,145.28144999999995
2019-06-21 17:30:00,145.21894999999995
2019-06-21 17:45:00,145.21894999999995
2019-06-21 18:00:00,145.21894999999995
2019-06-21 18:15:00,145.25024999999994
2019-06-21 18:30:00,145.21894999999995
2019-06-21 18:45:00,145.12524999999994
2019-06-21 19:00:00,145.18774999999994
2019-06-21 19:15:00,145.18774999999994
2019-06-21 19:30:00,145.25024999999994
2019-06-21 19:45:00,145.12524999999994
2019-06-21 20:00:00,145.15644999999995
2019-06-21 20:15:00,145.15644999999995
2019-06-21 20:30:00,145.18774999999994
2019-06-21 20:45:00,145.18774999999994
2019-06-21 21:00:00,145.28144999999995
2019-06-21 21:15:00,145.21894999999995
2019-06-21 21:30:00,145.28144999999995
2019-06-21 21:45:00,145.28144999999995
2019-06-21 23:00:00,146.46894999999995
2019-06-23 23:00:00,145.28144999999995
2019-06-23 23:15:00,145.31274999999994
2019-06-23 23:30:00,145.31274999999994
2019-06-23 23:45:00,145.28144999999995
2019-06-24 00:00:00,145.21894999999995
2019-06-24 00:15:00,145.25024999999994
2019-06-24 00:30:00,145.25024999999994
2019-06-24 00:45:00,145.18774999999994
2019-06-24 01:00:00,145.28144999999995
2019-06-24 01:15:00,145.21894999999995
2019-06-24 01:30:00,145.18774999999994
2019-06-24 01:45:00,145.18774999999994
2019-06-24 02:00:00,145.25024999999994
2019-06-24 02:15:00,145.25024999999994
2019-06-24 02:30:00,145.25024999999994
2019-06-24 02:45:00,145.28144999999995
2019-06-24 03:00:00,145.21894999999995
2019-06-24 03:15:00,145.25024999999994
2019-06-24 03:30:00,145.18774999999994
2019-06-24 03:45:00,145.31274999999994
2019-06-24 04:00:00,145.31274999999994
2019-06-24 04:15:00,145.28144999999995
2019-06-24 04:30:00,145.25024999999994
2019-06-24 04:45:00,145.21894999999995
2019-06-24 05:15:00,145.31274999999994
2019-06-24 05:30:00,145.31274999999994
2019-06-24 05:45:00,145.34394999999995
2019-06-24 06:15:00,145.31274999999994
2019-06-24 06:30:00,145.40644999999995
2019-06-24 06:45:00,145.40644999999995
2019-06-24 07:00:00,145.56274999999994
2019-06-24 07:15:00,145.43774999999994
2019-06-24 07:30:00,145.53144999999995
2019-06-24 07:45:00,145.43774999999994
2019-06-24 08:00:00,145.31274999999994
2019-06-24 08:15:00,145.40644999999995
2019-06-24 08:30:00,145.46894999999995
2019-06-24 08:45:00,145.56274999999994
2019-06-24 09:00:00,145.50024999999994
2019-06-24 09:15:00,145.43774999999994
2019-06-24 09:30:00,145.53144999999995
2019-06-24 09:45:00,145.62524999999994
2019-06-24 10:00:00,145.65644999999995
2019-06-24 10:15:00,145.68774999999994
2019-06-24 10:30:00,145.75024999999994
2019-06-24 10:45:00,145.75024999999994
2019-06-24 11:00:00,145.68774999999994
2019-06-24 11:15:00,145.71894999999995
2019-06-24 11:30:00,145.75024999999994
2019-06-24 11:45:00,145.71894999999995
2019-06-24 12:00:00,145.81274999999994
2019-06-24 12:15:00,145.81274999999994
2019-06-24 12:30:00,145.81274999999994
2019-06-24 12:45:00,145.71894999999995
2019-06-24 13:00:00,145.78144999999995
2019-06-24 13:15:00,145.84394999999995
2019-06-24 13:30:00,145.71894999999995
2019-06-24 13:45:00,145.71894999999995
2019-06-24 14:00:00,145.68774999999994
2019-06-24 14:15:00,145.65644999999995
2019-06-24 14:30:00,145.62524999999994
2019-06-24 14:45:00,145.62524999999994
2019-06-24 15:00:00,145.65644999999995
2019-06-24 15:15:00,145.75024999999994
2019-06-24 15:30:00,145.84394999999995
2019-06-24 15:45:00,145.96894999999995
2019-06-24 16:00:00,145.93774999999994
2019-06-24 16:15:00,145.96894999999995
2019-06-24 16:30:00,145.90644999999995
2019-06-24 16:45:00,145.93774999999994
2019-06-24 17:00:00,145.87524999999994
2019-06-24 17:15:00,145.87524999999994
2019-06-24 17:30:00,145.90644999999995
2019-06-24 17:45:00,145.96894999999995
2019-06-24 18:00:00,145.90644999999995
2019-06-24 18:15:00,145.81274999999994
2019-06-24 18:30:00,145.81274999999994
2019-06-24 18:45:00,145.81274999999994
2019-06-24 19:00:00,145.78144999999995
2019-06-24 19:15:00,145.71894999999995
2019-06-24 19:30:00,145.81274999999994
2019-06-24 19:45:00,145.93774999999994
2019-06-24 20:00:00,145.90644999999995
2019-06-24 20:15:00,145.93774999999994
2019-06-24 20:30:00,145.93774999999994
2019-06-24 20:45:00,145.96894999999995
2019-06-24 21:00:00,145.93774999999994
2019-06-24 21:15:00,145.96894999999995
2019-06-24 21:30:00,145.96894999999995
2019-06-24 21:45:00,146.00024999999994
2019-06-24 23:00:00,145.31274999999994
2019-06-24 23:15:00,145.93774999999994
2019-06-24 23:30:00,145.96894999999995
2019-06-24 23:45:00,145.93774999999994
2019-06-25 00:00:00,145.90644999999995
2019-06-25 00:15:00,145.90644999999995
2019-06-25 00:30:00,146.00024999999994
2019-06-25 00:45:00,146.03144999999995
2019-06-25 01:00:00,146.09394999999995
2019-06-25 01:15:00,146.03144999999995
2019-06-25 01:30:00,146.12524999999994
2019-06-25 01:45:00,146.06274999999994
2019-06-25 02:00:00,146.06274999999994
2019-06-25 02:15:00,146.03144999999995
2019-06-25 02:30:00,146.00024999999994
2019-06-25 02:45:00,146.00024999999994
2019-06-25 03:00:00,146.03144999999995
2019-06-25 03:15:00,146.03144999999995
2019-06-25 03:30:00,146.03144999999995
2019-06-25 03:45:00,146.12524999999994
2019-06-25 04:00:00,146.09394999999995
2019-06-25 04:15:00,146.12524999999994
2019-06-25 04:30:00,146.12524999999994
2019-06-25 04:45:00,146.18774999999994
2019-06-25 05:15:00,146.34394999999995
2019-06-25 05:30:00,146.37524999999994
2019-06-25 05:45:00,146.50024999999994
2019-06-25 06:15:00,146.37524999999994
2019-06-25 06:30:00,146.34394999999995
2019-06-25 06:45:00,146.21894999999995
2019-06-25 07:00:00,146.18774999999994
2019-06-25 07:15:00,146.18774999999994
2019-06-25 07:30:00,146.18774999999994
2019-06-25 07:45:00,146.12524999999994
2019-06-25 08:00:00,146.18774999999994
2019-06-25 08:15:00,146.28144999999995
2019-06-25 08:30:00,146.18774999999994
2019-06-25 08:45:00,146.12524999999994
2019-06-25 09:00:00,146.15644999999995
2019-06-25 09:15:00,146.09394999999995
2019-06-25 09:30:00,145.90644999999995
2019-06-25 09:45:00,146.00024999999994
2019-06-25 10:00:00,146.00024999999994
2019-06-25 10:15:00,146.00024999999994
2019-06-25 10:30:00,145.84394999999995
2019-06-25 10:45:00,145.90644999999995
2019-06-25 11:00:00,146.06274999999994
2019-06-25 11:15:00,146.12524999999994
2019-06-25 11:30:00,146.12524999999994
2019-06-25 11:45:00,146.09394999999995
2019-06-25 12:00:00,146.06274999999994
2019-06-25 12:15:00,146.18774999999994
2019-06-25 12:30:00,146.18774999999994
2019-06-25 12:45:00,146.09394999999995
2019-06-25 13:00:00,146.03144999999995
2019-06-25 13:15:00,146.25024999999994
2019-06-25 13:30:00,146.18774999999994
2019-06-25 13:45:00,146.18774999999994
2019-06-25 14:00:00,146.25024999999994
2019-06-25 14:15:00,146.28144999999995
2019-06-25 14:30:00,146.40644999999995
2019-06-25 14:45:00,146.37524999999994
2019-06-25 15:00:00,146.43774999999994
2019-06-25 15:15:00,146.34394999999995
2019-06-25 15:30:00,146.40644999999995
2019-06-25 15:45:00,146.53144999999995
2019-06-25 16:00:00,146.53144999999995
2019-06-25 16:15:00,146.43774999999994
2019-06-25 16:30:00,146.43774999999994
2019-06-25 16:45:00,146.46894999999995
2019-06-25 17:00:00,146.40644999999995
2019-06-25 17:15:00,146.50024999999994
2019-06-25 17:30:00,146.28144999999995
2019-06-25 17:45:00,146.40644999999995
2019-06-25 18:00:00,146.34394999999995
2019-06-25 18:15:00,146.34394999999995
2019-06-25 18:30:00,146.37524999999994
2019-06-25 18:45:00,146.37524999999994
2019-06-25 19:00:00,146.37524999999994
2019-06-25 19:15:00,146.50024999999994
2019-06-25 19:30:00,146.46894999999995
2019-06-25 19:45:00,146.43774999999994
2019-06-25 20:00:00,146.40644999999995
2019-06-25 20:15:00,146.37524999999994
2019-06-25 20:30:00,146.43774999999994
2019-06-25 20:45:00,146.37524999999994
2019-06-25 21:00:00,146.37524999999994
2019-06-25 21:15:00,146.40644999999995
2019-06-25 21:30:00,146.46894999999995
2019-06-25 21:45:00,146.50024999999994
2019-06-25 23:00:00,146.37524999999994
2019-06-25 23:15:00,146.37524999999994
2019-06-25 23:30:00,146.37524999999994
2019-06-25 23:45:00,146.31274999999994
2019-06-26 00:00:00,146.43774999999994
2019-06-26 00:15:00,146.43774999999994
2019-06-26 00:30:00,146.43774999999994
2019-06-26 00:45:00,146.37524999999994
2019-06-26 01:00:00,146.31274999999994
2019-06-26 01:15:00,146.28144999999995
2019-06-26 01:30:00,146.21894999999995
2019-06-26 01:45:00,146.21894999999995
2019-06-26 02:00:00,146.28144999999995
2019-06-26 02:15:00,146.31274999999994
2019-06-26 02:30:00,146.21894999999995
2019-06-26 02:45:00,146.25024999999994
2019-06-26 03:00:00,146.21894999999995
2019-06-26 03:15:00,146.18774999999994
2019-06-26 03:30:00,146.21894999999995
2019-06-26 03:45:00,146.21894999999995
2019-06-26 04:00:00,146.21894999999995
2019-06-26 04:15:00,146.21894999999995
2019-06-26 04:30:00,146.18774999999994
2019-06-26 04:45:00,146.21894999999995
2019-06-26 05:15:00,146.21894999999995
2019-06-26 05:30:00,146.18774999999994
2019-06-26 05:45:00,146.15644999999995
2019-06-26 06:15:00,146.18774999999994
2019-06-26 06:30:00,146.25024999999994
2019-06-26 06:45:00,146.21894999999995
2019-06-26 07:00:00,146.18774999999994
2019-06-26 07:15:00,146.28144999999995
2019-06-26 07:30:00,146.37524999999994
2019-06-26 07:45:00,146.21894999999995
2019-06-26 08:00:00,146.12524999999994
2019-06-26 08:15:00,146.21894999999995
2019-06-26 08:30:00,146.15644999999995
2019-06-26 08:45:00,146.12524999999994
2019-06-26 09:00:00,146.15644999999995
2019-06-26 09:15:00,146.18774999999994
2019-06-26 09:30:00,146.09394999999995
2019-06-26 09:45:00,146.18774999999994
2019-06-26 10:00:00,145.87524999999994
2019-06-26 10:15:00,145.96894999999995
2019-06-26 10:30:00,145.87524999999994
2019-06-26 10:45:00,145.90644999999995
2019-06-26 11:00:00,145.93774999999994
2019-06-26 11:15:00,145.93774999999994
2019-06-26 11:30:00,146.00024999999994
2019-06-26 11:45:00,145.96894999999995
2019-06-26 12:00:00,145.90644999999995
2019-06-26 12:15:00,145.96894999999995
2019-06-26 12:30:00,145.96894999999995
2019-06-26 12:45:00,145.96894999999995
2019-06-26 13:00:00,145.96894999999995
2019-06-26 13:15:00,146.00024999999994
2019-06-26 13:30:00,146.12524999999994
2019-06-26 13:45:00,146.12524999999994
2019-06-26 14:00:00,146.15644999999995
2019-06-26 14:15:00,146.15644999999995
2019-06-26 14:30:00,146.06274999999994
2019-06-26 14:45:00,145.96894999999995
2019-06-26 15:00:00,146.00024999999994
2019-06-26 15:15:00,145.81274999999994
2019-06-26 15:30:00,145.78144999999995
2019-06-26 15:45:00,145.65644999999995
2019-06-26 16:00:00,145.78144999999995
2019-06-26 16:15:00,145.71894999999995
2019-06-26 16:30:00,145.71894999999995
2019-06-26 16:45:00,145.68774999999994
2019-06-26 17:00:00,145.71894999999995
2019-06-26 17:15:00,145.75024999999994
2019-06-26 17:30:00,145.68774999999994
2019-06-26 17:45:00,145.65644999999995
2019-06-26 18:00:00,145.71894999999995
2019-06-26 18:15:00,145.75024999999994
2019-06-26 18:30:00,145.71894999999995
2019-06-26 18:45:00,145.62524999999994
2019-06-26 19:00:00,145.56274999999994
2019-06-26 19:15:00,145.53144999999995
2019-06-26 19:30:00,145.53144999999995
2019-06-26 19:45:00,145.46894999999995
2019-06-26 20:00:00,145.43774999999994
2019-06-26 20:15:00,145.46894999999995
2019-06-26 20:30:00,145.43774999999994
2019-06-26 20:45:00,145.50024999999994
2019-06-26 21:00:00,145.43774999999994
2019-06-26 21:15:00,145.40644999999995
2019-06-26 21:30:00,145.43774999999994
2019-06-26 21:45:00,145.43774999999994
2019-06-26 23:00:00,146.18774999999994
2019-06-26 23:15:00,145.46894999999995
2019-06-26 23:30:00,145.50024999999994
2019-06-26 23:45:00,145.50024999999994
2019-06-27 00:00:00,145.50024999999994
2019-06-27 00:15:00,145.46894999999995
2019-06-27 00:30:00,145.50024999999994
2019-06-27 00:45:00,145.46894999999995
2019-06-27 01:00:00,145.62524999999994
2019-06-27 01:15:00,145.62524999999994
2019-06-27 01:30:00,145.59394999999995
2019-06-27 01:45:00,145.62524999999994
2019-06-27 02:00:00,145.62524999999994
2019-06-27 02:15:00,145.59394999999995
2019-06-27 02:30:00,145.50024999999994
2019-06-27 02:45:00,145.46894999999995
2019-06-27 03:00:00,145.18774999999994
2019-06-27 03:15:00,145.21894999999995
2019-06-27 03:30:00,145.28144999999995
2019-06-27 03:45:00,145.28144999999995
2019-06-27 04:00:00,145.31274999999994
2019-06-27 04:15:00,145.25024999999994
2019-06-27 04:30:00,145.28144999999995
2019-06-27 04:45:00,145.34394999999995
2019-06-27 05:15:00,145.34394999999995
2019-06-27 05:30:00,145.37524999999994
2019-06-27 05:45:00,145.40644999999995
2019-06-27 06:15:00,145.43774999999994
2019-06-27 06:30:00,145.34394999999995
2019-06-27 06:45:00,145.34394999999995
2019-06-27 07:00:00,145.25024999999994
2019-06-27 07:15:00,145.31274999999994
2019-06-27 07:30:00,145.25024999999994
2019-06-27 07:45:00,145.34394999999995
2019-06-27 08:00:00,145.15644999999995
2019-06-27 08:15:00,145.34394999999995
2019-06-27 08:30:00,145.28144999999995
2019-06-27 08:45:00,145.21894999999995
2019-06-27 09:00:00,145.43774999999994
2019-06-27 09:15:00,145.34394999999995
2019-06-27 09:30:00,145.37524999999994
2019-06-27 09:45:00,145.25024999999994
2019-06-27 10:00:00,145.28144999999995
2019-06-27 10:15:00,145.28144999999995
2019-06-27 10:30:00,145.34394999999995
2019-06-27 10:45:00,145.46894999999995
2019-06-27 11:00:00,145.56274999999994
2019-06-27 11:15:00,145.59394999999995
2019-06-27 11:30:00,145.65644999999995
2019-06-27 11:45:00,145.65644999999995
2019-06-27 12:00:00,145.62524999999994
2019-06-27 12:15:00,145.62524999999994
2019-06-27 12:30:00,145.62524999999994
2019-06-27 12:45:00,145.62524999999994
2019-06-27 13:00:00,145.65644999999995
2019-06-27 13:15:00,145.68774999999994
2019-06-27 13:30:00,145.71894999999995
2019-06-27 13:45:00,145.87524999999994
2019-06-27 14:00:00,145.81274999999994
2019-06-27 14:15:00,145.71894999999995
2019-06-27 14:30:00,145.59394999999995
2019-06-27 14:45:00,145.53144999999995
2019-06-27 15:00:00,145.62524999999994
2019-06-27 15:15:00,145.68774999999994
2019-06-27 15:30:00,145.65644999999995
2019-06-27 15:45:00,145.75024999999994
2019-06-27 16:00:00,145.78144999999995
2019-06-27 16:15:00,145.81274999999994
2019-06-27 16:30:00,145.87524999999994
2019-06-27 16:45:00,145.93774999999994
2019-06-27 17:00:00,145.90644999999995
2019-06-27 17:15:00,145.90644999999995
2019-06-27 17:30:00,146.00024999999994
2019-06-27 17:45:00,145.96894999999995
2019-06-27 18:00:00,146.00024999999994
2019-06-27 18:15:00,146.12524999999994
2019-06-27 18:30:00,146.06274999999994
2019-06-27 18:45:00,146.09394999999995
2019-06-27 19:00:00,146.03144999999995
2019-06-27 19:15:00,146.09394999999995
2019-06-27 19:30:00,146.28144999999995
2019-06-27 19:45:00,146.25024999999994
2019-06-27 20:00:00,146.15644999999995
2019-06-27 20:15:00,146.18774999999994
2019-06-27 20:30:00,146.12524999999994
2019-06-27 20:45:00,146.09394999999995
2019-06-27 21:00:00,146.06274999999994
2019-06-27 21:15:00,146.12524999999994
2019-06-27 21:30:00,146.09394999999995
2019-06-27 21:45:00,146.06274999999994
2019-06-27 23:00:00,145.40644999999995
2019-06-27 23:15:00,146.12524999999994
2019-06-27 23:30:00,146.03144999999995
2019-06-27 23:45:00,146.06274999999994
2019-06-28 00:00:00,146.09394999999995
2019-06-28 00:15:00,146.09394999999995
2019-06-28 00:30:00,146.06274999999994
2019-06-28 00:45:00,146.03144999999995
2019-06-28 01:00:00,146.06274999999994
2019-06-28 01:15:00,146.09394999999995
2019-06-28 01:30:00,146.09394999999995
2019-06-28 01:45:00,146.06274999999994
2019-06-28 02:00:00,146.06274999999994
2019-06-28 02:15:00,146.00024999999994
2019-06-28 02:30:00,146.03144999999995
2019-06-28 02:45:00,146.03144999999995
2019-06-28 03:00:00,146.09394999999995
2019-06-28 03:15:00,146.06274999999994
2019-06-28 03:30:00,146.09394999999995
2019-06-28 03:45:00,146.09394999999995
2019-06-28 04:00:00,146.12524999999994
2019-06-28 04:15:00,146.15644999999995
2019-06-28 04:30:00,146.15644999999995
2019-06-28 04:45:00,146.15644999999995
2019-06-28 05:15:00,146.15644999999995
2019-06-28 05:30:00,146.15644999999995
2019-06-28 05:45:00,146.15644999999995
2019-06-28 06:15:00,146.12524999999994
2019-06-28 06:30:00,146.06274999999994
2019-06-28 06:45:00,146.03144999999995
2019-06-28 07:00:00,146.00024999999994
2019-06-28 07:15:00,145.96894999999995
2019-06-28 07:30:00,145.87524999999994
2019-06-28 07:45:00,145.87524999999994
2019-06-28 08:00:00,145.84394999999995
2019-06-28 08:15:00,145.84394999999995
2019-06-28 08:30:00,145.90644999999995
2019-06-28 08:45:00,145.93774999999994
2019-06-28 09:00:00,145.90644999999995
2019-06-28 09:15:00,145.93774999999994
2019-06-28 09:30:00,145.87524999999994
2019-06-28 09:45:00,145.90644999999995
2019-06-28 10:00:00,145.84394999999995
2019-06-28 10:15:00,145.84394999999995
2019-06-28 10:30:00,145.93774999999994
2019-06-28 10:45:00,145.96894999999995
2019-06-28 11:00:00,145.96894999999995
2019-06-28 11:15:00,146.03144999999995
2019-06-28 11:30:00,146.00024999999994
2019-06-28 11:45:00,146.00024999999994
2019-06-28 12:00:00,146.00024999999994
2019-06-28 12:15:00,146.06274999999994
2019-06-28 12:30:00,146.00024999999994
2019-06-28 12:45:00,146.00024999999994
2019-06-28 13:00:00,146.06274999999994
2019-06-28 13:15:00,146.09394999999995
2019-06-28 13:30:00,145.87524999999994
2019-06-28 13:45:00,145.87524999999994
2019-06-28 14:00:00,145.93774999999994
2019-06-28 14:15:00,145.81274999999994
2019-06-28 14:30:00,145.75024999999994
2019-06-28 14:45:00,145.87524999999994
2019-06-28 15:00:00,146.00024999999994
2019-06-28 15:15:00,146.06274999999994
2019-06-28 15:30:00,146.18774999999994
2019-06-28 15:45:00,146.15644999999995
2019-06-28 16:00:00,146.12524999999994
2019-06-28 16:15:00,146.12524999999994
2019-06-28 16:30:00,146.12524999999994
2019-06-28 16:45:00,146.12524999999994
2019-06-28 17:00:00,146.12524999999994
2019-06-28 17:15:00,146.09394999999995
2019-06-28 17:30:00,146.06274999999994
2019-06-28 17:45:00,146.18774999999994
2019-06-28 18:00:00,146.15644999999995
2019-06-28 18:15:00,146.12524999999994
2019-06-28 18:30:00,146.12524999999994
2019-06-28 18:45:00,146.06274999999994
2019-06-28 19:00:00,146.09394999999995
2019-06-28 19:15:00,146.06274999999994
2019-06-28 19:30:00,146.18774999999994
2019-06-28 19:45:00,146.12524999999994
2019-06-28 20:00:00,146.18774999999994
2019-06-28 20:15:00,146.21894999999995
2019-06-28 20:30:00,146.18774999999994
2019-06-28 20:45:00,146.03144999999995
2019-06-28 21:00:00,146.06274999999994
2019-06-28 21:15:00,146.06274999999994
2019-06-28 21:30:00,146.03144999999995
2019-06-28 21:45:00,146.06274999999994
2019-06-28 23:00:00,146.12524999999994
2019-06-30 23:00:00,145.43774999999994
2019-06-30 23:15:00,145.43774999999994
2019-06-30 23:30:00,145.56274999999994
2019-06-30 23:45:00,145.50024999999994
2019-07-01 00:00:00,145.53144999999995
2019-07-01 00:15:00,145.59394999999995
2019-07-01 00:30:00,145.53144999999995
2019-07-01 00:45:00,145.46894999999995
2019-07-01 01:00:00,145.50024999999994
2019-07-01 01:15:00,145.56274999999994
2019-07-01 01:30:00,145.53144999999995
2019-07-01 01:45:00,145.56274999999994
2019-07-01 02:00:00,145.50024999999994
2019-07-01 02:15:00,145.50024999999994
2019-07-01 02:30:00,145.59394999999995
2019-07-01 02:45:00,145.65644999999995
2019-07-01 03:00:00,145.65644999999995
2019-07-01 03:15:00,145.68774999999994
2019-07-01 03:30:00,145.65644999999995
2019-07-01 03:45:00,145.71894999999995
2019-07-01 04:00:00,145.71894999999995
2019-07-01 04:15:00,145.65644999999995
2019-07-01 04:30:00,145.68774999999994
2019-07-01 04:45:00,145.71894999999995
2019-07-01 05:15:00,145.65644999999995
2019-07-01 05:30:00,145.62524999999994
2019-07-01 05:45:00,145.62524999999994
2019-07-01 06:15:00,145.59394999999995
2019-07-01 06:30:00,145.56274999999994
2019-07-01 06:45:00,145.56274999999994
2019-07-01 07:00:00,145.59394999999995
2019-07-01 07:15:00,145.40644999999995
2019-07-01 07:30:00,145.31274999999994
2019-07-01 07:45:00,145.40644999999995
2019-07-01 08:00:00,145.50024999999994
2019-07-01 08:15:00,145.62524999999994
2019-07-01 08:30:00,145.46894999999995
2019-07-01 08:45:00,145.65644999999995
2019-07-01 09:00:00,145.68774999999994
2019-07-01 09:15:00,145.65644999999995
2019-07-01 09:30:00,145.68774999999994
2019-07-01 09:45:00,145.81274999999994
2019-07-01 10:00:00,145.87524999999994
2019-07-01 10:15:00,145.87524999999994
2019-07-01 10:30:00,145.84394999999995
2019-07-01 10:45:00,145.87524999999994
2019-07-01 11:00:00,145.90644999999995
2019-07-01 11:15:00,145.84394999999995
2019-07-01 11:30:00,145.87524999999994
2019-07-01 11:45:00,145.90644999999995
2019-07-01 12:00:00,145.93774999999994
2019-07-01 12:15:00,145.93774999999994
2019-07-01 12:30:00,145.84394999999995
2019-07-01 12:45:00,145.81274999999994
2019-07-01 13:00:00,145.78144999999995
2019-07-01 13:15:00,145.78144999999995
2019-07-01 13:30:00,145.71894999999995
2019-07-01 13:45:00,145.65644999999995
2019-07-01 14:00:00,145.78144999999995
2019-07-01 14:15:00,146.03144999999995
2019-07-01 14:30:00,146.09394999999995
2019-07-01 14:45:00,145.93774999999994
2019-07-01 15:00:00,145.93774999999994
2019-07-01 15:15:00,146.12524999999994
2019-07-01 15:30:00,146.00024999999994
2019-07-01 15:45:00,146.12524999999994
2019-07-01 16:00:00,146.15644999999995
2019-07-01 16:15:00,146.06274999999994
2019-07-01 16:30:00,145.93774999999994
2019-07-01 16:45:00,145.87524999999994
2019-07-01 17:00:00,145.65644999999995
2019-07-01 17:15:00,145.53144999999995
2019-07-01 17:30:00,145.37524999999994
2019-07-01 17:45:00,145.28144999999995
2019-07-01 18:00:00,145.37524999999994
2019-07-01 18:15:00,145.34394999999995
2019-07-01 18:30:00,145.28144999999995
2019-07-01 18:45:00,145.31274999999994
2019-07-01 19:00:00,145.46894999999995
2019-07-01 19:15:00,145.50024999999994
2019-07-01 19:30:00,145.50024999999994
2019-07-01 19:45:00,145.56274999999994
2019-07-01 20:00:00,145.56274999999994
2019-07-01 20:15:00,145.59394999999995
2019-07-01 20:30:00,145.65644999999995
2019-07-01 20:45:00,145.75024999999994
2019-07-01 21:00:00,145.59394999999995
2019-07-01 21:15:00,145.59394999999995
2019-07-01 21:30:00,145.62524999999994
2019-07-01 21:45:00,145.68774999999994
2019-07-01 23:00:00,145.59394999999995
2019-07-01 23:15:00,146.12524999999994
2019-07-01 23:30:00,146.00024999999994
2019-07-01 23:45:00,146.00024999999994
2019-07-02 00:00:00,145.96894999999995
2019-07-02 00:15:00,145.93774999999994
2019-07-02 00:30:00,145.90644999999995
2019-07-02 00:45:00,145.90644999999995
2019-07-02 01:00:00,145.87524999999994
2019-07-02 01:15:00,145.87524999999994
2019-07-02 01:30:00,145.90644999999995
2019-07-02 01:45:00,145.90644999999995
2019-07-02 02:00:00,145.90644999999995
2019-07-02 02:15:00,145.90644999999995
2019-07-02 02:30:00,145.87524999999994
2019-07-02 02:45:00,145.87524999999994
2019-07-02 03:00:00,145.90644999999995
2019-07-02 03:15:00,145.90644999999995
2019-07-02 03:30:00,145.90644999999995
2019-07-02 03:45:00,145.87524999999994
2019-07-02 04:00:00,145.87524999999994
2019-07-02 04:15:00,145.84394999999995
2019-07-02 04:30:00,145.87524999999994
2019-07-02 04:45:00,145.84394999999995
2019-07-02 05:15:00,145.87524999999994
2019-07-02 05:30:00,145.84394999999995
2019-07-02 05:45:00,145.87524999999994
2019-07-02 06:15:00,145.87524999999994
2019-07-02 06:30:00,145.84394999999995
2019-07-02 06:45:00,145.81274999999994
2019-07-02 07:00:00,145.78144999999995
2019-07-02 07:15:00,145.78144999999995
2019-07-02 07:30:00,145.78144999999995
2019-07-02 07:45:00,145.87524999999994
2019-07-02 08:00:00,145.87524999999994
2019-07-02 08:15:00,146.03144999999995
2019-07-02 08:30:00,145.96894999999995
2019-07-02 08:45:00,145.96894999999995
2019-07-02 09:00:00,145.96894999999995
2019-07-02 09:15:00,145.93774999999994
2019-07-02 09:30:00,145.93774999999994
2019-07-02 09:45:00,145.96894999999995
2019-07-02 10:00:00,145.93774999999994
2019-07-02 10:15:00,145.96894999999995
2019-07-02 10:30:00,145.96894999999995
2019-07-02 10:45:00,145.84394999999995
2019-07-02 11:00:00,145.93774999999994
2019-07-02 11:15:00,145.96894999999995
2019-07-02 11:30:00,145.90644999999995
2019-07-02 11:45:00,145.93774999999994
2019-07-02 12:00:00,145.90644999999995
2019-07-02 12:15:00,145.81274999999994
2019-07-02 12:30:00,145.81274999999994
2019-07-02 12:45:00,145.78144999999995
2019-07-02 13:00:00,145.75024999999994
2019-07-02 13:15:00,145.96894999999995
2019-07-02 13:30:00,146.18774999999994
2019-07-02 13:45:00,146.21894999999995
2019-07-02 14:00:00,146.09394999999995
2019-07-02 14:15:00,146.06274999999994
2019-07-02 14:30:00,146.06274999999994
2019-07-02 14:45:00,146.09394999999995
2019-07-02 15:00:00,145.96894999999995
2019-07-02 15:15:00,146.00024999999994
2019-07-02 15:30:00,146.31274999999994
2019-07-02 15:45:00,146.37524999999994
2019-07-02 16:00:00,146.46894999999995
2019-07-02 16:15:00,146.46894999999995
2019-07-02 16:30:00,146.53144999999995
2019-07-02 16:45:00,146.46894999999995
2019-07-02 17:00:00,146.53144999999995
2019-07-02 17:15:00,146.65644999999995
2019-07-02 17:30:00,146.65644999999995
2019-07-02 17:45:00,146.62524999999994
2019-07-02 18:00:00,146.59394999999995
2019-07-02 18:15:00,146.59394999999995
2019-07-02 18:30:00,146.56274999999994
2019-07-02 18:45:00,146.59394999999995
2019-07-02 19:00:00,146.65644999999995
2019-07-02 19:15:00,146.65644999999995
2019-07-02 19:30:00,146.62524999999994
2019-07-02 19:45:00,146.59394999999995
2019-07-02 20:00:00,146.62524999999994
2019-07-02 20:15:00,146.62524999999994
2019-07-02 20:30:00,146.62524999999994
2019-07-02 20:45:00,146.62524999999994
2019-07-02 21:00:00,146.65644999999995
2019-07-02 21:15:00,146.65644999999995
2019-07-02 21:30:00,146.71894999999995
2019-07-02 21:45:00,146.68774999999994
2019-07-02 23:00:00,145.90644999999995
2019-07-02 23:15:00,146.71894999999995
2019-07-02 23:30:00,146.75024999999994
2019-07-02 23:45:00,146.71894999999995
2019-07-03 00:00:00,146.75024999999994
2019-07-03 00:15:00,146.71894999999995
2019-07-03 00:30:00,146.81274999999994
2019-07-03 00:45:00,146.78144999999995
2019-07-03 01:00:00,146.78144999999995
2019-07-03 01:15:00,146.90644999999995
2019-07-03 01:30:00,146.87524999999994
2019-07-03 01:45:00,147.00024999999994
2019-07-03 02:00:00,146.96894999999995
2019-07-03 02:15:00,147.03144999999995
2019-07-03 02:30:00,147.03144999999995
2019-07-03 02:45:00,147.03144999999995
2019-07-03 03:00:00,147.00024999999994
2019-07-03 03:15:00,147.06274999999994
2019-07-03 03:30:00,147.03144999999995
2019-07-03 03:45:00,147.03144999999995
2019-07-03 04:00:00,146.96894999999995
2019-07-03 04:15:00,147.00024999999994
2019-07-03 04:30:00,146.93774999999994
2019-07-03 04:45:00,146.93774999999994
2019-07-03 05:15:00,147.00024999999994
2019-07-03 05:30:00,147.00024999999994
2019-07-03 05:45:00,147.00024999999994
2019-07-03 06:15:00,147.09394999999995
2019-07-03 06:30:00,147.09394999999995
2019-07-03 06:45:00,147.09394999999995
2019-07-03 07:00:00,147.15644999999995
2019-07-03 07:15:00,147.25024999999994
2019-07-03 07:30:00,147.25024999999994
2019-07-03 07:45:00,147.25024999999994
2019-07-03 08:00:00,147.15644999999995
2019-07-03 08:15:00,147.18774999999994
2019-07-03 08:30:00,147.15644999999995
2019-07-03 08:45:00,147.12524999999994
2019-07-03 09:00:00,147.18774999999994
2019-07-03 09:15:00,147.12524999999994
2019-07-03 09:30:00,147.21894999999995
2019-07-03 09:45:00,147.12524999999994
2019-07-03 10:00:00,147.12524999999994
2019-07-03 10:15:00,147.15644999999995
2019-07-03 10:30:00,147.09394999999995
2019-07-03 10:45:00,147.06274999999994
2019-07-03 11:00:00,147.09394999999995
2019-07-03 11:15:00,147.06274999999994
2019-07-03 11:30:00,147.06274999999994
2019-07-03 11:45:00,147.12524999999994
2019-07-03 12:00:00,147.03144999999995
2019-07-03 12:15:00,147.03144999999995
2019-07-03 12:30:00,147.09394999999995
2019-07-03 12:45:00,147.06274999999994
2019-07-03 13:00:00,146.93774999999994
2019-07-03 13:15:00,147.00024999999994
2019-07-03 13:30:00,146.84394999999995
2019-07-03 13:45:00,146.93774999999994
2019-07-03 14:00:00,146.78144999999995
2019-07-03 14:15:00,146.87524999999994
2019-07-03 14:30:00,147.00024999999994
2019-07-03 14:45:00,147.00024999999994
2019-07-03 15:00:00,147.25024999999994
2019-07-03 15:15:00,147.15644999999995
2019-07-03 15:30:00,147.28144999999995
2019-07-03 15:45:00,147.25024999999994
2019-07-03 16:00:00,147.21894999999995
2019-07-03 16:15:00,147.21894999999995
2019-07-03 16:30:00,147.21894999999995
2019-07-03 16:45:00,147.34394999999995
2019-07-03 17:00:00,147.21894999999995
2019-07-03 17:15:00,147.28144999999995
2019-07-03 17:30:00,147.21894999999995
2019-07-03 17:45:00,147.18774999999994
2019-07-03 18:00:00,147.15644999999995
2019-07-03 18:15:00,147.15644999999995
2019-07-03 18:30:00,147.21894999999995
2019-07-03 18:45:00,147.25024999999994
2019-07-03 19:00:00,147.21894999999995
2019-07-03 19:15:00,147.21894999999995
2019-07-03 19:30:00,147.21894999999995
2019-07-03 19:45:00,147.18774999999994
2019-07-03 20:00:00,147.15644999999995
2019-07-03 20:15:00,147.12524999999994
2019-07-03 20:30:00,147.12524999999994
2019-07-03 20:45:00,147.12524999999994
2019-07-03 21:00:00,147.15644999999995
2019-07-03 21:15:00,147.15644999999995
2019-07-03 21:30:00,147.12524999999994
2019-07-03 21:45:00,147.15644999999995
2019-07-03 23:00:00,147.06274999999994
2019-07-03 23:15:00,147.18774999999994
2019-07-03 23:30:00,147.18774999999994
2019-07-03 23:45:00,147.21894999999995
2019-07-04 00:00:00,147.21894999999995
2019-07-04 00:15:00,147.21894999999995
2019-07-04 00:30:00,147.18774999999994
2019-07-04 00:45:00,147.18774999999994
2019-07-04 01:00:00,147.15644999999995
2019-07-04 01:15:00,147.15644999999995
2019-07-04 01:30:00,147.18774999999994
2019-07-04 01:45:00,147.18774999999994
2019-07-04 02:00:00,147.15644999999995
2019-07-04 02:15:00,147.15644999999995
2019-07-04 02:30:00,147.15644999999995
2019-07-04 02:45:00,147.12524999999994
2019-07-04 03:00:00,147.15644999999995
2019-07-04 03:15:00,147.15644999999995
2019-07-04 03:30:00,147.15644999999995
2019-07-04 04:00:00,147.15644999999995
2019-07-04 04:15:00,147.15644999999995
2019-07-04 04:30:00,147.18774999999994
2019-07-04 04:45:00,147.12524999999994
2019-07-04 05:15:00,147.15644999999995
2019-07-04 05:30:00,147.15644999999995
2019-07-04 05:45:00,147.15644999999995
2019-07-04 06:15:00,147.15644999999995
2019-07-04 06:30:00,147.15644999999995
2019-07-04 06:45:00,147.18774999999994
2019-07-04 07:00:00,147.18774999999994
2019-07-04 07:15:00,147.21894999999995
2019-07-04 07:30:00,147.18774999999994
2019-07-04 07:45:00,147.18774999999994
2019-07-04 08:00:00,147.21894999999995
2019-07-04 08:15:00,147.25024999999994
2019-07-04 08:30:00,147.25024999999994
2019-07-04 08:45:00,147.25024999999994
2019-07-04 09:00:00,147.25024999999994
2019-07-04 09:15:00,147.21894999999995
2019-07-04 09:30:00,147.25024999999994
2019-07-04 09:45:00,147.25024999999994
2019-07-04 10:00:00,147.28144999999995
2019-07-04 10:15:00,147.34394999999995
2019-07-04 10:30:00,147.37524999999994
2019-07-04 10:45:00,147.43774999999994
2019-07-04 11:00:00,147.46894999999995
2019-07-04 11:15:00,147.46894999999995
2019-07-04 11:30:00,147.43774999999994
2019-07-04 11:45:00,147.46894999999995
2019-07-04 12:00:00,147.46894999999995
2019-07-04 12:15:00,147.50024999999994
2019-07-04 12:30:00,147.56274999999994
2019-07-04 12:45:00,147.50024999999994
2019-07-04 13:00:00,147.43774999999994
2019-07-04 13:15:00,147.40644999999995
2019-07-04 13:30:00,147.37524999999994
2019-07-04 13:45:00,147.40644999999995
2019-07-04 14:00:00,147.43774999999994
2019-07-04 14:15:00,147.43774999999994
2019-07-04 14:30:00,147.40644999999995
2019-07-04 14:45:00,147.40644999999995
2019-07-04 15:00:00,147.40644999999995
2019-07-04 15:15:00,147.40644999999995
2019-07-04 15:30:00,147.43774999999994
2019-07-04 15:45:00,147.46894999999995
2019-07-04 16:00:00,147.37524999999994
2019-07-04 16:15:00,147.40644999999995
2019-07-04 16:30:00,147.37524999999994
2019-07-04 16:45:00,147.37524999999994
2019-07-04 17:00:00,147.37524999999994
2019-07-04 17:15:00,147.34394999999995
2019-07-04 17:30:00,147.37524999999994
2019-07-04 17:45:00,147.37524999999994
2019-07-04 23:00:00,147.15644999999995
2019-07-04 23:15:00,147.37524999999994
2019-07-04 23:30:00,147.43774999999994
2019-07-04 23:45:00,147.46894999999995
2019-07-05 00:00:00,147.46894999999995
2019-07-05 00:15:00,147.40644999999995
2019-07-05 00:30:00,147.37524999999994
2019-07-05 00:45:00,147.37524999999994
2019-07-05 01:00:00,147.34394999999995
2019-07-05 01:15:00,147.40644999999995
2019-07-05 01:30:00,147.43774999999994
2019-07-05 01:45:00,147.40644999999995
2019-07-05 02:00:00,147.31274999999994
2019-07-05 02:15:00,147.31274999999994
2019-07-05 02:30:00,147.31274999999994
2019-07-05 02:45:00,147.37524999999994
2019-07-05 03:00:00,147.31274999999994
2019-07-05 03:15:00,147.31274999999994
2019-07-05 03:30:00,147.28144999999995
2019-07-05 03:45:00,147.28144999999995
2019-07-05 04:00:00,147.34394999999995
2019-07-05 04:15:00,147.34394999999995
2019-07-05 04:30:00,147.37524999999994
2019-07-05 04:45:00,147.34394999999995
2019-07-05 05:15:00,147.34394999999995
2019-07-05 05:30:00,147.31274999999994
2019-07-05 05:45:00,147.28144999999995
2019-07-05 06:15:00,147.31274999999994
2019-07-05 06:30:00,147.34394999999995
2019-07-05 06:45:00,147.43774999999994
2019-07-05 07:00:00,147.28144999999995
2019-07-05 07:15:00,147.21894999999995
2019-07-05 07:30:00,147.25024999999994
2019-07-05 07:45:00,147.25024999999994
2019-07-05 08:00:00,147.31274999999994
2019-07-05 08:15:00,147.31274999999994
2019-07-05 08:30:00,147.28144999999995
2019-07-05 08:45:00,147.21894999999995
2019-07-05 09:00:00,147.15644999999995
2019-07-05 09:15:00,147.12524999999994
2019-07-05 09:30:00,147.06274999999994
2019-07-05 09:45:00,147.00024999999994
2019-07-05 10:00:00,147.03144999999995
2019-07-05 10:15:00,147.00024999999994
2019-07-05 10:30:00,147.00024999999994
2019-07-05 10:45:00,147.03144999999995
2019-07-05 11:00:00,147.06274999999994
2019-07-05 11:15:00,147.06274999999994
2019-07-05 11:30:00,147.06274999999994
2019-07-05 11:45:00,147.06274999999994
2019-07-05 12:00:00,147.06274999999994
2019-07-05 12:15:00,147.06274999999994
2019-07-05 12:30:00,147.00024999999994
2019-07-05 12:45:00,146.93774999999994
2019-07-05 13:00:00,146.90644999999995
2019-07-05 13:15:00,146.96894999999995
2019-07-05 13:30:00,146.15644999999995
2019-07-05 13:45:00,146.06274999999994
2019-07-05 14:00:00,145.71894999999995
2019-07-05 14:15:00,145.75024999999994
2019-07-05 14:30:00,145.53144999999995
2019-07-05 14:45:00,145.31274999999994
2019-07-05 15:00:00,145.15644999999995
2019-07-05 15:15:00,145.21894999999995
2019-07-05 15:30:00,145.12524999999994
2019-07-05 15:45:00,145.34394999999995
2019-07-05 16:00:00,145.18774999999994
2019-07-05 16:15:00,145.31274999999994
2019-07-05 16:30:00,145.25024999999994
2019-07-05 16:45:00,145.34394999999995
2019-07-05 17:00:00,145.37524999999994
2019-07-05 17:15:00,145.46894999999995
2019-07-05 17:30:00,145.43774999999994
2019-07-05 17:45:00,145.56274999999994
2019-07-05 18:00:00,145.53144999999995
2019-07-05 18:15:00,145.53144999999995
2019-07-05 18:30:00,145.50024999999994
2019-07-05 18:45:00,145.50024999999994
2019-07-05 19:00:00,145.46894999999995
2019-07-05 19:15:00,145.59394999999995
2019-07-05 19:30:00,145.56274999999994
2019-07-05 19:45:00,145.56274999999994
2019-07-05 20:00:00,145.53144999999995
2019-07-05 20:15:00,145.56274999999994
2019-07-05 20:30:00,145.59394999999995
2019-07-05 20:45:00,145.65644999999995
2019-07-05 21:00:00,145.62524999999994
2019-07-05 21:15:00,145.59394999999995
2019-07-05 21:30:00,145.62524999999994
2019-07-05 21:45:00,145.68774999999994
2019-07-05 23:00:00,147.31274999999994
2019-07-07 23:00:00,145.56274999999994
2019-07-07 23:15:00,145.56274999999994
2019-07-07 23:30:00,145.53144999999995
2019-07-07 23:45:00,145.56274999999994
2019-07-08 00:00:00,145.62524999999994
2019-07-08 00:15:00,145.59394999999995
2019-07-08 00:30:00,145.59394999999995
2019-07-08 00:45:00,145.59394999999995
2019-07-08 01:00:00,145.68774999999994
2019-07-08 01:15:00,145.71894999999995
2019-07-08 01:30:00,145.75024999999994
2019-07-08 01:45:00,145.78144999999995
2019-07-08 02:00:00,145.81274999999994
2019-07-08 02:15:00,145.84394999999995
2019-07-08 02:30:00,145.84394999999995
2019-07-08 02:45:00,145.87524999999994
2019-07-08 03:00:00,145.90644999999995
2019-07-08 03:15:00,145.87524999999994
2019-07-08 03:30:00,145.87524999999994
2019-07-08 03:45:00,145.90644999999995
2019-07-08 04:00:00,145.90644999999995
2019-07-08 04:15:00,145.90644999999995
2019-07-08 04:30:00,145.93774999999994
2019-07-08 04:45:00,145.90644999999995
2019-07-08 05:15:00,145.96894999999995
2019-07-08 05:30:00,145.96894999999995
2019-07-08 05:45:00,145.96894999999995
2019-07-08 06:15:00,145.93774999999994
2019-07-08 06:30:00,145.96894999999995
2019-07-08 06:45:00,145.93774999999994
2019-07-08 07:00:00,145.96894999999995
2019-07-08 07:15:00,146.09394999999995
2019-07-08 07:30:00,146.03144999999995
2019-07-08 07:45:00,145.93774999999994
2019-07-08 08:00:00,146.00024999999994
2019-07-08 08:15:00,145.93774999999994
2019-07-08 08:30:00,145.84394999999995
2019-07-08 08:45:00,145.90644999999995
2019-07-08 09:00:00,145.84394999999995
2019-07-08 09:15:00,145.84394999999995
2019-07-08 09:30:00,145.81274999999994
2019-07-08 09:45:00,145.78144999999995
2019-07-08 10:00:00,145.81274999999994
2019-07-08 10:15:00,145.81274999999994
2019-07-08 10:30:00,145.81274999999994
2019-07-08 10:45:00,145.84394999999995
2019-07-08 11:00:00,145.84394999999995
2019-07-08 11:15:00,145.84394999999995
2019-07-08 11:30:00,145.84394999999995
2019-07-08 11:45:00,145.78144999999995
2019-07-08 12:00:00,145.75024999999994
2019-07-08 12:15:00,145.71894999999995
2019-07-08 12:30:00,145.65644999999995
2019-07-08 12:45:00,145.65644999999995
2019-07-08 13:00:00,145.75024999999994
2019-07-08 13:15:00,146.03144999999995
2019-07-08 13:30:00,145.96894999999995
2019-07-08 13:45:00,145.93774999999994
2019-07-08 14:00:00,146.03144999999995
2019-07-08 14:15:00,146.06274999999994
2019-07-08 14:30:00,146.06274999999994
2019-07-08 14:45:00,146.12524999999994
2019-07-08 15:00:00,146.00024999999994
2019-07-08 15:15:00,146.09394999999995
2019-07-08 15:30:00,145.90644999999995
2019-07-08 15:45:00,146.00024999999994
2019-07-08 16:00:00,146.03144999999995
2019-07-08 16:15:00,146.03144999999995
2019-07-08 16:30:00,145.90644999999995
2019-07-08 16:45:00,145.84394999999995
2019-07-08 17:00:00,145.87524999999994
2019-07-08 17:15:00,145.96894999999995
2019-07-08 17:30:00,145.93774999999994
2019-07-08 17:45:00,145.90644999999995
2019-07-08 18:00:00,145.90644999999995
2019-07-08 18:15:00,145.96894999999995
2019-07-08 18:30:00,146.00024999999994
2019-07-08 18:45:00,146.03144999999995
2019-07-08 19:00:00,146.03144999999995
2019-07-08 19:15:00,146.06274999999994
2019-07-08 19:30:00,145.96894999999995
2019-07-08 19:45:00,145.93774999999994
2019-07-08 20:00:00,145.75024999999994
2019-07-08 20:15:00,145.78144999999995
2019-07-08 20:30:00,145.78144999999995
2019-07-08 20:45:00,145.65644999999995
2019-07-08 21:00:00,145.62524999999994
2019-07-08 21:15:00,145.62524999999994
2019-07-08 21:30:00,145.65644999999995
2019-07-08 21:45:00,145.65644999999995
2019-07-08 23:00:00,146.00024999999994
2019-07-08 23:15:00,145.75024999999994
2019-07-08 23:30:00,145.75024999999994
2019-07-08 23:45:00,145.81274999999994
2019-07-09 00:00:00,145.81274999999994
2019-07-09 00:15:00,145.81274999999994
2019-07-09 00:30:00,145.78144999999995
2019-07-09 00:45:00,145.81274999999994
2019-07-09 01:00:00,145.87524999999994
2019-07-09 01:15:00,145.87524999999994
2019-07-09 01:30:00,145.78144999999995
2019-07-09 01:45:00,145.81274999999994
2019-07-09 02:00:00,145.75024999999994
2019-07-09 02:15:00,145.75024999999994
2019-07-09 02:30:00,145.84394999999995
2019-07-09 02:45:00,145.78144999999995
2019-07-09 03:00:00,145.81274999999994
2019-07-09 03:15:00,145.81274999999994
2019-07-09 03:30:00,145.84394999999995
2019-07-09 03:45:00,145.90644999999995
2019-07-09 04:00:00,145.84394999999995
2019-07-09 04:15:00,145.87524999999994
2019-07-09 04:30:00,145.84394999999995
2019-07-09 04:45:00,145.87524999999994
2019-07-09 05:15:00,145.87524999999994
2019-07-09 05:30:00,145.84394999999995
2019-07-09 05:45:00,145.87524999999994
2019-07-09 06:15:00,145.87524999999994
2019-07-09 06:30:00,145.84394999999995
2019-07-09 06:45:00,145.84394999999995
2019-07-09 07:00:00,145.90644999999995
2019-07-09 07:15:00,145.84394999999995
2019-07-09 07:30:00,145.87524999999994
2019-07-09 07:45:00,145.71894999999995
2019-07-09 08:00:00,145.59394999999995
2019-07-09 08:15:00,145.56274999999994
2019-07-09 08:30:00,145.53144999999995
2019-07-09 08:45:00,145.53144999999995
2019-07-09 09:00:00,145.71894999999995
2019-07-09 09:15:00,145.53144999999995
2019-07-09 09:30:00,145.56274999999994
2019-07-09 09:45:00,145.34394999999995
2019-07-09 10:00:00,145.37524999999994
2019-07-09 10:15:00,145.43774999999994
2019-07-09 10:30:00,145.37524999999994
2019-07-09 10:45:00,145.34394999999995
2019-07-09 11:00:00,145.37524999999994
2019-07-09 11:15:00,145.43774999999994
2019-07-09 11:30:00,145.50024999999994
2019-07-09 11:45:00,145.50024999999994
2019-07-09 12:00:00,145.46894999999995
2019-07-09 12:15:00,145.50024999999994
2019-07-09 12:30:00,145.46894999999995
2019-07-09 12:45:00,145.37524999999994
2019-07-09 13:00:00,145.53144999999995
2019-07-09 13:15:00,145.62524999999994
2019-07-09 13:30:00,145.50024999999994
2019-07-09 13:45:00,145.62524999999994
2019-07-09 14:00:00,145.75024999999994
2019-07-09 14:15:00,145.68774999999994
2019-07-09 14:30:00,145.40644999999995
2019-07-09 14:45:00,145.34394999999995
2019-07-09 15:00:00,145.46894999999995
2019-07-09 15:15:00,145.43774999999994
2019-07-09 15:30:00,145.37524999999994
2019-07-09 15:45:00,145.59394999999995
2019-07-09 16:00:00,145.56274999999994
2019-07-09 16:15:00,145.59394999999995
2019-07-09 16:30:00,145.56274999999994
2019-07-09 16:45:00,145.53144999999995
2019-07-09 17:00:00,145.43774999999994
2019-07-09 17:15:00,145.53144999999995
2019-07-09 17:30:00,145.53144999999995
2019-07-09 17:45:00,145.50024999999994
2019-07-09 18:00:00,145.50024999999994
2019-07-09 18:15:00,145.50024999999994
2019-07-09 18:30:00,145.46894999999995
2019-07-09 18:45:00,145.59394999999995
2019-07-09 19:00:00,145.65644999999995
2019-07-09 19:15:00,145.65644999999995
2019-07-09 19:30:00,145.68774999999994
2019-07-09 19:45:00,145.62524999999994
2019-07-09 20:00:00,145.50024999999994
2019-07-09 20:15:00,145.46894999999995
2019-07-09 20:30:00,145.56274999999994
2019-07-09 20:45:00,145.53144999999995
2019-07-09 21:00:00,145.50024999999994
2019-07-09 21:15:00,145.43774999999994
2019-07-09 21:30:00,145.37524999999994
2019-07-09 21:45:00,145.46894999999995
2019-07-09 23:00:00,145.87524999999994
2019-07-09 23:15:00,145.50024999999994
2019-07-09 23:30:00,145.50024999999994
2019-07-09 23:45:00,145.46894999999995
2019-07-10 00:00:00,145.50024999999994
2019-07-10 00:15:00,145.53144999999995
2019-07-10 00:30:00,145.53144999999995
2019-07-10 00:45:00,145.50024999999994
2019-07-10 01:00:00,145.37524999999994
2019-07-10 01:15:00,145.34394999999995
2019-07-10 01:30:00,145.25024999999994
2019-07-10 01:45:00,145.09394999999995
2019-07-10 02:00:00,145.15644999999995
2019-07-10 02:15:00,145.15644999999995
2019-07-10 02:30:00,145.15644999999995
2019-07-10 02:45:00,145.21894999999995
2019-07-10 03:00:00,145.12524999999994
2019-07-10 03:15:00,145.18774999999994
2019-07-10 03:30:00,145.18774999999994
2019-07-10 03:45:00,145.28144999999995
2019-07-10 04:00:00,145.21894999999995
2019-07-10 04:15:00,145.21894999999995
2019-07-10 04:30:00,145.25024999999994
2019-07-10 04:45:00,145.25024999999994
2019-07-10 05:15:00,145.25024999999994
2019-07-10 05:30:00,145.21894999999995
2019-07-10 05:45:00,145.21894999999995
2019-07-10 06:15:00,145.06274999999994
2019-07-10 06:30:00,145.09394999999995
2019-07-10 06:45:00,145.12524999999994
2019-07-10 07:00:00,144.96894999999995
2019-07-10 07:15:00,144.96894999999995
2019-07-10 07:30:00,144.93774999999994
2019-07-10 07:45:00,144.81274999999994
2019-07-10 08:00:00,144.71894999999995
2019-07-10 08:15:00,144.78144999999995
2019-07-10 08:30:00,144.75024999999994
2019-07-10 08:45:00,144.75024999999994
2019-07-10 09:00:00,144.62524999999994
2019-07-10 09:15:00,144.59394999999995
2019-07-10 09:30:00,144.50024999999994
2019-07-10 09:45:00,144.53144999999995
2019-07-10 10:00:00,144.46894999999995
2019-07-10 10:15:00,144.56274999999994
2019-07-10 10:30:00,144.53144999999995
2019-07-10 10:45:00,144.56274999999994
2019-07-10 11:00:00,144.59394999999995
2019-07-10 11:15:00,144.62524999999994
2019-07-10 11:30:00,144.65644999999995
2019-07-10 11:45:00,144.75024999999994
2019-07-10 12:00:00,144.78144999999995
2019-07-10 12:15:00,144.78144999999995
2019-07-10 12:30:00,144.78144999999995
2019-07-10 12:45:00,144.71894999999995
2019-07-10 13:00:00,144.81274999999994
2019-07-10 13:15:00,144.65644999999995
2019-07-10 13:30:00,145.43774999999994
2019-07-10 13:45:00,145.62524999999994
2019-07-10 14:00:00,145.62524999999994
2019-07-10 14:15:00,145.56274999999994
2019-07-10 14:30:00,145.37524999999994
2019-07-10 14:45:00,145.09394999999995
2019-07-10 15:00:00,145.34394999999995
2019-07-10 15:15:00,145.37524999999994
2019-07-10 15:30:00,145.43774999999994
2019-07-10 15:45:00,145.56274999999994
2019-07-10 16:00:00,145.53144999999995
2019-07-10 16:15:00,145.56274999999994
2019-07-10 16:30:00,145.59394999999995
2019-07-10 16:45:00,145.50024999999994
2019-07-10 17:00:00,145.43774999999994
2019-07-10 17:15:00,145.37524999999994
2019-07-10 17:30:00,145.37524999999994
2019-07-10 17:45:00,145.34394999999995
2019-07-10 18:00:00,145.09394999999995
2019-07-10 18:15:00,145.00024999999994
2019-07-10 18:30:00,145.09394999999995
2019-07-10 18:45:00,145.15644999999995
2019-07-10 19:00:00,145.25024999999994
2019-07-10 19:15:00,145.09394999999995
2019-07-10 19:30:00,145.12524999999994
2019-07-10 19:45:00,145.18774999999994
2019-07-10 20:00:00,145.12524999999994
2019-07-10 20:15:00,145.21894999999995
2019-07-10 20:30:00,145.18774999999994
2019-07-10 20:45:00,145.25024999999994
2019-07-10 21:00:00,145.06274999999994
2019-07-10 21:15:00,145.00024999999994
2019-07-10 21:30:00,145.15644999999995
2019-07-10 21:45:00,145.06274999999994
2019-07-10 23:00:00,145.18774999999994
2019-07-10 23:15:00,145.12524999999994
2019-07-10 23:30:00,145.18774999999994
2019-07-10 23:45:00,145.18774999999994
2019-07-11 00:00:00,145.18774999999994
2019-07-11 00:15:00,145.18774999999994
2019-07-11 00:30:00,145.28144999999995
2019-07-11 00:45:00,145.25024999999994
2019-07-11 01:00:00,145.46894999999995
2019-07-11 01:15:00,145.50024999999994
2019-07-11 01:30:00,145.46894999999995
2019-07-11 01:45:00,145.53144999999995
2019-07-11 02:00:00,145.56274999999994
2019-07-11 02:15:00,145.56274999999994
2019-07-11 02:30:00,145.56274999999994
2019-07-11 02:45:00,145.56274999999994
2019-07-11 03:00:00,145.53144999999995
2019-07-11 03:15:00,145.50024999999994
2019-07-11 03:30:00,145.43774999999994
2019-07-11 03:45:00,145.43774999999994
2019-07-11 04:00:00,145.46894999999995
2019-07-11 04:15:00,145.40644999999995
2019-07-11 04:30:00,145.46894999999995
2019-07-11 04:45:00,145.46894999999995
2019-07-11 05:15:00,145.50024999999994
2019-07-11 05:30:00,145.46894999999995
2019-07-11 05:45:00,145.46894999999995
2019-07-11 06:15:00,145.46894999999995
2019-07-11 06:30:00,145.43774999999994
2019-07-11 06:45:00,145.50024999999994
2019-07-11 07:00:00,145.56274999999994
2019-07-11 07:15:00,145.53144999999995
2019-07-11 07:30:00,145.50024999999994
2019-07-11 07:45:00,145.40644999999995
2019-07-11 08:00:00,145.37524999999994
2019-07-11 08:15:00,145.31274999999994
2019-07-11 08:30:00,145.28144999999995
2019-07-11 08:45:00,145.40644999999995
2019-07-11 09:00:00,145.37524999999994
2019-07-11 09:15:00,145.37524999999994
2019-07-11 09:30:00,145.40644999999995
2019-07-11 09:45:00,145.34394999999995
2019-07-11 10:00:00,145.34394999999995
2019-07-11 10:15:00,145.28144999999995
2019-07-11 10:30:00,145.25024999999994
2019-07-11 10:45:00,145.21894999999995
2019-07-11 11:00:00,145.03144999999995
2019-07-11 11:15:00,145.06274999999994
2019-07-11 11:30:00,144.96894999999995
2019-07-11 11:45:00,144.93774999999994
2019-07-11 12:00:00,144.93774999999994
2019-07-11 12:15:00,144.96894999999995
2019-07-11 12:30:00,144.90644999999995
2019-07-11 12:45:00,145.00024999999994
2019-07-11 13:00:00,144.96894999999995
2019-07-11 13:15:00,145.03144999999995
2019-07-11 13:30:00,144.87524999999994
2019-07-11 13:45:00,144.71894999999995
2019-07-11 14:00:00,144.78144999999995
2019-07-11 14:15:00,144.81274999999994
2019-07-11 14:30:00,144.75024999999994
2019-07-11 14:45:00,144.65644999999995
2019-07-11 15:00:00,144.93774999999994
2019-07-11 15:15:00,144.81274999999994
2019-07-11 15:30:00,144.75024999999994
2019-07-11 15:45:00,144.68774999999994
2019-07-11 16:00:00,144.75024999999994
2019-07-11 16:15:00,144.71894999999995
2019-07-11 16:30:00,144.71894999999995
2019-07-11 16:45:00,144.62524999999994
2019-07-11 17:00:00,144.50024999999994
2019-07-11 17:15:00,144.50024999999994
2019-07-11 17:30:00,144.43774999999994
2019-07-11 17:45:00,144.37524999999994
2019-07-11 18:00:00,143.93774999999994
2019-07-11 18:15:00,143.71894999999995
2019-07-11 18:30:00,143.68774999999994
2019-07-11 18:45:00,143.93774999999994
2019-07-11 19:00:00,143.87524999999994
2019-07-11 19:15:00,143.96894999999995
2019-07-11 19:30:00,144.15644999999995
2019-07-11 19:45:00,144.06274999999994
2019-07-11 20:00:00,143.96894999999995
2019-07-11 20:15:00,144.00024999999994
2019-07-11 20:30:00,143.96894999999995
2019-07-11 20:45:00,143.90644999999995
2019-07-11 21:00:00,143.78144999999995
2019-07-11 21:15:00,143.75024999999994
2019-07-11 21:30:00,143.65644999999995
2019-07-11 21:45:00,143.68774999999994
2019-07-11 23:00:00,145.46894999999995
2019-07-11 23:15:00,143.78144999999995
2019-07-11 23:30:00,143.78144999999995
2019-07-11 23:45:00,143.84394999999995
2019-07-12 00:00:00,143.87524999999994
2019-07-12 00:15:00,143.84394999999995
2019-07-12 00:30:00,143.84394999999995
2019-07-12 00:45:00,143.81274999999994
2019-07-12 01:00:00,143.90644999999995
2019-07-12 01:15:00,143.93774999999994
2019-07-12 01:30:00,143.96894999999995
2019-07-12 01:45:00,143.71894999999995
2019-07-12 02:00:00,143.87524999999994
2019-07-12 02:15:00,143.81274999999994
2019-07-12 02:30:00,143.84394999999995
2019-07-12 02:45:00,143.78144999999995
2019-07-12 03:00:00,143.84394999999995
2019-07-12 03:15:00,143.90644999999995
2019-07-12 03:30:00,143.96894999999995
2019-07-12 03:45:00,143.93774999999994
2019-07-12 04:00:00,143.96894999999995
2019-07-12 04:15:00,143.90644999999995
2019-07-12 04:30:00,143.90644999999995
2019-07-12 04:45:00,143.93774999999994
2019-07-12 05:15:00,143.84394999999995
2019-07-12 05:30:00,143.81274999999994
2019-07-12 05:45:00,143.87524999999994
2019-07-12 06:15:00,143.84394999999995
2019-07-12 06:30:00,143.78144999999995
2019-07-12 06:45:00,143.75024999999994
2019-07-12 07:00:00,143.84394999999995
2019-07-12 07:15:00,143.93774999999994
2019-07-12 07:30:00,144.00024999999994
2019-07-12 07:45:00,143.93774999999994
2019-07-12 08:00:00,143.90644999999995
2019-07-12 08:15:00,143.84394999999995
2019-07-12 08:30:00,143.87524999999994
2019-07-12 08:45:00,143.90644999999995
2019-07-12 09:00:00,144.06274999999994
2019-07-12 09:15:00,144.06274999999994
2019-07-12 09:30:00,144.00024999999994
2019-07-12 09:45:00,143.81274999999994
2019-07-12 10:00:00,143.53144999999995
2019-07-12 10:15:00,143.50024999999994
2019-07-12 10:30:00,143.56274999999994
2019-07-12 10:45:00,143.62524999999994
2019-07-12 11:00:00,143.59394999999995
2019-07-12 11:15:00,143.65644999999995
2019-07-12 11:30:00,143.68774999999994
2019-07-12 11:45:00,143.81274999999994
2019-07-12 12:00:00,143.87524999999994
2019-07-12 12:15:00,143.78144999999995
2019-07-12 12:30:00,143.87524999999994
2019-07-12 12:45:00,143.81274999999994
2019-07-12 13:00:00,143.93774999999994
2019-07-12 13:15:00,143.87524999999994
2019-07-12 13:30:00,143.75024999999994
2019-07-12 13:45:00,143.71894999999995
2019-07-12 14:00:00,143.65644999999995
2019-07-12 14:15:00,143.81274999999994
2019-07-12 14:30:00,144.00024999999994
2019-07-12 14:45:00,143.87524999999994
2019-07-12 15:00:00,143.81274999999994
2019-07-12 15:15:00,143.87524999999994
2019-07-12 15:30:00,143.84394999999995
2019-07-12 15:45:00,143.90644999999995
2019-07-12 16:00:00,143.90644999999995
2019-07-12 16:15:00,143.84394999999995
2019-07-12 16:30:00,143.81274999999994
2019-07-12 16:45:00,143.87524999999994
2019-07-12 17:00:00,143.93774999999994
2019-07-12 17:15:00,143.93774999999994
2019-07-12 17:30:00,144.00024999999994
2019-07-12 17:45:00,144.03144999999995
2019-07-12 18:00:00,144.06274999999994
2019-07-12 18:15:00,144.03144999999995
2019-07-12 18:30:00,144.09394999999995
2019-07-12 18:45:00,144.09394999999995
2019-07-12 19:00:00,144.09394999999995
2019-07-12 19:15:00,144.06274999999994
2019-07-12 19:30:00,144.06274999999994
2019-07-12 19:45:00,144.28144999999995
2019-07-12 20:00:00,144.18774999999994
2019-07-12 20:15:00,144.12524999999994
2019-07-12 20:30:00,144.12524999999994
2019-07-12 20:45:00,144.06274999999994
2019-07-12 21:00:00,144.09394999999995
2019-07-12 21:15:00,144.03144999999995
2019-07-12 21:30:00,143.90644999999995
2019-07-12 21:45:00,143.87524999999994
2019-07-12 23:00:00,143.84394999999995
2019-07-14 23:00:00,144.00024999999994
2019-07-14 23:15:00,144.00024999999994
2019-07-14 23:30:00,144.00024999999994
2019-07-14 23:45:00,144.00024999999994
2019-07-15 00:00:00,143.93774999999994
2019-07-15 00:15:00,143.90644999999995
2019-07-15 00:30:00,143.93774999999994
2019-07-15 00:45:00,143.96894999999995
2019-07-15 01:00:00,144.00024999999994
2019-07-15 01:15:00,144.00024999999994
2019-07-15 01:30:00,143.96894999999995
2019-07-15 01:45:00,143.96894999999995
2019-07-15 02:00:00,143.96894999999995
2019-07-15 02:15:00,143.93774999999994
2019-07-15 02:30:00,143.90644999999995
2019-07-15 02:45:00,143.87524999999994
2019-07-15 03:00:00,143.87524999999994
2019-07-15 03:15:00,143.71894999999995
2019-07-15 03:30:00,143.71894999999995
2019-07-15 03:45:00,143.68774999999994
2019-07-15 04:00:00,143.68774999999994
2019-07-15 04:15:00,143.71894999999995
2019-07-15 04:30:00,143.71894999999995
2019-07-15 04:45:00,143.71894999999995
2019-07-15 05:15:00,143.75024999999994
2019-07-15 05:30:00,143.75024999999994
2019-07-15 05:45:00,143.71894999999995
2019-07-15 06:15:00,143.68774999999994
2019-07-15 06:30:00,143.68774999999994
2019-07-15 06:45:00,143.68774999999994
2019-07-15 07:00:00,143.65644999999995
2019-07-15 07:15:00,143.68774999999994
2019-07-15 07:30:00,143.68774999999994
2019-07-15 07:45:00,143.71894999999995
2019-07-15 08:00:00,143.68774999999994
2019-07-15 08:15:00,143.71894999999995
2019-07-15 08:30:00,143.78144999999995
2019-07-15 08:45:00,143.81274999999994
2019-07-15 09:00:00,143.81274999999994
2019-07-15 09:15:00,143.84394999999995
2019-07-15 09:30:00,143.87524999999994
2019-07-15 09:45:00,143.81274999999994
2019-07-15 10:00:00,143.84394999999995
2019-07-15 10:15:00,143.81274999999994
2019-07-15 10:30:00,143.87524999999994
2019-07-15 10:45:00,143.84394999999995
2019-07-15 11:00:00,143.84394999999995
2019-07-15 11:15:00,143.90644999999995
2019-07-15 11:30:00,143.87524999999994
2019-07-15 11:45:00,143.87524999999994
2019-07-15 12:00:00,143.90644999999995
2019-07-15 12:15:00,143.90644999999995
2019-07-15 12:30:00,144.00024999999994
2019-07-15 12:45:00,144.03144999999995
2019-07-15 13:00:00,144.12524999999994
2019-07-15 13:15:00,144.18774999999994
2019-07-15 13:30:00,144.18774999999994
2019-07-15 13:45:00,144.28144999999995
2019-07-15 14:00:00,144.25024999999994
2019-07-15 14:15:00,144.28144999999995
2019-07-15 14:30:00,144.46894999999995
2019-07-15 14:45:00,144.53144999999995
2019-07-15 15:00:00,144.53144999999995
2019-07-15 15:15:00,144.43774999999994
2019-07-15 15:30:00,144.43774999999994
2019-07-15 15:45:00,144.40644999999995
2019-07-15 16:00:00,144.50024999999994
2019-07-15 16:15:00,144.59394999999995
2019-07-15 16:30:00,144.50024999999994
2019-07-15 16:45:00,144.50024999999994
2019-07-15 17:00:00,144.46894999999995
2019-07-15 17:15:00,144.46894999999995
2019-07-15 17:30:00,144.53144999999995
2019-07-15 17:45:00,144.53144999999995
2019-07-15 18:00:00,144.62524999999994
2019-07-15 18:15:00,144.59394999999995
2019-07-15 18:30:00,144.59394999999995
2019-07-15 18:45:00,144.62524999999994
2019-07-15 19:00:00,144.59394999999995
2019-07-15 19:15:00,144.53144999999995
2019-07-15 19:30:00,144.56274999999994
2019-07-15 19:45:00,144.59394999999995
2019-07-15 20:00:00,144.62524999999994
2019-07-15 20:15:00,144.62524999999994
2019-07-15 20:30:00,144.71894999999995
2019-07-15 20:45:00,144.68774999999994
2019-07-15 21:00:00,144.71894999999995
2019-07-15 21:15:00,144.65644999999995
2019-07-15 21:30:00,144.65644999999995
2019-07-15 21:45:00,144.65644999999995
2019-07-15 23:00:00,143.75024999999994
2019-07-15 23:15:00,144.68774999999994
2019-07-15 23:30:00,144.65644999999995
2019-07-15 23:45:00,144.68774999999994
2019-07-16 00:00:00,144.68774999999994
2019-07-16 00:15:00,144.71894999999995
2019-07-16 00:30:00,144.68774999999994
2019-07-16 00:45:00,144.65644999999995
2019-07-16 01:00:00,144.65644999999995
2019-07-16 01:15:00,144.65644999999995
2019-07-16 01:30:00,144.71894999999995
2019-07-16 01:45:00,144.68774999999994
2019-07-16 02:00:00,144.65644999999995
2019-07-16 02:15:00,144.71894999999995
2019-07-16 02:30:00,144.71894999999995
2019-07-16 02:45:00,144.71894999999995
2019-07-16 03:00:00,144.71894999999995
2019-07-16 03:15:00,144.71894999999995
2019-07-16 03:30:00,144.71894999999995
2019-07-16 03:45:00,144.68774999999994
2019-07-16 04:00:00,144.71894999999995
2019-07-16 04:15:00,144.71894999999995
2019-07-16 04:30:00,144.71894999999995
2019-07-16 04:45:00,144.71894999999995
2019-07-16 05:15:00,144.71894999999995
2019-07-16 05:30:00,144.68774999999994
2019-07-16 05:45:00,144.68774999999994
2019-07-16 06:15:00,144.59394999999995
2019-07-16 06:30:00,144.59394999999995
2019-07-16 06:45:00,144.56274999999994
2019-07-16 07:00:00,144.50024999999994
2019-07-16 07:15:00,144.43774999999994
2019-07-16 07:30:00,144.46894999999995
2019-07-16 07:45:00,144.53144999999995
2019-07-16 08:00:00,144.56274999999994
2019-07-16 08:15:00,144.56274999999994
2019-07-16 08:30:00,144.59394999999995
2019-07-16 08:45:00,144.59394999999995
2019-07-16 09:00:00,144.65644999999995
2019-07-16 09:15:00,144.71894999999995
2019-07-16 09:30:00,144.68774999999994
2019-07-16 09:45:00,144.62524999999994
2019-07-16 10:00:00,144.75024999999994
2019-07-16 10:15:00,144.65644999999995
2019-07-16 10:30:00,144.62524999999994
2019-07-16 10:45:00,144.68774999999994
2019-07-16 11:00:00,144.65644999999995
2019-07-16 11:15:00,144.59394999999995
2019-07-16 11:30:00,144.50024999999994
2019-07-16 11:45:00,144.50024999999994
2019-07-16 12:00:00,144.53144999999995
2019-07-16 12:15:00,144.50024999999994
2019-07-16 12:30:00,144.68774999999994
2019-07-16 12:45:00,144.59394999999995
2019-07-16 13:00:00,144.65644999999995
2019-07-16 13:15:00,144.46894999999995
2019-07-16 13:30:00,144.18774999999994
2019-07-16 13:45:00,143.90644999999995
2019-07-16 14:00:00,143.81274999999994
2019-07-16 14:15:00,143.87524999999994
2019-07-16 14:30:00,144.00024999999994
2019-07-16 14:45:00,144.00024999999994
2019-07-16 15:00:00,144.00024999999994
2019-07-16 15:15:00,144.06274999999994
2019-07-16 15:30:00,144.06274999999994
2019-07-16 15:45:00,143.93774999999994
2019-07-16 16:00:00,144.03144999999995
2019-07-16 16:15:00,143.93774999999994
2019-07-16 16:30:00,143.93774999999994
2019-07-16 16:45:00,143.71894999999995
2019-07-16 17:00:00,144.03144999999995
2019-07-16 17:15:00,144.06274999999994
2019-07-16 17:30:00,144.06274999999994
2019-07-16 17:45:00,144.06274999999994
2019-07-16 18:00:00,144.12524999999994
2019-07-16 18:15:00,144.12524999999994
2019-07-16 18:30:00,144.12524999999994
2019-07-16 18:45:00,144.12524999999994
2019-07-16 19:00:00,144.15644999999995
2019-07-16 19:15:00,144.15644999999995
2019-07-16 19:30:00,144.06274999999994
2019-07-16 19:45:00,144.15644999999995
2019-07-16 20:00:00,144.12524999999994
2019-07-16 20:15:00,144.12524999999994
2019-07-16 20:30:00,144.18774999999994
2019-07-16 20:45:00,144.21894999999995
2019-07-16 21:00:00,144.28144999999995
2019-07-16 21:15:00,144.28144999999995
2019-07-16 21:30:00,144.43774999999994
2019-07-16 21:45:00,144.50024999999994
2019-07-16 23:00:00,144.59394999999995
2019-07-16 23:15:00,144.50024999999994
2019-07-16 23:30:00,144.46894999999995
2019-07-16 23:45:00,144.43774999999994
2019-07-17 00:00:00,144.40644999999995
2019-07-17 00:15:00,144.43774999999994
2019-07-17 00:30:00,144.46894999999995
2019-07-17 00:45:00,144.40644999999995
2019-07-17 01:00:00,144.37524999999994
2019-07-17 01:15:00,144.40644999999995
2019-07-17 01:30:00,144.40644999999995
2019-07-17 01:45:00,144.37524999999994
2019-07-17 02:00:00,144.40644999999995
2019-07-17 02:15:00,144.37524999999994
2019-07-17 02:30:00,144.46894999999995
2019-07-17 02:45:00,144.50024999999994
2019-07-17 03:00:00,144.50024999999994
2019-07-17 03:15:00,144.53144999999995
2019-07-17 03:30:00,144.56274999999994
2019-07-17 03:45:00,144.53144999999995
2019-07-17 04:00:00,144.53144999999995
2019-07-17 04:15:00,144.50024999999994
2019-07-17 04:30:00,144.50024999999994
2019-07-17 04:45:00,144.53144999999995
2019-07-17 05:15:00,144.53144999999995
2019-07-17 05:30:00,144.53144999999995
2019-07-17 05:45:00,144.46894999999995
2019-07-17 06:15:00,144.46894999999995
2019-07-17 06:30:00,144.46894999999995
2019-07-17 06:45:00,144.50024999999994
2019-07-17 07:00:00,144.62524999999994
2019-07-17 07:15:00,144.53144999999995
2019-07-17 07:30:00,144.50024999999994
2019-07-17 07:45:00,144.56274999999994
2019-07-17 08:00:00,144.59394999999995
2019-07-17 08:15:00,144.62524999999994
2019-07-17 08:30:00,144.59394999999995
2019-07-17 08:45:00,144.50024999999994
2019-07-17 09:00:00,144.37524999999994
2019-07-17 09:15:00,144.37524999999994
2019-07-17 09:30:00,144.37524999999994
2019-07-17 09:45:00,144.50024999999994
2019-07-17 10:00:00,144.50024999999994
2019-07-17 10:15:00,144.50024999999994
2019-07-17 10:30:00,144.43774999999994
2019-07-17 10:45:00,144.43774999999994
2019-07-17 11:00:00,144.43774999999994
2019-07-17 11:15:00,144.43774999999994
2019-07-17 11:30:00,144.59394999999995
2019-07-17 11:45:00,144.62524999999994
2019-07-17 12:00:00,144.65644999999995
2019-07-17 12:15:00,144.62524999999994
2019-07-17 12:30:00,144.68774999999994
2019-07-17 12:45:00,144.65644999999995
2019-07-17 13:00:00,144.65644999999995
2019-07-17 13:15:00,144.59394999999995
2019-07-17 13:30:00,144.75024999999994
2019-07-17 13:45:00,144.68774999999994
2019-07-17 14:00:00,144.68774999999994
2019-07-17 14:15:00,144.65644999999995
2019-07-17 14:30:00,144.75024999999994
2019-07-17 14:45:00,144.71894999999995
2019-07-17 15:00:00,144.71894999999995
2019-07-17 15:15:00,144.78144999999995
2019-07-17 15:30:00,144.87524999999994
2019-07-17 15:45:00,144.90644999999995
2019-07-17 16:00:00,144.84394999999995
2019-07-17 16:15:00,144.90644999999995
2019-07-17 16:30:00,144.84394999999995
2019-07-17 16:45:00,144.93774999999994
2019-07-17 17:00:00,144.96894999999995
2019-07-17 17:15:00,144.96894999999995
2019-07-17 17:30:00,145.03144999999995
2019-07-17 17:45:00,145.09394999999995
2019-07-17 18:00:00,145.15644999999995
2019-07-17 18:15:00,145.18774999999994
2019-07-17 18:30:00,145.21894999999995
2019-07-17 18:45:00,145.21894999999995
2019-07-17 19:00:00,145.28144999999995
2019-07-17 19:15:00,145.25024999999994
2019-07-17 19:30:00,145.18774999999994
2019-07-17 19:45:00,145.31274999999994
2019-07-17 20:00:00,145.34394999999995
2019-07-17 20:15:00,145.34394999999995
2019-07-17 20:30:00,145.34394999999995
2019-07-17 20:45:00,145.40644999999995
2019-07-17 21:00:00,145.46894999999995
2019-07-17 21:15:00,145.46894999999995
2019-07-17 21:30:00,145.59394999999995
2019-07-17 21:45:00,145.59394999999995
2019-07-17 23:00:00,144.43774999999994
2019-07-17 23:15:00,145.53144999999995
2019-07-17 23:30:00,145.53144999999995
2019-07-17 23:45:00,145.53144999999995
2019-07-18 00:00:00,145.50024999999994
2019-07-18 00:15:00,145.46894999999995
2019-07-18 00:30:00,145.46894999999995
2019-07-18 00:45:00,145.46894999999995
2019-07-18 01:00:00,145.40644999999995
2019-07-18 01:15:00,145.40644999999995
2019-07-18 01:30:00,145.37524999999994
2019-07-18 01:45:00,145.46894999999995
2019-07-18 02:00:00,145.56274999999994
2019-07-18 02:15:00,145.50024999999994
2019-07-18 02:30:00,145.59394999999995
2019-07-18 02:45:00,145.56274999999994
2019-07-18 03:00:00,145.56274999999994
2019-07-18 03:15:00,145.56274999999994
2019-07-18 03:30:00,145.53144999999995
2019-07-18 03:45:00,145.53144999999995
2019-07-18 04:00:00,145.53144999999995
2019-07-18 04:15:00,145.56274999999994
2019-07-18 04:30:00,145.59394999999995
2019-07-18 04:45:00,145.65644999999995
2019-07-18 05:15:00,145.62524999999994
2019-07-18 05:30:00,145.62524999999994
2019-07-18 05:45:00,145.59394999999995
2019-07-18 06:15:00,145.62524999999994
2019-07-18 06:30:00,145.59394999999995
2019-07-18 06:45:00,145.59394999999995
2019-07-18 07:00:00,145.53144999999995
2019-07-18 07:15:00,145.50024999999994
2019-07-18 07:30:00,145.59394999999995
2019-07-18 07:45:00,145.53144999999995
2019-07-18 08:00:00,145.56274999999994
2019-07-18 08:15:00,145.46894999999995
2019-07-18 08:30:00,145.43774999999994
2019-07-18 08:45:00,145.37524999999994
2019-07-18 09:00:00,145.43774999999994
2019-07-18 09:15:00,145.50024999999994
2019-07-18 09:30:00,145.43774999999994
2019-07-18 09:45:00,145.43774999999994
2019-07-18 10:00:00,145.37524999999994
2019-07-18 10:15:00,145.37524999999994
2019-07-18 10:30:00,145.28144999999995
2019-07-18 10:45:00,145.37524999999994
2019-07-18 11:00:00,145.37524999999994
2019-07-18 11:15:00,145.31274999999994
2019-07-18 11:30:00,145.21894999999995
2019-07-18 11:45:00,145.25024999999994
2019-07-18 12:00:00,145.25024999999994
2019-07-18 12:15:00,145.31274999999994
2019-07-18 12:30:00,145.31274999999994
2019-07-18 12:45:00,145.28144999999995
2019-07-18 13:00:00,145.40644999999995
2019-07-18 13:15:00,145.34394999999995
2019-07-18 13:30:00,144.90644999999995
2019-07-18 13:45:00,144.87524999999994
2019-07-18 14:00:00,145.00024999999994
2019-07-18 14:15:00,145.00024999999994
2019-07-18 14:30:00,144.93774999999994
2019-07-18 14:45:00,144.93774999999994
2019-07-18 15:00:00,145.15644999999995
2019-07-18 15:15:00,145.15644999999995
2019-07-18 15:30:00,145.12524999999994
2019-07-18 15:45:00,145.09394999999995
2019-07-18 16:00:00,145.03144999999995
2019-07-18 16:15:00,145.06274999999994
2019-07-18 16:30:00,145.12524999999994
2019-07-18 16:45:00,145.09394999999995
2019-07-18 17:00:00,144.93774999999994
2019-07-18 17:15:00,145.03144999999995
2019-07-18 17:30:00,145.00024999999994
2019-07-18 17:45:00,145.00024999999994
2019-07-18 18:00:00,144.96894999999995
2019-07-18 18:15:00,145.06274999999994
2019-07-18 18:30:00,145.09394999999995
2019-07-18 18:45:00,145.18774999999994
2019-07-18 19:00:00,145.31274999999994
2019-07-18 19:15:00,145.50024999999994
2019-07-18 19:30:00,145.46894999999995
2019-07-18 19:45:00,145.46894999999995
2019-07-18 20:00:00,145.56274999999994
2019-07-18 20:15:00,145.71894999999995
2019-07-18 20:30:00,145.78144999999995
2019-07-18 20:45:00,145.53144999999995
2019-07-18 21:00:00,145.62524999999994
2019-07-18 21:15:00,145.62524999999994
2019-07-18 21:30:00,145.65644999999995
2019-07-18 21:45:00,145.62524999999994
2019-07-18 23:00:00,145.59394999999995
2019-07-18 23:15:00,145.28144999999995
2019-07-18 23:30:00,145.25024999999994
2019-07-18 23:45:00,145.25024999999994
2019-07-19 00:00:00,145.43774999999994
2019-07-19 00:15:00,145.50024999999994
2019-07-19 00:30:00,145.53144999999995
2019-07-19 00:45:00,145.50024999999994
2019-07-19 01:00:00,145.37524999999994
2019-07-19 01:15:00,145.40644999999995
2019-07-19 01:30:00,145.43774999999994
2019-07-19 01:45:00,145.46894999999995
2019-07-19 02:00:00,145.50024999999994
2019-07-19 02:15:00,145.50024999999994
2019-07-19 02:30:00,145.46894999999995
2019-07-19 02:45:00,145.46894999999995
2019-07-19 03:00:00,145.50024999999994
2019-07-19 03:15:00,145.53144999999995
2019-07-19 03:30:00,145.53144999999995
2019-07-19 03:45:00,145.59394999999995
2019-07-19 04:00:00,145.56274999999994
2019-07-19 04:15:00,145.50024999999994
2019-07-19 04:30:00,145.53144999999995
2019-07-19 04:45:00,145.50024999999994
2019-07-19 05:15:00,145.46894999999995
2019-07-19 05:30:00,145.46894999999995
2019-07-19 05:45:00,145.43774999999994
2019-07-19 06:15:00,145.37524999999994
2019-07-19 06:30:00,145.31274999999994
2019-07-19 06:45:00,145.34394999999995
2019-07-19 07:00:00,145.40644999999995
2019-07-19 07:15:00,145.40644999999995
2019-07-19 07:30:00,145.28144999999995
2019-07-19 07:45:00,145.28144999999995
2019-07-19 08:00:00,145.50024999999994
2019-07-19 08:15:00,145.40644999999995
2019-07-19 08:30:00,145.40644999999995
2019-07-19 08:45:00,145.31274999999994
2019-07-19 09:00:00,145.34394999999995
2019-07-19 09:15:00,145.34394999999995
2019-07-19 09:30:00,145.34394999999995
2019-07-19 09:45:00,145.43774999999994
2019-07-19 10:00:00,145.43774999999994
2019-07-19 10:15:00,145.43774999999994
2019-07-19 10:30:00,145.40644999999995
2019-07-19 10:45:00,145.40644999999995
2019-07-19 11:00:00,145.40644999999995
2019-07-19 11:15:00,145.40644999999995
2019-07-19 11:30:00,145.40644999999995
2019-07-19 11:45:00,145.40644999999995
2019-07-19 12:00:00,145.34394999999995
2019-07-19 12:15:00,145.31274999999994
2019-07-19 12:30:00,145.28144999999995
2019-07-19 12:45:00,145.31274999999994
2019-07-19 13:00:00,145.34394999999995
2019-07-19 13:15:00,145.28144999999995
2019-07-19 13:30:00,145.25024999999994
2019-07-19 13:45:00,145.31274999999994
2019-07-19 14:00:00,145.37524999999994
2019-07-19 14:15:00,145.15644999999995
2019-07-19 14:30:00,145.21894999999995
2019-07-19 14:45:00,145.28144999999995
2019-07-19 15:00:00,145.34394999999995
2019-07-19 15:15:00,145.34394999999995
2019-07-19 15:30:00,145.18774999999994
2019-07-19 15:45:00,145.28144999999995
2019-07-19 16:00:00,145.31274999999994
2019-07-19 16:15:00,145.34394999999995
2019-07-19 16:30:00,145.40644999999995
2019-07-19 16:45:00,145.37524999999994
2019-07-19 17:00:00,145.31274999999994
2019-07-19 17:15:00,145.31274999999994
2019-07-19 17:30:00,145.34394999999995
2019-07-19 17:45:00,145.34394999999995
2019-07-19 18:00:00,145.40644999999995
2019-07-19 18:15:00,145.31274999999994
2019-07-19 18:30:00,145.31274999999994
2019-07-19 18:45:00,145.28144999999995
2019-07-19 19:00:00,145.09394999999995
2019-07-19 19:15:00,145.18774999999994
2019-07-19 19:30:00,145.28144999999995
2019-07-19 19:45:00,145.28144999999995
2019-07-19 20:00:00,145.34394999999995
2019-07-19 20:15:00,145.43774999999994
2019-07-19 20:30:00,145.31274999999994
2019-07-19 20:45:00,145.28144999999995
2019-07-19 21:00:00,145.31274999999994
2019-07-19 21:15:00,145.28144999999995
2019-07-19 21:30:00,145.15644999999995
2019-07-19 21:45:00,145.21894999999995
2019-07-19 23:00:00,145.40644999999995
2019-07-21 23:00:00,145.21894999999995
2019-07-21 23:15:00,145.15644999999995
2019-07-21 23:30:00,145.21894999999995
2019-07-21 23:45:00,145.18774999999994
2019-07-22 00:00:00,145.12524999999994
2019-07-22 00:15:00,145.18774999999994
2019-07-22 00:30:00,145.18774999999994
2019-07-22 00:45:00,145.18774999999994
2019-07-22 01:00:00,145.21894999999995
2019-07-22 01:15:00,145.18774999999994
2019-07-22 01:30:00,145.25024999999994
2019-07-22 01:45:00,145.25024999999994
2019-07-22 02:00:00,145.21894999999995
2019-07-22 02:15:00,145.15644999999995
2019-07-22 02:30:00,145.06274999999994
2019-07-22 02:45:00,145.09394999999995
2019-07-22 03:00:00,145.12524999999994
2019-07-22 03:15:00,145.18774999999994
2019-07-22 03:30:00,145.18774999999994
2019-07-22 03:45:00,145.18774999999994
2019-07-22 04:00:00,145.18774999999994
2019-07-22 04:15:00,145.25024999999994
2019-07-22 04:30:00,145.25024999999994
2019-07-22 04:45:00,145.25024999999994
2019-07-22 05:15:00,145.25024999999994
2019-07-22 05:45:00,145.28144999999995
2019-07-22 06:15:00,145.28144999999995
2019-07-22 06:30:00,145.25024999999994
2019-07-22 06:45:00,145.21894999999995
2019-07-22 07:00:00,145.12524999999994
2019-07-22 07:15:00,145.09394999999995
2019-07-22 07:30:00,145.15644999999995
2019-07-22 07:45:00,145.25024999999994
2019-07-22 08:00:00,145.34394999999995
2019-07-22 08:15:00,145.43774999999994
2019-07-22 08:30:00,145.46894999999995
2019-07-22 08:45:00,145.50024999999994
2019-07-22 09:00:00,145.50024999999994
2019-07-22 09:15:00,145.50024999999994
2019-07-22 09:30:00,145.50024999999994
2019-07-22 09:45:00,145.53144999999995
2019-07-22 10:00:00,145.53144999999995
2019-07-22 10:15:00,145.53144999999995
2019-07-22 10:30:00,145.53144999999995
2019-07-22 10:45:00,145.53144999999995
2019-07-22 11:00:00,145.50024999999994
2019-07-22 11:15:00,145.50024999999994
2019-07-22 11:30:00,145.59394999999995
2019-07-22 11:45:00,145.56274999999994
2019-07-22 12:00:00,145.56274999999994
2019-07-22 12:15:00,145.53144999999995
2019-07-22 12:30:00,145.53144999999995
2019-07-22 12:45:00,145.53144999999995
2019-07-22 13:00:00,145.62524999999994
2019-07-22 13:15:00,145.71894999999995
2019-07-22 13:30:00,145.84394999999995
2019-07-22 13:45:00,145.78144999999995
2019-07-22 14:00:00,145.78144999999995
2019-07-22 14:15:00,145.81274999999994
2019-07-22 14:30:00,145.71894999999995
2019-07-22 14:45:00,145.68774999999994
2019-07-22 15:00:00,145.65644999999995
2019-07-22 15:15:00,145.62524999999994
2019-07-22 15:30:00,145.75024999999994
2019-07-22 15:45:00,145.68774999999994
2019-07-22 16:00:00,145.68774999999994
2019-07-22 16:15:00,145.71894999999995
2019-07-22 16:30:00,145.75024999999994
2019-07-22 16:45:00,145.78144999999995
2019-07-22 17:00:00,145.68774999999994
2019-07-22 17:15:00,145.75024999999994
2019-07-22 17:30:00,145.75024999999994
2019-07-22 17:45:00,145.62524999999994
2019-07-22 18:00:00,145.59394999999995
2019-07-22 18:15:00,145.56274999999994
2019-07-22 18:30:00,145.65644999999995
2019-07-22 18:45:00,145.59394999999995
2019-07-22 19:00:00,145.53144999999995
2019-07-22 19:15:00,145.40644999999995
2019-07-22 19:30:00,145.50024999999994
2019-07-22 19:45:00,145.46894999999995
2019-07-22 20:00:00,145.34394999999995
2019-07-22 20:15:00,145.34394999999995
2019-07-22 20:30:00,145.40644999999995
2019-07-22 20:45:00,145.37524999999994
2019-07-22 21:00:00,145.34394999999995
2019-07-22 21:15:00,145.37524999999994
2019-07-22 21:30:00,145.37524999999994
2019-07-22 21:45:00,145.37524999999994
2019-07-22 23:00:00,145.25024999999994
2019-07-22 23:15:00,145.31274999999994
2019-07-22 23:30:00,145.37524999999994
2019-07-22 23:45:00,145.34394999999995
2019-07-23 00:00:00,145.37524999999994
2019-07-23 00:15:00,145.31274999999994
2019-07-23 00:30:00,145.37524999999994
2019-07-23 00:45:00,145.34394999999995
2019-07-23 01:00:00,145.31274999999994
2019-07-23 01:15:00,145.25024999999994
2019-07-23 01:30:00,145.21894999999995
2019-07-23 01:45:00,145.28144999999995
2019-07-23 02:00:00,145.21894999999995
2019-07-23 02:15:00,145.21894999999995
2019-07-23 02:30:00,145.21894999999995
2019-07-23 02:45:00,145.18774999999994
2019-07-23 03:00:00,145.21894999999995
2019-07-23 03:15:00,145.21894999999995
2019-07-23 03:30:00,145.21894999999995
2019-07-23 03:45:00,145.18774999999994
2019-07-23 04:00:00,145.21894999999995
2019-07-23 04:15:00,145.21894999999995
2019-07-23 04:30:00,145.21894999999995
2019-07-23 04:45:00,145.21894999999995
2019-07-23 05:15:00,145.21894999999995
2019-07-23 05:30:00,145.21894999999995
2019-07-23 05:45:00,145.25024999999994
2019-07-23 06:15:00,145.21894999999995
2019-07-23 06:30:00,145.18774999999994
2019-07-23 06:45:00,145.25024999999994
2019-07-23 07:00:00,145.28144999999995
2019-07-23 07:15:00,145.21894999999995
2019-07-23 07:30:00,145.25024999999994
2019-07-23 07:45:00,145.21894999999995
2019-07-23 08:00:00,145.28144999999995
2019-07-23 08:15:00,145.31274999999994
2019-07-23 08:30:00,145.34394999999995
2019-07-23 08:45:00,145.31274999999994
2019-07-23 09:00:00,145.31274999999994
2019-07-23 09:15:00,145.25024999999994
2019-07-23 09:30:00,145.15644999999995
2019-07-23 09:45:00,145.15644999999995
2019-07-23 10:00:00,145.18774999999994
2019-07-23 10:15:00,145.21894999999995
2019-07-23 10:30:00,145.25024999999994
2019-07-23 10:45:00,145.25024999999994
2019-07-23 11:00:00,145.28144999999995
2019-07-23 11:15:00,145.34394999999995
2019-07-23 11:30:00,145.40644999999995
2019-07-23 11:45:00,145.40644999999995
2019-07-23 12:00:00,145.31274999999994
2019-07-23 12:15:00,145.28144999999995
2019-07-23 12:30:00,145.28144999999995
2019-07-23 12:45:00,145.34394999999995
2019-07-23 13:00:00,145.46894999999995
2019-07-23 13:15:00,145.40644999999995
2019-07-23 13:30:00,145.43774999999994
2019-07-23 13:45:00,145.34394999999995
2019-07-23 14:00:00,145.18774999999994
2019-07-23 14:15:00,145.12524999999994
2019-07-23 14:30:00,144.84394999999995
2019-07-23 14:45:00,144.87524999999994
2019-07-23 15:00:00,144.96894999999995
2019-07-23 15:15:00,145.09394999999995
2019-07-23 15:30:00,145.25024999999994
2019-07-23 15:45:00,145.25024999999994
2019-07-23 16:00:00,145.25024999999994
2019-07-23 16:15:00,145.28144999999995
2019-07-23 16:30:00,145.21894999999995
2019-07-23 16:45:00,145.15644999999995
2019-07-23 17:00:00,145.12524999999994
2019-07-23 17:15:00,145.03144999999995
2019-07-23 17:30:00,145.00024999999994
2019-07-23 17:45:00,144.93774999999994
2019-07-23 18:00:00,144.96894999999995
2019-07-23 18:15:00,145.00024999999994
2019-07-23 18:30:00,144.84394999999995
2019-07-23 18:45:00,144.81274999999994
2019-07-23 19:00:00,144.81274999999994
2019-07-23 19:15:00,144.81274999999994
2019-07-23 19:30:00,144.75024999999994
2019-07-23 19:45:00,144.81274999999994
2019-07-23 20:00:00,144.81274999999994
2019-07-23 20:15:00,144.84394999999995
2019-07-23 20:30:00,144.84394999999995
2019-07-23 20:45:00,144.93774999999994
2019-07-23 21:00:00,144.84394999999995
2019-07-23 21:15:00,144.65644999999995
2019-07-23 21:30:00,144.68774999999994
2019-07-23 21:45:00,144.62524999999994
2019-07-23 23:00:00,145.25024999999994
2019-07-23 23:15:00,144.59394999999995
2019-07-23 23:30:00,144.62524999999994
2019-07-23 23:45:00,144.59394999999995
2019-07-24 00:00:00,144.62524999999994
2019-07-24 00:15:00,144.62524999999994
2019-07-24 00:30:00,144.62524999999994
2019-07-24 00:45:00,144.59394999999995
2019-07-24 01:00:00,144.65644999999995
2019-07-24 01:15:00,144.71894999999995
2019-07-24 01:30:00,144.71894999999995
2019-07-24 01:45:00,144.78144999999995
2019-07-24 02:00:00,144.75024999999994
2019-07-24 02:15:00,144.71894999999995
2019-07-24 02:30:00,144.71894999999995
2019-07-24 02:45:00,144.68774999999994
2019-07-24 03:00:00,144.71894999999995
2019-07-24 03:15:00,144.65644999999995
2019-07-24 03:30:00,144.71894999999995
2019-07-24 03:45:00,144.68774999999994
2019-07-24 04:00:00,144.75024999999994
2019-07-24 04:15:00,144.75024999999994
2019-07-24 04:30:00,144.75024999999994
2019-07-24 04:45:00,144.78144999999995
2019-07-24 05:15:00,144.75024999999994
2019-07-24 05:30:00,144.78144999999995
2019-07-24 05:45:00,144.75024999999994
2019-07-24 06:15:00,144.71894999999995
2019-07-24 06:30:00,144.75024999999994
2019-07-24 06:45:00,144.75024999999994
2019-07-24 07:00:00,144.71894999999995
2019-07-24 07:15:00,144.65644999999995
2019-07-24 07:30:00,144.68774999999994
2019-07-24 07:45:00,144.75024999999994
2019-07-24 08:00:00,144.68774999999994
2019-07-24 08:15:00,144.93774999999994
2019-07-24 08:30:00,145.21894999999995
2019-07-24 08:45:00,145.25024999999994
2019-07-24 09:00:00,145.12524999999994
2019-07-24 09:15:00,145.18774999999994
2019-07-24 09:30:00,145.12524999999994
2019-07-24 09:45:00,145.09394999999995
2019-07-24 10:00:00,145.09394999999995
2019-07-24 10:15:00,145.09394999999995
2019-07-24 10:30:00,145.18774999999994
2019-07-24 10:45:00,145.15644999999995
2019-07-24 11:00:00,145.06274999999994
2019-07-24 11:15:00,145.09394999999995
2019-07-24 11:30:00,145.12524999999994
2019-07-24 11:45:00,145.06274999999994
2019-07-24 12:00:00,145.06274999999994
2019-07-24 12:15:00,145.03144999999995
2019-07-24 12:30:00,145.15644999999995
2019-07-24 12:45:00,145.12524999999994
2019-07-24 13:00:00,145.18774999999994
2019-07-24 13:15:00,145.28144999999995
2019-07-24 13:30:00,145.31274999999994
2019-07-24 13:45:00,145.31274999999994
2019-07-24 14:00:00,145.28144999999995
2019-07-24 14:15:00,145.28144999999995
2019-07-24 14:30:00,145.21894999999995
2019-07-24 14:45:00,145.46894999999995
2019-07-24 15:00:00,145.40644999999995
2019-07-24 15:15:00,145.34394999999995
2019-07-24 15:30:00,145.31274999999994
2019-07-24 15:45:00,145.28144999999995
2019-07-24 16:00:00,145.31274999999994
2019-07-24 16:15:00,145.28144999999995
2019-07-24 16:30:00,145.28144999999995
2019-07-24 16:45:00,145.28144999999995
2019-07-24 17:00:00,145.25024999999994
2019-07-24 17:15:00,145.25024999999994
2019-07-24 17:30:00,145.28144999999995
2019-07-24 17:45:00,145.31274999999994
2019-07-24 18:00:00,145.25024999999994
2019-07-24 18:15:00,145.37524999999994
2019-07-24 18:30:00,145.31274999999994
2019-07-24 18:45:00,145.31274999999994
2019-07-24 19:00:00,145.25024999999994
2019-07-24 19:15:00,145.25024999999994
2019-07-24 19:30:00,145.31274999999994
2019-07-24 19:45:00,145.34394999999995
2019-07-24 20:00:00,145.37524999999994
2019-07-24 20:15:00,145.37524999999994
2019-07-24 20:30:00,145.31274999999994
2019-07-24 20:45:00,145.34394999999995
2019-07-24 21:00:00,145.43774999999994
2019-07-24 21:15:00,145.40644999999995
2019-07-24 21:30:00,145.40644999999995
2019-07-24 21:45:00,145.43774999999994
2019-07-24 23:00:00,144.71894999999995
2019-07-24 23:15:00,145.46894999999995
2019-07-24 23:30:00,145.43774999999994
2019-07-24 23:45:00,145.40644999999995
2019-07-25 00:00:00,145.37524999999994
2019-07-25 00:15:00,145.40644999999995
2019-07-25 00:30:00,145.43774999999994
2019-07-25 00:45:00,145.40644999999995
2019-07-25 01:00:00,145.43774999999994
2019-07-25 01:15:00,145.37524999999994
2019-07-25 01:30:00,145.34394999999995
2019-07-25 01:45:00,145.34394999999995
2019-07-25 02:00:00,145.34394999999995
2019-07-25 02:15:00,145.34394999999995
2019-07-25 02:30:00,145.34394999999995
2019-07-25 02:45:00,145.34394999999995
2019-07-25 03:00:00,145.34394999999995
2019-07-25 03:15:00,145.34394999999995
2019-07-25 03:30:00,145.34394999999995
2019-07-25 03:45:00,145.34394999999995
2019-07-25 04:00:00,145.40644999999995
2019-07-25 04:15:00,145.34394999999995
2019-07-25 04:30:00,145.37524999999994
2019-07-25 04:45:00,145.34394999999995
2019-07-25 05:15:00,145.34394999999995
2019-07-25 05:30:00,145.34394999999995
2019-07-25 05:45:00,145.37524999999994
2019-07-25 06:15:00,145.40644999999995
2019-07-25 06:30:00,145.40644999999995
2019-07-25 06:45:00,145.37524999999994
2019-07-25 07:00:00,145.43774999999994
2019-07-25 07:15:00,145.43774999999994
2019-07-25 07:30:00,145.50024999999994
2019-07-25 07:45:00,145.50024999999994
2019-07-25 08:00:00,145.62524999999994
2019-07-25 08:15:00,145.68774999999994
2019-07-25 08:30:00,145.71894999999995
2019-07-25 08:45:00,145.75024999999994
2019-07-25 09:00:00,145.68774999999994
2019-07-25 09:15:00,145.68774999999994
2019-07-25 09:30:00,145.65644999999995
2019-07-25 09:45:00,145.65644999999995
2019-07-25 10:00:00,145.68774999999994
2019-07-25 10:15:00,145.65644999999995
2019-07-25 10:30:00,145.68774999999994
2019-07-25 10:45:00,145.68774999999994
2019-07-25 11:00:00,145.62524999999994
2019-07-25 11:15:00,145.65644999999995
2019-07-25 11:30:00,145.68774999999994
2019-07-25 11:45:00,145.71894999999995
2019-07-25 12:00:00,145.75024999999994
2019-07-25 12:15:00,145.75024999999994
2019-07-25 12:30:00,145.78144999999995
2019-07-25 12:45:00,145.90644999999995
2019-07-25 13:00:00,146.00024999999994
2019-07-25 13:15:00,146.03144999999995
2019-07-25 13:30:00,145.65644999999995
2019-07-25 13:45:00,145.25024999999994
2019-07-25 14:00:00,145.03144999999995
2019-07-25 14:15:00,144.93774999999994
2019-07-25 14:30:00,144.65644999999995
2019-07-25 14:45:00,144.37524999999994
2019-07-25 15:00:00,144.46894999999995
2019-07-25 15:15:00,144.65644999999995
2019-07-25 15:30:00,144.90644999999995
2019-07-25 15:45:00,144.68774999999994
2019-07-25 16:00:00,144.78144999999995
2019-07-25 16:15:00,144.81274999999994
2019-07-25 16:30:00,144.81274999999994
2019-07-25 16:45:00,144.68774999999994
2019-07-25 17:00:00,144.59394999999995
2019-07-25 17:15:00,144.59394999999995
2019-07-25 17:30:00,144.71894999999995
2019-07-25 17:45:00,144.75024999999994
2019-07-25 18:00:00,144.71894999999995
2019-07-25 18:15:00,144.78144999999995
2019-07-25 18:30:00,144.81274999999994
2019-07-25 18:45:00,144.90644999999995
2019-07-25 19:00:00,144.87524999999994
2019-07-25 19:15:00,144.93774999999994
2019-07-25 19:30:00,144.75024999999994
2019-07-25 19:45:00,144.87524999999994
2019-07-25 20:00:00,144.81274999999994
2019-07-25 20:15:00,144.87524999999994
2019-07-25 20:30:00,144.84394999999995
2019-07-25 20:45:00,144.84394999999995
2019-07-25 21:00:00,144.78144999999995
2019-07-25 21:15:00,144.68774999999994
2019-07-25 21:30:00,144.71894999999995
2019-07-25 21:45:00,144.71894999999995
2019-07-25 23:00:00,145.40644999999995
2019-07-25 23:15:00,144.75024999999994
2019-07-25 23:30:00,144.75024999999994
2019-07-25 23:45:00,144.84394999999995
2019-07-26 00:00:00,144.81274999999994
2019-07-26 00:15:00,144.81274999999994
2019-07-26 00:30:00,144.71894999999995
2019-07-26 00:45:00,144.75024999999994
2019-07-26 01:00:00,144.96894999999995
2019-07-26 01:15:00,144.93774999999994
2019-07-26 01:30:00,144.87524999999994
2019-07-26 01:45:00,144.87524999999994
2019-07-26 02:00:00,144.93774999999994
2019-07-26 02:15:00,144.93774999999994
2019-07-26 02:30:00,144.96894999999995
2019-07-26 02:45:00,144.96894999999995
2019-07-26 03:00:00,144.93774999999994
2019-07-26 03:15:00,145.00024999999994
2019-07-26 03:30:00,144.96894999999995
2019-07-26 03:45:00,144.96894999999995
2019-07-26 04:00:00,144.96894999999995
2019-07-26 04:15:00,144.96894999999995
2019-07-26 04:30:00,144.96894999999995
2019-07-26 04:45:00,144.93774999999994
2019-07-26 05:15:00,144.90644999999995
2019-07-26 05:30:00,144.93774999999994
2019-07-26 05:45:00,144.93774999999994
2019-07-26 06:15:00,144.84394999999995
2019-07-26 06:30:00,144.87524999999994
2019-07-26 06:45:00,144.84394999999995
2019-07-26 07:00:00,144.84394999999995
2019-07-26 07:15:00,144.93774999999994
2019-07-26 07:30:00,145.00024999999994
2019-07-26 07:45:00,145.00024999999994
2019-07-26 08:00:00,145.03144999999995
2019-07-26 08:15:00,144.96894999999995
2019-07-26 08:30:00,144.93774999999994
2019-07-26 08:45:00,145.00024999999994
2019-07-26 09:00:00,144.87524999999994
2019-07-26 09:15:00,144.78144999999995
2019-07-26 09:30:00,144.81274999999994
2019-07-26 09:45:00,144.87524999999994
2019-07-26 10:00:00,144.87524999999994
2019-07-26 10:15:00,145.00024999999994
2019-07-26 10:30:00,144.96894999999995
2019-07-26 10:45:00,145.00024999999994
2019-07-26 11:00:00,145.03144999999995
2019-07-26 11:15:00,145.00024999999994
2019-07-26 11:30:00,145.03144999999995
2019-07-26 11:45:00,145.03144999999995
2019-07-26 12:00:00,145.03144999999995
2019-07-26 12:15:00,145.06274999999994
2019-07-26 12:30:00,145.03144999999995
2019-07-26 12:45:00,144.96894999999995
2019-07-26 13:00:00,145.06274999999994
2019-07-26 13:15:00,144.78144999999995
2019-07-26 13:30:00,144.75024999999994
2019-07-26 13:45:00,144.90644999999995
2019-07-26 14:00:00,145.00024999999994
2019-07-26 14:15:00,145.15644999999995
2019-07-26 14:30:00,145.15644999999995
2019-07-26 14:45:00,144.93774999999994
2019-07-26 15:00:00,144.96894999999995
2019-07-26 15:15:00,144.87524999999994
2019-07-26 15:30:00,144.93774999999994
2019-07-26 15:45:00,144.90644999999995
2019-07-26 16:00:00,145.09394999999995
2019-07-26 16:15:00,145.09394999999995
2019-07-26 16:30:00,145.00024999999994
2019-07-26 16:45:00,144.96894999999995
2019-07-26 17:00:00,145.00024999999994
2019-07-26 17:15:00,144.93774999999994
2019-07-26 17:30:00,144.93774999999994
2019-07-26 17:45:00,144.87524999999994
2019-07-26 18:00:00,145.00024999999994
2019-07-26 18:15:00,144.93774999999994
2019-07-26 18:30:00,144.93774999999994
2019-07-26 18:45:00,144.96894999999995
2019-07-26 19:00:00,144.93774999999994
2019-07-26 19:15:00,144.90644999999995
2019-07-26 19:30:00,144.90644999999995
2019-07-26 19:45:00,144.90644999999995
2019-07-26 20:00:00,145.00024999999994
2019-07-26 20:15:00,145.00024999999994
2019-07-26 20:30:00,145.03144999999995
2019-07-26 20:45:00,145.00024999999994
2019-07-26 21:00:00,145.00024999999994
2019-07-26 21:15:00,145.00024999999994
2019-07-26 21:30:00,144.96894999999995
2019-07-26 21:45:00,145.03144999999995
2019-07-26 23:00:00,144.90644999999995
2019-07-28 23:00:00,145.06274999999994
2019-07-28 23:15:00,145.03144999999995
2019-07-28 23:30:00,145.06274999999994
2019-07-28 23:45:00,145.09394999999995
2019-07-29 00:00:00,145.06274999999994
2019-07-29 00:15:00,145.06274999999994
2019-07-29 00:30:00,145.09394999999995
2019-07-29 00:45:00,145.06274999999994
2019-07-29 01:00:00,145.12524999999994
2019-07-29 01:15:00,145.12524999999994
2019-07-29 01:30:00,145.15644999999995
2019-07-29 01:45:00,145.15644999999995
2019-07-29 02:00:00,145.18774999999994
2019-07-29 02:15:00,145.18774999999994
2019-07-29 02:30:00,145.15644999999995
2019-07-29 02:45:00,145.15644999999995
2019-07-29 03:00:00,145.18774999999994
2019-07-29 03:15:00,145.15644999999995
2019-07-29 03:30:00,145.15644999999995
2019-07-29 03:45:00,145.15644999999995
2019-07-29 04:00:00,145.18774999999994
2019-07-29 04:15:00,145.18774999999994
2019-07-29 04:30:00,145.15644999999995
2019-07-29 04:45:00,145.15644999999995
2019-07-29 05:15:00,145.12524999999994
2019-07-29 05:30:00,145.09394999999995
2019-07-29 05:45:00,145.09394999999995
2019-07-29 06:15:00,145.09394999999995
2019-07-29 06:30:00,145.06274999999994
2019-07-29 06:45:00,145.09394999999995
2019-07-29 07:00:00,145.06274999999994
2019-07-29 07:15:00,145.12524999999994
2019-07-29 07:30:00,145.09394999999995
2019-07-29 07:45:00,145.25024999999994
2019-07-29 08:00:00,145.31274999999994
2019-07-29 08:15:00,145.28144999999995
2019-07-29 08:30:00,145.25024999999994
2019-07-29 08:45:00,145.25024999999994
2019-07-29 09:00:00,145.28144999999995
2019-07-29 09:15:00,145.21894999999995
2019-07-29 09:30:00,145.25024999999994
2019-07-29 09:45:00,145.25024999999994
2019-07-29 10:00:00,145.28144999999995
2019-07-29 10:15:00,145.18774999999994
2019-07-29 10:30:00,145.25024999999994
2019-07-29 10:45:00,145.25024999999994
2019-07-29 11:00:00,145.28144999999995
2019-07-29 11:15:00,145.31274999999994
2019-07-29 11:30:00,145.31274999999994
2019-07-29 11:45:00,145.37524999999994
2019-07-29 12:00:00,145.46894999999995
2019-07-29 12:15:00,145.37524999999994
2019-07-29 12:30:00,145.34394999999995
2019-07-29 12:45:00,145.34394999999995
2019-07-29 13:00:00,145.34394999999995
2019-07-29 13:15:00,145.37524999999994
2019-07-29 13:30:00,145.34394999999995
2019-07-29 13:45:00,145.43774999999994
2019-07-29 14:00:00,145.40644999999995
2019-07-29 14:15:00,145.34394999999995
2019-07-29 14:30:00,145.37524999999994
2019-07-29 14:45:00,145.34394999999995
2019-07-29 15:00:00,145.31274999999994
2019-07-29 15:15:00,145.25024999999994
2019-07-29 15:30:00,145.21894999999995
2019-07-29 15:45:00,145.18774999999994
2019-07-29 16:00:00,145.06274999999994
2019-07-29 16:15:00,145.06274999999994
2019-07-29 16:30:00,145.15644999999995
2019-07-29 16:45:00,145.18774999999994
2019-07-29 17:00:00,145.21894999999995
2019-07-29 17:15:00,145.28144999999995
2019-07-29 17:30:00,145.31274999999994
2019-07-29 17:45:00,145.31274999999994
2019-07-29 18:00:00,145.28144999999995
2019-07-29 18:15:00,145.34394999999995
2019-07-29 18:30:00,145.40644999999995
2019-07-29 18:45:00,145.40644999999995
2019-07-29 19:00:00,145.34394999999995
2019-07-29 19:15:00,145.28144999999995
2019-07-29 19:30:00,145.21894999999995
2019-07-29 19:45:00,145.28144999999995
2019-07-29 20:00:00,145.25024999999994
2019-07-29 20:15:00,145.25024999999994
2019-07-29 20:30:00,145.09394999999995
2019-07-29 20:45:00,145.09394999999995
2019-07-29 21:00:00,145.21894999999995
2019-07-29 21:15:00,145.18774999999994
2019-07-29 21:30:00,145.15644999999995
2019-07-29 21:45:00,145.12524999999994
2019-07-29 23:00:00,145.09394999999995
2019-07-29 23:15:00,145.15644999999995
2019-07-29 23:30:00,145.18774999999994
2019-07-29 23:45:00,145.15644999999995
2019-07-30 00:00:00,145.15644999999995
2019-07-30 00:15:00,145.18774999999994
2019-07-30 00:30:00,145.15644999999995
2019-07-30 00:45:00,145.25024999999994
2019-07-30 01:00:00,145.15644999999995
2019-07-30 01:15:00,145.12524999999994
2019-07-30 01:30:00,145.15644999999995
2019-07-30 01:45:00,145.15644999999995
2019-07-30 02:00:00,145.15644999999995
2019-07-30 02:15:00,145.12524999999994
2019-07-30 02:30:00,145.15644999999995
2019-07-30 02:45:00,145.15644999999995
2019-07-30 03:00:00,145.15644999999995
2019-07-30 03:15:00,145.15644999999995
2019-07-30 03:30:00,145.15644999999995
2019-07-30 03:45:00,145.18774999999994
2019-07-30 04:00:00,145.15644999999995
2019-07-30 04:15:00,145.15644999999995
2019-07-30 04:30:00,145.15644999999995
2019-07-30 04:45:00,145.18774999999994
2019-07-30 05:15:00,145.21894999999995
2019-07-30 05:30:00,145.18774999999994
2019-07-30 05:45:00,145.18774999999994
2019-07-30 06:15:00,145.18774999999994
2019-07-30 06:30:00,145.18774999999994
2019-07-30 06:45:00,145.21894999999995
2019-07-30 07:00:00,145.21894999999995
2019-07-30 07:15:00,145.21894999999995
2019-07-30 07:30:00,145.31274999999994
2019-07-30 07:45:00,145.31274999999994
2019-07-30 08:00:00,145.25024999999994
2019-07-30 08:15:00,145.25024999999994
2019-07-30 08:30:00,145.21894999999995
2019-07-30 08:45:00,145.31274999999994
2019-07-30 09:00:00,145.31274999999994
2019-07-30 09:15:00,145.34394999999995
2019-07-30 09:30:00,145.37524999999994
2019-07-30 09:45:00,145.37524999999994
2019-07-30 10:00:00,145.43774999999994
2019-07-30 10:15:00,145.40644999999995
2019-07-30 10:30:00,145.37524999999994
2019-07-30 10:45:00,145.37524999999994
2019-07-30 11:00:00,145.34394999999995
2019-07-30 11:15:00,145.31274999999994
2019-07-30 11:30:00,145.34394999999995
2019-07-30 11:45:00,145.31274999999994
2019-07-30 12:00:00,145.46894999999995
2019-07-30 12:15:00,145.50024999999994
2019-07-30 12:30:00,145.43774999999994
2019-07-30 12:45:00,145.37524999999994
2019-07-30 13:00:00,145.37524999999994
2019-07-30 13:15:00,145.50024999999994
2019-07-30 13:30:00,145.28144999999995
2019-07-30 13:45:00,145.31274999999994
2019-07-30 14:00:00,145.34394999999995
2019-07-30 14:15:00,145.43774999999994
2019-07-30 14:30:00,145.50024999999994
2019-07-30 14:45:00,145.43774999999994
2019-07-30 15:00:00,145.21894999999995
2019-07-30 15:15:00,145.40644999999995
2019-07-30 15:30:00,145.28144999999995
2019-07-30 15:45:00,145.21894999999995
2019-07-30 16:00:00,145.18774999999994
2019-07-30 16:15:00,145.03144999999995
2019-07-30 16:30:00,145.00024999999994
2019-07-30 16:45:00,145.09394999999995
2019-07-30 17:00:00,145.15644999999995
2019-07-30 17:15:00,145.09394999999995
2019-07-30 17:30:00,145.03144999999995
2019-07-30 17:45:00,145.12524999999994
2019-07-30 18:00:00,145.12524999999994
2019-07-30 18:15:00,145.18774999999994
2019-07-30 18:30:00,145.15644999999995
2019-07-30 18:45:00,145.15644999999995
2019-07-30 19:00:00,145.18774999999994
2019-07-30 19:15:00,145.18774999999994
2019-07-30 19:30:00,145.18774999999994
2019-07-30 19:45:00,145.21894999999995
2019-07-30 20:00:00,145.28144999999995
2019-07-30 20:15:00,145.31274999999994
2019-07-30 20:30:00,145.34394999999995
2019-07-30 20:45:00,145.34394999999995
2019-07-30 21:00:00,145.31274999999994
2019-07-30 21:15:00,145.31274999999994
2019-07-30 21:30:00,145.28144999999995
2019-07-30 21:45:00,145.28144999999995
2019-07-30 23:00:00,145.18774999999994
2019-07-30 23:15:00,145.31274999999994
2019-07-30 23:30:00,145.34394999999995
2019-07-30 23:45:00,145.28144999999995
2019-07-31 00:00:00,145.28144999999995
2019-07-31 00:15:00,145.31274999999994
2019-07-31 00:30:00,145.28144999999995
2019-07-31 00:45:00,145.28144999999995
2019-07-31 01:00:00,145.31274999999994
2019-07-31 01:15:00,145.31274999999994
2019-07-31 01:30:00,145.31274999999994
2019-07-31 01:45:00,145.31274999999994
2019-07-31 02:00:00,145.28144999999995
2019-07-31 02:15:00,145.34394999999995
2019-07-31 02:30:00,145.31274999999994
2019-07-31 02:45:00,145.34394999999995
2019-07-31 03:00:00,145.40644999999995
2019-07-31 03:15:00,145.34394999999995
2019-07-31 03:30:00,145.34394999999995
2019-07-31 03:45:00,145.31274999999994
2019-07-31 04:00:00,145.37524999999994
2019-07-31 04:15:00,145.37524999999994
2019-07-31 04:30:00,145.31274999999994
2019-07-31 04:45:00,145.31274999999994
2019-07-31 05:15:00,145.34394999999995
2019-07-31 05:30:00,145.31274999999994
2019-07-31 05:45:00,145.31274999999994
2019-07-31 06:15:00,145.34394999999995
2019-07-31 06:30:00,145.34394999999995
2019-07-31 06:45:00,145.34394999999995
2019-07-31 07:00:00,145.34394999999995
2019-07-31 07:15:00,145.46894999999995
2019-07-31 07:30:00,145.46894999999995
2019-07-31 07:45:00,145.40644999999995
2019-07-31 08:00:00,145.43774999999994
2019-07-31 08:15:00,145.40644999999995
2019-07-31 08:30:00,145.37524999999994
2019-07-31 08:45:00,145.34394999999995
2019-07-31 09:00:00,145.34394999999995
2019-07-31 09:15:00,145.40644999999995
2019-07-31 09:30:00,145.43774999999994
2019-07-31 09:45:00,145.40644999999995
2019-07-31 10:00:00,145.40644999999995
2019-07-31 10:15:00,145.31274999999994
2019-07-31 10:30:00,145.37524999999994
2019-07-31 10:45:00,145.37524999999994
2019-07-31 11:00:00,145.43774999999994
2019-07-31 11:15:00,145.46894999999995
2019-07-31 11:30:00,145.50024999999994
2019-07-31 11:45:00,145.50024999999994
2019-07-31 12:00:00,145.56274999999994
2019-07-31 12:15:00,145.50024999999994
2019-07-31 12:30:00,145.46894999999995
2019-07-31 12:45:00,145.43774999999994
2019-07-31 13:00:00,145.43774999999994
2019-07-31 13:15:00,145.25024999999994
2019-07-31 13:30:00,145.31274999999994
2019-07-31 13:45:00,145.40644999999995
2019-07-31 14:00:00,145.18774999999994
2019-07-31 14:15:00,145.18774999999994
2019-07-31 14:30:00,145.40644999999995
2019-07-31 14:45:00,145.43774999999994
2019-07-31 15:00:00,145.50024999999994
2019-07-31 15:15:00,145.53144999999995
2019-07-31 15:30:00,145.56274999999994
2019-07-31 15:45:00,145.65644999999995
2019-07-31 16:00:00,145.62524999999994
2019-07-31 16:15:00,145.81274999999994
2019-07-31 16:30:00,145.75024999999994
2019-07-31 16:45:00,145.75024999999994
2019-07-31 17:00:00,145.78144999999995
2019-07-31 17:15:00,145.78144999999995
2019-07-31 17:30:00,145.71894999999995
2019-07-31 17:45:00,145.81274999999994
2019-07-31 18:00:00,145.81274999999994
2019-07-31 18:15:00,145.81274999999994
2019-07-31 18:30:00,145.81274999999994
2019-07-31 18:45:00,145.78144999999995
2019-07-31 19:00:00,146.12524999999994
2019-07-31 19:15:00,146.21894999999995
2019-07-31 19:30:00,145.87524999999994
2019-07-31 19:45:00,146.25024999999994
2019-07-31 20:00:00,146.34394999999995
2019-07-31 20:15:00,146.25024999999994
2019-07-31 20:30:00,146.18774999999994
2019-07-31 20:45:00,146.15644999999995
2019-07-31 21:00:00,146.31274999999994
2019-07-31 21:15:00,146.34394999999995
2019-07-31 21:30:00,146.37524999999994
2019-07-31 21:45:00,146.21894999999995
2019-07-31 23:00:00,145.31274999999994
2019-07-31 23:15:00,146.28144999999995
2019-07-31 23:30:00,146.25024999999994
2019-07-31 23:45:00,146.18774999999994
2019-08-01 00:00:00,146.15644999999995
2019-08-01 00:15:00,146.15644999999995
2019-08-01 00:30:00,146.06274999999994
2019-08-01 00:45:00,146.06274999999994
2019-08-01 01:00:00,145.96894999999995
2019-08-01 01:15:00,145.81274999999994
2019-08-01 01:30:00,145.75024999999994
2019-08-01 01:45:00,145.84394999999995
2019-08-01 02:00:00,145.93774999999994
2019-08-01 02:15:00,145.90644999999995
2019-08-01 02:30:00,145.93774999999994
2019-08-01 02:45:00,145.96894999999995
2019-08-01 03:00:00,146.00024999999994
2019-08-01 03:15:00,145.93774999999994
2019-08-01 03:30:00,145.96894999999995
2019-08-01 03:45:00,145.93774999999994
2019-08-01 04:00:00,145.90644999999995
2019-08-01 04:15:00,145.90644999999995
2019-08-01 04:30:00,145.96894999999995
2019-08-01 04:45:00,146.00024999999994
2019-08-01 05:15:00,146.00024999999994
2019-08-01 05:30:00,146.00024999999994
2019-08-01 05:45:00,146.03144999999995
2019-08-01 06:15:00,145.90644999999995
2019-08-01 06:30:00,145.84394999999995
2019-08-01 06:45:00,145.78144999999995
2019-08-01 07:00:00,145.71894999999995
2019-08-01 07:15:00,145.56274999999994
2019-08-01 07:30:00,145.65644999999995
2019-08-01 07:45:00,145.56274999999994
2019-08-01 08:00:00,145.56274999999994
2019-08-01 08:15:00,145.65644999999995
2019-08-01 08:30:00,145.65644999999995
2019-08-01 08:45:00,145.56274999999994
2019-08-01 09:00:00,145.59394999999995
2019-08-01 09:15:00,145.56274999999994
2019-08-01 09:30:00,145.56274999999994
2019-08-01 09:45:00,145.53144999999995
2019-08-01 10:00:00,145.56274999999994
2019-08-01 10:15:00,145.65644999999995
2019-08-01 10:30:00,145.65644999999995
2019-08-01 10:45:00,145.75024999999994
2019-08-01 11:00:00,145.84394999999995
2019-08-01 11:15:00,145.90644999999995
2019-08-01 11:30:00,145.90644999999995
2019-08-01 11:45:00,145.87524999999994
2019-08-01 12:00:00,145.81274999999994
2019-08-01 12:15:00,145.87524999999994
2019-08-01 12:30:00,145.90644999999995
2019-08-01 12:45:00,145.81274999999994
2019-08-01 13:00:00,146.00024999999994
2019-08-01 13:15:00,146.31274999999994
2019-08-01 13:30:00,146.50024999999994
2019-08-01 13:45:00,146.56274999999994
2019-08-01 14:00:00,146.59394999999995
2019-08-01 14:15:00,146.68774999999994
2019-08-01 14:30:00,146.81274999999994
2019-08-01 14:45:00,146.71894999999995
2019-08-01 15:00:00,146.81274999999994
2019-08-01 15:15:00,146.93774999999994
2019-08-01 15:30:00,147.25024999999994
2019-08-01 15:45:00,147.53144999999995
2019-08-01 16:00:00,147.31274999999994
2019-08-01 16:15:00,147.37524999999994
2019-08-01 16:30:00,147.37524999999994
2019-08-01 16:45:00,147.25024999999994
2019-08-01 17:00:00,147.28144999999995
2019-08-01 17:15:00,147.34394999999995
2019-08-01 17:30:00,147.40644999999995
2019-08-01 17:45:00,147.37524999999994
2019-08-01 18:00:00,147.37524999999994
2019-08-01 18:15:00,148.03144999999995
2019-08-01 18:30:00,148.40644999999995
2019-08-01 18:45:00,148.25024999999994
2019-08-01 19:00:00,148.00024999999994
2019-08-01 19:15:00,148.25024999999994
2019-08-01 19:30:00,148.31274999999994
2019-08-01 19:45:00,148.21894999999995
2019-08-01 20:00:00,148.50024999999994
2019-08-01 20:15:00,148.25024999999994
2019-08-01 20:30:00,148.40644999999995
2019-08-01 20:45:00,148.50024999999994
2019-08-01 21:00:00,148.34394999999995
2019-08-01 21:15:00,147.96894999999995
2019-08-01 21:30:00,148.09394999999995
2019-08-01 21:45:00,148.18774999999994
2019-08-01 23:00:00,145.93774999999994
2019-08-01 23:15:00,148.15644999999995
2019-08-01 23:30:00,148.12524999999994
2019-08-01 23:45:00,148.18774999999994
2019-08-02 00:00:00,148.18774999999994
2019-08-02 00:15:00,148.25024999999994
2019-08-02 00:30:00,148.15644999999995
2019-08-02 00:45:00,148.15644999999995
2019-08-02 01:00:00,148.03144999999995
2019-08-02 01:15:00,148.25024999999994
2019-08-02 01:30:00,148.28144999999995
2019-08-02 01:45:00,148.50024999999994
2019-08-02 02:00:00,148.50024999999994
2019-08-02 02:15:00,148.50024999999994
2019-08-02 02:30:00,148.40644999999995
2019-08-02 02:45:00,148.31274999999994
2019-08-02 03:00:00,148.43774999999994
2019-08-02 03:15:00,148.43774999999994
2019-08-02 03:30:00,148.53144999999995
2019-08-02 03:45:00,148.53144999999995
2019-08-02 04:00:00,148.59394999999995
2019-08-02 04:15:00,148.56274999999994
2019-08-02 04:30:00,148.59394999999995
2019-08-02 04:45:00,148.59394999999995
2019-08-02 05:15:00,148.53144999999995
2019-08-02 05:30:00,148.46894999999995
2019-08-02 05:45:00,148.46894999999995
2019-08-02 06:15:00,148.50024999999994
2019-08-02 06:30:00,148.40644999999995
2019-08-02 06:45:00,148.40644999999995
2019-08-02 07:00:00,148.37524999999994
2019-08-02 07:15:00,148.40644999999995
2019-08-02 07:30:00,148.71894999999995
2019-08-02 07:45:00,149.15644999999995
2019-08-02 08:00:00,149.12524999999994
2019-08-02 08:15:00,149.28144999999995
2019-08-02 08:30:00,149.28144999999995
2019-08-02 08:45:00,149.31274999999994
2019-08-02 09:00:00,149.40644999999995
2019-08-02 09:15:00,149.21894999999995
2019-08-02 09:30:00,149.03144999999995
2019-08-02 09:45:00,149.21894999999995
2019-08-02 10:00:00,149.18774999999994
2019-08-02 10:15:00,149.09394999999995
2019-08-02 10:30:00,149.03144999999995
2019-08-02 10:45:00,149.21894999999995
2019-08-02 11:00:00,149.31274999999994
2019-08-02 11:15:00,149.43774999999994
2019-08-02 11:30:00,149.21894999999995
2019-08-02 11:45:00,149.06274999999994
2019-08-02 12:00:00,149.03144999999995
2019-08-02 12:15:00,149.00024999999994
2019-08-02 12:30:00,148.93774999999994
2019-08-02 12:45:00,149.03144999999995
2019-08-02 13:00:00,148.87524999999994
2019-08-02 13:15:00,148.59394999999995
2019-08-02 13:30:00,148.65644999999995
2019-08-02 13:45:00,148.40644999999995
2019-08-02 14:00:00,148.59394999999995
2019-08-02 14:15:00,148.68774999999994
2019-08-02 14:30:00,148.81274999999994
2019-08-02 14:45:00,148.59394999999995
2019-08-02 15:00:00,148.75024999999994
2019-08-02 15:15:00,148.78144999999995
2019-08-02 15:30:00,148.96894999999995
2019-08-02 15:45:00,149.25024999999994
2019-08-02 16:00:00,148.68774999999994
2019-08-02 16:15:00,148.84394999999995
2019-08-02 16:30:00,148.96894999999995
2019-08-02 16:45:00,148.84394999999995
2019-08-02 17:00:00,148.62524999999994
2019-08-02 17:15:00,148.59394999999995
2019-08-02 17:30:00,148.71894999999995
2019-08-02 17:45:00,148.87524999999994
2019-08-02 18:00:00,148.87524999999994
2019-08-02 18:15:00,148.81274999999994
2019-08-02 18:30:00,148.90644999999995
2019-08-02 18:45:00,148.81274999999994
2019-08-02 19:00:00,148.81274999999994
2019-08-02 19:15:00,148.90644999999995
2019-08-02 19:30:00,148.78144999999995
2019-08-02 19:45:00,149.09394999999995
2019-08-02 20:00:00,149.12524999999994
2019-08-02 20:15:00,149.18774999999994
2019-08-02 20:30:00,149.09394999999995
2019-08-02 20:45:00,149.31274999999994
2019-08-02 21:00:00,149.34394999999995
2019-08-02 21:15:00,149.40644999999995
2019-08-02 21:30:00,149.40644999999995
2019-08-02 21:45:00,149.28144999999995
2019-08-02 23:00:00,148.50024999999994
2019-08-04 23:00:00,149.21894999999995
2019-08-04 23:15:00,149.21894999999995
2019-08-04 23:30:00,149.09394999999995
2019-08-04 23:45:00,149.18774999999994
2019-08-05 00:00:00,149.21894999999995
2019-08-05 00:15:00,149.21894999999995
2019-08-05 00:30:00,149.15644999999995
2019-08-05 00:45:00,149.15644999999995
2019-08-05 01:00:00,149.25024999999994
2019-08-05 01:15:00,149.25024999999994
2019-08-05 01:30:00,149.21894999999995
2019-08-05 01:45:00,149.28144999999995
2019-08-05 02:00:00,149.18774999999994
2019-08-05 02:15:00,149.96894999999995
2019-08-05 02:30:00,150.15644999999995
2019-08-05 02:45:00,150.15644999999995
2019-08-05 03:00:00,150.21894999999995
2019-08-05 03:15:00,150.53144999999995
2019-08-05 03:30:00,150.53144999999995
2019-08-05 03:45:00,150.75024999999994
2019-08-05 04:00:00,150.78144999999995
2019-08-05 04:15:00,150.84394999999995
2019-08-05 04:30:00,150.75024999999994
2019-08-05 04:45:00,150.65644999999995
2019-08-05 05:15:00,150.65644999999995
2019-08-05 05:30:00,150.68774999999994
2019-08-05 05:45:00,150.59394999999995
2019-08-05 06:15:00,150.59394999999995
2019-08-05 06:30:00,150.65644999999995
2019-08-05 06:45:00,150.59394999999995
2019-08-05 07:00:00,150.78144999999995
2019-08-05 07:15:00,150.75024999999994
2019-08-05 07:30:00,150.96894999999995
2019-08-05 07:45:00,151.15644999999995
2019-08-05 08:00:00,150.81274999999994
2019-08-05 08:15:00,150.68774999999994
2019-08-05 08:30:00,150.81274999999994
2019-08-05 08:45:00,150.71894999999995
2019-08-05 09:00:00,150.96894999999995
2019-08-05 09:15:00,151.00024999999994
2019-08-05 09:30:00,150.87524999999994
2019-08-05 09:45:00,151.15644999999995
2019-08-05 10:00:00,151.09394999999995
2019-08-05 10:15:00,151.06274999999994
2019-08-05 10:30:00,150.81274999999994
2019-08-05 10:45:00,150.84394999999995
2019-08-05 11:00:00,150.84394999999995
2019-08-05 11:15:00,150.87524999999994
2019-08-05 11:30:00,150.87524999999994
2019-08-05 11:45:00,150.75024999999994
2019-08-05 12:00:00,150.78144999999995
2019-08-05 12:15:00,150.96894999999995
2019-08-05 12:30:00,150.71894999999995
2019-08-05 12:45:00,150.78144999999995
2019-08-05 13:00:00,150.93774999999994
2019-08-05 13:15:00,150.50024999999994
2019-08-05 13:30:00,150.34394999999995
2019-08-05 13:45:00,150.46894999999995
2019-08-05 14:00:00,150.78144999999995
2019-08-05 14:15:00,150.71894999999995
2019-08-05 14:30:00,150.84394999999995
2019-08-05 14:45:00,150.75024999999994
2019-08-05 15:00:00,150.78144999999995
2019-08-05 15:15:00,150.68774999999994
2019-08-05 15:30:00,150.93774999999994
2019-08-05 15:45:00,150.62524999999994
2019-08-05 16:00:00,150.56274999999994
2019-08-05 16:15:00,150.40644999999995
2019-08-05 16:30:00,150.59394999999995
2019-08-05 16:45:00,150.75024999999994
2019-08-05 17:00:00,150.75024999999994
2019-08-05 17:15:00,151.03144999999995
2019-08-05 17:30:00,151.12524999999994
2019-08-05 17:45:00,151.28144999999995
2019-08-05 18:00:00,151.06274999999994
2019-08-05 18:15:00,151.15644999999995
2019-08-05 18:30:00,151.31274999999994
2019-08-05 18:45:00,151.28144999999995
2019-08-05 19:00:00,151.09394999999995
2019-08-05 19:15:00,151.18774999999994
2019-08-05 19:30:00,151.15644999999995
2019-08-05 19:45:00,151.25024999999994
2019-08-05 20:00:00,151.15644999999995
2019-08-05 20:15:00,151.06274999999994
2019-08-05 20:30:00,151.12524999999994
2019-08-05 20:45:00,151.28144999999995
2019-08-05 21:00:00,151.43774999999994
2019-08-05 21:15:00,151.65644999999995
2019-08-05 21:30:00,151.68774999999994
2019-08-05 21:45:00,151.84394999999995
2019-08-05 23:00:00,150.50024999999994
2019-08-05 23:15:00,152.18774999999994
2019-08-05 23:30:00,152.15644999999995
2019-08-05 23:45:00,152.25024999999994
2019-08-06 00:00:00,152.12524999999994
2019-08-06 00:15:00,152.18774999999994
2019-08-06 00:30:00,152.31274999999994
2019-08-06 00:45:00,152.43774999999994
2019-08-06 01:00:00,152.25024999999994
2019-08-06 01:15:00,152.28144999999995
2019-08-06 01:30:00,152.15644999999995
2019-08-06 01:45:00,152.06274999999994
2019-08-06 02:00:00,151.96894999999995
2019-08-06 02:15:00,151.56274999999994
2019-08-06 02:30:00,151.56274999999994
2019-08-06 02:45:00,151.46894999999995
2019-08-06 03:00:00,151.59394999999995
2019-08-06 03:15:00,151.68774999999994
2019-08-06 03:30:00,151.62524999999994
2019-08-06 03:45:00,151.53144999999995
2019-08-06 04:00:00,151.46894999999995
2019-08-06 04:15:00,151.43774999999994
2019-08-06 04:30:00,151.37524999999994
2019-08-06 04:45:00,151.09394999999995
2019-08-06 05:15:00,150.75024999999994
2019-08-06 05:30:00,150.96894999999995
2019-08-06 05:45:00,151.09394999999995
2019-08-06 06:15:00,150.87524999999994
2019-08-06 06:30:00,150.84394999999995
2019-08-06 06:45:00,150.87524999999994
2019-08-06 07:00:00,151.06274999999994
2019-08-06 07:15:00,151.03144999999995
2019-08-06 07:30:00,151.15644999999995
2019-08-06 07:45:00,150.96894999999995
2019-08-06 08:00:00,150.87524999999994
2019-08-06 08:15:00,150.84394999999995
2019-08-06 08:30:00,150.68774999999994
2019-08-06 08:45:00,150.81274999999994
2019-08-06 09:00:00,150.78144999999995
2019-08-06 09:15:00,150.71894999999995
2019-08-06 09:30:00,150.81274999999994
2019-08-06 09:45:00,150.90644999999995
2019-08-06 10:00:00,150.75024999999994
2019-08-06 10:15:00,150.84394999999995
2019-08-06 10:30:00,150.81274999999994
2019-08-06 10:45:00,150.90644999999995
2019-08-06 11:00:00,151.12524999999994
2019-08-06 11:15:00,151.06274999999994
2019-08-06 11:30:00,151.15644999999995
2019-08-06 11:45:00,151.28144999999995
2019-08-06 12:00:00,151.15644999999995
2019-08-06 12:15:00,151.25024999999994
2019-08-06 12:30:00,150.96894999999995
2019-08-06 12:45:00,150.90644999999995
2019-08-06 13:00:00,151.03144999999995
2019-08-06 13:15:00,151.00024999999994
2019-08-06 13:30:00,150.90644999999995
2019-08-06 13:45:00,151.09394999999995
2019-08-06 14:00:00,150.75024999999994
2019-08-06 14:15:00,150.84394999999995
2019-08-06 14:30:00,150.78144999999995
2019-08-06 14:45:00,150.78144999999995
2019-08-06 15:00:00,150.90644999999995
2019-08-06 15:15:00,151.21894999999995
2019-08-06 15:30:00,151.28144999999995
2019-08-06 15:45:00,151.28144999999995
2019-08-06 16:00:00,151.46894999999995
2019-08-06 16:15:00,151.50024999999994
2019-08-06 16:30:00,151.53144999999995
2019-08-06 16:45:00,151.46894999999995
2019-08-06 17:00:00,151.56274999999994
2019-08-06 17:15:00,151.68774999999994
2019-08-06 17:30:00,151.56274999999994
2019-08-06 17:45:00,151.46894999999995
2019-08-06 18:00:00,151.62524999999994
2019-08-06 18:15:00,151.71894999999995
2019-08-06 18:30:00,151.71894999999995
2019-08-06 18:45:00,151.68774999999994
2019-08-06 19:00:00,151.56274999999994
2019-08-06 19:15:00,151.53144999999995
2019-08-06 19:30:00,151.62524999999994
2019-08-06 19:45:00,151.53144999999995
2019-08-06 20:00:00,151.71894999999995
2019-08-06 20:15:00,151.84394999999995
2019-08-06 20:30:00,151.90644999999995
2019-08-06 20:45:00,152.06274999999994
2019-08-06 21:00:00,152.06274999999994
2019-08-06 21:15:00,152.15644999999995
2019-08-06 21:30:00,152.09394999999995
2019-08-06 21:45:00,152.25024999999994
2019-08-06 23:00:00,151.00024999999994
2019-08-06 23:15:00,152.21894999999995
2019-08-06 23:30:00,152.15644999999995
2019-08-06 23:45:00,152.21894999999995
2019-08-07 00:00:00,152.18774999999994
2019-08-07 00:15:00,152.25024999999994
2019-08-07 00:30:00,152.37524999999994
2019-08-07 00:45:00,152.46894999999995
2019-08-07 01:00:00,152.34394999999995
2019-08-07 01:15:00,152.84394999999995
2019-08-07 01:30:00,152.62524999999994
2019-08-07 01:45:00,152.46894999999995
2019-08-07 02:00:00,152.53144999999995
2019-08-07 02:15:00,152.65644999999995
2019-08-07 02:30:00,152.56274999999994
2019-08-07 02:45:00,152.46894999999995
2019-08-07 03:00:00,152.75024999999994
2019-08-07 03:15:00,152.84394999999995
2019-08-07 03:30:00,152.78144999999995
2019-08-07 03:45:00,152.75024999999994
2019-08-07 04:00:00,152.90644999999995
2019-08-07 04:15:00,153.00024999999994
2019-08-07 04:30:00,152.84394999999995
2019-08-07 04:45:00,152.87524999999994
2019-08-07 05:15:00,152.78144999999995
2019-08-07 05:30:00,152.78144999999995
2019-08-07 05:45:00,152.84394999999995
2019-08-07 06:15:00,152.65644999999995
2019-08-07 06:30:00,152.62524999999994
2019-08-07 06:45:00,152.65644999999995
2019-08-07 07:00:00,152.59394999999995
2019-08-07 07:15:00,152.50024999999994
2019-08-07 07:30:00,152.56274999999994
2019-08-07 07:45:00,152.50024999999994
2019-08-07 08:00:00,152.50024999999994
2019-08-07 08:15:00,152.59394999999995
2019-08-07 08:30:00,152.50024999999994
2019-08-07 08:45:00,152.37524999999994
2019-08-07 09:00:00,152.65644999999995
2019-08-07 09:15:00,152.68774999999994
2019-08-07 09:30:00,152.68774999999994
2019-08-07 09:45:00,152.75024999999994
2019-08-07 10:00:00,152.62524999999994
2019-08-07 10:15:00,152.68774999999994
2019-08-07 10:30:00,152.71894999999995
2019-08-07 10:45:00,152.81274999999994
2019-08-07 11:00:00,152.96894999999995
2019-08-07 11:15:00,152.96894999999995
2019-08-07 11:30:00,153.12524999999994
2019-08-07 11:45:00,153.40644999999995
2019-08-07 12:00:00,153.37524999999994
2019-08-07 12:15:00,153.18774999999994
2019-08-07 12:30:00,153.34394999999995
2019-08-07 12:45:00,153.46894999999995
2019-08-07 13:00:00,154.00024999999994
2019-08-07 13:15:00,153.40644999999995
2019-08-07 13:30:00,153.40644999999995
2019-08-07 13:45:00,153.71894999999995
2019-08-07 14:00:00,153.84394999999995
2019-08-07 14:15:00,153.93774999999994
2019-08-07 14:30:00,154.25024999999994
2019-08-07 14:45:00,153.93774999999994
2019-08-07 15:00:00,153.96894999999995
2019-08-07 15:15:00,154.18774999999994
2019-08-07 15:30:00,153.71894999999995
2019-08-07 15:45:00,153.93774999999994
2019-08-07 16:00:00,153.75024999999994
2019-08-07 16:15:00,153.71894999999995
2019-08-07 16:30:00,153.84394999999995
2019-08-07 16:45:00,153.93774999999994
2019-08-07 17:00:00,153.90644999999995
2019-08-07 17:15:00,153.87524999999994
2019-08-07 17:30:00,153.78144999999995
2019-08-07 17:45:00,153.53144999999995
2019-08-07 18:00:00,153.34394999999995
2019-08-07 18:15:00,153.43774999999994
2019-08-07 18:30:00,153.09394999999995
2019-08-07 18:45:00,153.06274999999994
2019-08-07 19:00:00,153.00024999999994
2019-08-07 19:15:00,153.06274999999994
2019-08-07 19:30:00,153.03144999999995
2019-08-07 19:45:00,152.75024999999994
2019-08-07 20:00:00,152.50024999999994
2019-08-07 20:15:00,152.21894999999995
2019-08-07 20:30:00,151.96894999999995
2019-08-07 20:45:00,151.96894999999995
2019-08-07 21:00:00,152.09394999999995
2019-08-07 21:15:00,151.96894999999995
2019-08-07 21:30:00,151.87524999999994
2019-08-07 21:45:00,151.71894999999995
2019-08-07 23:00:00,152.75024999999994
2019-08-07 23:15:00,151.87524999999994
2019-08-07 23:30:00,152.00024999999994
2019-08-07 23:45:00,151.93774999999994
2019-08-08 00:00:00,151.96894999999995
2019-08-08 00:15:00,151.93774999999994
2019-08-08 00:30:00,152.21894999999995
2019-08-08 00:45:00,152.25024999999994
2019-08-08 01:00:00,152.21894999999995
2019-08-08 01:15:00,152.12524999999994
2019-08-08 01:30:00,151.87524999999994
2019-08-08 01:45:00,151.93774999999994
2019-08-08 02:00:00,152.09394999999995
2019-08-08 02:15:00,151.81274999999994
2019-08-08 02:30:00,151.65644999999995
2019-08-08 02:45:00,151.31274999999994
2019-08-08 03:00:00,151.37524999999994
2019-08-08 03:15:00,151.40644999999995
2019-08-08 03:30:00,151.50024999999994
2019-08-08 03:45:00,151.53144999999995
2019-08-08 04:00:00,151.43774999999994
2019-08-08 04:15:00,151.46894999999995
2019-08-08 04:30:00,151.46894999999995
2019-08-08 04:45:00,151.53144999999995
2019-08-08 05:15:00,151.56274999999994
2019-08-08 05:30:00,151.59394999999995
2019-08-08 05:45:00,151.62524999999994
2019-08-08 06:15:00,151.62524999999994
2019-08-08 06:30:00,151.87524999999994
2019-08-08 06:45:00,151.93774999999994
2019-08-08 07:00:00,151.90644999999995
2019-08-08 07:15:00,151.50024999999994
2019-08-08 07:30:00,151.40644999999995
2019-08-08 07:45:00,151.46894999999995
2019-08-08 08:00:00,151.56274999999994
2019-08-08 08:15:00,151.71894999999995
2019-08-08 08:30:00,151.84394999999995
2019-08-08 08:45:00,151.93774999999994
2019-08-08 09:00:00,152.06274999999994
2019-08-08 09:15:00,151.84394999999995
2019-08-08 09:30:00,151.75024999999994
2019-08-08 09:45:00,151.71894999999995
2019-08-08 10:00:00,151.78144999999995
2019-08-08 10:15:00,151.84394999999995
2019-08-08 10:30:00,151.78144999999995
2019-08-08 10:45:00,151.78144999999995
2019-08-08 11:00:00,151.81274999999994
2019-08-08 11:15:00,151.75024999999994
2019-08-08 11:30:00,151.75024999999994
2019-08-08 11:45:00,151.84394999999995
2019-08-08 12:00:00,152.09394999999995
2019-08-08 12:15:00,152.18774999999994
2019-08-08 12:30:00,152.12524999999994
2019-08-08 12:45:00,152.03144999999995
2019-08-08 13:00:00,151.90644999999995
2019-08-08 13:15:00,151.81274999999994
2019-08-08 13:30:00,151.59394999999995
2019-08-08 13:45:00,151.21894999999995
2019-08-08 14:00:00,151.12524999999994
2019-08-08 14:15:00,151.18774999999994
2019-08-08 14:30:00,150.90644999999995
2019-08-08 14:45:00,150.96894999999995
2019-08-08 15:00:00,150.96894999999995
2019-08-08 15:15:00,151.03144999999995
2019-08-08 15:30:00,151.12524999999994
2019-08-08 15:45:00,151.15644999999995
2019-08-08 16:00:00,151.25024999999994
2019-08-08 16:15:00,151.21894999999995
2019-08-08 16:30:00,151.25024999999994
2019-08-08 16:45:00,151.09394999999995
2019-08-08 17:00:00,151.00024999999994
2019-08-08 17:15:00,150.87524999999994
2019-08-08 17:30:00,150.71894999999995
2019-08-08 17:45:00,150.56274999999994
2019-08-08 18:00:00,150.84394999999995
2019-08-08 18:15:00,151.06274999999994
2019-08-08 18:30:00,151.18774999999994
2019-08-08 18:45:00,151.43774999999994
2019-08-08 19:00:00,151.56274999999994
2019-08-08 19:15:00,151.81274999999994
2019-08-08 19:30:00,152.09394999999995
2019-08-08 19:45:00,152.12524999999994
2019-08-08 20:00:00,152.06274999999994
2019-08-08 20:15:00,152.06274999999994
2019-08-08 20:30:00,151.93774999999994
2019-08-08 20:45:00,152.12524999999994
2019-08-08 21:00:00,152.12524999999994
2019-08-08 21:15:00,152.03144999999995
2019-08-08 21:30:00,152.03144999999995
2019-08-08 21:45:00,152.06274999999994
2019-08-08 23:00:00,151.71894999999995
2019-08-08 23:15:00,152.81274999999994
2019-08-08 23:30:00,152.78144999999995
2019-08-08 23:45:00,152.56274999999994
2019-08-09 00:00:00,152.62524999999994
2019-08-09 00:15:00,152.56274999999994
2019-08-09 00:30:00,152.53144999999995
2019-08-09 00:45:00,152.40644999999995
2019-08-09 01:00:00,152.40644999999995
2019-08-09 01:15:00,152.53144999999995
2019-08-09 01:30:00,152.56274999999994
2019-08-09 01:45:00,152.50024999999994
2019-08-09 02:00:00,152.46894999999995
2019-08-09 02:15:00,152.46894999999995
2019-08-09 02:30:00,152.50024999999994
2019-08-09 02:45:00,152.37524999999994
2019-08-09 03:00:00,152.40644999999995
2019-08-09 03:15:00,152.46894999999995
2019-08-09 03:30:00,152.43774999999994
2019-08-09 03:45:00,152.46894999999995
2019-08-09 04:00:00,152.50024999999994
2019-08-09 04:15:00,152.50024999999994
2019-08-09 04:30:00,152.50024999999994
2019-08-09 04:45:00,152.43774999999994
2019-08-09 05:15:00,152.40644999999995
2019-08-09 05:30:00,152.40644999999995
2019-08-09 05:45:00,152.37524999999994
2019-08-09 06:15:00,152.43774999999994
2019-08-09 06:30:00,152.43774999999994
2019-08-09 06:45:00,152.46894999999995
2019-08-09 07:00:00,152.43774999999994
2019-08-09 07:15:00,152.37524999999994
2019-08-09 07:30:00,152.50024999999994
2019-08-09 07:45:00,152.53144999999995
2019-08-09 08:00:00,152.34394999999995
2019-08-09 08:15:00,152.34394999999995
2019-08-09 08:30:00,152.34394999999995
2019-08-09 08:45:00,152.37524999999994
2019-08-09 09:00:00,152.18774999999994
2019-08-09 09:15:00,152.15644999999995
2019-08-09 09:30:00,152.21894999999995
2019-08-09 09:45:00,152.25024999999994
2019-08-09 10:00:00,152.31274999999994
2019-08-09 10:15:00,152.25024999999994
2019-08-09 10:30:00,152.46894999999995
2019-08-09 10:45:00,152.53144999999995
2019-08-09 11:00:00,152.50024999999994
2019-08-09 11:15:00,152.65644999999995
2019-08-09 11:30:00,152.53144999999995
2019-08-09 11:45:00,152.50024999999994
2019-08-09 12:00:00,152.46894999999995
2019-08-09 12:15:00,152.46894999999995
2019-08-09 12:30:00,152.37524999999994
2019-08-09 12:45:00,152.31274999999994
2019-08-09 13:00:00,152.28144999999995
2019-08-09 13:15:00,152.21894999999995
2019-08-09 13:30:00,152.53144999999995
2019-08-09 13:45:00,152.59394999999995
2019-08-09 14:00:00,152.46894999999995
2019-08-09 14:15:00,152.37524999999994
2019-08-09 14:30:00,152.28144999999995
2019-08-09 14:45:00,152.40644999999995
2019-08-09 15:00:00,152.37524999999994
2019-08-09 15:15:00,152.78144999999995
2019-08-09 15:30:00,152.71894999999995
2019-08-09 15:45:00,152.50024999999994
2019-08-09 16:00:00,152.43774999999994
2019-08-09 16:15:00,152.68774999999994
2019-08-09 16:30:00,152.50024999999994
2019-08-09 16:45:00,152.50024999999994
2019-08-09 17:00:00,152.34394999999995
2019-08-09 17:15:00,152.46894999999995
2019-08-09 17:30:00,152.46894999999995
2019-08-09 17:45:00,152.15644999999995
2019-08-09 18:00:00,152.00024999999994
2019-08-09 18:15:00,152.06274999999994
2019-08-09 18:30:00,152.15644999999995
2019-08-09 18:45:00,152.18774999999994
2019-08-09 19:00:00,152.15644999999995
2019-08-09 19:15:00,151.93774999999994
2019-08-09 19:30:00,151.87524999999994
2019-08-09 19:45:00,151.84394999999995
2019-08-09 20:00:00,151.78144999999995
2019-08-09 20:15:00,151.68774999999994
2019-08-09 20:30:00,151.71894999999995
2019-08-09 20:45:00,151.78144999999995
2019-08-09 21:00:00,151.81274999999994
2019-08-09 21:15:00,151.71894999999995
2019-08-09 21:30:00,151.62524999999994
2019-08-09 21:45:00,151.59394999999995
2019-08-09 23:00:00,152.37524999999994
2019-08-11 23:00:00,151.81274999999994
2019-08-11 23:15:00,151.90644999999995
2019-08-11 23:30:00,151.90644999999995
2019-08-11 23:45:00,151.90644999999995
2019-08-12 00:00:00,151.93774999999994
2019-08-12 00:15:00,151.96894999999995
2019-08-12 00:30:00,152.00024999999994
2019-08-12 00:45:00,152.09394999999995
2019-08-12 01:00:00,152.03144999999995
2019-08-12 01:15:00,152.03144999999995
2019-08-12 01:30:00,152.03144999999995
2019-08-12 01:45:00,152.03144999999995
2019-08-12 02:00:00,151.90644999999995
2019-08-12 02:15:00,151.87524999999994
2019-08-12 02:30:00,151.90644999999995
2019-08-12 02:45:00,151.96894999999995
2019-08-12 03:00:00,151.96894999999995
2019-08-12 03:15:00,151.96894999999995
2019-08-12 03:30:00,151.93774999999994
2019-08-12 03:45:00,151.93774999999994
2019-08-12 04:00:00,151.93774999999994
2019-08-12 04:15:00,151.90644999999995
2019-08-12 04:30:00,151.90644999999995
2019-08-12 04:45:00,151.96894999999995
2019-08-12 05:15:00,152.00024999999994
2019-08-12 05:30:00,152.00024999999994
2019-08-12 05:45:00,152.03144999999995
2019-08-12 06:15:00,152.03144999999995
2019-08-12 06:30:00,152.00024999999994
2019-08-12 06:45:00,152.00024999999994
2019-08-12 07:00:00,151.90644999999995
2019-08-12 07:15:00,152.09394999999995
2019-08-12 07:30:00,152.03144999999995
2019-08-12 07:45:00,152.15644999999995
2019-08-12 08:00:00,152.00024999999994
2019-08-12 08:15:00,151.96894999999995
2019-08-12 08:30:00,152.03144999999995
2019-08-12 08:45:00,152.15644999999995
2019-08-12 09:00:00,152.40644999999995
2019-08-12 09:15:00,152.40644999999995
2019-08-12 09:30:00,152.59394999999995
2019-08-12 09:45:00,152.75024999999994
2019-08-12 10:00:00,152.81274999999994
2019-08-12 10:15:00,152.71894999999995
2019-08-12 10:30:00,152.65644999999995
2019-08-12 10:45:00,152.65644999999995
2019-08-12 11:00:00,152.68774999999994
2019-08-12 11:15:00,152.68774999999994
2019-08-12 11:30:00,152.68774999999994
2019-08-12 11:45:00,152.75024999999994
2019-08-12 12:00:00,152.75024999999994
2019-08-12 12:15:00,152.81274999999994
2019-08-12 12:30:00,152.71894999999995
2019-08-12 12:45:00,152.68774999999994
2019-08-12 13:00:00,152.62524999999994
2019-08-12 13:15:00,152.68774999999994
2019-08-12 13:30:00,152.84394999999995
2019-08-12 13:45:00,152.65644999999995
2019-08-12 14:00:00,152.71894999999995
2019-08-12 14:15:00,153.00024999999994
2019-08-12 14:30:00,152.90644999999995
2019-08-12 14:45:00,152.93774999999994
2019-08-12 15:00:00,152.93774999999994
2019-08-12 15:15:00,152.84394999999995
2019-08-12 15:30:00,153.15644999999995
2019-08-12 15:45:00,153.18774999999994
2019-08-12 16:00:00,153.31274999999994
2019-08-12 16:15:00,153.34394999999995
2019-08-12 16:30:00,153.34394999999995
2019-08-12 16:45:00,153.28144999999995
2019-08-12 17:00:00,153.34394999999995
2019-08-12 17:15:00,153.34394999999995
2019-08-12 17:30:00,153.62524999999994
2019-08-12 17:45:00,153.75024999999994
2019-08-12 18:00:00,153.84394999999995
2019-08-12 18:15:00,153.78144999999995
2019-08-12 18:30:00,153.68774999999994
2019-08-12 18:45:00,153.65644999999995
2019-08-12 19:00:00,153.68774999999994
2019-08-12 19:15:00,153.87524999999994
2019-08-12 19:30:00,154.12524999999994
2019-08-12 19:45:00,153.93774999999994
2019-08-12 20:00:00,153.96894999999995
2019-08-12 20:15:00,153.78144999999995
2019-08-12 20:30:00,153.75024999999994
2019-08-12 20:45:00,153.81274999999994
2019-08-12 21:00:00,153.90644999999995
2019-08-12 21:15:00,154.00024999999994
2019-08-12 21:30:00,153.96894999999995
2019-08-12 21:45:00,153.81274999999994
2019-08-12 23:00:00,152.00024999999994
2019-08-12 23:15:00,153.68774999999994
2019-08-12 23:30:00,153.65644999999995
2019-08-12 23:45:00,153.68774999999994
2019-08-13 00:00:00,153.78144999999995
2019-08-13 00:15:00,153.75024999999994
2019-08-13 00:30:00,153.68774999999994
2019-08-13 00:45:00,153.62524999999994
2019-08-13 01:00:00,153.65644999999995
2019-08-13 01:15:00,153.59394999999995
2019-08-13 01:30:00,153.75024999999994
2019-08-13 01:45:00,153.78144999999995
2019-08-13 02:00:00,153.87524999999994
2019-08-13 02:15:00,153.84394999999995
2019-08-13 02:30:00,153.78144999999995
2019-08-13 02:45:00,153.81274999999994
2019-08-13 03:00:00,153.81274999999994
2019-08-13 03:15:00,153.78144999999995
2019-08-13 03:30:00,153.75024999999994
2019-08-13 03:45:00,153.71894999999995
2019-08-13 04:00:00,153.75024999999994
2019-08-13 04:15:00,153.75024999999994
2019-08-13 04:30:00,153.81274999999994
2019-08-13 04:45:00,153.87524999999994
2019-08-13 05:15:00,153.81274999999994
2019-08-13 05:30:00,153.81274999999994
2019-08-13 05:45:00,153.75024999999994
2019-08-13 06:15:00,153.90644999999995
2019-08-13 06:30:00,154.03144999999995
2019-08-13 06:45:00,153.96894999999995
2019-08-13 07:00:00,154.06274999999994
2019-08-13 07:15:00,154.28144999999995
2019-08-13 07:30:00,154.34394999999995
2019-08-13 07:45:00,154.40644999999995
2019-08-13 08:00:00,154.34394999999995
2019-08-13 08:15:00,154.28144999999995
2019-08-13 08:30:00,154.40644999999995
2019-08-13 08:45:00,154.37524999999994
2019-08-13 09:00:00,154.21894999999995
2019-08-13 09:15:00,154.15644999999995
2019-08-13 09:30:00,153.93774999999994
2019-08-13 09:45:00,153.93774999999994
2019-08-13 10:00:00,154.34394999999995
2019-08-13 10:15:00,154.18774999999994
2019-08-13 10:30:00,154.31274999999994
2019-08-13 10:45:00,154.40644999999995
2019-08-13 11:00:00,154.34394999999995
2019-08-13 11:15:00,154.34394999999995
2019-08-13 11:30:00,154.25024999999994
2019-08-13 11:45:00,154.18774999999994
2019-08-13 12:00:00,154.09394999999995
2019-08-13 12:15:00,154.09394999999995
2019-08-13 12:30:00,154.03144999999995
2019-08-13 12:45:00,154.06274999999994
2019-08-13 13:00:00,154.12524999999994
2019-08-13 13:15:00,154.00024999999994
2019-08-13 13:30:00,153.93774999999994
2019-08-13 13:45:00,154.00024999999994
2019-08-13 14:00:00,154.18774999999994
2019-08-13 14:15:00,154.25024999999994
2019-08-13 14:30:00,153.93774999999994
2019-08-13 14:45:00,153.25024999999994
2019-08-13 15:00:00,153.09394999999995
2019-08-13 15:15:00,152.87524999999994
2019-08-13 15:30:00,153.06274999999994
2019-08-13 15:45:00,153.25024999999994
2019-08-13 16:00:00,153.31274999999994
2019-08-13 16:15:00,153.50024999999994
2019-08-13 16:30:00,153.34394999999995
2019-08-13 16:45:00,153.31274999999994
2019-08-13 17:00:00,153.40644999999995
2019-08-13 17:15:00,153.15644999999995
2019-08-13 17:30:00,153.31274999999994
2019-08-13 17:45:00,153.43774999999994
2019-08-13 18:00:00,153.28144999999995
2019-08-13 18:15:00,153.43774999999994
2019-08-13 18:30:00,153.50024999999994
2019-08-13 18:45:00,153.31274999999994
2019-08-13 19:00:00,153.34394999999995
2019-08-13 19:15:00,153.21894999999995
2019-08-13 19:30:00,153.37524999999994
2019-08-13 19:45:00,153.50024999999994
2019-08-13 20:00:00,153.46894999999995
2019-08-13 20:15:00,153.37524999999994
2019-08-13 20:30:00,153.34394999999995
2019-08-13 20:45:00,153.28144999999995
2019-08-13 21:00:00,153.09394999999995
2019-08-13 21:15:00,152.93774999999994
2019-08-13 21:30:00,152.96894999999995
2019-08-13 21:45:00,152.93774999999994
2019-08-13 23:00:00,153.84394999999995
2019-08-13 23:15:00,153.09394999999995
2019-08-13 23:30:00,153.18774999999994
2019-08-13 23:45:00,153.18774999999994
2019-08-14 00:00:00,153.15644999999995
2019-08-14 00:15:00,153.15644999999995
2019-08-14 00:30:00,153.15644999999995
2019-08-14 00:45:00,153.18774999999994
2019-08-14 01:00:00,153.21894999999995
2019-08-14 01:15:00,153.21894999999995
2019-08-14 01:30:00,153.34394999999995
2019-08-14 01:45:00,153.40644999999995
2019-08-14 02:00:00,153.31274999999994
2019-08-14 02:15:00,153.09394999999995
2019-08-14 02:30:00,153.25024999999994
2019-08-14 02:45:00,153.18774999999994
2019-08-14 03:00:00,153.37524999999994
2019-08-14 03:15:00,153.34394999999995
2019-08-14 03:30:00,153.40644999999995
2019-08-14 03:45:00,153.43774999999994
2019-08-14 04:00:00,153.31274999999994
2019-08-14 04:15:00,153.31274999999994
2019-08-14 04:30:00,153.43774999999994
2019-08-14 04:45:00,153.37524999999994
2019-08-14 05:15:00,153.34394999999995
2019-08-14 05:30:00,153.34394999999995
2019-08-14 05:45:00,153.28144999999995
2019-08-14 06:15:00,153.37524999999994
2019-08-14 06:30:00,153.37524999999994
2019-08-14 06:45:00,153.37524999999994
2019-08-14 07:00:00,153.43774999999994
2019-08-14 07:15:00,153.37524999999994
2019-08-14 07:30:00,153.34394999999995
2019-08-14 07:45:00,153.43774999999994
2019-08-14 08:00:00,153.65644999999995
2019-08-14 08:15:00,153.81274999999994
2019-08-14 08:30:00,153.93774999999994
2019-08-14 08:45:00,154.09394999999995
2019-08-14 09:00:00,154.06274999999994
2019-08-14 09:15:00,154.09394999999995
2019-08-14 09:30:00,154.09394999999995
2019-08-14 09:45:00,154.00024999999994
2019-08-14 10:00:00,154.03144999999995
2019-08-14 10:15:00,154.00024999999994
2019-08-14 10:30:00,154.12524999999994
2019-08-14 10:45:00,154.28144999999995
2019-08-14 11:00:00,154.56274999999994
2019-08-14 11:15:00,154.87524999999994
2019-08-14 11:30:00,154.78144999999995
2019-08-14 11:45:00,154.71894999999995
2019-08-14 12:00:00,154.71894999999995
2019-08-14 12:15:00,154.87524999999994
2019-08-14 12:30:00,155.50024999999994
2019-08-14 12:45:00,155.50024999999994
2019-08-14 13:00:00,155.18774999999994
2019-08-14 13:15:00,154.93774999999994
2019-08-14 13:30:00,154.90644999999995
2019-08-14 13:45:00,154.78144999999995
2019-08-14 14:00:00,154.78144999999995
2019-08-14 14:15:00,155.06274999999994
2019-08-14 14:30:00,155.03144999999995
2019-08-14 14:45:00,154.78144999999995
2019-08-14 15:00:00,155.09394999999995
2019-08-14 15:15:00,155.00024999999994
2019-08-14 15:30:00,155.06274999999994
2019-08-14 15:45:00,155.28144999999995
2019-08-14 16:00:00,155.31274999999994
2019-08-14 16:15:00,155.15644999999995
2019-08-14 16:30:00,155.18774999999994
2019-08-14 16:45:00,155.21894999999995
2019-08-14 17:00:00,155.21894999999995
2019-08-14 17:15:00,155.25024999999994
2019-08-14 17:30:00,155.21894999999995
2019-08-14 17:45:00,155.37524999999994
2019-08-14 18:00:00,155.28144999999995
2019-08-14 18:15:00,155.18774999999994
2019-08-14 18:30:00,155.21894999999995
2019-08-14 18:45:00,155.25024999999994
2019-08-14 19:00:00,155.34394999999995
2019-08-14 19:15:00,155.37524999999994
2019-08-14 19:30:00,155.40644999999995
2019-08-14 19:45:00,155.43774999999994
2019-08-14 20:00:00,155.12524999999994
2019-08-14 20:15:00,155.18774999999994
2019-08-14 20:30:00,155.21894999999995
2019-08-14 20:45:00,155.34394999999995
2019-08-14 21:00:00,155.43774999999994
2019-08-14 21:15:00,155.50024999999994
2019-08-14 21:30:00,155.50024999999994
2019-08-14 21:45:00,155.50024999999994
2019-08-14 23:00:00,153.34394999999995
2019-08-14 23:15:00,155.43774999999994
2019-08-14 23:30:00,155.31274999999994
2019-08-14 23:45:00,155.43774999999994
2019-08-15 00:00:00,155.43774999999994
2019-08-15 00:15:00,155.37524999999994
2019-08-15 00:30:00,155.31274999999994
2019-08-15 00:45:00,155.28144999999995
2019-08-15 01:00:00,155.50024999999994
2019-08-15 01:15:00,155.50024999999994
2019-08-15 01:30:00,155.56274999999994
2019-08-15 01:45:00,155.65644999999995
2019-08-15 02:00:00,155.78144999999995
2019-08-15 02:15:00,155.75024999999994
2019-08-15 02:30:00,155.90644999999995
2019-08-15 02:45:00,155.78144999999995
2019-08-15 03:00:00,156.03144999999995
2019-08-15 03:15:00,155.96894999999995
2019-08-15 03:30:00,155.96894999999995
2019-08-15 03:45:00,156.28144999999995
2019-08-15 04:00:00,156.15644999999995
2019-08-15 04:15:00,156.12524999999994
2019-08-15 04:30:00,156.15644999999995
2019-08-15 04:45:00,156.28144999999995
2019-08-15 05:15:00,156.34394999999995
2019-08-15 05:30:00,156.31274999999994
2019-08-15 05:45:00,156.28144999999995
2019-08-15 06:15:00,156.00024999999994
2019-08-15 06:30:00,156.09394999999995
2019-08-15 06:45:00,156.09394999999995
2019-08-15 07:00:00,156.03144999999995
2019-08-15 07:15:00,156.12524999999994
2019-08-15 07:30:00,155.68774999999994
2019-08-15 07:45:00,155.71894999999995
2019-08-15 08:00:00,155.65644999999995
2019-08-15 08:15:00,155.50024999999994
2019-08-15 08:30:00,155.40644999999995
2019-08-15 08:45:00,155.43774999999994
2019-08-15 09:00:00,155.43774999999994
2019-08-15 09:15:00,155.50024999999994
2019-08-15 09:30:00,155.37524999999994
2019-08-15 09:45:00,155.50024999999994
2019-08-15 10:00:00,156.00024999999994
2019-08-15 10:15:00,155.71894999999995
2019-08-15 10:30:00,155.90644999999995
2019-08-15 10:45:00,155.96894999999995
2019-08-15 11:00:00,156.31274999999994
2019-08-15 11:15:00,156.37524999999994
2019-08-15 11:30:00,156.43774999999994
2019-08-15 11:45:00,156.59394999999995
2019-08-15 12:00:00,156.46894999999995
2019-08-15 12:15:00,156.12524999999994
2019-08-15 12:30:00,156.18774999999994
2019-08-15 12:45:00,156.28144999999995
2019-08-15 13:00:00,156.03144999999995
2019-08-15 13:15:00,155.87524999999994
2019-08-15 13:30:00,155.50024999999994
2019-08-15 13:45:00,155.40644999999995
2019-08-15 14:00:00,155.25024999999994
2019-08-15 14:15:00,155.46894999999995
2019-08-15 14:30:00,155.75024999999994
2019-08-15 14:45:00,155.43774999999994
2019-08-15 15:00:00,155.59394999999995
2019-08-15 15:15:00,155.65644999999995
2019-08-15 15:30:00,155.71894999999995
2019-08-15 15:45:00,156.03144999999995
2019-08-15 16:00:00,156.03144999999995
2019-08-15 16:15:00,155.75024999999994
2019-08-15 16:30:00,155.78144999999995
2019-08-15 16:45:00,155.93774999999994
2019-08-15 17:00:00,156.09394999999995
2019-08-15 17:15:00,156.15644999999995
2019-08-15 17:30:00,156.18774999999994
2019-08-15 17:45:00,156.31274999999994
2019-08-15 18:00:00,156.31274999999994
2019-08-15 18:15:00,156.40644999999995
2019-08-15 18:30:00,156.71894999999995
2019-08-15 18:45:00,156.84394999999995
2019-08-15 19:00:00,156.31274999999994
2019-08-15 19:15:00,156.25024999999994
2019-08-15 19:30:00,156.12524999999994
2019-08-15 19:45:00,156.21894999999995
2019-08-15 20:00:00,156.18774999999994
2019-08-15 20:15:00,156.25024999999994
2019-08-15 20:30:00,156.50024999999994
2019-08-15 20:45:00,156.65644999999995
2019-08-15 21:00:00,156.78144999999995
2019-08-15 21:15:00,156.90644999999995
2019-08-15 21:30:00,156.78144999999995
2019-08-15 21:45:00,156.37524999999994
2019-08-15 23:00:00,156.00024999999994
2019-08-15 23:15:00,156.28144999999995
2019-08-15 23:30:00,156.31274999999994
2019-08-15 23:45:00,156.31274999999994
2019-08-16 00:00:00,156.40644999999995
2019-08-16 00:15:00,156.40644999999995
2019-08-16 00:30:00,156.40644999999995
2019-08-16 00:45:00,156.40644999999995
2019-08-16 01:00:00,156.28144999999995
2019-08-16 01:15:00,156.43774999999994
2019-08-16 01:30:00,156.59394999999995
2019-08-16 01:45:00,156.34394999999995
2019-08-16 02:00:00,156.40644999999995
2019-08-16 02:15:00,156.34394999999995
2019-08-16 02:30:00,156.34394999999995
2019-08-16 02:45:00,156.21894999999995
2019-08-16 03:00:00,156.18774999999994
2019-08-16 03:15:00,156.12524999999994
2019-08-16 03:30:00,156.06274999999994
2019-08-16 03:45:00,156.12524999999994
2019-08-16 04:00:00,156.09394999999995
2019-08-16 04:15:00,156.00024999999994
2019-08-16 04:30:00,155.96894999999995
2019-08-16 04:45:00,155.93774999999994
2019-08-16 05:15:00,156.00024999999994
2019-08-16 05:30:00,156.06274999999994
2019-08-16 05:45:00,156.03144999999995
2019-08-16 06:15:00,156.00024999999994
2019-08-16 06:30:00,155.84394999999995
2019-08-16 06:45:00,155.84394999999995
2019-08-16 07:00:00,155.78144999999995
2019-08-16 07:15:00,155.68774999999994
2019-08-16 07:30:00,155.78144999999995
2019-08-16 07:45:00,155.75024999999994
2019-08-16 08:00:00,155.84394999999995
2019-08-16 08:15:00,155.56274999999994
2019-08-16 08:30:00,155.62524999999994
2019-08-16 08:45:00,155.81274999999994
2019-08-16 09:00:00,155.65644999999995
2019-08-16 09:15:00,155.87524999999994
2019-08-16 09:30:00,155.68774999999994
2019-08-16 09:45:00,155.62524999999994
2019-08-16 10:00:00,155.56274999999994
2019-08-16 10:15:00,155.43774999999994
2019-08-16 10:30:00,155.40644999999995
2019-08-16 10:45:00,155.50024999999994
2019-08-16 11:00:00,155.53144999999995
2019-08-16 11:15:00,155.59394999999995
2019-08-16 11:30:00,155.59394999999995
2019-08-16 11:45:00,155.65644999999995
2019-08-16 12:00:00,155.87524999999994
2019-08-16 12:15:00,155.90644999999995
2019-08-16 12:30:00,156.03144999999995
2019-08-16 12:45:00,156.28144999999995
2019-08-16 13:00:00,156.25024999999994
2019-08-16 13:15:00,156.21894999999995
2019-08-16 13:30:00,156.03144999999995
2019-08-16 13:45:00,155.68774999999994
2019-08-16 14:00:00,155.71894999999995
2019-08-16 14:15:00,155.75024999999994
2019-08-16 14:30:00,155.81274999999994
2019-08-16 14:45:00,155.87524999999994
2019-08-16 15:00:00,155.84394999999995
2019-08-16 15:15:00,155.62524999999994
2019-08-16 15:30:00,154.93774999999994
2019-08-16 15:45:00,155.12524999999994
2019-08-16 16:00:00,155.28144999999995
2019-08-16 16:15:00,155.50024999999994
2019-08-16 16:30:00,155.53144999999995
2019-08-16 16:45:00,155.43774999999994
2019-08-16 17:00:00,155.68774999999994
2019-08-16 17:15:00,155.50024999999994
2019-08-16 17:30:00,155.62524999999994
2019-08-16 17:45:00,155.65644999999995
2019-08-16 18:00:00,155.65644999999995
2019-08-16 18:15:00,155.68774999999994
2019-08-16 18:30:00,155.84394999999995
2019-08-16 18:45:00,155.87524999999994
2019-08-16 19:00:00,155.90644999999995
2019-08-16 19:15:00,155.87524999999994
2019-08-16 19:30:00,156.00024999999994
2019-08-16 19:45:00,156.06274999999994
2019-08-16 20:00:00,155.93774999999994
2019-08-16 20:15:00,155.87524999999994
2019-08-16 20:30:00,155.84394999999995
2019-08-16 20:45:00,155.93774999999994
2019-08-16 21:00:00,155.40644999999995
2019-08-16 21:15:00,155.34394999999995
2019-08-16 21:30:00,155.37524999999994
2019-08-16 21:45:00,155.50024999999994
2019-08-16 23:00:00,156.03144999999995
2019-08-18 23:00:00,155.06274999999994
2019-08-18 23:15:00,154.96894999999995
2019-08-18 23:30:00,154.96894999999995
2019-08-18 23:45:00,155.00024999999994
2019-08-19 00:00:00,155.09394999999995
2019-08-19 00:15:00,155.12524999999994
2019-08-19 00:30:00,155.09394999999995
2019-08-19 00:45:00,155.12524999999994
2019-08-19 01:00:00,155.18774999999994
2019-08-19 01:15:00,154.93774999999994
2019-08-19 01:30:00,154.87524999999994
2019-08-19 01:45:00,154.93774999999994
2019-08-19 02:00:00,154.87524999999994
2019-08-19 02:15:00,154.75024999999994
2019-08-19 02:30:00,154.96894999999995
2019-08-19 02:45:00,155.09394999999995
2019-08-19 03:00:00,155.03144999999995
2019-08-19 03:15:00,155.06274999999994
2019-08-19 03:30:00,154.96894999999995
2019-08-19 03:45:00,155.00024999999994
2019-08-19 04:00:00,155.00024999999994
2019-08-19 04:15:00,154.96894999999995
2019-08-19 04:30:00,155.03144999999995
2019-08-19 04:45:00,155.03144999999995
2019-08-19 05:15:00,155.00024999999994
2019-08-19 05:30:00,154.96894999999995
2019-08-19 05:45:00,155.00024999999994
2019-08-19 06:15:00,155.03144999999995
2019-08-19 06:30:00,155.00024999999994
2019-08-19 06:45:00,155.03144999999995
2019-08-19 07:00:00,155.12524999999994
2019-08-19 07:15:00,155.21894999999995
2019-08-19 07:30:00,155.28144999999995
2019-08-19 07:45:00,155.18774999999994
2019-08-19 08:00:00,155.03144999999995
2019-08-19 08:15:00,154.90644999999995
2019-08-19 08:30:00,154.84394999999995
2019-08-19 08:45:00,154.71894999999995
2019-08-19 09:00:00,154.40644999999995
2019-08-19 09:15:00,154.31274999999994
2019-08-19 09:30:00,154.21894999999995
2019-08-19 09:45:00,154.31274999999994
2019-08-19 10:00:00,154.25024999999994
2019-08-19 10:15:00,154.18774999999994
2019-08-19 10:30:00,154.15644999999995
2019-08-19 10:45:00,154.03144999999995
2019-08-19 11:00:00,154.09394999999995
2019-08-19 11:15:00,154.28144999999995
2019-08-19 11:30:00,154.25024999999994
2019-08-19 11:45:00,154.21894999999995
2019-08-19 12:00:00,154.37524999999994
2019-08-19 12:15:00,154.21894999999995
2019-08-19 12:30:00,154.31274999999994
2019-08-19 12:45:00,154.43774999999994
2019-08-19 13:00:00,154.59394999999995
2019-08-19 13:15:00,154.71894999999995
2019-08-19 13:30:00,154.65644999999995
2019-08-19 13:45:00,154.43774999999994
2019-08-19 14:00:00,154.40644999999995
2019-08-19 14:15:00,154.34394999999995
2019-08-19 14:30:00,154.34394999999995
2019-08-19 14:45:00,154.53144999999995
2019-08-19 15:00:00,154.71894999999995
2019-08-19 15:15:00,154.84394999999995
2019-08-19 15:30:00,154.84394999999995
2019-08-19 15:45:00,154.71894999999995
2019-08-19 16:00:00,154.90644999999995
2019-08-19 16:15:00,154.87524999999994
2019-08-19 16:30:00,155.00024999999994
2019-08-19 16:45:00,155.03144999999995
2019-08-19 17:00:00,154.93774999999994
2019-08-19 17:15:00,154.84394999999995
2019-08-19 17:30:00,154.84394999999995
2019-08-19 17:45:00,154.71894999999995
2019-08-19 18:00:00,154.75024999999994
2019-08-19 18:15:00,154.75024999999994
2019-08-19 18:30:00,154.71894999999995
2019-08-19 18:45:00,154.78144999999995
2019-08-19 19:00:00,154.90644999999995
2019-08-19 19:15:00,154.75024999999994
2019-08-19 19:30:00,154.71894999999995
2019-08-19 19:45:00,154.75024999999994
2019-08-19 20:00:00,154.78144999999995
2019-08-19 20:15:00,154.75024999999994
2019-08-19 20:30:00,154.59394999999995
2019-08-19 20:45:00,154.68774999999994
2019-08-19 21:00:00,154.68774999999994
2019-08-19 21:15:00,154.75024999999994
2019-08-19 21:30:00,154.71894999999995
2019-08-19 21:45:00,154.65644999999995
2019-08-19 23:00:00,155.03144999999995
2019-08-19 23:15:00,154.90644999999995
2019-08-19 23:30:00,154.84394999999995
2019-08-19 23:45:00,154.81274999999994
2019-08-20 00:00:00,154.81274999999994
2019-08-20 00:15:00,154.78144999999995
2019-08-20 00:30:00,154.75024999999994
2019-08-20 00:45:00,155.00024999999994
2019-08-20 01:00:00,154.90644999999995
2019-08-20 01:15:00,154.90644999999995
2019-08-20 01:30:00,154.93774999999994
2019-08-20 01:45:00,154.93774999999994
2019-08-20 02:00:00,155.00024999999994
2019-08-20 02:15:00,155.00024999999994
2019-08-20 02:30:00,154.96894999999995
2019-08-20 02:45:00,154.93774999999994
2019-08-20 03:00:00,154.90644999999995
2019-08-20 03:15:00,154.90644999999995
2019-08-20 03:30:00,154.81274999999994
2019-08-20 03:45:00,154.84394999999995
2019-08-20 04:00:00,154.93774999999994
2019-08-20 04:15:00,155.00024999999994
2019-08-20 04:30:00,154.93774999999994
2019-08-20 04:45:00,154.90644999999995
2019-08-20 05:15:00,154.90644999999995
2019-08-20 05:30:00,154.90644999999995
2019-08-20 05:45:00,154.90644999999995
2019-08-20 06:15:00,154.90644999999995
2019-08-20 06:30:00,154.90644999999995
2019-08-20 06:45:00,154.87524999999994
2019-08-20 07:00:00,154.87524999999994
2019-08-20 07:15:00,155.00024999999994
2019-08-20 07:30:00,154.87524999999994
2019-08-20 07:45:00,154.84394999999995
2019-08-20 08:00:00,155.03144999999995
2019-08-20 08:15:00,155.06274999999994
2019-08-20 08:30:00,155.00024999999994
2019-08-20 08:45:00,155.00024999999994
2019-08-20 09:00:00,155.15644999999995
2019-08-20 09:15:00,155.21894999999995
2019-08-20 09:30:00,155.18774999999994
2019-08-20 09:45:00,155.12524999999994
2019-08-20 10:00:00,155.18774999999994
2019-08-20 10:15:00,155.28144999999995
2019-08-20 10:30:00,155.50024999999994
2019-08-20 10:45:00,155.65644999999995
2019-08-20 11:00:00,155.59394999999995
2019-08-20 11:15:00,155.56274999999994
2019-08-20 11:30:00,155.56274999999994
2019-08-20 11:45:00,155.68774999999994
2019-08-20 12:00:00,155.50024999999994
2019-08-20 12:15:00,155.59394999999995
2019-08-20 12:30:00,155.46894999999995
2019-08-20 12:45:00,155.28144999999995
2019-08-20 13:00:00,155.34394999999995
2019-08-20 13:15:00,155.46894999999995
2019-08-20 13:30:00,155.65644999999995
2019-08-20 13:45:00,155.65644999999995
2019-08-20 14:00:00,155.87524999999994
2019-08-20 14:15:00,155.68774999999994
2019-08-20 14:30:00,155.84394999999995
2019-08-20 14:45:00,155.65644999999995
2019-08-20 15:00:00,155.56274999999994
2019-08-20 15:15:00,155.50024999999994
2019-08-20 15:30:00,155.50024999999994
2019-08-20 15:45:00,155.46894999999995
2019-08-20 16:00:00,155.50024999999994
2019-08-20 16:15:00,155.43774999999994
2019-08-20 16:30:00,155.59394999999995
2019-08-20 16:45:00,155.56274999999994
2019-08-20 17:00:00,155.59394999999995
2019-08-20 17:15:00,155.62524999999994
2019-08-20 17:30:00,155.56274999999994
2019-08-20 17:45:00,155.59394999999995
2019-08-20 18:00:00,155.65644999999995
2019-08-20 18:15:00,155.62524999999994
2019-08-20 18:30:00,155.62524999999994
2019-08-20 18:45:00,155.62524999999994
2019-08-20 19:00:00,155.65644999999995
2019-08-20 19:15:00,155.65644999999995
2019-08-20 19:30:00,155.56274999999994
2019-08-20 19:45:00,155.56274999999994
2019-08-20 20:00:00,155.68774999999994
2019-08-20 20:15:00,155.68774999999994
2019-08-20 20:30:00,155.71894999999995
2019-08-20 20:45:00,155.84394999999995
2019-08-20 21:00:00,155.81274999999994
2019-08-20 21:15:00,155.68774999999994
2019-08-20 21:30:00,155.75024999999994
2019-08-20 21:45:00,155.68774999999994
2019-08-20 23:00:00,154.87524999999994
2019-08-20 23:15:00,155.59394999999995
2019-08-20 23:30:00,155.65644999999995
2019-08-20 23:45:00,155.62524999999994
2019-08-21 00:00:00,155.62524999999994
2019-08-21 00:15:00,155.65644999999995
2019-08-21 00:30:00,155.62524999999994
2019-08-21 00:45:00,155.65644999999995
2019-08-21 01:00:00,155.62524999999994
2019-08-21 01:15:00,155.46894999999995
2019-08-21 01:30:00,155.53144999999995
2019-08-21 01:45:00,155.46894999999995
2019-08-21 02:00:00,155.53144999999995
2019-08-21 02:15:00,155.53144999999995
2019-08-21 02:30:00,155.50024999999994
2019-08-21 02:45:00,155.37524999999994
2019-08-21 03:00:00,155.31274999999994
2019-08-21 03:15:00,155.34394999999995
2019-08-21 03:30:00,155.34394999999995
2019-08-21 03:45:00,155.21894999999995
2019-08-21 04:00:00,155.21894999999995
2019-08-21 04:15:00,155.28144999999995
2019-08-21 04:30:00,155.25024999999994
2019-08-21 04:45:00,155.21894999999995
2019-08-21 05:15:00,155.21894999999995
2019-08-21 05:30:00,155.28144999999995
2019-08-21 05:45:00,155.28144999999995
2019-08-21 06:15:00,155.15644999999995
2019-08-21 06:30:00,155.21894999999995
2019-08-21 06:45:00,155.21894999999995
2019-08-21 07:00:00,155.18774999999994
2019-08-21 07:15:00,155.15644999999995
2019-08-21 07:30:00,155.12524999999994
2019-08-21 07:45:00,155.03144999999995
2019-08-21 08:00:00,155.00024999999994
2019-08-21 08:15:00,154.87524999999994
2019-08-21 08:30:00,155.00024999999994
2019-08-21 08:45:00,154.96894999999995
2019-08-21 09:00:00,155.00024999999994
2019-08-21 09:15:00,154.75024999999994
2019-08-21 09:30:00,154.62524999999994
2019-08-21 09:45:00,154.78144999999995
2019-08-21 10:00:00,154.84394999999995
2019-08-21 10:15:00,154.87524999999994
2019-08-21 10:30:00,154.87524999999994
2019-08-21 10:45:00,154.96894999999995
2019-08-21 11:00:00,155.09394999999995
2019-08-21 11:15:00,155.06274999999994
2019-08-21 11:30:00,155.03144999999995
2019-08-21 11:45:00,155.03144999999995
2019-08-21 12:00:00,155.12524999999994
2019-08-21 12:15:00,155.15644999999995
2019-08-21 12:30:00,155.12524999999994
2019-08-21 12:45:00,155.12524999999994
2019-08-21 13:00:00,155.12524999999994
2019-08-21 13:15:00,155.03144999999995
2019-08-21 13:30:00,155.15644999999995
2019-08-21 13:45:00,154.96894999999995
2019-08-21 14:00:00,155.06274999999994
2019-08-21 14:15:00,155.12524999999994
2019-08-21 14:30:00,155.00024999999994
2019-08-21 14:45:00,155.31274999999994
2019-08-21 15:00:00,155.25024999999994
2019-08-21 15:15:00,155.37524999999994
2019-08-21 15:30:00,155.50024999999994
2019-08-21 15:45:00,155.46894999999995
2019-08-21 16:00:00,155.43774999999994
2019-08-21 16:15:00,155.43774999999994
2019-08-21 16:30:00,155.53144999999995
2019-08-21 16:45:00,155.37524999999994
2019-08-21 17:00:00,155.37524999999994
2019-08-21 17:15:00,155.46894999999995
2019-08-21 17:30:00,155.71894999999995
2019-08-21 17:45:00,155.65644999999995
2019-08-21 18:00:00,155.68774999999994
2019-08-21 18:15:00,155.68774999999994
2019-08-21 18:30:00,155.68774999999994
2019-08-21 18:45:00,155.68774999999994
2019-08-21 19:00:00,155.96894999999995
2019-08-21 19:15:00,155.59394999999995
2019-08-21 19:30:00,155.43774999999994
2019-08-21 19:45:00,155.37524999999994
2019-08-21 20:00:00,155.25024999999994
2019-08-21 20:15:00,155.00024999999994
2019-08-21 20:30:00,155.31274999999994
2019-08-21 20:45:00,155.21894999999995
2019-08-21 21:00:00,155.18774999999994
2019-08-21 21:15:00,154.96894999999995
2019-08-21 21:30:00,155.00024999999994
2019-08-21 21:45:00,155.00024999999994
2019-08-21 23:00:00,155.28144999999995
2019-08-21 23:15:00,155.09394999999995
2019-08-21 23:30:00,154.96894999999995
2019-08-21 23:45:00,155.03144999999995
2019-08-22 00:00:00,155.03144999999995
2019-08-22 00:15:00,155.03144999999995
2019-08-22 00:30:00,155.03144999999995
2019-08-22 00:45:00,155.03144999999995
2019-08-22 01:00:00,155.18774999999994
2019-08-22 01:15:00,155.12524999999994
2019-08-22 01:30:00,155.12524999999994
2019-08-22 01:45:00,155.21894999999995
2019-08-22 02:00:00,155.15644999999995
2019-08-22 02:15:00,155.18774999999994
2019-08-22 02:30:00,155.21894999999995
2019-08-22 02:45:00,155.28144999999995
2019-08-22 03:00:00,155.31274999999994
2019-08-22 03:15:00,155.25024999999994
2019-08-22 03:30:00,155.25024999999994
2019-08-22 03:45:00,155.34394999999995
2019-08-22 04:00:00,155.34394999999995
2019-08-22 04:15:00,155.34394999999995
2019-08-22 04:30:00,155.34394999999995
2019-08-22 04:45:00,155.34394999999995
2019-08-22 05:15:00,155.37524999999994
2019-08-22 05:30:00,155.34394999999995
2019-08-22 05:45:00,155.37524999999994
2019-08-22 06:15:00,155.37524999999994
2019-08-22 06:30:00,155.40644999999995
2019-08-22 06:45:00,155.34394999999995
2019-08-22 07:00:00,155.62524999999994
2019-08-22 07:15:00,155.71894999999995
2019-08-22 07:30:00,155.65644999999995
2019-08-22 07:45:00,155.62524999999994
2019-08-22 08:00:00,155.62524999999994
2019-08-22 08:15:00,155.34394999999995
2019-08-22 08:30:00,154.93774999999994
2019-08-22 08:45:00,155.06274999999994
2019-08-22 09:00:00,154.93774999999994
2019-08-22 09:15:00,155.00024999999994
2019-08-22 09:30:00,155.09394999999995
2019-08-22 09:45:00,155.18774999999994
2019-08-22 10:00:00,155.28144999999995
2019-08-22 10:15:00,155.37524999999994
2019-08-22 10:30:00,155.31274999999994
2019-08-22 10:45:00,155.18774999999994
2019-08-22 11:00:00,155.12524999999994
2019-08-22 11:15:00,155.06274999999994
2019-08-22 11:30:00,155.06274999999994
2019-08-22 11:45:00,155.03144999999995
2019-08-22 12:00:00,155.00024999999994
2019-08-22 12:15:00,154.90644999999995
2019-08-22 12:30:00,154.59394999999995
2019-08-22 12:45:00,154.40644999999995
2019-08-22 13:00:00,154.31274999999994
2019-08-22 13:15:00,154.46894999999995
2019-08-22 13:30:00,154.56274999999994
2019-08-22 13:45:00,154.65644999999995
2019-08-22 14:00:00,154.65644999999995
2019-08-22 14:15:00,154.75024999999994
2019-08-22 14:30:00,155.00024999999994
2019-08-22 14:45:00,155.15644999999995
2019-08-22 15:00:00,155.03144999999995
2019-08-22 15:15:00,154.96894999999995
2019-08-22 15:30:00,155.03144999999995
2019-08-22 15:45:00,154.90644999999995
2019-08-22 16:00:00,154.93774999999994
2019-08-22 16:15:00,154.93774999999994
2019-08-22 16:30:00,155.00024999999994
2019-08-22 16:45:00,154.81274999999994
2019-08-22 17:00:00,154.50024999999994
2019-08-22 17:15:00,154.56274999999994
2019-08-22 17:30:00,154.50024999999994
2019-08-22 17:45:00,154.59394999999995
2019-08-22 18:00:00,154.65644999999995
2019-08-22 18:15:00,154.75024999999994
2019-08-22 18:30:00,154.75024999999994
2019-08-22 18:45:00,154.84394999999995
2019-08-22 19:00:00,154.84394999999995
2019-08-22 19:15:00,154.96894999999995
2019-08-22 19:30:00,154.81274999999994
2019-08-22 19:45:00,154.59394999999995
2019-08-22 20:00:00,154.65644999999995
2019-08-22 20:15:00,154.46894999999995
2019-08-22 20:30:00,154.46894999999995
2019-08-22 20:45:00,154.50024999999994
2019-08-22 21:00:00,154.50024999999994
2019-08-22 21:15:00,154.40644999999995
2019-08-22 21:30:00,154.50024999999994
2019-08-22 21:45:00,154.53144999999995
2019-08-22 23:00:00,155.37524999999994
2019-08-22 23:15:00,154.62524999999994
2019-08-22 23:30:00,154.56274999999994
2019-08-22 23:45:00,154.46894999999995
2019-08-23 00:00:00,154.46894999999995
2019-08-23 00:15:00,154.53144999999995
2019-08-23 00:30:00,154.53144999999995
2019-08-23 00:45:00,154.53144999999995
2019-08-23 01:00:00,154.53144999999995
2019-08-23 01:15:00,154.37524999999994
2019-08-23 01:30:00,154.37524999999994
2019-08-23 01:45:00,154.37524999999994
2019-08-23 02:00:00,154.12524999999994
2019-08-23 02:15:00,154.03144999999995
2019-08-23 02:30:00,153.96894999999995
2019-08-23 02:45:00,153.78144999999995
2019-08-23 03:00:00,153.87524999999994
2019-08-23 03:15:00,153.93774999999994
2019-08-23 03:30:00,153.96894999999995
2019-08-23 03:45:00,154.00024999999994
2019-08-23 04:00:00,153.87524999999994
2019-08-23 04:15:00,154.00024999999994
2019-08-23 04:30:00,154.03144999999995
2019-08-23 04:45:00,154.03144999999995
2019-08-23 05:15:00,154.00024999999994
2019-08-23 05:30:00,153.96894999999995
2019-08-23 05:45:00,153.96894999999995
2019-08-23 06:15:00,154.00024999999994
2019-08-23 06:30:00,153.90644999999995
2019-08-23 06:45:00,153.84394999999995
2019-08-23 07:00:00,153.84394999999995
2019-08-23 07:15:00,153.90644999999995
2019-08-23 07:30:00,154.00024999999994
2019-08-23 07:45:00,153.96894999999995
2019-08-23 08:00:00,153.90644999999995
2019-08-23 08:15:00,153.56274999999994
2019-08-23 08:30:00,153.56274999999994
2019-08-23 08:45:00,153.68774999999994
2019-08-23 09:00:00,153.71894999999995
2019-08-23 09:15:00,153.65644999999995
2019-08-23 09:30:00,153.78144999999995
2019-08-23 09:45:00,153.90644999999995
2019-08-23 10:00:00,153.78144999999995
2019-08-23 10:15:00,153.84394999999995
2019-08-23 10:30:00,153.93774999999994
2019-08-23 10:45:00,153.84394999999995
2019-08-23 11:00:00,153.93774999999994
2019-08-23 11:15:00,153.90644999999995
2019-08-23 11:30:00,154.03144999999995
2019-08-23 11:45:00,154.03144999999995
2019-08-23 12:00:00,154.00024999999994
2019-08-23 12:15:00,153.93774999999994
2019-08-23 12:30:00,154.00024999999994
2019-08-23 12:45:00,153.78144999999995
2019-08-23 13:00:00,154.46894999999995
2019-08-23 13:15:00,154.43774999999994
2019-08-23 13:30:00,154.53144999999995
2019-08-23 13:45:00,154.31274999999994
2019-08-23 14:00:00,154.56274999999994
2019-08-23 14:15:00,154.53144999999995
2019-08-23 14:30:00,154.59394999999995
2019-08-23 14:45:00,154.59394999999995
2019-08-23 15:00:00,154.81274999999994
2019-08-23 15:15:00,155.18774999999994
2019-08-23 15:30:00,155.12524999999994
2019-08-23 15:45:00,155.40644999999995
2019-08-23 16:00:00,155.62524999999994
2019-08-23 16:15:00,155.78144999999995
2019-08-23 16:30:00,155.81274999999994
2019-08-23 16:45:00,155.96894999999995
2019-08-23 17:00:00,155.84394999999995
2019-08-23 17:15:00,155.84394999999995
2019-08-23 17:30:00,156.00024999999994
2019-08-23 17:45:00,156.15644999999995
2019-08-23 18:00:00,156.06274999999994
2019-08-23 18:15:00,156.37524999999994
2019-08-23 18:30:00,156.43774999999994
2019-08-23 18:45:00,156.28144999999995
2019-08-23 19:00:00,156.40644999999995
2019-08-23 19:15:00,156.28144999999995
2019-08-23 19:30:00,156.21894999999995
2019-08-23 19:45:00,156.09394999999995
2019-08-23 20:00:00,156.00024999999994
2019-08-23 20:15:00,156.15644999999995
2019-08-23 20:30:00,156.15644999999995
2019-08-23 20:45:00,156.15644999999995
2019-08-23 21:00:00,156.06274999999994
2019-08-23 21:15:00,155.96894999999995
2019-08-23 21:30:00,156.00024999999994
2019-08-23 21:45:00,156.00024999999994
2019-08-23 23:00:00,154.03144999999995
2019-08-25 23:00:00,157.03144999999995
2019-08-25 23:15:00,157.12524999999994
2019-08-25 23:30:00,157.00024999999994
2019-08-25 23:45:00,156.93774999999994
2019-08-26 00:00:00,156.84394999999995
2019-08-26 00:15:00,156.84394999999995
2019-08-26 00:30:00,157.00024999999994
2019-08-26 00:45:00,157.00024999999994
2019-08-26 01:00:00,157.03144999999995
2019-08-26 02:00:00,156.93764999999996
2019-08-26 03:00:00,157.06264999999996
2019-08-26 04:00:00,157.09394999999995
2019-08-26 07:00:00,156.78144999999995
2019-08-26 08:00:00,156.25014999999996
2019-08-26 09:00:00,156.00014999999996
2019-08-26 10:00:00,156.40644999999995
2019-08-26 11:00:00,156.40644999999995
2019-08-26 12:00:00,156.40644999999995
2019-08-26 13:00:00,156.00014999999996
2019-08-26 14:00:00,156.25014999999996
2019-08-26 15:00:00,156.06264999999996
2019-08-26 16:00:00,156.18764999999996
2019-08-26 17:00:00,156.03144999999995
2019-08-26 18:00:00,156.15644999999995
2019-08-26 19:00:00,155.78144999999995
2019-08-26 20:00:00,155.84394999999995
2019-08-26 21:00:00,155.90644999999995
2019-08-26 23:00:00,157.93764999999996
2019-08-27 00:00:00,156.09394999999995
2019-08-27 01:00:00,156.12514999999996
2019-08-27 02:00:00,156.06264999999996
2019-08-27 03:00:00,156.15644999999995
2019-08-27 04:00:00,156.18764999999996
2019-08-27 07:00:00,156.21894999999995
2019-08-27 08:00:00,156.53144999999995
2019-08-27 09:00:00,156.46894999999995
2019-08-27 10:00:00,156.71894999999995
2019-08-27 11:00:00,156.56264999999996
2019-08-27 12:00:00,156.65644999999995
2019-08-27 13:00:00,156.68764999999996
2019-08-27 14:00:00,156.84394999999995
2019-08-27 15:00:00,157.09394999999995
2019-08-27 16:00:00,157.28144999999995
2019-08-27 17:00:00,157.40644999999995
2019-08-27 18:00:00,157.31264999999996
2019-08-27 19:00:00,157.18764999999996
2019-08-27 20:00:00,157.46894999999995
2019-08-27 21:00:00,157.53144999999995
2019-08-27 23:00:00,156.31264999999996
2019-08-28 00:00:00,157.40644999999995
2019-08-28 01:00:00,157.75014999999996
2019-08-28 02:00:00,157.71894999999995
2019-08-28 03:00:00,157.40644999999995
2019-08-28 04:00:00,157.37514999999996
2019-08-28 07:00:00,157.46894999999995
2019-08-28 08:00:00,157.78144999999995
2019-08-28 09:00:00,157.65644999999995
2019-08-28 10:00:00,157.81264999999996
2019-08-28 11:00:00,157.93764999999996
2019-08-28 12:00:00,158.06264999999996
2019-08-28 13:00:00,158.09394999999995
2019-08-28 14:00:00,157.75014999999996
2019-08-28 15:00:00,157.56264999999996
2019-08-28 16:00:00,157.68764999999996
2019-08-28 17:00:00,157.65644999999995
2019-08-28 18:00:00,157.78144999999995
2019-08-28 19:00:00,157.53144999999995
2019-08-28 20:00:00,157.40644999999995
2019-08-28 21:00:00,157.00014999999996
2019-08-28 23:00:00,157.31264999999996
2019-08-29 00:00:00,157.40644999999995
2019-08-29 01:00:00,157.53144999999995
2019-08-29 02:00:00,157.87514999999996
2019-08-29 03:00:00,157.84394999999995
2019-08-29 04:00:00,157.71894999999995
2019-08-29 07:00:00,157.56264999999996
2019-08-29 08:00:00,157.12514999999996
2019-08-29 09:00:00,156.50014999999996
2019-08-29 10:00:00,156.71894999999995
2019-08-29 11:00:00,157.03144999999995
2019-08-29 12:00:00,156.87514999999996
2019-08-29 13:00:00,157.25014999999996
2019-08-29 14:00:00,156.56264999999996
2019-08-29 15:00:00,156.59394999999995
2019-08-29 16:00:00,156.46894999999995
2019-08-29 17:00:00,156.46894999999995
2019-08-29 18:00:00,156.46894999999995
2019-08-29 19:00:00,156.65644999999995
2019-08-29 20:00:00,157.06264999999996
2019-08-29 21:00:00,156.93764999999996
2019-08-29 23:00:00,157.78144999999995
2019-08-30 00:00:00,157.03144999999995
2019-08-30 01:00:00,156.90644999999995
2019-08-30 02:00:00,156.71894999999995
2019-08-30 03:00:00,156.46894999999995
2019-08-30 04:00:00,156.53144999999995
2019-08-30 07:00:00,156.40644999999995
2019-08-30 08:00:00,156.00014999999996
2019-08-30 09:00:00,156.37514999999996
2019-08-30 10:00:00,156.34394999999995
2019-08-30 11:00:00,156.50014999999996
2019-08-30 12:00:00,156.56264999999996
2019-08-30 13:00:00,156.75014999999996
2019-08-30 14:00:00,156.53144999999995
2019-08-30 15:00:00,156.75014999999996
2019-08-30 16:00:00,156.50014999999996
2019-08-30 17:00:00,156.21894999999995
2019-08-30 18:00:00,156.15644999999995
2019-08-30 19:00:00,156.78144999999995
2019-08-30 20:00:00,156.87514999999996
2019-08-30 21:00:00,156.90644999999995
2019-08-30 23:00:00,156.68764999999996
2019-09-01 23:00:00,157.31264999999996
2019-09-02 00:00:00,157.21894999999995
2019-09-02 01:00:00,157.21894999999995
2019-09-02 02:00:00,156.84394999999995
2019-09-02 03:00:00,156.87514999999996
2019-09-02 04:00:00,156.84394999999995
2019-09-02 07:00:00,156.62514999999996
2019-09-02 08:00:00,156.56264999999996
2019-09-02 09:00:00,156.62514999999996
2019-09-02 10:00:00,156.53144999999995
2019-09-02 11:00:00,156.28144999999995
2019-09-02 12:00:00,156.46894999999995
2019-09-02 13:00:00,156.37514999999996
2019-09-02 14:00:00,156.43764999999996
2019-09-02 15:00:00,156.37514999999996
2019-09-02 16:00:00,156.84394999999995
2019-09-02 17:00:00,157.00014999999996
2019-09-02 23:00:00,156.71894999999995
2019-09-03 00:00:00,156.62514999999996
2019-09-03 01:00:00,156.28144999999995
2019-09-03 02:00:00,156.09394999999995
2019-09-03 03:00:00,156.12514999999996
2019-09-03 04:00:00,156.15644999999995
2019-09-03 07:00:00,156.68764999999996
2019-09-03 08:00:00,157.37514999999996
2019-09-03 09:00:00,157.21894999999995
2019-09-03 10:00:00,157.34394999999995
2019-09-03 11:00:00,157.06264999999996
2019-09-03 12:00:00,157.21894999999995
2019-09-03 13:00:00,156.59394999999995
2019-09-03 14:00:00,156.56264999999996
2019-09-03 15:00:00,157.81264999999996
2019-09-03 16:00:00,157.78144999999995
2019-09-03 17:00:00,157.65644999999995
2019-09-03 18:00:00,157.46894999999995
2019-09-03 19:00:00,157.31264999999996
2019-09-03 20:00:00,157.03144999999995
2019-09-03 21:00:00,157.31264999999996
2019-09-03 23:00:00,156.37514999999996
2019-09-04 00:00:00,157.53144999999995
2019-09-04 01:00:00,157.28144999999995
2019-09-04 02:00:00,157.03144999999995
2019-09-04 03:00:00,157.15644999999995
2019-09-04 04:00:00,157.18764999999996
2019-09-04 07:00:00,156.93764999999996
2019-09-04 08:00:00,156.65644999999995
2019-09-04 09:00:00,156.90644999999995
2019-09-04 10:00:00,156.40644999999995
2019-09-04 11:00:00,156.59394999999995
2019-09-04 12:00:00,156.78144999999995
2019-09-04 13:00:00,156.75014999999996
2019-09-04 14:00:00,156.84394999999995
2019-09-04 15:00:00,157.06264999999996
2019-09-04 16:00:00,157.12514999999996
2019-09-04 17:00:00,157.34394999999995
2019-09-04 18:00:00,157.40644999999995
2019-09-04 19:00:00,157.40644999999995
2019-09-04 20:00:00,157.34394999999995
2019-09-04 21:00:00,157.12514999999996
2019-09-04 23:00:00,157.00014999999996
2019-09-05 00:00:00,157.15644999999995
2019-09-05 01:00:00,157.06264999999996
2019-09-05 02:00:00,156.21894999999995
2019-09-05 03:00:00,156.18764999999996
2019-09-05 04:00:00,156.37514999999996
2019-09-05 07:00:00,156.46894999999995
2019-09-05 08:00:00,156.25014999999996
2019-09-05 09:00:00,156.25014999999996
2019-09-05 10:00:00,156.09394999999995
2019-09-05 11:00:00,156.15644999999995
2019-09-05 12:00:00,156.28144999999995
2019-09-05 13:00:00,156.00014999999996
2019-09-05 14:00:00,155.59394999999995
2019-09-05 15:00:00,154.84394999999995
2019-09-05 16:00:00,154.96894999999995
2019-09-05 17:00:00,155.15644999999995
2019-09-05 18:00:00,155.25014999999996
2019-09-05 19:00:00,155.31264999999996
2019-09-05 20:00:00,155.37514999999996
2019-09-05 21:00:00,155.40644999999995
2019-09-05 23:00:00,156.28144999999995
2019-09-06 00:00:00,155.50014999999996
2019-09-06 01:00:00,155.21894999999995
2019-09-06 02:00:00,155.12514999999996
2019-09-06 03:00:00,155.06264999999996
2019-09-06 04:00:00,155.09394999999995
2019-09-06 07:00:00,155.15644999999995
2019-09-06 08:00:00,155.06264999999996
2019-09-06 09:00:00,154.71894999999995
2019-09-06 10:00:00,155.03144999999995
2019-09-06 11:00:00,155.03144999999995
2019-09-06 12:00:00,154.75014999999996
2019-09-06 13:00:00,155.59394999999995
2019-09-06 14:00:00,155.68764999999996
2019-09-06 15:00:00,155.59394999999995
2019-09-06 16:00:00,155.87514999999996
2019-09-06 17:00:00,155.87514999999996
2019-09-06 18:00:00,155.96894999999995
2019-09-06 19:00:00,155.90644999999995
2019-09-06 20:00:00,155.96894999999995
2019-09-06 21:00:00,155.81264999999996
2019-09-06 23:00:00,155.06264999999996
2019-09-08 23:00:00,155.84394999999995
2019-09-09 00:00:00,155.84394999999995
2019-09-09 01:00:00,155.68764999999996
2019-09-09 02:00:00,155.65644999999995
2019-09-09 03:00:00,155.59394999999995
2019-09-09 04:00:00,155.62514999999996
2019-09-09 07:00:00,155.46894999999995
2019-09-09 08:00:00,154.90644999999995
2019-09-09 09:00:00,155.03144999999995
2019-09-09 10:00:00,154.93764999999996
2019-09-09 11:00:00,155.00014999999996
2019-09-09 12:00:00,155.12514999999996
2019-09-09 13:00:00,154.93764999999996
2019-09-09 14:00:00,154.46894999999995
2019-09-09 15:00:00,154.18764999999996
2019-09-09 16:00:00,154.50014999999996
2019-09-09 17:00:00,154.53144999999995
2019-09-09 18:00:00,154.53144999999995
2019-09-09 19:00:00,154.43764999999996
2019-09-09 20:00:00,154.12514999999996
2019-09-09 21:00:00,153.87514999999996
2019-09-09 23:00:00,155.68764999999996
2019-09-10 00:00:00,153.81264999999996
2019-09-10 01:00:00,153.81264999999996
2019-09-10 02:00:00,153.71894999999995
2019-09-10 03:00:00,153.90644999999995
2019-09-10 04:00:00,153.84394999999995
2019-09-10 07:00:00,154.12514999999996
2019-09-10 08:00:00,154.12514999999996
2019-09-10 09:00:00,154.21894999999995
2019-09-10 10:00:00,154.28144999999995
2019-09-10 11:00:00,154.15644999999995
2019-09-10 12:00:00,153.96894999999995
2019-09-10 13:00:00,154.18764999999996
2019-09-10 14:00:00,153.96894999999995
2019-09-10 15:00:00,153.59394999999995
2019-09-10 16:00:00,153.18764999999996
2019-09-10 17:00:00,153.12514999999996
2019-09-10 18:00:00,153.03144999999995
2019-09-10 19:00:00,152.87514999999996
2019-09-10 20:00:00,152.31264999999996
2019-09-10 21:00:00,152.28144999999995
2019-09-10 23:00:00,153.90644999999995
2019-09-11 00:00:00,152.31264999999996
2019-09-11 01:00:00,152.46894999999995
2019-09-11 02:00:00,152.56264999999996
2019-09-11 03:00:00,152.59394999999995
2019-09-11 04:00:00,152.53144999999995
2019-09-11 07:00:00,152.50014999999996
2019-09-11 08:00:00,152.15644999999995
2019-09-11 09:00:00,152.37514999999996
2019-09-11 10:00:00,152.59394999999995
2019-09-11 11:00:00,152.68764999999996
2019-09-11 12:00:00,152.53144999999995
2019-09-11 13:00:00,151.96894999999995
2019-09-11 14:00:00,152.31264999999996
2019-09-11 15:00:00,152.50014999999996
2019-09-11 16:00:00,152.40644999999995
2019-09-11 17:00:00,152.34394999999995
2019-09-11 18:00:00,152.31264999999996
2019-09-11 19:00:00,152.37514999999996
2019-09-11 20:00:00,152.03144999999995
2019-09-11 21:00:00,152.15644999999995
2019-09-11 23:00:00,152.56264999999996
2019-09-12 00:00:00,151.65644999999995
2019-09-12 01:00:00,151.65644999999995
2019-09-12 02:00:00,151.93764999999996
2019-09-12 03:00:00,151.78144999999995
2019-09-12 04:00:00,151.71894999999995
2019-09-12 07:00:00,152.34394999999995
2019-09-12 08:00:00,152.46894999999995
2019-09-12 09:00:00,152.46894999999995
2019-09-12 10:00:00,152.50014999999996
2019-09-12 11:00:00,152.46894999999995
2019-09-12 12:00:00,153.28144999999995
2019-09-12 13:00:00,153.28144999999995
2019-09-12 14:00:00,152.37514999999996
2019-09-12 15:00:00,152.31264999999996
2019-09-12 16:00:00,151.62514999999996
2019-09-12 17:00:00,151.40644999999995
2019-09-12 18:00:00,151.53144999999995
2019-09-12 19:00:00,151.28144999999995
2019-09-12 20:00:00,151.43764999999996
2019-09-12 21:00:00,151.56264999999996
2019-09-12 23:00:00,152.00014999999996
2019-09-13 00:00:00,151.50014999999996
2019-09-13 01:00:00,151.43764999999996
2019-09-13 02:00:00,151.31264999999996
2019-09-13 03:00:00,151.31264999999996
2019-09-13 04:00:00,151.12514999999996
2019-09-13 07:00:00,151.21894999999995
2019-09-13 08:00:00,150.90644999999995
2019-09-13 09:00:00,151.12514999999996
2019-09-13 10:00:00,151.00014999999996
2019-09-13 11:00:00,150.93764999999996
2019-09-13 12:00:00,151.12514999999996
2019-09-13 13:00:00,150.21894999999995
2019-09-13 14:00:00,150.43764999999996
2019-09-13 15:00:00,149.56264999999996
2019-09-13 16:00:00,149.50014999999996
2019-09-13 17:00:00,149.12514999999996
2019-09-13 18:00:00,149.59394999999995
2019-09-13 19:00:00,149.09394999999995
2019-09-13 20:00:00,149.06264999999996
2019-09-13 21:00:00,149.12514999999996
2019-09-13 23:00:00,151.28144999999995
2019-09-15 23:00:00,149.59394999999995
2019-09-16 00:00:00,149.71894999999995
2019-09-16 01:00:00,149.75014999999996
2019-09-16 02:00:00,149.78144999999995
2019-09-16 03:00:00,149.81264999999996
2019-09-16 04:00:00,149.78144999999995
2019-09-16 07:00:00,149.71894999999995
2019-09-16 08:00:00,149.68764999999996
2019-09-16 09:00:00,150.37514999999996
2019-09-16 10:00:00,150.43764999999996
2019-09-16 11:00:00,150.34394999999995
2019-09-16 12:00:00,150.28144999999995
2019-09-16 13:00:00,150.00014999999996
2019-09-16 14:00:00,149.87514999999996
2019-09-16 15:00:00,150.09394999999995
2019-09-16 16:00:00,150.46894999999995
2019-09-16 17:00:00,150.50014999999996
2019-09-16 18:00:00,150.28144999999995
2019-09-16 19:00:00,150.34394999999995
2019-09-16 20:00:00,150.31264999999996
2019-09-16 21:00:00,150.21894999999995
2019-09-16 23:00:00,149.71894999999995
2019-09-17 00:00:00,150.25014999999996
2019-09-17 01:00:00,150.46894999999995
2019-09-17 02:00:00,150.65644999999995
2019-09-17 03:00:00,150.59394999999995
2019-09-17 04:00:00,150.50014999999996
2019-09-17 07:00:00,150.25014999999996
2019-09-17 08:00:00,150.59394999999995
2019-09-17 09:00:00,150.62514999999996
2019-09-17 10:00:00,150.37514999999996
2019-09-17 11:00:00,150.78144999999995
2019-09-17 12:00:00,150.90644999999995
2019-09-17 13:00:00,150.50014999999996
2019-09-17 14:00:00,150.81264999999996
2019-09-17 15:00:00,150.65644999999995
2019-09-17 16:00:00,151.15644999999995
2019-09-17 17:00:00,151.12514999999996
2019-09-17 18:00:00,151.00014999999996
2019-09-17 19:00:00,150.87514999999996
2019-09-17 20:00:00,150.96894999999995
2019-09-17 21:00:00,151.06264999999996
2019-09-17 23:00:00,150.40644999999995
2019-09-18 00:00:00,151.03144999999995
2019-09-18 01:00:00,150.81264999999996
2019-09-18 02:00:00,150.84394999999995
2019-09-18 03:00:00,150.87514999999996
2019-09-18 04:00:00,151.00014999999996
2019-09-18 07:00:00,151.06264999999996
2019-09-18 08:00:00,151.40644999999995
2019-09-18 09:00:00,151.46894999999995
2019-09-18 10:00:00,151.62514999999996
2019-09-18 11:00:00,151.65644999999995
2019-09-18 12:00:00,151.53144999999995
2019-09-18 13:00:00,151.56264999999996
2019-09-18 14:00:00,151.68764999999996
2019-09-18 15:00:00,151.84394999999995
2019-09-18 16:00:00,151.93764999999996
2019-09-18 17:00:00,152.09394999999995
2019-09-18 18:00:00,152.06264999999996
2019-09-18 19:00:00,151.59394999999995
2019-09-18 20:00:00,151.40644999999995
2019-09-18 21:00:00,151.37514999999996
2019-09-18 23:00:00,151.03144999999995
2019-09-19 00:00:00,151.43764999999996
2019-09-19 01:00:00,151.09394999999995
2019-09-19 02:00:00,151.31264999999996
2019-09-19 03:00:00,151.43764999999996
2019-09-19 04:00:00,151.59394999999995
2019-09-19 07:00:00,151.53144999999995
2019-09-19 08:00:00,151.62514999999996
2019-09-19 09:00:00,151.75014999999996
2019-09-19 10:00:00,151.46894999999995
2019-09-19 11:00:00,151.62514999999996
2019-09-19 12:00:00,151.96894999999995
2019-09-19 13:00:00,152.34394999999995
2019-09-19 14:00:00,151.96894999999995
2019-09-19 15:00:00,151.68764999999996
2019-09-19 16:00:00,151.87514999999996
2019-09-19 17:00:00,152.03144999999995
2019-09-19 18:00:00,152.09394999999995
2019-09-19 19:00:00,151.96894999999995
2019-09-19 20:00:00,151.56264999999996
2019-09-19 21:00:00,151.65644999999995
2019-09-19 23:00:00,151.75014999999996
2019-09-20 00:00:00,151.75014999999996
2019-09-20 01:00:00,151.78144999999995
2019-09-20 02:00:00,151.75014999999996
2019-09-20 03:00:00,151.90644999999995
2019-09-20 04:00:00,151.93764999999996
2019-09-20 07:00:00,152.03144999999995
2019-09-20 08:00:00,151.87514999999996
2019-09-20 09:00:00,152.03144999999995
2019-09-20 10:00:00,151.90644999999995
2019-09-20 11:00:00,151.96894999999995
2019-09-20 12:00:00,151.59394999999995
2019-09-20 13:00:00,152.00014999999996
2019-09-20 14:00:00,152.00014999999996
2019-09-20 15:00:00,152.18764999999996
2019-09-20 16:00:00,151.90644999999995
2019-09-20 17:00:00,152.06264999999996
2019-09-20 18:00:00,152.25014999999996
2019-09-20 19:00:00,152.34394999999995
2019-09-20 20:00:00,152.87514999999996
2019-09-20 21:00:00,152.93764999999996
2019-09-20 23:00:00,152.00014999999996
2019-09-22 23:00:00,152.43764999999996
2019-09-23 00:00:00,152.46894999999995
2019-09-23 01:00:00,152.43764999999996
2019-09-23 02:00:00,152.65644999999995
2019-09-23 03:00:00,152.65644999999995
2019-09-23 04:00:00,152.68764999999996
2019-09-23 07:00:00,152.31264999999996
2019-09-23 08:00:00,153.15644999999995
2019-09-23 09:00:00,153.40644999999995
2019-09-23 10:00:00,153.37514999999996
2019-09-23 11:00:00,153.46894999999995
2019-09-23 12:00:00,153.50014999999996
2019-09-23 13:00:00,153.34394999999995
2019-09-23 14:00:00,153.78144999999995
2019-09-23 15:00:00,153.87514999999996
2019-09-23 16:00:00,153.46894999999995
2019-09-23 17:00:00,153.37514999999996
2019-09-23 18:00:00,153.25014999999996
2019-09-23 19:00:00,153.09394999999995
2019-09-23 20:00:00,153.00014999999996
2019-09-23 21:00:00,152.68764999999996
2019-09-23 23:00:00,152.56264999999996
2019-09-24 00:00:00,152.87514999999996
2019-09-24 01:00:00,152.96894999999995
2019-09-24 02:00:00,153.00014999999996
2019-09-24 03:00:00,152.96894999999995
2019-09-24 04:00:00,153.06264999999996
2019-09-24 07:00:00,153.12514999999996
2019-09-24 08:00:00,153.15644999999995
2019-09-24 09:00:00,153.12514999999996
2019-09-24 10:00:00,152.96894999999995
2019-09-24 11:00:00,153.28144999999995
2019-09-24 12:00:00,153.12514999999996
2019-09-24 13:00:00,153.56264999999996
2019-09-24 14:00:00,153.68764999999996
2019-09-24 15:00:00,153.87514999999996
2019-09-24 16:00:00,153.93764999999996
2019-09-24 17:00:00,154.31264999999996
2019-09-24 18:00:00,154.21894999999995
2019-09-24 19:00:00,154.59394999999995
2019-09-24 20:00:00,154.46894999999995
2019-09-24 21:00:00,154.28144999999995
2019-09-24 23:00:00,152.96894999999995
2019-09-25 00:00:00,154.34394999999995
2019-09-25 01:00:00,154.62514999999996
2019-09-25 02:00:00,154.59394999999995
2019-09-25 03:00:00,154.25014999999996
2019-09-25 04:00:00,154.40644999999995
2019-09-25 07:00:00,154.12514999999996
2019-09-25 08:00:00,154.53144999999995
2019-09-25 09:00:00,154.53144999999995
2019-09-25 10:00:00,154.53144999999995
2019-09-25 11:00:00,154.43764999999996
2019-09-25 12:00:00,154.50014999999996
2019-09-25 13:00:00,154.31264999999996
2019-09-25 14:00:00,154.31264999999996
2019-09-25 15:00:00,153.43764999999996
2019-09-25 16:00:00,153.28144999999995
2019-09-25 17:00:00,153.03144999999995
2019-09-25 18:00:00,153.06264999999996
2019-09-25 19:00:00,152.71894999999995
2019-09-25 20:00:00,152.75014999999996
2019-09-25 21:00:00,152.56264999999996
2019-09-25 23:00:00,154.25014999999996
2019-09-26 00:00:00,152.81264999999996
2019-09-26 01:00:00,153.09394999999995
2019-09-26 02:00:00,153.21894999999995
2019-09-26 03:00:00,153.21894999999995
2019-09-26 04:00:00,153.28144999999995
2019-09-26 07:00:00,153.46894999999995
2019-09-26 08:00:00,153.21894999999995
2019-09-26 09:00:00,153.37514999999996
2019-09-26 10:00:00,153.25014999999996
2019-09-26 11:00:00,153.31264999999996
2019-09-26 12:00:00,152.96894999999995
2019-09-26 13:00:00,153.43764999999996
2019-09-26 14:00:00,153.28144999999995
2019-09-26 15:00:00,153.59394999999995
2019-09-26 16:00:00,153.59394999999995
2019-09-26 17:00:00,153.50014999999996
2019-09-26 18:00:00,153.46894999999995
2019-09-26 19:00:00,153.75014999999996
2019-09-26 20:00:00,153.43764999999996
2019-09-26 21:00:00,153.50014999999996
2019-09-26 23:00:00,153.18764999999996
2019-09-27 00:00:00,153.56264999999996
2019-09-27 01:00:00,153.65644999999995
2019-09-27 02:00:00,153.53144999999995
2019-09-27 03:00:00,153.53144999999995
2019-09-27 04:00:00,153.56264999999996
2019-09-27 07:00:00,153.31264999999996
2019-09-27 08:00:00,153.53144999999995
2019-09-27 09:00:00,153.34394999999995
2019-09-27 10:00:00,153.12514999999996
2019-09-27 11:00:00,153.06264999999996
2019-09-27 12:00:00,153.09394999999995
2019-09-27 13:00:00,153.37514999999996
2019-09-27 14:00:00,153.46894999999995
2019-09-27 15:00:00,153.43764999999996
2019-09-27 16:00:00,153.34394999999995
2019-09-27 17:00:00,153.65644999999995
2019-09-27 18:00:00,153.50014999999996
2019-09-27 19:00:00,153.81264999999996
2019-09-27 20:00:00,153.59394999999995
2019-09-27 21:00:00,153.65644999999995
2019-09-27 23:00:00,153.31264999999996
2019-09-29 23:00:00,153.75014999999996
2019-09-30 00:00:00,153.62514999999996
2019-09-30 01:00:00,153.62514999999996
2019-09-30 02:00:00,153.56264999999996
2019-09-30 03:00:00,153.50014999999996
2019-09-30 04:00:00,153.53144999999995
2019-09-30 07:00:00,153.18764999999996
2019-09-30 08:00:00,153.18764999999996
2019-09-30 09:00:00,153.18764999999996
2019-09-30 10:00:00,153.34394999999995
2019-09-30 11:00:00,153.37514999999996
2019-09-30 12:00:00,153.34394999999995
2019-09-30 13:00:00,153.28144999999995
2019-09-30 14:00:00,153.37514999999996
2019-09-30 15:00:00,153.40644999999995
2019-09-30 16:00:00,153.53144999999995
2019-09-30 17:00:00,153.56264999999996
2019-09-30 18:00:00,153.62514999999996
2019-09-30 19:00:00,153.75014999999996
2019-09-30 20:00:00,153.84394999999995
2019-09-30 21:00:00,153.93764999999996
2019-09-30 23:00:00,153.68764999999996
2019-10-01 00:00:00,153.84394999999995
2019-10-01 01:00:00,153.65644999999995
2019-10-01 02:00:00,153.62514999999996
2019-10-01 03:00:00,153.56264999999996
2019-10-01 04:00:00,153.15644999999995
2019-10-01 07:00:00,153.12514999999996
2019-10-01 08:00:00,152.71894999999995
2019-10-01 09:00:00,152.21894999999995
2019-10-01 10:00:00,152.46894999999995
2019-10-01 11:00:00,152.50014999999996
2019-10-01 12:00:00,152.62514999999996
2019-10-01 13:00:00,152.18764999999996
2019-10-01 14:00:00,152.75014999999996
2019-10-01 15:00:00,154.43764999999996
2019-10-01 16:00:00,154.62514999999996
2019-10-01 17:00:00,154.25014999999996
2019-10-01 18:00:00,154.37514999999996
2019-10-01 19:00:00,154.09394999999995
2019-10-01 20:00:00,154.18764999999996
2019-10-01 21:00:00,154.25014999999996
2019-10-01 23:00:00,153.12514999999996
2019-10-02 00:00:00,154.28144999999995
2019-10-02 01:00:00,154.00014999999996
2019-10-02 02:00:00,153.87514999999996
2019-10-02 03:00:00,153.93764999999996
2019-10-02 04:00:00,153.81264999999996
2019-10-02 07:00:00,153.90644999999995
2019-10-02 08:00:00,154.00014999999996
2019-10-02 09:00:00,154.25014999999996
2019-10-02 10:00:00,154.40644999999995
2019-10-02 11:00:00,154.37514999999996
2019-10-02 12:00:00,154.43764999999996
2019-10-02 13:00:00,154.37514999999996
2019-10-02 14:00:00,154.37514999999996
2019-10-02 15:00:00,154.87514999999996
2019-10-02 16:00:00,154.78144999999995
2019-10-02 17:00:00,155.03144999999995
2019-10-02 18:00:00,154.96894999999995
2019-10-02 19:00:00,154.71894999999995
2019-10-02 20:00:00,154.62514999999996
2019-10-02 21:00:00,154.71894999999995
2019-10-02 23:00:00,153.87514999999996
2019-10-03 00:00:00,154.81264999999996
2019-10-03 01:00:00,155.03144999999995
2019-10-03 02:00:00,155.00014999999996
2019-10-03 03:00:00,155.00014999999996
2019-10-03 04:00:00,155.00014999999996
2019-10-03 07:00:00,155.03144999999995
2019-10-03 08:00:00,155.15644999999995
2019-10-03 09:00:00,155.09394999999995
2019-10-03 10:00:00,155.09394999999995
2019-10-03 11:00:00,155.12514999999996
2019-10-03 12:00:00,155.21894999999995
2019-10-03 13:00:00,155.09394999999995
2019-10-03 14:00:00,155.21894999999995
2019-10-03 15:00:00,155.71894999999995
2019-10-03 16:00:00,155.68764999999996
2019-10-03 17:00:00,155.71894999999995
2019-10-03 18:00:00,155.84394999999995
2019-10-03 19:00:00,155.81264999999996
2019-10-03 20:00:00,155.78144999999995
2019-10-03 21:00:00,155.87514999999996
2019-10-03 23:00:00,155.06264999999996
2019-10-04 00:00:00,155.84394999999995
2019-10-04 01:00:00,155.81264999999996
2019-10-04 02:00:00,155.78144999999995
2019-10-04 03:00:00,155.81264999999996
2019-10-04 04:00:00,155.78144999999995
2019-10-04 07:00:00,155.93764999999996
2019-10-04 08:00:00,156.09394999999995
2019-10-04 09:00:00,156.21894999999995
2019-10-04 10:00:00,156.06264999999996
2019-10-04 11:00:00,156.12514999999996
2019-10-04 12:00:00,155.96894999999995
2019-10-04 13:00:00,155.68764999999996
2019-10-04 14:00:00,155.93764999999996
2019-10-04 15:00:00,156.53144999999995
2019-10-04 16:00:00,156.37514999999996
2019-10-04 17:00:00,156.40644999999995
2019-10-04 18:00:00,156.28144999999995
2019-10-04 19:00:00,156.46894999999995
2019-10-04 20:00:00,156.46894999999995
2019-10-04 21:00:00,156.15644999999995
2019-10-04 23:00:00,155.71894999999995
2019-10-06 23:00:00,156.25014999999996
2019-10-07 00:00:00,156.40644999999995
2019-10-07 01:00:00,156.46894999999995
2019-10-07 02:00:00,156.46894999999995
2019-10-07 03:00:00,156.28144999999995
2019-10-07 04:00:00,156.28144999999995
2019-10-07 07:00:00,156.31264999999996
2019-10-07 08:00:00,156.31264999999996
2019-10-07 09:00:00,156.28144999999995
2019-10-07 10:00:00,156.28144999999995
2019-10-07 11:00:00,155.96894999999995
2019-10-07 12:00:00,155.96894999999995
2019-10-07 13:00:00,155.84394999999995
2019-10-07 14:00:00,155.93764999999996
2019-10-07 15:00:00,156.15644999999995
2019-10-07 16:00:00,155.93764999999996
2019-10-07 17:00:00,155.93764999999996
2019-10-07 18:00:00,155.90644999999995
2019-10-07 19:00:00,155.84394999999995
2019-10-07 20:00:00,155.68764999999996
2019-10-07 21:00:00,155.71894999999995
2019-10-07 23:00:00,156.18764999999996
2019-10-08 00:00:00,155.75014999999996
2019-10-08 01:00:00,155.46894999999995
2019-10-08 02:00:00,155.37514999999996
2019-10-08 03:00:00,155.37514999999996
2019-10-08 04:00:00,155.09394999999995
2019-10-08 07:00:00,155.31264999999996
2019-10-08 08:00:00,155.65644999999995
2019-10-08 09:00:00,155.78144999999995
2019-10-08 10:00:00,156.09394999999995
2019-10-08 11:00:00,156.15644999999995
2019-10-08 12:00:00,156.40644999999995
2019-10-08 13:00:00,156.28144999999995
2019-10-08 14:00:00,156.53144999999995
2019-10-08 15:00:00,156.40644999999995
2019-10-08 16:00:00,156.37514999999996
2019-10-08 17:00:00,156.21894999999995
2019-10-08 18:00:00,156.12514999999996
2019-10-08 19:00:00,155.96894999999995
2019-10-08 20:00:00,156.03144999999995
2019-10-08 21:00:00,156.12514999999996
2019-10-08 23:00:00,155.18764999999996
2019-10-09 00:00:00,156.12514999999996
2019-10-09 01:00:00,155.93764999999996
2019-10-09 02:00:00,155.87514999999996
2019-10-09 03:00:00,155.90644999999995
2019-10-09 04:00:00,155.93764999999996
2019-10-09 07:00:00,156.12514999999996
2019-10-09 08:00:00,156.03144999999995
2019-10-09 09:00:00,155.90644999999995
2019-10-09 10:00:00,155.53144999999995
2019-10-09 11:00:00,155.59394999999995
2019-10-09 12:00:00,155.43764999999996
2019-10-09 13:00:00,155.65644999999995
2019-10-09 14:00:00,155.50014999999996
2019-10-09 15:00:00,155.34394999999995
2019-10-09 16:00:00,155.21894999999995
2019-10-09 17:00:00,154.93764999999996
2019-10-09 18:00:00,155.03144999999995
2019-10-09 19:00:00,155.03144999999995
2019-10-09 20:00:00,155.31264999999996
2019-10-09 21:00:00,155.00014999999996
2019-10-09 23:00:00,156.03144999999995
2019-10-10 00:00:00,155.50014999999996
2019-10-10 01:00:00,155.53144999999995
2019-10-10 02:00:00,155.21894999999995
2019-10-10 03:00:00,155.18764999999996
2019-10-10 04:00:00,155.28144999999995
2019-10-10 07:00:00,155.09394999999995
2019-10-10 08:00:00,155.12514999999996
2019-10-10 09:00:00,155.18764999999996
2019-10-10 10:00:00,154.90644999999995
2019-10-10 11:00:00,154.84394999999995
2019-10-10 12:00:00,154.90644999999995
2019-10-10 13:00:00,154.43764999999996
2019-10-10 14:00:00,153.93764999999996
2019-10-10 15:00:00,153.68764999999996
2019-10-10 16:00:00,153.56264999999996
2019-10-10 17:00:00,153.40644999999995
2019-10-10 18:00:00,153.81264999999996
2019-10-10 19:00:00,153.68764999999996
2019-10-10 20:00:00,153.68764999999996
2019-10-10 21:00:00,153.46894999999995
2019-10-10 23:00:00,155.12514999999996
2019-10-11 00:00:00,153.59394999999995
2019-10-11 01:00:00,153.37514999999996
2019-10-11 02:00:00,153.46894999999995
2019-10-11 03:00:00,153.43764999999996
2019-10-11 04:00:00,153.43764999999996
2019-10-11 07:00:00,153.65644999999995
2019-10-11 08:00:00,153.84394999999995
2019-10-11 09:00:00,153.50014999999996
2019-10-11 10:00:00,153.50014999999996
2019-10-11 11:00:00,153.37514999999996
2019-10-11 12:00:00,152.75014999999996
2019-10-11 13:00:00,152.81264999999996
2019-10-11 14:00:00,152.50014999999996
2019-10-11 15:00:00,152.15644999999995
2019-10-11 16:00:00,151.90644999999995
2019-10-11 17:00:00,152.09394999999995
2019-10-11 18:00:00,152.12514999999996
2019-10-11 19:00:00,151.87514999999996
2019-10-11 20:00:00,151.93764999999996
2019-10-11 21:00:00,152.09394999999995
2019-10-11 23:00:00,153.46894999999995
2019-10-13 23:00:00,152.06264999999996
2019-10-14 00:00:00,151.93764999999996
2019-10-14 01:00:00,152.25014999999996
2019-10-14 02:00:00,152.28144999999995
2019-10-14 03:00:00,152.28144999999995
2019-10-14 04:00:00,152.25014999999996
2019-10-14 07:00:00,152.59394999999995
2019-10-14 08:00:00,152.75014999999996
2019-10-14 09:00:00,152.65644999999995
2019-10-14 10:00:00,153.03144999999995
2019-10-14 11:00:00,153.03144999999995
2019-10-14 12:00:00,152.93764999999996
2019-10-14 13:00:00,152.75014999999996
2019-10-14 14:00:00,152.43764999999996
2019-10-14 15:00:00,152.53144999999995
2019-10-14 16:00:00,152.43764999999996
2019-10-14 17:00:00,152.59394999999995
2019-10-14 18:00:00,152.50014999999996
2019-10-14 19:00:00,152.56264999999996
2019-10-14 20:00:00,152.59394999999995
2019-10-14 21:00:00,152.62514999999996
2019-10-14 23:00:00,152.40644999999995
2019-10-15 00:00:00,152.46894999999995
2019-10-15 01:00:00,152.71894999999995
2019-10-15 02:00:00,152.87514999999996
2019-10-15 03:00:00,152.93764999999996
2019-10-15 04:00:00,153.00014999999996
2019-10-15 07:00:00,152.87514999999996
2019-10-15 08:00:00,153.03144999999995
2019-10-15 09:00:00,153.03144999999995
2019-10-15 10:00:00,152.84394999999995
2019-10-15 11:00:00,152.90644999999995
2019-10-15 12:00:00,152.78144999999995
2019-10-15 13:00:00,152.50014999999996
2019-10-15 14:00:00,152.40644999999995
2019-10-15 15:00:00,151.53144999999995
2019-10-15 16:00:00,151.75014999999996
2019-10-15 17:00:00,151.53144999999995
2019-10-15 18:00:00,151.43764999999996
2019-10-15 19:00:00,151.43764999999996
2019-10-15 20:00:00,151.28144999999995
2019-10-15 21:00:00,151.28144999999995
2019-10-15 23:00:00,152.75014999999996
2019-10-16 00:00:00,151.46894999999995
2019-10-16 01:00:00,151.59394999999995
2019-10-16 02:00:00,151.62514999999996
2019-10-16 03:00:00,151.68764999999996
2019-10-16 04:00:00,151.75014999999996
2019-10-16 07:00:00,151.75014999999996
2019-10-16 08:00:00,152.03144999999995
2019-10-16 09:00:00,151.96894999999995
2019-10-16 10:00:00,151.90644999999995
2019-10-16 11:00:00,152.09394999999995
2019-10-16 12:00:00,151.84394999999995
2019-10-16 13:00:00,151.68764999999996
2019-10-16 14:00:00,151.50014999999996
2019-10-16 15:00:00,151.46894999999995
2019-10-16 16:00:00,151.68764999999996
2019-10-16 17:00:00,151.71894999999995
2019-10-16 18:00:00,151.62514999999996
2019-10-16 19:00:00,151.75014999999996
2019-10-16 20:00:00,151.68764999999996
2019-10-16 21:00:00,151.84394999999995
2019-10-16 23:00:00,151.75014999999996
2019-10-17 00:00:00,151.90644999999995
2019-10-17 01:00:00,152.06264999999996
2019-10-17 02:00:00,151.87514999999996
2019-10-17 03:00:00,151.90644999999995
2019-10-17 04:00:00,151.96894999999995
2019-10-17 07:00:00,152.00014999999996
2019-10-17 08:00:00,151.62514999999996
2019-10-17 09:00:00,151.75014999999996
2019-10-17 10:00:00,151.03144999999995
2019-10-17 11:00:00,151.15644999999995
2019-10-17 12:00:00,151.37514999999996
2019-10-17 13:00:00,151.62514999999996
2019-10-17 14:00:00,151.40644999999995
2019-10-17 15:00:00,151.65644999999995
2019-10-17 16:00:00,152.06264999999996
2019-10-17 17:00:00,152.03144999999995
2019-10-17 18:00:00,151.90644999999995
2019-10-17 19:00:00,151.65644999999995
2019-10-17 20:00:00,151.50014999999996
2019-10-17 21:00:00,151.68764999999996
2019-10-17 23:00:00,152.06264999999996
2019-10-18 00:00:00,151.81264999999996
2019-10-18 01:00:00,151.84394999999995
2019-10-18 02:00:00,151.90644999999995
2019-10-18 03:00:00,151.84394999999995
2019-10-18 04:00:00,151.93764999999996
2019-10-18 07:00:00,151.62514999999996
2019-10-18 08:00:00,151.56264999999996
2019-10-18 09:00:00,151.37514999999996
2019-10-18 10:00:00,151.34394999999995
2019-10-18 11:00:00,151.43764999999996
2019-10-18 12:00:00,151.31264999999996
2019-10-18 13:00:00,151.71894999999995
2019-10-18 14:00:00,151.56264999999996
2019-10-18 15:00:00,151.81264999999996
2019-10-18 16:00:00,151.90644999999995
2019-10-18 17:00:00,151.96894999999995
2019-10-18 18:00:00,151.81264999999996
2019-10-18 19:00:00,151.59394999999995
2019-10-18 20:00:00,151.68764999999996
2019-10-18 21:00:00,151.56264999999996
2019-10-18 23:00:00,151.90644999999995
2019-10-20 23:00:00,151.81264999999996
2019-10-21 00:00:00,151.84394999999995
2019-10-21 01:00:00,151.71894999999995
2019-10-21 02:00:00,151.65644999999995
2019-10-21 03:00:00,151.59394999999995
2019-10-21 04:00:00,151.53144999999995
2019-10-21 07:00:00,151.21894999999995
2019-10-21 08:00:00,150.93764999999996
2019-10-21 09:00:00,150.87514999999996
2019-10-21 10:00:00,151.12514999999996
2019-10-21 11:00:00,151.06264999999996
2019-10-21 12:00:00,151.00014999999996
2019-10-21 13:00:00,150.90644999999995
2019-10-21 14:00:00,151.09394999999995
2019-10-21 15:00:00,151.00014999999996
2019-10-21 16:00:00,150.65644999999995
2019-10-21 17:00:00,150.62514999999996
2019-10-21 18:00:00,150.78144999999995
2019-10-21 19:00:00,150.90644999999995
2019-10-21 20:00:00,150.75014999999996
2019-10-21 21:00:00,150.68764999999996
2019-10-21 23:00:00,151.62514999999996
2019-10-22 00:00:00,150.71894999999995
2019-10-22 01:00:00,150.62514999999996
2019-10-22 02:00:00,150.56264999999996
2019-10-22 03:00:00,150.62514999999996
2019-10-22 04:00:00,150.62514999999996
2019-10-22 07:00:00,150.93764999999996
2019-10-22 08:00:00,151.03144999999995
2019-10-22 09:00:00,151.25014999999996
2019-10-22 10:00:00,151.12514999999996
2019-10-22 11:00:00,151.12514999999996
2019-10-22 12:00:00,151.25014999999996
2019-10-22 13:00:00,151.40644999999995
2019-10-22 14:00:00,151.43764999999996
2019-10-22 15:00:00,151.21894999999995
2019-10-22 16:00:00,151.00014999999996
2019-10-22 17:00:00,150.96894999999995
2019-10-22 18:00:00,151.06264999999996
2019-10-22 19:00:00,151.46894999999995
2019-10-22 20:00:00,151.40644999999995
2019-10-22 21:00:00,151.46894999999995
2019-10-22 23:00:00,150.62514999999996
2019-10-23 00:00:00,151.50014999999996
2019-10-23 01:00:00,151.56264999999996
2019-10-23 02:00:00,151.75014999999996
2019-10-23 03:00:00,151.71894999999995
2019-10-23 04:00:00,151.62514999999996
2019-10-23 07:00:00,151.87514999999996
2019-10-23 08:00:00,151.78144999999995
2019-10-23 09:00:00,151.93764999999996
2019-10-23 10:00:00,151.87514999999996
2019-10-23 11:00:00,151.84394999999995
2019-10-23 12:00:00,151.96894999999995
2019-10-23 13:00:00,151.90644999999995
2019-10-23 14:00:00,152.06264999999996
2019-10-23 15:00:00,151.84394999999995
2019-10-23 16:00:00,151.78144999999995
2019-10-23 17:00:00,151.71894999999995
2019-10-23 18:00:00,151.62514999999996
2019-10-23 19:00:00,151.56264999999996
2019-10-23 20:00:00,151.50014999999996
2019-10-23 21:00:00,151.50014999999996
2019-10-23 23:00:00,151.62514999999996
2019-10-24 00:00:00,151.53144999999995
2019-10-24 01:00:00,151.53144999999995
2019-10-24 02:00:00,151.53144999999995
2019-10-24 03:00:00,151.53144999999995
2019-10-24 04:00:00,151.53144999999995
2019-10-24 07:00:00,151.84394999999995
2019-10-24 08:00:00,151.56264999999996
2019-10-24 09:00:00,151.62514999999996
2019-10-24 10:00:00,151.46894999999995
2019-10-24 11:00:00,151.62514999999996
2019-10-24 12:00:00,151.59394999999995
2019-10-24 13:00:00,151.25014999999996
2019-10-24 14:00:00,151.87514999999996
2019-10-24 15:00:00,151.96894999999995
2019-10-24 16:00:00,151.87514999999996
2019-10-24 17:00:00,151.87514999999996
2019-10-24 18:00:00,151.65644999999995
2019-10-24 19:00:00,151.43764999999996
2019-10-24 20:00:00,151.34394999999995
2019-10-24 21:00:00,151.37514999999996
2019-10-24 23:00:00,151.65644999999995
2019-10-25 00:00:00,151.62514999999996
2019-10-25 01:00:00,151.56264999999996
2019-10-25 02:00:00,151.65644999999995
2019-10-25 03:00:00,151.62514999999996
2019-10-25 04:00:00,151.65644999999995
2019-10-25 07:00:00,151.40644999999995
2019-10-25 08:00:00,151.50014999999996
2019-10-25 09:00:00,151.40644999999995
2019-10-25 10:00:00,151.25014999999996
2019-10-25 11:00:00,151.25014999999996
2019-10-25 12:00:00,151.31264999999996
2019-10-25 13:00:00,151.62514999999996
2019-10-25 14:00:00,151.40644999999995
2019-10-25 15:00:00,151.37514999999996
2019-10-25 16:00:00,150.68764999999996
2019-10-25 17:00:00,150.84394999999995
2019-10-25 18:00:00,150.87514999999996
2019-10-25 19:00:00,150.84394999999995
2019-10-25 20:00:00,150.84394999999995
2019-10-25 21:00:00,150.93764999999996
2019-10-25 23:00:00,151.56264999999996
2019-10-27 23:00:00,150.78144999999995
2019-10-28 00:00:00,150.75014999999996
2019-10-28 01:00:00,150.78144999999995
2019-10-28 02:00:00,150.75014999999996
2019-10-28 03:00:00,150.56264999999996
2019-10-28 04:00:00,150.53144999999995
2019-10-28 07:00:00,150.53144999999995
2019-10-28 08:00:00,150.21894999999995
2019-10-28 09:00:00,150.37514999999996
2019-10-28 10:00:00,150.03144999999995
2019-10-28 11:00:00,150.21894999999995
2019-10-28 12:00:00,150.18764999999996
2019-10-28 13:00:00,150.00014999999996
2019-10-28 14:00:00,149.75014999999996
2019-10-28 15:00:00,149.84394999999995
2019-10-28 16:00:00,149.65644999999995
2019-10-28 17:00:00,149.87514999999996
2019-10-28 18:00:00,149.90644999999995
2019-10-28 19:00:00,149.68764999999996
2019-10-28 20:00:00,149.90644999999995
2019-10-28 21:00:00,149.96894999999995
2019-10-28 23:00:00,150.56264999999996
2019-10-29 00:00:00,149.84394999999995
2019-10-29 01:00:00,149.68764999999996
2019-10-29 02:00:00,149.68764999999996
2019-10-29 03:00:00,149.68764999999996
2019-10-29 04:00:00,149.78144999999995
2019-10-29 07:00:00,149.78144999999995
2019-10-29 08:00:00,150.03144999999995
2019-10-29 09:00:00,150.21894999999995
2019-10-29 10:00:00,150.34394999999995
2019-10-29 11:00:00,150.09394999999995
2019-10-29 12:00:00,150.21894999999995
2019-10-29 13:00:00,150.21894999999995
2019-10-29 14:00:00,150.00014999999996
2019-10-29 15:00:00,150.00014999999996
2019-10-29 16:00:00,150.21894999999995
2019-10-29 17:00:00,150.06264999999996
2019-10-29 18:00:00,150.03144999999995
2019-10-29 19:00:00,150.12514999999996
2019-10-29 20:00:00,150.06264999999996
2019-10-29 21:00:00,149.96894999999995
2019-10-29 23:00:00,149.65644999999995
2019-10-30 00:00:00,150.09394999999995
2019-10-30 01:00:00,150.31264999999996
2019-10-30 02:00:00,150.25014999999996
2019-10-30 03:00:00,150.28144999999995
2019-10-30 04:00:00,150.31264999999996
2019-10-30 07:00:00,150.28144999999995
2019-10-30 08:00:00,150.12514999999996
2019-10-30 09:00:00,150.25014999999996
2019-10-30 10:00:00,150.28144999999995
2019-10-30 11:00:00,150.34394999999995
2019-10-30 12:00:00,150.28144999999995
2019-10-30 13:00:00,150.37514999999996
2019-10-30 14:00:00,150.53144999999995
2019-10-30 15:00:00,150.68764999999996
2019-10-30 16:00:00,150.90644999999995
2019-10-30 17:00:00,150.81264999999996
2019-10-30 18:00:00,150.81264999999996
2019-10-30 19:00:00,151.06264999999996
2019-10-30 20:00:00,151.40644999999995
2019-10-30 21:00:00,151.40644999999995
2019-10-30 23:00:00,150.25014999999996
2019-10-31 00:00:00,151.31264999999996
2019-10-31 01:00:00,151.18764999999996
2019-10-31 02:00:00,151.31264999999996
2019-10-31 03:00:00,151.34394999999995
2019-10-31 04:00:00,151.28144999999995
2019-10-31 07:00:00,151.31264999999996
2019-10-31 08:00:00,151.56264999999996
2019-10-31 09:00:00,151.56264999999996
2019-10-31 10:00:00,152.12514999999996
2019-10-31 11:00:00,152.06264999999996
2019-10-31 12:00:00,152.15644999999995
2019-10-31 13:00:00,152.28144999999995
2019-10-31 14:00:00,152.50014999999996
2019-10-31 15:00:00,152.62514999999996
2019-10-31 16:00:00,152.50014999999996
2019-10-31 17:00:00,152.75014999999996
2019-10-31 18:00:00,153.06264999999996
2019-10-31 19:00:00,152.84394999999995
2019-10-31 20:00:00,152.71894999999995
2019-10-31 21:00:00,152.75014999999996
2019-10-31 23:00:00,151.28144999999995
2019-11-01 00:00:00,152.81264999999996
2019-11-01 01:00:00,152.90644999999995
2019-11-01 02:00:00,152.68764999999996
2019-11-01 03:00:00,152.78144999999995
2019-11-01 04:00:00,152.75014999999996
2019-11-01 07:00:00,152.71894999999995
2019-11-01 08:00:00,152.75014999999996
2019-11-01 09:00:00,152.84394999999995
2019-11-01 10:00:00,152.75014999999996
2019-11-01 11:00:00,152.62514999999996
2019-11-01 12:00:00,152.78144999999995
2019-11-01 13:00:00,152.62514999999996
2019-11-01 14:00:00,152.68764999999996
2019-11-01 15:00:00,152.31264999999996
2019-11-01 16:00:00,152.06264999999996
2019-11-01 17:00:00,151.93764999999996
2019-11-01 18:00:00,151.96894999999995
2019-11-01 19:00:00,152.06264999999996
2019-11-01 20:00:00,152.25014999999996
2019-11-01 21:00:00,152.43764999999996
2019-11-01 23:00:00,152.68764999999996
2019-11-03 23:00:00,152.06264999999996
2019-11-04 00:00:00,152.03144999999995
2019-11-04 01:00:00,152.03144999999995
2019-11-04 02:00:00,151.96894999999995
2019-11-04 03:00:00,151.90644999999995
2019-11-04 04:00:00,151.87514999999996
2019-11-04 07:00:00,151.62514999999996
2019-11-04 08:00:00,151.53144999999995
2019-11-04 09:00:00,151.62514999999996
2019-11-04 10:00:00,151.56264999999996
2019-11-04 11:00:00,151.59394999999995
2019-11-04 12:00:00,151.50014999999996
2019-11-04 13:00:00,151.31264999999996
2019-11-04 14:00:00,150.93764999999996
2019-11-04 15:00:00,150.96894999999995
2019-11-04 16:00:00,150.87514999999996
2019-11-04 17:00:00,150.96894999999995
2019-11-04 18:00:00,150.90644999999995
2019-11-04 19:00:00,150.90644999999995
2019-11-04 20:00:00,150.93764999999996
2019-11-04 21:00:00,151.09394999999995
2019-11-04 23:00:00,151.81264999999996
2019-11-05 00:00:00,150.81264999999996
2019-11-05 01:00:00,150.81264999999996
2019-11-05 02:00:00,150.68764999999996
2019-11-05 03:00:00,150.53144999999995
2019-11-05 04:00:00,150.53144999999995
2019-11-05 07:00:00,150.31264999999996
2019-11-05 08:00:00,150.06264999999996
2019-11-05 09:00:00,150.12514999999996
2019-11-05 10:00:00,150.18764999999996
2019-11-05 11:00:00,150.25014999999996
2019-11-05 12:00:00,150.15644999999995
2019-11-05 13:00:00,149.81264999999996
2019-11-05 14:00:00,149.81264999999996
2019-11-05 15:00:00,149.31264999999996
2019-11-05 16:00:00,149.34394999999995
2019-11-05 17:00:00,149.40644999999995
2019-11-05 18:00:00,149.43764999999996
2019-11-05 19:00:00,149.34394999999995
2019-11-05 20:00:00,149.53144999999995
2019-11-05 21:00:00,149.46894999999995
2019-11-05 23:00:00,150.46894999999995
2019-11-06 00:00:00,149.71894999999995
2019-11-06 01:00:00,149.71894999999995
2019-11-06 02:00:00,149.71894999999995
2019-11-06 03:00:00,149.75014999999996
2019-11-06 04:00:00,149.62514999999996
2019-11-06 07:00:00,149.62514999999996
2019-11-06 08:00:00,149.62514999999996
2019-11-06 09:00:00,149.75014999999996
2019-11-06 10:00:00,149.59394999999995
2019-11-06 11:00:00,149.75014999999996
2019-11-06 12:00:00,149.75014999999996
2019-11-06 13:00:00,150.12514999999996
2019-11-06 14:00:00,150.06264999999996
2019-11-06 15:00:00,150.12514999999996
2019-11-06 16:00:00,150.25014999999996
2019-11-06 17:00:00,150.18764999999996
2019-11-06 18:00:00,150.34394999999995
2019-11-06 19:00:00,150.37514999999996
2019-11-06 20:00:00,150.28144999999995
2019-11-06 21:00:00,150.09394999999995
2019-11-06 23:00:00,149.65644999999995
2019-11-07 00:00:00,150.21894999999995
2019-11-07 01:00:00,150.37514999999996
2019-11-07 02:00:00,150.34394999999995
2019-11-07 03:00:00,150.37514999999996
2019-11-07 04:00:00,150.34394999999995
2019-11-07 07:00:00,149.62514999999996
2019-11-07 08:00:00,149.65644999999995
2019-11-07 09:00:00,149.43764999999996
2019-11-07 10:00:00,149.03144999999995
2019-11-07 11:00:00,149.03144999999995
2019-11-07 12:00:00,149.00014999999996
2019-11-07 13:00:00,149.06264999999996
2019-11-07 14:00:00,148.59394999999995
2019-11-07 15:00:00,148.21894999999995
2019-11-07 16:00:00,147.87514999999996
2019-11-07 17:00:00,147.65644999999995
2019-11-07 18:00:00,147.90644999999995
2019-11-07 19:00:00,148.12514999999996
2019-11-07 20:00:00,148.18764999999996
2019-11-07 21:00:00,148.15644999999995
2019-11-07 23:00:00,150.21894999999995
2019-11-08 00:00:00,148.21894999999995
2019-11-08 01:00:00,148.15644999999995
2019-11-08 02:00:00,148.31264999999996
2019-11-08 03:00:00,148.28144999999995
2019-11-08 04:00:00,148.34394999999995
2019-11-08 07:00:00,148.50014999999996
2019-11-08 08:00:00,148.43764999999996
2019-11-08 09:00:00,148.34394999999995
2019-11-08 10:00:00,148.25014999999996
2019-11-08 11:00:00,148.09394999999995
2019-11-08 12:00:00,147.71894999999995
2019-11-08 13:00:00,147.56264999999996
2019-11-08 14:00:00,148.40644999999995
2019-11-08 15:00:00,148.31264999999996
2019-11-08 16:00:00,148.25014999999996
2019-11-08 17:00:00,148.03144999999995
2019-11-08 18:00:00,147.84394999999995
2019-11-08 19:00:00,147.84394999999995
2019-11-08 20:00:00,147.78144999999995
2019-11-08 21:00:00,147.62514999999996
2019-11-08 23:00:00,148.43764999999996
2019-11-10 23:00:00,147.68764999999996
2019-11-11 00:00:00,147.87514999999996
2019-11-11 01:00:00,147.90644999999995
2019-11-11 02:00:00,148.00014999999996
2019-11-11 03:00:00,147.93764999999996
2019-11-11 04:00:00,147.96894999999995
2019-11-11 07:00:00,148.18764999999996
2019-11-11 08:00:00,148.09394999999995
2019-11-11 09:00:00,148.25014999999996
2019-11-11 10:00:00,148.18764999999996
2019-11-11 11:00:00,148.25014999999996
2019-11-11 12:00:00,148.12514999999996
2019-11-11 13:00:00,148.28144999999995
2019-11-11 14:00:00,148.15644999999995
2019-11-11 15:00:00,147.81264999999996
2019-11-11 16:00:00,147.71894999999995
2019-11-11 17:00:00,147.81264999999996
2019-11-11 18:00:00,147.90644999999995
2019-11-11 19:00:00,147.96894999999995
2019-11-11 20:00:00,148.00014999999996
2019-11-11 21:00:00,148.09394999999995
2019-11-11 23:00:00,148.25014999999996
2019-11-12 00:00:00,148.03144999999995
2019-11-12 01:00:00,148.12514999999996
2019-11-12 02:00:00,148.06264999999996
2019-11-12 03:00:00,148.21894999999995
2019-11-12 04:00:00,148.12514999999996
2019-11-12 07:00:00,147.71894999999995
2019-11-12 08:00:00,147.81264999999996
2019-11-12 09:00:00,147.93764999999996
2019-11-12 10:00:00,147.84394999999995
2019-11-12 11:00:00,147.62514999999996
2019-11-12 12:00:00,147.78144999999995
2019-11-12 13:00:00,148.00014999999996
2019-11-12 14:00:00,147.84394999999995
2019-11-12 15:00:00,147.78144999999995
2019-11-12 16:00:00,148.06264999999996
2019-11-12 17:00:00,148.15644999999995
2019-11-12 18:00:00,147.96894999999995
2019-11-12 19:00:00,148.40644999999995
2019-11-12 20:00:00,148.25014999999996
2019-11-12 21:00:00,147.78144999999995
2019-11-12 23:00:00,147.56264999999996
2019-11-13 00:00:00,148.09394999999995
2019-11-13 01:00:00,148.09394999999995
2019-11-13 02:00:00,148.12514999999996
2019-11-13 03:00:00,148.12514999999996
2019-11-13 04:00:00,148.12514999999996
2019-11-13 07:00:00,148.18764999999996
2019-11-13 08:00:00,148.40644999999995
2019-11-13 09:00:00,148.93764999999996
2019-11-13 10:00:00,148.93764999999996
2019-11-13 11:00:00,149.00014999999996
2019-11-13 12:00:00,148.84394999999995
2019-11-13 13:00:00,148.90644999999995
2019-11-13 14:00:00,149.03144999999995
2019-11-13 15:00:00,149.09394999999995
2019-11-13 16:00:00,148.78144999999995
2019-11-13 17:00:00,148.71894999999995
2019-11-13 18:00:00,148.93764999999996
2019-11-13 19:00:00,149.06264999999996
2019-11-13 20:00:00,148.84394999999995
2019-11-13 21:00:00,148.75014999999996
2019-11-13 23:00:00,148.12514999999996
2019-11-14 00:00:00,148.96894999999995
2019-11-14 01:00:00,148.71894999999995
2019-11-14 02:00:00,148.90644999999995
2019-11-14 03:00:00,149.03144999999995
2019-11-14 04:00:00,149.06264999999996
2019-11-14 07:00:00,149.18764999999996
2019-11-14 08:00:00,149.65644999999995
2019-11-14 09:00:00,149.68764999999996
2019-11-14 10:00:00,149.40644999999995
2019-11-14 11:00:00,149.46894999999995
2019-11-14 12:00:00,149.59394999999995
2019-11-14 13:00:00,149.81264999999996
2019-11-14 14:00:00,149.87514999999996
2019-11-14 15:00:00,150.03144999999995
2019-11-14 16:00:00,150.28144999999995
2019-11-14 17:00:00,150.21894999999995
2019-11-14 18:00:00,150.25014999999996
2019-11-14 19:00:00,150.06264999999996
2019-11-14 20:00:00,149.90644999999995
2019-11-14 21:00:00,150.00014999999996
2019-11-14 23:00:00,149.15644999999995
2019-11-15 00:00:00,149.50014999999996
2019-11-15 01:00:00,149.62514999999996
2019-11-15 02:00:00,149.53144999999995
2019-11-15 03:00:00,149.53144999999995
2019-11-15 04:00:00,149.56264999999996
2019-11-15 07:00:00,149.53144999999995
2019-11-15 08:00:00,149.78144999999995
2019-11-15 09:00:00,149.46894999999995
2019-11-15 10:00:00,149.71894999999995
2019-11-15 11:00:00,149.62514999999996
2019-11-15 12:00:00,149.56264999999996
2019-11-15 13:00:00,149.81264999999996
2019-11-15 14:00:00,149.84394999999995
2019-11-15 15:00:00,149.96894999999995
2019-11-15 16:00:00,149.71894999999995
2019-11-15 17:00:00,149.87514999999996
2019-11-15 18:00:00,149.87514999999996
2019-11-15 19:00:00,149.75014999999996
2019-11-15 20:00:00,149.75014999999996
2019-11-15 21:00:00,149.84394999999995
2019-11-15 23:00:00,149.40644999999995
2019-11-17 23:00:00,149.93764999999996
2019-11-18 00:00:00,149.96894999999995
2019-11-18 01:00:00,149.81264999999996
2019-11-18 02:00:00,149.87514999999996
2019-11-18 03:00:00,149.90644999999995
2019-11-18 04:00:00,149.90644999999995
2019-11-18 07:00:00,149.65644999999995
2019-11-18 08:00:00,149.50014999999996
2019-11-18 09:00:00,149.43764999999996
2019-11-18 10:00:00,149.46894999999995
2019-11-18 11:00:00,149.56264999999996
2019-11-18 12:00:00,149.34394999999995
2019-11-18 13:00:00,149.90644999999995
2019-11-18 14:00:00,150.25014999999996
2019-11-18 15:00:00,150.40644999999995
2019-11-18 16:00:00,150.25014999999996
2019-11-18 17:00:00,150.21894999999995
2019-11-18 18:00:00,150.28144999999995
2019-11-18 19:00:00,150.25014999999996
2019-11-18 20:00:00,150.15644999999995
2019-11-18 21:00:00,150.09394999999995
2019-11-18 23:00:00,149.87514999999996
2019-11-19 00:00:00,150.37514999999996
2019-11-19 01:00:00,150.21894999999995
2019-11-19 02:00:00,150.21894999999995
2019-11-19 03:00:00,150.28144999999995
2019-11-19 04:00:00,150.25014999999996
2019-11-19 07:00:00,150.06264999999996
2019-11-19 08:00:00,150.03144999999995
2019-11-19 09:00:00,150.00014999999996
2019-11-19 10:00:00,150.00014999999996
2019-11-19 11:00:00,150.12514999999996
2019-11-19 12:00:00,150.03144999999995
2019-11-19 13:00:00,150.34394999999995
2019-11-19 14:00:00,150.53144999999995
2019-11-19 15:00:00,150.71894999999995
2019-11-19 16:00:00,150.68764999999996
2019-11-19 17:00:00,150.81264999999996
2019-11-19 18:00:00,150.87514999999996
2019-11-19 19:00:00,150.78144999999995
2019-11-19 20:00:00,150.75014999999996
2019-11-19 21:00:00,150.81264999999996
2019-11-19 23:00:00,150.18764999999996
2019-11-20 00:00:00,151.09394999999995
2019-11-20 01:00:00,151.43764999999996
2019-11-20 02:00:00,151.46894999999995
2019-11-20 03:00:00,151.43764999999996
2019-11-20 04:00:00,151.37514999999996
2019-11-20 07:00:00,151.78144999999995
2019-11-20 08:00:00,151.90644999999995
2019-11-20 09:00:00,151.78144999999995
2019-11-20 10:00:00,151.68764999999996
2019-11-20 11:00:00,151.50014999999996
2019-11-20 12:00:00,151.68764999999996
2019-11-20 13:00:00,151.65644999999995
2019-11-20 14:00:00,151.75014999999996
2019-11-20 15:00:00,151.71894999999995
2019-11-20 16:00:00,151.40644999999995
2019-11-20 17:00:00,151.59394999999995
2019-11-20 18:00:00,151.71894999999995
2019-11-20 19:00:00,151.81264999999996
2019-11-20 20:00:00,151.87514999999996
2019-11-20 21:00:00,151.62514999999996
2019-11-20 23:00:00,151.40644999999995
2019-11-21 00:00:00,152.15644999999995
2019-11-21 01:00:00,152.31264999999996
2019-11-21 02:00:00,151.87514999999996
2019-11-21 03:00:00,151.81264999999996
2019-11-21 04:00:00,151.87514999999996
2019-11-21 07:00:00,151.81264999999996
2019-11-21 08:00:00,151.90644999999995
2019-11-21 09:00:00,151.56264999999996
2019-11-21 10:00:00,151.37514999999996
2019-11-21 11:00:00,151.46894999999995
2019-11-21 12:00:00,151.43764999999996
2019-11-21 13:00:00,151.37514999999996
2019-11-21 14:00:00,151.18764999999996
2019-11-21 15:00:00,151.37514999999996
2019-11-21 16:00:00,151.21894999999995
2019-11-21 17:00:00,150.87514999999996
2019-11-21 18:00:00,151.03144999999995
2019-11-21 19:00:00,151.15644999999995
2019-11-21 20:00:00,151.21894999999995
2019-11-21 21:00:00,151.12514999999996
2019-11-21 23:00:00,151.81264999999996
2019-11-22 00:00:00,151.03144999999995
2019-11-22 01:00:00,150.93764999999996
2019-11-22 02:00:00,151.06264999999996
2019-11-22 03:00:00,151.06264999999996
2019-11-22 04:00:00,151.03144999999995
2019-11-22 07:00:00,151.09394999999995
2019-11-22 08:00:00,151.06264999999996
2019-11-22 09:00:00,151.56264999999996
2019-11-22 10:00:00,151.53144999999995
2019-11-22 11:00:00,151.68764999999996
2019-11-22 12:00:00,151.56264999999996
2019-11-22 13:00:00,151.50014999999996
2019-11-22 14:00:00,151.15644999999995
2019-11-22 15:00:00,151.37514999999996
2019-11-22 16:00:00,151.40644999999995
2019-11-22 17:00:00,151.43764999999996
2019-11-22 18:00:00,151.37514999999996
2019-11-22 19:00:00,151.31264999999996
2019-11-22 20:00:00,151.31264999999996
2019-11-22 21:00:00,151.28144999999995
2019-11-22 23:00:00,151.15644999999995
2019-11-24 23:00:00,151.21894999999995
2019-11-25 00:00:00,151.18764999999996
2019-11-25 01:00:00,151.18764999999996
2019-11-25 02:00:00,151.21884999999997
2019-11-25 03:00:00,151.25014999999996
2019-11-25 04:00:00,151.28134999999997
2019-11-25 07:00:00,151.12514999999996
2019-11-25 08:00:00,151.00014999999996
2019-11-25 09:00:00,150.96884999999997
2019-11-25 10:00:00,151.00014999999996
2019-11-25 11:00:00,150.96884999999997
2019-11-25 12:00:00,151.06264999999996
2019-11-25 13:00:00,151.28134999999997
2019-11-25 14:00:00,151.59384999999997
2019-11-25 15:00:00,151.56264999999996
2019-11-25 16:00:00,151.59384999999997
2019-11-25 17:00:00,151.59384999999997
2019-11-25 18:00:00,151.59384999999997
2019-11-25 19:00:00,151.50014999999996
2019-11-25 20:00:00,151.53134999999997
2019-11-25 21:00:00,151.65634999999997
2019-11-25 23:00:00,151.06264999999996
2019-11-26 00:00:00,151.50014999999996
2019-11-26 01:00:00,151.43764999999996
2019-11-26 02:00:00,151.59384999999997
2019-11-26 03:00:00,151.59384999999997
2019-11-26 04:00:00,151.59384999999997
2019-11-26 07:00:00,151.53134999999997
2019-11-26 08:00:00,151.87514999999996
2019-11-26 09:00:00,151.90634999999997
2019-11-26 10:00:00,152.00014999999996
2019-11-26 11:00:00,151.90634999999997
2019-11-26 12:00:00,151.93764999999996
2019-11-26 13:00:00,152.15634999999997
2019-11-26 14:00:00,152.18764999999996
2019-11-26 15:00:00,152.12514999999996
2019-11-26 16:00:00,152.00014999999996
2019-11-26 17:00:00,152.06264999999996
2019-11-26 18:00:00,152.09384999999997
2019-11-26 19:00:00,152.06264999999996
2019-11-26 20:00:00,152.06264999999996
2019-11-26 21:00:00,151.93764999999996
2019-11-26 23:00:00,151.62514999999996
2019-11-27 00:00:00,151.84384999999997
2019-11-27 01:00:00,151.81264999999996
2019-11-27 02:00:00,151.81264999999996
2019-11-27 03:00:00,151.93764999999996
2019-11-27 04:00:00,151.96884999999997
2019-11-27 07:00:00,152.03134999999997
2019-11-27 08:00:00,152.00014999999996
2019-11-27 09:00:00,152.00014999999996
2019-11-27 10:00:00,152.00014999999996
2019-11-27 11:00:00,151.93764999999996
2019-11-27 12:00:00,151.84384999999997
2019-11-27 13:00:00,151.46884999999997
2019-11-27 14:00:00,151.43764999999996
2019-11-27 15:00:00,151.50014999999996
2019-11-27 16:00:00,151.68764999999996
2019-11-27 17:00:00,151.71884999999997
2019-11-27 18:00:00,151.62514999999996
2019-11-27 19:00:00,151.53134999999997
2019-11-27 20:00:00,151.50014999999996
2019-11-27 21:00:00,151.53134999999997
2019-11-27 23:00:00,152.03134999999997
2019-11-28 00:00:00,151.68764999999996
2019-11-28 01:00:00,151.62514999999996
2019-11-28 02:00:00,151.53134999999997
2019-11-28 03:00:00,151.56264999999996
2019-11-28 04:00:00,151.56264999999996
2019-11-28 07:00:00,151.65634999999997
2019-11-28 08:00:00,151.68764999999996
2019-11-28 09:00:00,151.68764999999996
2019-11-28 10:00:00,151.56264999999996
2019-11-28 11:00:00,151.50014999999996
2019-11-28 12:00:00,151.31264999999996
2019-11-28 13:00:00,151.34384999999997
2019-11-28 14:00:00,151.25014999999996
2019-11-28 15:00:00,151.25014999999996
2019-11-28 16:00:00,151.28134999999997
2019-11-28 17:00:00,151.25014999999996
2019-11-28 23:00:00,151.50014999999996
2019-11-29 00:00:00,151.25014999999996
2019-11-29 01:00:00,151.37514999999996
2019-11-29 02:00:00,151.40634999999997
2019-11-29 03:00:00,151.40634999999997
2019-11-29 04:00:00,151.34384999999997
2019-11-29 07:00:00,151.53134999999997
2019-11-29 08:00:00,151.56264999999996
2019-11-29 09:00:00,151.62514999999996
2019-11-29 10:00:00,151.59384999999997
2019-11-29 11:00:00,151.59384999999997
2019-11-29 12:00:00,151.56264999999996
2019-11-29 13:00:00,151.28134999999997
2019-11-29 14:00:00,151.18764999999996
2019-11-29 15:00:00,150.84384999999997
2019-11-29 16:00:00,151.28134999999997
2019-11-29 17:00:00,151.25014999999996
2019-11-29 18:00:00,151.34384999999997
2019-11-29 23:00:00,151.56264999999996
2019-12-01 23:00:00,150.87514999999996
2019-12-02 00:00:00,150.53134999999997
2019-12-02 01:00:00,150.53134999999997
2019-12-02 02:00:00,150.53134999999997
2019-12-02 03:00:00,150.43764999999996
2019-12-02 04:00:00,150.46884999999997
2019-12-02 07:00:00,150.00014999999996
2019-12-02 08:00:00,149.50014999999996
2019-12-02 09:00:00,149.56264999999996
2019-12-02 10:00:00,149.65634999999997
2019-12-02 11:00:00,149.81264999999996
2019-12-02 12:00:00,149.75014999999996
2019-12-02 13:00:00,149.75014999999996
2019-12-02 14:00:00,149.56264999999996
2019-12-02 15:00:00,149.90634999999997
2019-12-02 16:00:00,149.84384999999997
2019-12-02 17:00:00,149.90634999999997
2019-12-02 18:00:00,149.81264999999996
2019-12-02 19:00:00,149.65634999999997
2019-12-02 20:00:00,149.84384999999997
2019-12-02 21:00:00,149.96884999999997
2019-12-02 23:00:00,150.46884999999997
2019-12-03 00:00:00,149.93764999999996
2019-12-03 01:00:00,149.96884999999997
2019-12-03 02:00:00,149.93764999999996
2019-12-03 03:00:00,149.81264999999996
2019-12-03 04:00:00,149.68764999999996
2019-12-03 07:00:00,149.81264999999996
2019-12-03 08:00:00,149.75014999999996
2019-12-03 09:00:00,149.93764999999996
2019-12-03 10:00:00,150.50014999999996
2019-12-03 11:00:00,150.50014999999996
2019-12-03 12:00:00,150.68764999999996
2019-12-03 13:00:00,150.96884999999997
2019-12-03 14:00:00,151.59384999999997
2019-12-03 15:00:00,152.15634999999997
2019-12-03 16:00:00,152.43764999999996
2019-12-03 17:00:00,152.50014999999996
2019-12-03 18:00:00,152.34384999999997
2019-12-03 19:00:00,152.31264999999996
2019-12-03 20:00:00,152.18764999999996
2019-12-03 21:00:00,152.09384999999997
2019-12-03 23:00:00,149.56264999999996
2019-12-04 00:00:00,152.06264999999996
2019-12-04 01:00:00,151.90634999999997
2019-12-04 02:00:00,151.96884999999997
2019-12-04 03:00:00,151.93764999999996
2019-12-04 04:00:00,151.96884999999997
2019-12-04 07:00:00,152.43764999999996
2019-12-04 08:00:00,152.31264999999996
2019-12-04 09:00:00,151.56264999999996
2019-12-04 10:00:00,151.68764999999996
2019-12-04 11:00:00,151.75014999999996
2019-12-04 12:00:00,151.62514999999996
2019-12-04 13:00:00,151.71884999999997
2019-12-04 14:00:00,151.56264999999996
2019-12-04 15:00:00,151.12514999999996
2019-12-04 16:00:00,150.75014999999996
2019-12-04 17:00:00,150.93764999999996
2019-12-04 18:00:00,150.87514999999996
2019-12-04 19:00:00,150.96884999999997
2019-12-04 20:00:00,151.15634999999997
2019-12-04 21:00:00,151.00014999999996
2019-12-04 23:00:00,152.12514999999996
2019-12-05 00:00:00,151.21884999999997
2019-12-05 01:00:00,151.18764999999996
2019-12-05 02:00:00,151.18764999999996
2019-12-05 03:00:00,151.31264999999996
2019-12-05 04:00:00,151.18764999999996
2019-12-05 07:00:00,151.03134999999997
2019-12-05 08:00:00,150.93764999999996
2019-12-05 09:00:00,150.87514999999996
2019-12-05 10:00:00,150.81264999999996
2019-12-05 11:00:00,150.81264999999996
2019-12-05 12:00:00,150.84384999999997
2019-12-05 13:00:00,150.18764999999996
2019-12-05 14:00:00,150.18764999999996
2019-12-05 15:00:00,150.31264999999996
2019-12-05 16:00:00,150.53134999999997
2019-12-05 17:00:00,150.56264999999996
2019-12-05 18:00:00,150.56264999999996
2019-12-05 19:00:00,150.56264999999996
2019-12-05 20:00:00,150.53134999999997
2019-12-05 21:00:00,150.31264999999996
2019-12-05 23:00:00,151.31264999999996
2019-12-06 00:00:00,150.37514999999996
2019-12-06 01:00:00,150.53134999999997
2019-12-06 02:00:00,150.56264999999996
2019-12-06 03:00:00,150.56264999999996
2019-12-06 04:00:00,150.53134999999997
2019-12-06 07:00:00,150.46884999999997
2019-12-06 08:00:00,150.62514999999996
2019-12-06 09:00:00,150.65634999999997
2019-12-06 10:00:00,150.68764999999996
2019-12-06 11:00:00,150.59384999999997
2019-12-06 12:00:00,150.68764999999996
2019-12-06 13:00:00,149.50014999999996
2019-12-06 14:00:00,149.75014999999996
2019-12-06 15:00:00,150.09384999999997
2019-12-06 16:00:00,149.81264999999996
2019-12-06 17:00:00,149.84384999999997
2019-12-06 18:00:00,149.81264999999996
2019-12-06 19:00:00,149.84384999999997
2019-12-06 20:00:00,149.87514999999996
2019-12-06 21:00:00,149.87514999999996
2019-12-06 23:00:00,150.31264999999996
2019-12-08 23:00:00,149.78134999999997
2019-12-09 00:00:00,149.87514999999996
2019-12-09 01:00:00,149.81264999999996
2019-12-09 02:00:00,149.78134999999997
2019-12-09 03:00:00,149.81264999999996
2019-12-09 04:00:00,149.90634999999997
2019-12-09 07:00:00,150.09384999999997
2019-12-09 08:00:00,150.28134999999997
2019-12-09 09:00:00,150.21884999999997
2019-12-09 10:00:00,150.21884999999997
2019-12-09 11:00:00,150.25014999999996
2019-12-09 12:00:00,150.28134999999997
2019-12-09 13:00:00,150.50014999999996
2019-12-09 14:00:00,150.31264999999996
2019-12-09 15:00:00,150.40634999999997
2019-12-09 16:00:00,150.34384999999997
2019-12-09 17:00:00,150.25014999999996
2019-12-09 18:00:00,150.15634999999997
2019-12-09 19:00:00,150.18764999999996
2019-12-09 20:00:00,150.15634999999997
2019-12-09 21:00:00,150.31264999999996
2019-12-09 23:00:00,149.96884999999997
2019-12-10 00:00:00,150.34384999999997
2019-12-10 01:00:00,150.28134999999997
2019-12-10 02:00:00,150.28134999999997
2019-12-10 03:00:00,150.21884999999997
2019-12-10 04:00:00,150.28134999999997
2019-12-10 07:00:00,150.34384999999997
2019-12-10 08:00:00,150.43764999999996
2019-12-10 09:00:00,150.53134999999997
2019-12-10 10:00:00,150.53134999999997
2019-12-10 11:00:00,150.59384999999997
2019-12-10 12:00:00,150.59384999999997
2019-12-10 13:00:00,150.43764999999996
2019-12-10 14:00:00,149.96884999999997
2019-12-10 15:00:00,150.15634999999997
2019-12-10 16:00:00,149.96884999999997
2019-12-10 17:00:00,149.96884999999997
2019-12-10 18:00:00,149.93764999999996
2019-12-10 19:00:00,150.28134999999997
2019-12-10 20:00:00,150.03134999999997
2019-12-10 21:00:00,150.06264999999996
2019-12-10 23:00:00,150.40634999999997
2019-12-11 00:00:00,150.21884999999997
2019-12-11 01:00:00,150.18764999999996
2019-12-11 02:00:00,150.21884999999997
2019-12-11 03:00:00,150.12514999999996
2019-12-11 04:00:00,150.06264999999996
2019-12-11 07:00:00,150.31264999999996
2019-12-11 08:00:00,150.56264999999996
2019-12-11 09:00:00,150.56264999999996
2019-12-11 10:00:00,150.59384999999997
2019-12-11 11:00:00,150.50014999999996
2019-12-11 12:00:00,150.43764999999996
2019-12-11 13:00:00,150.43764999999996
2019-12-11 14:00:00,150.43764999999996
2019-12-11 15:00:00,150.75014999999996
2019-12-11 16:00:00,150.78134999999997
2019-12-11 17:00:00,150.81264999999996
2019-12-11 18:00:00,150.93764999999996
2019-12-11 19:00:00,151.15634999999997
2019-12-11 20:00:00,150.93764999999996
2019-12-11 21:00:00,150.96884999999997
2019-12-11 23:00:00,150.12514999999996
2019-12-12 00:00:00,151.00014999999996
2019-12-12 01:00:00,150.84384999999997
2019-12-12 02:00:00,150.84384999999997
2019-12-12 03:00:00,150.84384999999997
2019-12-12 04:00:00,150.87514999999996
2019-12-12 07:00:00,150.68764999999996
2019-12-12 08:00:00,150.62514999999996
2019-12-12 09:00:00,150.68764999999996
2019-12-12 10:00:00,150.75014999999996
2019-12-12 11:00:00,150.71884999999997
2019-12-12 12:00:00,150.75014999999996
2019-12-12 13:00:00,150.93764999999996
2019-12-12 14:00:00,149.81264999999996
2019-12-12 15:00:00,149.03134999999997
2019-12-12 16:00:00,149.12514999999996
2019-12-12 17:00:00,149.00014999999996
2019-12-12 18:00:00,149.06264999999996
2019-12-12 19:00:00,148.93764999999996
2019-12-12 20:00:00,148.96884999999997
2019-12-12 21:00:00,149.06264999999996
2019-12-12 23:00:00,150.75014999999996
2019-12-13 00:00:00,148.46884999999997
2019-12-13 01:00:00,148.68764999999996
2019-12-13 02:00:00,148.59384999999997
2019-12-13 03:00:00,148.59384999999997
2019-12-13 04:00:00,148.65634999999997
2019-12-13 07:00:00,148.62514999999996
2019-12-13 08:00:00,148.96884999999997
2019-12-13 09:00:00,148.87514999999996
2019-12-13 10:00:00,148.96884999999997
2019-12-13 11:00:00,149.00014999999996
2019-12-13 12:00:00,149.25014999999996
2019-12-13 13:00:00,149.03134999999997
2019-12-13 14:00:00,149.56264999999996
2019-12-13 15:00:00,150.15634999999997
2019-12-13 16:00:00,150.37514999999996
2019-12-13 17:00:00,150.31264999999996
2019-12-13 18:00:00,150.15634999999997
2019-12-13 19:00:00,150.43764999999996
2019-12-13 20:00:00,150.31264999999996
2019-12-13 21:00:00,150.31264999999996
2019-12-13 23:00:00,148.62514999999996
2019-12-15 23:00:00,150.18764999999996
2019-12-16 00:00:00,150.15634999999997
2019-12-16 01:00:00,150.03134999999997
2019-12-16 02:00:00,150.06264999999996
2019-12-16 03:00:00,150.06264999999996
2019-12-16 04:00:00,150.18764999999996
2019-12-16 07:00:00,150.06264999999996
2019-12-16 08:00:00,150.03134999999997
2019-12-16 09:00:00,150.18764999999996
2019-12-16 10:00:00,150.03134999999997
2019-12-16 11:00:00,150.00014999999996
2019-12-16 12:00:00,149.96884999999997
2019-12-16 13:00:00,149.78134999999997
2019-12-16 14:00:00,149.65634999999997
2019-12-16 15:00:00,149.50014999999996
2019-12-16 16:00:00,149.21884999999997
2019-12-16 17:00:00,149.12514999999996
2019-12-16 18:00:00,149.06264999999996
2019-12-16 19:00:00,149.06264999999996
2019-12-16 20:00:00,149.21884999999997
2019-12-16 21:00:00,149.43764999999996
2019-12-16 23:00:00,150.15634999999997
2019-12-17 00:00:00,149.46884999999997
2019-12-17 01:00:00,149.43764999999996
2019-12-17 02:00:00,149.40634999999997
2019-12-17 03:00:00,149.46884999999997
2019-12-17 04:00:00,149.56264999999996
2019-12-17 07:00:00,149.56264999999996
2019-12-17 08:00:00,149.65634999999997
2019-12-17 09:00:00,149.59384999999997
2019-12-17 10:00:00,149.71884999999997
2019-12-17 11:00:00,149.71884999999997
2019-12-17 12:00:00,149.56264999999996
2019-12-17 13:00:00,149.56264999999996
2019-12-17 14:00:00,149.31264999999996
2019-12-17 15:00:00,149.21884999999997
2019-12-17 16:00:00,149.28134999999997
2019-12-17 17:00:00,149.15634999999997
2019-12-17 18:00:00,148.96884999999997
2019-12-17 19:00:00,149.06264999999996
2019-12-17 20:00:00,149.18764999999996
2019-12-17 21:00:00,149.18764999999996
2019-12-17 23:00:00,149.62514999999996
2019-12-18 00:00:00,149.12514999999996
2019-12-18 01:00:00,149.15634999999997
2019-12-18 02:00:00,149.25014999999996
2019-12-18 03:00:00,149.21884999999997
2019-12-18 04:00:00,149.21884999999997
2019-12-18 07:00:00,149.34384999999997
2019-12-18 08:00:00,149.40634999999997
2019-12-18 09:00:00,149.31264999999996
2019-12-18 10:00:00,149.40634999999997
2019-12-18 11:00:00,149.37514999999996
2019-12-18 12:00:00,149.09384999999997
2019-12-18 13:00:00,149.00014999999996
2019-12-18 14:00:00,148.56264999999996
2019-12-18 15:00:00,148.21884999999997
2019-12-18 16:00:00,148.21884999999997
2019-12-18 17:00:00,148.09384999999997
2019-12-18 18:00:00,148.21884999999997
2019-12-18 19:00:00,148.25014999999996
2019-12-18 20:00:00,148.28134999999997
2019-12-18 21:00:00,148.37514999999996
2019-12-18 23:00:00,149.18764999999996
2019-12-19 00:00:00,148.37514999999996
2019-12-19 01:00:00,148.53134999999997
2019-12-19 02:00:00,148.56264999999996
2019-12-19 03:00:00,148.53134999999997
2019-12-19 04:00:00,148.46884999999997
2019-12-19 07:00:00,148.21884999999997
2019-12-19 08:00:00,147.96884999999997
2019-12-19 09:00:00,147.87514999999996
2019-12-19 10:00:00,147.84384999999997
2019-12-19 11:00:00,147.81264999999996
2019-12-19 12:00:00,147.71884999999997
2019-12-19 13:00:00,148.00014999999996
2019-12-19 14:00:00,147.90634999999997
2019-12-19 15:00:00,147.96884999999997
2019-12-19 16:00:00,148.40634999999997
2019-12-19 17:00:00,148.59384999999997
2019-12-19 18:00:00,148.50014999999996
2019-12-19 19:00:00,148.50014999999996
2019-12-19 20:00:00,148.37514999999996
2019-12-19 21:00:00,148.21884999999997
2019-12-19 23:00:00,148.31264999999996
2019-12-20 00:00:00,148.34384999999997
2019-12-20 01:00:00,148.09384999999997
2019-12-20 02:00:00,148.21884999999997
2019-12-20 03:00:00,148.15634999999997
2019-12-20 04:00:00,148.18764999999996
2019-12-20 07:00:00,148.12514999999996
2019-12-20 08:00:00,147.84384999999997
2019-12-20 09:00:00,147.87514999999996
2019-12-20 10:00:00,147.87514999999996
2019-12-20 11:00:00,147.93764999999996
2019-12-20 12:00:00,147.96884999999997
2019-12-20 13:00:00,148.09384999999997
2019-12-20 14:00:00,148.00014999999996
2019-12-20 15:00:00,148.25014999999996
2019-12-20 16:00:00,148.43764999999996
2019-12-20 17:00:00,148.53134999999997
2019-12-20 18:00:00,148.43764999999996
2019-12-20 19:00:00,148.46884999999997
2019-12-20 20:00:00,148.50014999999996
2019-12-20 21:00:00,148.37514999999996
2019-12-20 23:00:00,148.25014999999996
2019-12-22 23:00:00,148.46884999999997
2019-12-23 00:00:00,148.59384999999997
2019-12-23 01:00:00,148.59384999999997
2019-12-23 02:00:00,148.65634999999997
2019-12-23 03:00:00,148.65634999999997
2019-12-23 04:00:00,148.65634999999997
2019-12-23 07:00:00,148.87514999999996
2019-12-23 08:00:00,148.81264999999996
2019-12-23 09:00:00,148.84384999999997
2019-12-23 10:00:00,148.68764999999996
2019-12-23 11:00:00,148.46884999999997
2019-12-23 12:00:00,148.53134999999997
2019-12-23 13:00:00,148.81264999999996
2019-12-23 14:00:00,148.50014999999996
2019-12-23 15:00:00,148.53134999999997
2019-12-23 16:00:00,148.37514999999996
2019-12-23 17:00:00,148.09384999999997
2019-12-23 18:00:00,148.18764999999996
2019-12-23 19:00:00,148.09384999999997
2019-12-23 20:00:00,148.21884999999997
2019-12-23 21:00:00,148.15634999999997
2019-12-23 23:00:00,148.78134999999997
2019-12-24 00:00:00,148.25014999999996
2019-12-24 01:00:00,148.31264999999996
2019-12-24 02:00:00,148.34384999999997
2019-12-24 03:00:00,148.37514999999996
2019-12-24 04:00:00,148.40634999999997
2019-12-24 07:00:00,148.31264999999996
2019-12-24 08:00:00,148.40634999999997
2019-12-24 09:00:00,148.31264999999996
2019-12-24 10:00:00,148.15634999999997
2019-12-24 11:00:00,148.21884999999997
2019-12-24 12:00:00,148.12514999999996
2019-12-24 13:00:00,147.87514999999996
2019-12-24 14:00:00,148.00014999999996
2019-12-24 15:00:00,148.43764999999996
2019-12-24 16:00:00,148.43764999999996
2019-12-24 17:00:00,148.65634999999997
2019-12-24 18:00:00,148.65634999999997
2019-12-24 23:00:00,148.40634999999997
2019-12-25 23:00:00,148.59384999999997
2019-12-26 00:00:00,148.46884999999997
2019-12-26 01:00:00,148.46884999999997
2019-12-26 02:00:00,148.43764999999996
2019-12-26 03:00:00,148.50014999999996
2019-12-26 04:00:00,148.50014999999996
2019-12-26 07:00:00,148.56264999999996
2019-12-26 08:00:00,148.68764999999996
2019-12-26 09:00:00,148.62514999999996
2019-12-26 10:00:00,148.68764999999996
2019-12-26 11:00:00,148.56264999999996
2019-12-26 12:00:00,148.56264999999996
2019-12-26 13:00:00,148.71884999999997
2019-12-26 14:00:00,148.81264999999996
2019-12-26 15:00:00,148.59384999999997
2019-12-26 16:00:00,148.50014999999996
2019-12-26 17:00:00,148.62514999999996
2019-12-26 18:00:00,148.81264999999996
2019-12-26 19:00:00,148.68764999999996
2019-12-26 20:00:00,148.93764999999996
2019-12-26 21:00:00,148.93764999999996
2019-12-26 23:00:00,148.53134999999997
2019-12-27 00:00:00,148.93764999999996
2019-12-27 01:00:00,148.90634999999997
2019-12-27 02:00:00,148.84384999999997
2019-12-27 03:00:00,148.84384999999997
2019-12-27 04:00:00,148.84384999999997
2019-12-27 07:00:00,148.78134999999997
2019-12-27 08:00:00,148.90634999999997
2019-12-27 09:00:00,149.00014999999996
2019-12-27 10:00:00,148.93764999999996
2019-12-27 11:00:00,149.03134999999997
2019-12-27 12:00:00,148.87514999999996
2019-12-27 13:00:00,149.15634999999997
2019-12-27 14:00:00,149.18764999999996
2019-12-27 15:00:00,149.15634999999997
2019-12-27 16:00:00,149.21884999999997
2019-12-27 17:00:00,149.15634999999997
2019-12-27 18:00:00,149.15634999999997
2019-12-27 19:00:00,149.12514999999996
2019-12-27 20:00:00,149.03134999999997
2019-12-27 21:00:00,148.96884999999997
2019-12-27 23:00:00,148.75014999999996
2019-12-29 23:00:00,149.06264999999996
2019-12-30 00:00:00,148.84384999999997
2019-12-30 01:00:00,149.00014999999996
2019-12-30 02:00:00,149.00014999999996
2019-12-30 03:00:00,149.03134999999997
2019-12-30 04:00:00,149.00014999999996
2019-12-30 07:00:00,148.81264999999996
2019-12-30 08:00:00,148.31264999999996
2019-12-30 09:00:00,148.25014999999996
2019-12-30 10:00:00,148.15634999999997
2019-12-30 11:00:00,148.03134999999997
2019-12-30 12:00:00,148.12514999999996
2019-12-30 13:00:00,147.62514999999996
2019-12-30 14:00:00,147.90634999999997
2019-12-30 15:00:00,147.68764999999996
2019-12-30 16:00:00,147.78134999999997
2019-12-30 17:00:00,148.00014999999996
2019-12-30 18:00:00,148.31264999999996
2019-12-30 19:00:00,148.46884999999997
2019-12-30 20:00:00,148.59384999999997
2019-12-30 21:00:00,148.68764999999996
2019-12-30 23:00:00,149.00014999999996
2019-12-31 00:00:00,148.43764999999996
2019-12-31 01:00:00,148.53134999999997
2019-12-31 02:00:00,148.46884999999997
2019-12-31 03:00:00,148.50014999999996
2019-12-31 04:00:00,148.50014999999996
2019-12-31 07:00:00,148.59384999999997
2019-12-31 08:00:00,148.21884999999997
2019-12-31 09:00:00,148.18764999999996
2019-12-31 10:00:00,148.25014999999996
2019-12-31 11:00:00,148.46884999999997
2019-12-31 12:00:00,148.50014999999996
2019-12-31 13:00:00,148.37514999999996
2019-12-31 14:00:00,147.84384999999997
2019-12-31 15:00:00,148.21884999999997
2019-12-31 16:00:00,148.06264999999996
2019-12-31 17:00:00,148.18764999999996
2019-12-31 18:00:00,147.93764999999996
2019-12-31 19:00:00,147.81264999999996
2019-12-31 20:00:00,147.75014999999996
2019-12-31 21:00:00,147.75014999999996
2019-12-31 23:00:00,148.46884999999997
2020-01-01 23:00:00,147.71884999999997
2020-01-02 00:00:00,147.78134999999997
2020-01-02 01:00:00,147.93764999999996
2020-01-02 02:00:00,147.90634999999997
2020-01-02 03:00:00,147.90634999999997
2020-01-02 04:00:00,147.93764999999996
2020-01-02 07:00:00,147.68764999999996
2020-01-02 08:00:00,147.53134999999997
2020-01-02 09:00:00,147.62514999999996
2020-01-02 10:00:00,147.93764999999996
2020-01-02 11:00:00,148.15634999999997
2020-01-02 12:00:00,148.15634999999997
2020-01-02 13:00:00,148.71884999999997
2020-01-02 14:00:00,148.96884999999997
2020-01-02 15:00:00,149.12514999999996
2020-01-02 16:00:00,148.84384999999997
2020-01-02 17:00:00,148.78134999999997
2020-01-02 18:00:00,148.81264999999996
2020-01-02 19:00:00,148.81264999999996
2020-01-02 20:00:00,148.90634999999997
2020-01-02 21:00:00,148.87514999999996
2020-01-02 23:00:00,147.93764999999996
2020-01-03 00:00:00,148.96884999999997
2020-01-03 01:00:00,149.25014999999996
2020-01-03 02:00:00,149.81264999999996
2020-01-03 03:00:00,149.78134999999997
2020-01-03 04:00:00,149.75014999999996
2020-01-03 07:00:00,150.06264999999996
2020-01-03 08:00:00,149.93764999999996
2020-01-03 09:00:00,149.93764999999996
2020-01-03 10:00:00,150.06264999999996
2020-01-03 11:00:00,150.25014999999996
2020-01-03 12:00:00,149.96884999999997
2020-01-03 13:00:00,149.90634999999997
2020-01-03 14:00:00,149.71884999999997
2020-01-03 15:00:00,150.03134999999997
2020-01-03 16:00:00,150.03134999999997
2020-01-03 17:00:00,150.15634999999997
2020-01-03 18:00:00,150.09384999999997
2020-01-03 19:00:00,150.46884999999997
2020-01-03 20:00:00,150.43764999999996
2020-01-03 21:00:00,150.53134999999997
2020-01-03 23:00:00,149.68764999999996
2020-01-05 23:00:00,150.87514999999996
2020-01-06 00:00:00,150.68764999999996
2020-01-06 01:00:00,150.96884999999997
2020-01-06 02:00:00,150.81264999999996
2020-01-06 03:00:00,150.75014999999996
2020-01-06 04:00:00,150.75014999999996
2020-01-06 07:00:00,150.59384999999997
2020-01-06 08:00:00,150.75014999999996
2020-01-06 09:00:00,150.62514999999996
2020-01-06 10:00:00,150.56264999999996
2020-01-06 11:00:00,150.59384999999997
2020-01-06 12:00:00,150.53134999999997
2020-01-06 13:00:00,150.59384999999997
2020-01-06 14:00:00,150.81264999999996
2020-01-06 15:00:00,150.37514999999996
2020-01-06 16:00:00,150.21884999999997
2020-01-06 17:00:00,150.40634999999997
2020-01-06 18:00:00,150.34384999999997
2020-01-06 19:00:00,150.06264999999996
2020-01-06 20:00:00,150.09384999999997
2020-01-06 21:00:00,150.00014999999996
2020-01-06 23:00:00,150.62514999999996
2020-01-07 00:00:00,150.06264999999996
2020-01-07 01:00:00,149.96884999999997
2020-01-07 02:00:00,149.96884999999997
2020-01-07 03:00:00,149.93764999999996
2020-01-07 04:00:00,149.90634999999997
2020-01-07 07:00:00,150.12514999999996
2020-01-07 08:00:00,149.78134999999997
2020-01-07 09:00:00,149.93764999999996
2020-01-07 10:00:00,150.03134999999997
2020-01-07 11:00:00,150.18764999999996
2020-01-07 12:00:00,150.18764999999996
2020-01-07 13:00:00,150.06264999999996
2020-01-07 14:00:00,150.03134999999997
2020-01-07 15:00:00,149.96884999999997
2020-01-07 16:00:00,150.00014999999996
2020-01-07 17:00:00,149.81264999999996
2020-01-07 18:00:00,149.65634999999997
2020-01-07 19:00:00,149.59384999999997
2020-01-07 20:00:00,149.59384999999997
2020-01-07 21:00:00,149.65634999999997
2020-01-07 23:00:00,149.93764999999996
2020-01-08 00:00:00,151.21884999999997
2020-01-08 01:00:00,150.93764999999996
2020-01-08 02:00:00,150.09384999999997
2020-01-08 03:00:00,150.21884999999997
2020-01-08 04:00:00,150.50014999999996
2020-01-08 07:00:00,150.40634999999997
2020-01-08 08:00:00,150.03134999999997
2020-01-08 09:00:00,150.12514999999996
2020-01-08 10:00:00,149.87514999999996
2020-01-08 11:00:00,149.81264999999996
2020-01-08 12:00:00,149.71884999999997
2020-01-08 13:00:00,149.75014999999996
2020-01-08 14:00:00,149.71884999999997
2020-01-08 15:00:00,149.87514999999996
2020-01-08 16:00:00,149.03134999999997
2020-01-08 17:00:00,148.96884999999997
2020-01-08 18:00:00,148.78134999999997
2020-01-08 19:00:00,148.59384999999997
2020-01-08 20:00:00,148.84384999999997
2020-01-08 21:00:00,148.50014999999996
2020-01-08 23:00:00,150.37514999999996
2020-01-09 00:00:00,148.75014999999996
2020-01-09 01:00:00,148.81264999999996
2020-01-09 02:00:00,148.84384999999997
2020-01-09 03:00:00,148.87514999999996
2020-01-09 04:00:00,148.81264999999996
2020-01-09 07:00:00,148.56264999999996
2020-01-09 08:00:00,148.59384999999997
2020-01-09 09:00:00,148.65634999999997
2020-01-09 10:00:00,148.59384999999997
2020-01-09 11:00:00,148.68764999999996
2020-01-09 12:00:00,148.84384999999997
2020-01-09 13:00:00,148.31264999999996
2020-01-09 14:00:00,148.31264999999996
2020-01-09 15:00:00,148.12514999999996
2020-01-09 16:00:00,148.34384999999997
2020-01-09 17:00:00,148.59384999999997
2020-01-09 18:00:00,149.03134999999997
2020-01-09 19:00:00,149.06264999999996
2020-01-09 20:00:00,149.09384999999997
2020-01-09 21:00:00,149.06264999999996
2020-01-09 23:00:00,148.59384999999997
2020-01-10 00:00:00,148.93764999999996
2020-01-10 01:00:00,148.90634999999997
2020-01-10 02:00:00,148.87514999999996
2020-01-10 03:00:00,148.87514999999996
2020-01-10 04:00:00,148.87514999999996
2020-01-10 07:00:00,149.09384999999997
2020-01-10 08:00:00,149.15634999999997
2020-01-10 09:00:00,149.09384999999997
2020-01-10 10:00:00,149.15634999999997
2020-01-10 11:00:00,149.21884999999997
2020-01-10 12:00:00,149.09384999999997
2020-01-10 13:00:00,149.03134999999997
2020-01-10 14:00:00,149.46884999999997
2020-01-10 15:00:00,149.68764999999996
2020-01-10 16:00:00,149.93764999999996
2020-01-10 17:00:00,149.87514999999996
2020-01-10 18:00:00,149.84384999999997
2020-01-10 19:00:00,149.84384999999997
2020-01-10 20:00:00,149.90634999999997
2020-01-10 21:00:00,149.90634999999997
2020-01-10 23:00:00,148.93764999999996
2020-01-12 23:00:00,149.84384999999997
2020-01-13 00:00:00,149.87514999999996
2020-01-13 01:00:00,149.84384999999997
2020-01-13 02:00:00,149.87514999999996
2020-01-13 03:00:00,149.87514999999996
2020-01-13 04:00:00,149.84384999999997
2020-01-13 07:00:00,149.68764999999996
2020-01-13 08:00:00,149.62514999999996
2020-01-13 09:00:00,149.53134999999997
2020-01-13 10:00:00,149.50014999999996
2020-01-13 11:00:00,149.50014999999996
2020-01-13 12:00:00,149.62514999999996
2020-01-13 13:00:00,149.34384999999997
2020-01-13 14:00:00,149.28134999999997
2020-01-13 15:00:00,149.46884999999997
2020-01-13 16:00:00,149.37514999999996
2020-01-13 17:00:00,149.59384999999997
2020-01-13 18:00:00,149.53134999999997
2020-01-13 19:00:00,149.43764999999996
2020-01-13 20:00:00,149.56264999999996
2020-01-13 21:00:00,149.43764999999996
2020-01-13 23:00:00,149.75014999999996
2020-01-14 00:00:00,149.21884999999997
2020-01-14 01:00:00,149.21884999999997
2020-01-14 02:00:00,149.28134999999997
2020-01-14 03:00:00,149.28134999999997
2020-01-14 04:00:00,149.28134999999997
2020-01-14 07:00:00,149.37514999999996
2020-01-14 08:00:00,149.62514999999996
2020-01-14 09:00:00,149.62514999999996
2020-01-14 10:00:00,149.62514999999996
2020-01-14 11:00:00,149.62514999999996
2020-01-14 12:00:00,149.50014999999996
2020-01-14 13:00:00,149.65634999999997
2020-01-14 14:00:00,150.00014999999996
2020-01-14 15:00:00,150.03134999999997
2020-01-14 16:00:00,150.03134999999997
2020-01-14 17:00:00,150.00014999999996
2020-01-14 18:00:00,150.09384999999997
2020-01-14 19:00:00,150.12514999999996
2020-01-14 20:00:00,150.15634999999997
2020-01-14 21:00:00,150.18764999999996
2020-01-14 23:00:00,149.21884999999997
2020-01-15 00:00:00,150.21884999999997
2020-01-15 01:00:00,150.12514999999996
2020-01-15 02:00:00,150.21884999999997
2020-01-15 03:00:00,150.25014999999996
2020-01-15 04:00:00,150.34384999999997
2020-01-15 07:00:00,150.46884999999997
2020-01-15 08:00:00,150.59384999999997
2020-01-15 09:00:00,150.68764999999996
2020-01-15 10:00:00,150.65634999999997
2020-01-15 11:00:00,150.68764999999996
2020-01-15 12:00:00,150.53134999999997
2020-01-15 13:00:00,150.78134999999997
2020-01-15 14:00:00,150.43764999999996
2020-01-15 15:00:00,150.62514999999996
2020-01-15 16:00:00,150.62514999999996
2020-01-15 17:00:00,150.62514999999996
2020-01-15 18:00:00,150.68764999999996
2020-01-15 19:00:00,150.68764999999996
2020-01-15 20:00:00,150.84384999999997
2020-01-15 21:00:00,150.81264999999996
2020-01-15 23:00:00,150.34384999999997
2020-01-16 00:00:00,150.62514999999996
2020-01-16 01:00:00,150.65634999999997
2020-01-16 02:00:00,150.59384999999997
2020-01-16 03:00:00,150.62514999999996
2020-01-16 04:00:00,150.59384999999997
2020-01-16 07:00:00,150.56264999999996
2020-01-16 08:00:00,150.56264999999996
2020-01-16 09:00:00,150.62514999999996
2020-01-16 10:00:00,150.65634999999997
2020-01-16 11:00:00,150.71884999999997
2020-01-16 12:00:00,150.90634999999997
2020-01-16 13:00:00,150.53134999999997
2020-01-16 14:00:00,150.46884999999997
2020-01-16 15:00:00,150.46884999999997
2020-01-16 16:00:00,150.25014999999996
2020-01-16 17:00:00,150.21884999999997
2020-01-16 18:00:00,150.25014999999996
2020-01-16 19:00:00,150.31264999999996
2020-01-16 20:00:00,150.43764999999996
2020-01-16 21:00:00,150.31264999999996
2020-01-16 23:00:00,150.53134999999997
2020-01-17 00:00:00,149.59384999999997
2020-01-17 01:00:00,149.62514999999996
2020-01-17 02:00:00,149.50014999999996
2020-01-17 03:00:00,149.46884999999997
2020-01-17 04:00:00,149.62514999999996
2020-01-17 07:00:00,149.50014999999996
2020-01-17 08:00:00,149.50014999999996
2020-01-17 09:00:00,149.62514999999996
2020-01-17 10:00:00,149.68764999999996
2020-01-17 11:00:00,149.68764999999996
2020-01-17 12:00:00,149.81264999999996
2020-01-17 13:00:00,149.31264999999996
2020-01-17 14:00:00,149.34384999999997
2020-01-17 15:00:00,149.31264999999996
2020-01-17 16:00:00,149.50014999999996
2020-01-17 17:00:00,149.62514999999996
2020-01-17 18:00:00,149.59384999999997
2020-01-17 19:00:00,149.46884999999997
2020-01-17 20:00:00,149.68764999999996
2020-01-17 21:00:00,149.71884999999997
2020-01-17 23:00:00,149.50014999999996
2020-01-19 23:00:00,149.65634999999997
2020-01-20 00:00:00,149.65634999999997
2020-01-20 01:00:00,149.71884999999997
2020-01-20 02:00:00,149.71884999999997
2020-01-20 03:00:00,149.71884999999997
2020-01-20 04:00:00,149.65634999999997
2020-01-20 07:00:00,149.65634999999997
2020-01-20 08:00:00,149.75014999999996
2020-01-20 09:00:00,149.62514999999996
2020-01-20 10:00:00,149.68764999999996
2020-01-20 11:00:00,149.59384999999997
2020-01-20 12:00:00,149.56264999999996
2020-01-20 13:00:00,149.62514999999996
2020-01-20 14:00:00,149.75014999999996
2020-01-20 15:00:00,149.68764999999996
2020-01-20 16:00:00,149.71884999999997
2020-01-20 17:00:00,149.65634999999997
2020-01-20 23:00:00,149.71884999999997
2020-01-21 00:00:00,149.71884999999997
2020-01-21 01:00:00,150.31264999999996
2020-01-21 02:00:00,150.43764999999996
2020-01-21 03:00:00,150.34384999999997
2020-01-21 04:00:00,150.34384999999997
2020-01-21 07:00:00,150.15634999999997
2020-01-21 08:00:00,150.28134999999997
2020-01-21 09:00:00,150.25014999999996
2020-01-21 10:00:00,150.09384999999997
2020-01-21 11:00:00,150.06264999999996
2020-01-21 12:00:00,150.21884999999997
2020-01-21 13:00:00,150.43764999999996
2020-01-21 14:00:00,150.50014999999996
2020-01-21 15:00:00,150.84384999999997
2020-01-21 16:00:00,150.62514999999996
2020-01-21 17:00:00,150.75014999999996
2020-01-21 18:00:00,150.87514999999996
2020-01-21 19:00:00,150.81264999999996
2020-01-21 20:00:00,150.81264999999996
2020-01-21 21:00:00,150.75014999999996
2020-01-21 23:00:00,150.46884999999997
2020-01-22 00:00:00,150.59384999999997
2020-01-22 01:00:00,150.68764999999996
2020-01-22 02:00:00,150.43764999999996
2020-01-22 03:00:00,150.50014999999996
2020-01-22 04:00:00,150.56264999999996
2020-01-22 07:00:00,150.59384999999997
2020-01-22 08:00:00,150.68764999999996
2020-01-22 09:00:00,150.68764999999996
2020-01-22 10:00:00,150.87514999999996
2020-01-22 11:00:00,150.78134999999997
2020-01-22 12:00:00,150.75014999999996
2020-01-22 13:00:00,150.78134999999997
2020-01-22 14:00:00,151.09384999999997
2020-01-22 15:00:00,151.03134999999997
2020-01-22 16:00:00,150.93764999999996
2020-01-22 17:00:00,151.06264999999996
2020-01-22 18:00:00,151.03134999999997
2020-01-22 19:00:00,151.03134999999997
2020-01-22 20:00:00,151.09384999999997
2020-01-22 21:00:00,151.03134999999997
2020-01-22 23:00:00,150.46884999999997
2020-01-23 00:00:00,151.18764999999996
2020-01-23 01:00:00,151.34384999999997
2020-01-23 02:00:00,151.31264999999996
2020-01-23 03:00:00,151.34384999999997
2020-01-23 04:00:00,151.37514999999996
2020-01-23 07:00:00,151.46884999999997
2020-01-23 08:00:00,151.71884999999997
2020-01-23 09:00:00,151.68764999999996
2020-01-23 10:00:00,151.56264999999996
2020-01-23 11:00:00,151.43764999999996
2020-01-23 12:00:00,151.53134999999997
2020-01-23 13:00:00,151.68764999999996
2020-01-23 14:00:00,151.90634999999997
2020-01-23 15:00:00,151.96884999999997
2020-01-23 16:00:00,152.00014999999996
2020-01-23 17:00:00,152.12514999999996
2020-01-23 18:00:00,151.81264999999996
2020-01-23 19:00:00,151.81264999999996
2020-01-23 20:00:00,151.78134999999997
2020-01-23 21:00:00,151.84384999999997
2020-01-23 23:00:00,151.46884999999997
2020-01-24 00:00:00,151.65634999999997
2020-01-24 01:00:00,151.81264999999996
2020-01-24 02:00:00,151.78134999999997
2020-01-24 03:00:00,151.78134999999997
2020-01-24 04:00:00,151.59384999999997
2020-01-24 07:00:00,151.50014999999996
2020-01-24 08:00:00,151.40634999999997
2020-01-24 09:00:00,151.87514999999996
2020-01-24 10:00:00,151.87514999999996
2020-01-24 11:00:00,151.59384999999997
2020-01-24 12:00:00,151.78134999999997
2020-01-24 13:00:00,152.15634999999997
2020-01-24 14:00:00,152.18764999999996
2020-01-24 15:00:00,152.40634999999997
2020-01-24 16:00:00,152.65634999999997
2020-01-24 17:00:00,152.65634999999997
2020-01-24 18:00:00,152.84384999999997
2020-01-24 19:00:00,152.84384999999997
2020-01-24 20:00:00,152.68764999999996
2020-01-24 21:00:00,152.75014999999996
2020-01-24 23:00:00,151.62514999999996
2020-01-26 23:00:00,153.84384999999997
2020-01-27 00:00:00,153.53134999999997
2020-01-27 01:00:00,153.56264999999996
2020-01-27 02:00:00,153.68764999999996
2020-01-27 03:00:00,153.46884999999997
2020-01-27 04:00:00,153.46884999999997
2020-01-27 07:00:00,153.37514999999996
2020-01-27 08:00:00,153.62514999999996
2020-01-27 09:00:00,153.87514999999996
2020-01-27 10:00:00,154.12514999999996
2020-01-27 11:00:00,153.93764999999996
2020-01-27 12:00:00,153.96884999999997
2020-01-27 13:00:00,153.81264999999996
2020-01-27 14:00:00,153.93764999999996
2020-01-27 15:00:00,154.18764999999996
2020-01-27 16:00:00,154.28134999999997
2020-01-27 17:00:00,154.21884999999997
2020-01-27 18:00:00,154.25014999999996
2020-01-27 19:00:00,154.25014999999996
2020-01-27 20:00:00,154.34384999999997
2020-01-27 21:00:00,154.25014999999996
2020-01-27 23:00:00,153.34384999999997
2020-01-28 00:00:00,154.34384999999997
2020-01-28 01:00:00,154.28134999999997
2020-01-28 02:00:00,154.31264999999996
2020-01-28 03:00:00,154.21884999999997
2020-01-28 04:00:00,154.12514999999996
2020-01-28 07:00:00,154.12514999999996
2020-01-28 08:00:00,154.40634999999997
2020-01-28 09:00:00,154.78134999999997
2020-01-28 10:00:00,154.56264999999996
2020-01-28 11:00:00,154.37514999999996
2020-01-28 12:00:00,153.93764999999996
2020-01-28 13:00:00,153.96884999999997
2020-01-28 14:00:00,153.96884999999997
2020-01-28 15:00:00,153.56264999999996
2020-01-28 16:00:00,153.34384999999997
2020-01-28 17:00:00,153.46884999999997
2020-01-28 18:00:00,153.43764999999996
2020-01-28 19:00:00,153.56264999999996
2020-01-28 20:00:00,153.46884999999997
2020-01-28 21:00:00,153.21884999999997
2020-01-28 23:00:00,154.09384999999997
2020-01-29 00:00:00,153.37514999999996
2020-01-29 01:00:00,153.21884999999997
2020-01-29 02:00:00,153.21884999999997
2020-01-29 03:00:00,153.15634999999997
2020-01-29 04:00:00,153.25014999999996
2020-01-29 07:00:00,153.65634999999997
2020-01-29 08:00:00,153.87514999999996
2020-01-29 09:00:00,154.12514999999996
2020-01-29 10:00:00,153.84384999999997
2020-01-29 11:00:00,153.93764999999996
2020-01-29 12:00:00,153.84384999999997
2020-01-29 13:00:00,153.96884999999997
2020-01-29 14:00:00,154.18764999999996
2020-01-29 15:00:00,153.96884999999997
2020-01-29 16:00:00,154.09384999999997
2020-01-29 17:00:00,154.06264999999996
2020-01-29 18:00:00,154.12514999999996
2020-01-29 19:00:00,154.46884999999997
2020-01-29 20:00:00,154.59384999999997
2020-01-29 21:00:00,154.75014999999996
2020-01-29 23:00:00,153.56264999999996
2020-01-30 00:00:00,154.81264999999996
2020-01-30 01:00:00,154.78134999999997
2020-01-30 02:00:00,155.00014999999996
2020-01-30 03:00:00,155.09384999999997
2020-01-30 04:00:00,155.06264999999996
2020-01-30 07:00:00,155.21884999999997
2020-01-30 08:00:00,155.03134999999997
2020-01-30 09:00:00,155.06264999999996
2020-01-30 10:00:00,155.15634999999997
2020-01-30 11:00:00,155.21884999999997
2020-01-30 12:00:00,155.25014999999996
2020-01-30 13:00:00,154.78134999999997
2020-01-30 14:00:00,154.87514999999996
2020-01-30 15:00:00,155.43764999999996
2020-01-30 16:00:00,155.12514999999996
2020-01-30 17:00:00,155.50014999999996
2020-01-30 18:00:00,155.46884999999997
2020-01-30 19:00:00,155.21884999999997
2020-01-30 20:00:00,154.75014999999996
2020-01-30 21:00:00,154.62514999999996
2020-01-30 23:00:00,155.03134999999997
2020-01-31 00:00:00,154.53134999999997
2020-01-31 01:00:00,154.68764999999996
2020-01-31 02:00:00,154.59384999999997
2020-01-31 03:00:00,154.56264999999996
2020-01-31 04:00:00,154.50014999999996
2020-01-31 07:00:00,154.87514999999996
2020-01-31 08:00:00,154.90634999999997
2020-01-31 09:00:00,155.03134999999997
2020-01-31 10:00:00,155.12514999999996
2020-01-31 11:00:00,155.12514999999996
2020-01-31 12:00:00,155.03134999999997
2020-01-31 13:00:00,155.28134999999997
2020-01-31 14:00:00,155.46884999999997
2020-01-31 15:00:00,155.59384999999997
2020-01-31 16:00:00,155.43764999999996
2020-01-31 17:00:00,155.59384999999997
2020-01-31 18:00:00,155.62514999999996
2020-01-31 19:00:00,155.75014999999996
2020-01-31 20:00:00,156.00014999999996
2020-01-31 21:00:00,156.03134999999997
2020-01-31 23:00:00,154.62514999999996
2020-02-02 23:00:00,155.90634999999997
2020-02-03 00:00:00,155.65634999999997
2020-02-03 01:00:00,155.53134999999997
2020-02-03 02:00:00,155.75014999999996
2020-02-03 03:00:00,155.62514999999996
2020-02-03 04:00:00,155.68764999999996
2020-02-03 07:00:00,155.50014999999996
2020-02-03 08:00:00,155.40634999999997
2020-02-03 09:00:00,155.59384999999997
2020-02-03 10:00:00,155.65634999999997
2020-02-03 11:00:00,155.31264999999996
2020-02-03 12:00:00,155.40634999999997
2020-02-03 13:00:00,155.43764999999996
2020-02-03 14:00:00,155.43764999999996
2020-02-03 15:00:00,155.25014999999996
2020-02-03 16:00:00,155.87514999999996
2020-02-03 17:00:00,155.75014999999996
2020-02-03 18:00:00,155.87514999999996
2020-02-03 19:00:00,156.03134999999997
2020-02-03 20:00:00,155.93764999999996
2020-02-03 21:00:00,155.84384999999997
2020-02-03 23:00:00,155.65634999999997
2020-02-04 00:00:00,155.90634999999997
2020-02-04 01:00:00,155.56264999999996
2020-02-04 02:00:00,155.62514999999996
2020-02-04 03:00:00,155.65634999999997
2020-02-04 04:00:00,155.56264999999996
2020-02-04 07:00:00,155.25014999999996
2020-02-04 08:00:00,154.93764999999996
2020-02-04 09:00:00,154.84384999999997
2020-02-04 10:00:00,155.03134999999997
2020-02-04 11:00:00,154.93764999999996
2020-02-04 12:00:00,154.75014999999996
2020-02-04 13:00:00,154.46884999999997
2020-02-04 14:00:00,154.43764999999996
2020-02-04 15:00:00,154.50014999999996
2020-02-04 16:00:00,154.34384999999997
2020-02-04 17:00:00,154.25014999999996
2020-02-04 18:00:00,154.21884999999997
2020-02-04 19:00:00,154.34384999999997
2020-02-04 20:00:00,154.46884999999997
2020-02-04 21:00:00,154.34384999999997
2020-02-04 23:00:00,155.21884999999997
2020-02-05 00:00:00,154.37514999999996
2020-02-05 01:00:00,154.25014999999996
2020-02-05 02:00:00,154.43764999999996
2020-02-05 03:00:00,154.53134999999997
2020-02-05 04:00:00,154.46884999999997
2020-02-05 07:00:00,154.75014999999996
2020-02-05 08:00:00,154.12514999999996
2020-02-05 09:00:00,153.56264999999996
2020-02-05 10:00:00,153.62514999999996
2020-02-05 11:00:00,153.87514999999996
2020-02-05 12:00:00,153.62514999999996
2020-02-05 13:00:00,153.46884999999997
2020-02-05 14:00:00,153.53134999999997
2020-02-05 15:00:00,153.53134999999997
2020-02-05 16:00:00,153.37514999999996
2020-02-05 17:00:00,153.40634999999997
2020-02-05 18:00:00,153.34384999999997
2020-02-05 19:00:00,153.31264999999996
2020-02-05 20:00:00,153.25014999999996
2020-02-05 21:00:00,153.25014999999996
2020-02-05 23:00:00,154.62514999999996
2020-02-06 00:00:00,153.34384999999997
2020-02-06 01:00:00,153.34384999999997
2020-02-06 02:00:00,153.25014999999996
2020-02-06 03:00:00,153.25014999999996
2020-02-06 04:00:00,152.87514999999996
2020-02-06 07:00:00,153.15634999999997
2020-02-06 08:00:00,153.00014999999996
2020-02-06 09:00:00,153.37514999999996
2020-02-06 10:00:00,153.71884999999997
2020-02-06 11:00:00,153.50014999999996
2020-02-06 12:00:00,153.59384999999997
2020-02-06 13:00:00,153.21884999999997
2020-02-06 14:00:00,153.09384999999997
2020-02-06 15:00:00,153.40634999999997
2020-02-06 16:00:00,153.68764999999996
2020-02-06 17:00:00,153.59384999999997
2020-02-06 18:00:00,153.50014999999996
2020-02-06 19:00:00,153.62514999999996
2020-02-06 20:00:00,153.59384999999997
2020-02-06 21:00:00,153.59384999999997
2020-02-06 23:00:00,153.12514999999996
2020-02-07 00:00:00,153.81264999999996
2020-02-07 01:00:00,153.87514999999996
2020-02-07 02:00:00,153.93764999999996
2020-02-07 03:00:00,153.84384999999997
2020-02-07 04:00:00,153.90634999999997
2020-02-07 07:00:00,154.25014999999996
2020-02-07 08:00:00,154.21884999999997
2020-02-07 09:00:00,154.28134999999997
2020-02-07 10:00:00,154.53134999999997
2020-02-07 11:00:00,154.34384999999997
2020-02-07 12:00:00,154.15634999999997
2020-02-07 13:00:00,154.43764999999996
2020-02-07 14:00:00,154.84384999999997
2020-02-07 15:00:00,154.62514999999996
2020-02-07 16:00:00,154.81264999999996
2020-02-07 17:00:00,154.71884999999997
2020-02-07 18:00:00,154.84384999999997
2020-02-07 19:00:00,154.81264999999996
2020-02-07 20:00:00,154.65634999999997
2020-02-07 21:00:00,154.68764999999996
2020-02-07 23:00:00,153.84384999999997
2020-02-09 23:00:00,155.18764999999996
2020-02-10 00:00:00,155.03134999999997
2020-02-10 01:00:00,154.75014999999996
2020-02-10 02:00:00,154.53134999999997
2020-02-10 03:00:00,154.65634999999997
2020-02-10 04:00:00,154.71884999999997
2020-02-10 07:00:00,154.68764999999996
2020-02-10 08:00:00,154.93764999999996
2020-02-10 09:00:00,155.03134999999997
2020-02-10 10:00:00,154.90634999999997
2020-02-10 11:00:00,154.93764999999996
2020-02-10 12:00:00,155.06264999999996
2020-02-10 13:00:00,155.18764999999996
2020-02-10 14:00:00,155.00014999999996
2020-02-10 15:00:00,155.25014999999996
2020-02-10 16:00:00,155.21884999999997
2020-02-10 17:00:00,155.37514999999996
2020-02-10 18:00:00,155.34384999999997
2020-02-10 19:00:00,155.34384999999997
2020-02-10 20:00:00,155.12514999999996
2020-02-10 21:00:00,154.90634999999997
2020-02-10 23:00:00,154.56264999999996
2020-02-11 00:00:00,154.78134999999997
2020-02-11 01:00:00,154.75014999999996
2020-02-11 02:00:00,154.71884999999997
2020-02-11 03:00:00,154.71884999999997
2020-02-11 04:00:00,154.71884999999997
2020-02-11 07:00:00,154.59384999999997
2020-02-11 08:00:00,154.68764999999996
2020-02-11 09:00:00,154.65634999999997
2020-02-11 10:00:00,154.53134999999997
2020-02-11 11:00:00,154.59384999999997
2020-02-11 12:00:00,154.53134999999997
2020-02-11 13:00:00,154.78134999999997
2020-02-11 14:00:00,154.65634999999997
2020-02-11 15:00:00,154.53134999999997
2020-02-11 16:00:00,154.78134999999997
2020-02-11 17:00:00,154.56264999999996
2020-02-11 18:00:00,154.65634999999997
2020-02-11 19:00:00,154.65634999999997
2020-02-11 20:00:00,154.56264999999996
2020-02-11 21:00:00,154.43764999999996
2020-02-11 23:00:00,154.65634999999997
2020-02-12 00:00:00,154.43764999999996
2020-02-12 01:00:00,154.18764999999996
2020-02-12 02:00:00,154.15634999999997
2020-02-12 03:00:00,154.18764999999996
2020-02-12 04:00:00,154.12514999999996
2020-02-12 07:00:00,153.96884999999997
2020-02-12 08:00:00,153.81264999999996
2020-02-12 09:00:00,154.03134999999997
2020-02-12 10:00:00,154.21884999999997
2020-02-12 11:00:00,154.21884999999997
2020-02-12 12:00:00,154.06264999999996
2020-02-12 13:00:00,154.09384999999997
2020-02-12 14:00:00,153.87514999999996
2020-02-12 15:00:00,153.84384999999997
2020-02-12 16:00:00,153.96884999999997
2020-02-12 17:00:00,153.90634999999997
2020-02-12 18:00:00,154.00014999999996
2020-02-12 19:00:00,153.87514999999996
2020-02-12 20:00:00,153.96884999999997
2020-02-12 21:00:00,153.84384999999997
2020-02-12 23:00:00,154.15634999999997
2020-02-13 00:00:00,154.31264999999996
2020-02-13 01:00:00,154.18764999999996
2020-02-13 02:00:00,154.21884999999997
2020-02-13 03:00:00,154.34384999999997
2020-02-13 04:00:00,154.40634999999997
2020-02-13 07:00:00,154.81264999999996
2020-02-13 08:00:00,154.68764999999996
2020-02-13 09:00:00,154.84384999999997
2020-02-13 10:00:00,154.75014999999996
2020-02-13 11:00:00,154.65634999999997
2020-02-13 12:00:00,154.50014999999996
2020-02-13 13:00:00,154.34384999999997
2020-02-13 14:00:00,154.15634999999997
2020-02-13 15:00:00,154.15634999999997
2020-02-13 16:00:00,154.09384999999997
2020-02-13 17:00:00,154.28134999999997
2020-02-13 18:00:00,154.25014999999996
2020-02-13 19:00:00,154.09384999999997
2020-02-13 20:00:00,154.15634999999997
2020-02-13 21:00:00,154.03134999999997
2020-02-13 23:00:00,154.56264999999996
2020-02-14 00:00:00,154.31264999999996
2020-02-14 01:00:00,154.31264999999996
2020-02-14 02:00:00,154.25014999999996
2020-02-14 03:00:00,154.31264999999996
2020-02-14 04:00:00,154.31264999999996
2020-02-14 07:00:00,154.31264999999996
2020-02-14 08:00:00,154.46884999999997
2020-02-14 09:00:00,154.65634999999997
2020-02-14 10:00:00,154.53134999999997
2020-02-14 11:00:00,154.62514999999996
2020-02-14 12:00:00,154.46884999999997
2020-02-14 13:00:00,154.78134999999997
2020-02-14 14:00:00,154.96884999999997
2020-02-14 15:00:00,154.90634999999997
2020-02-14 16:00:00,154.71884999999997
2020-02-14 17:00:00,154.81264999999996
2020-02-14 18:00:00,154.81264999999996
2020-02-14 19:00:00,154.62514999999996
2020-02-14 20:00:00,154.53134999999997
2020-02-14 21:00:00,154.68764999999996
2020-02-14 23:00:00,154.43764999999996
2020-02-16 23:00:00,154.50014999999996
2020-02-17 00:00:00,154.65634999999997
2020-02-17 01:00:00,154.46884999999997
2020-02-17 02:00:00,154.46884999999997
2020-02-17 03:00:00,154.46884999999997
2020-02-17 04:00:00,154.46884999999997
2020-02-17 07:00:00,154.34384999999997
2020-02-17 08:00:00,154.68764999999996
2020-02-17 09:00:00,154.75014999999996
2020-02-17 10:00:00,154.78134999999997
2020-02-17 11:00:00,154.75014999999996
2020-02-17 12:00:00,154.75014999999996
2020-02-17 13:00:00,154.71884999999997
2020-02-17 14:00:00,154.71884999999997
2020-02-17 15:00:00,154.65634999999997
2020-02-17 16:00:00,154.71884999999997
2020-02-17 17:00:00,154.68764999999996
2020-02-17 23:00:00,154.46884999999997
2020-02-18 00:00:00,155.12514999999996
2020-02-18 01:00:00,155.25014999999996
2020-02-18 02:00:00,155.50014999999996
2020-02-18 03:00:00,155.50014999999996
2020-02-18 04:00:00,155.37514999999996
2020-02-18 07:00:00,155.59384999999997
2020-02-18 08:00:00,155.46884999999997
2020-02-18 09:00:00,155.56264999999996
2020-02-18 10:00:00,155.53134999999997
2020-02-18 11:00:00,155.65634999999997
2020-02-18 12:00:00,155.53134999999997
2020-02-18 13:00:00,155.37514999999996
2020-02-18 14:00:00,155.12514999999996
2020-02-18 15:00:00,155.56264999999996
2020-02-18 16:00:00,155.62514999999996
2020-02-18 17:00:00,155.46884999999997
2020-02-18 18:00:00,155.50014999999996
2020-02-18 19:00:00,155.37514999999996
2020-02-18 20:00:00,155.34384999999997
2020-02-18 21:00:00,155.25014999999996
2020-02-18 23:00:00,155.34384999999997
2020-02-19 00:00:00,155.18764999999996
2020-02-19 01:00:00,155.28134999999997
2020-02-19 02:00:00,155.28134999999997
2020-02-19 03:00:00,155.18764999999996
2020-02-19 04:00:00,155.18764999999996
2020-02-19 07:00:00,155.12514999999996
2020-02-19 08:00:00,155.34384999999997
2020-02-19 09:00:00,155.50014999999996
2020-02-19 10:00:00,155.50014999999996
2020-02-19 11:00:00,155.40634999999997
2020-02-19 12:00:00,155.21884999999997
2020-02-19 13:00:00,155.00014999999996
2020-02-19 14:00:00,155.12514999999996
2020-02-19 15:00:00,155.25014999999996
2020-02-19 16:00:00,155.25014999999996
2020-02-19 17:00:00,155.28134999999997
2020-02-19 18:00:00,155.28134999999997
2020-02-19 19:00:00,155.18764999999996
2020-02-19 20:00:00,155.31264999999996
2020-02-19 21:00:00,155.21884999999997
2020-02-19 23:00:00,155.28134999999997
2020-02-20 00:00:00,154.96884999999997
2020-02-20 01:00:00,155.18764999999996
2020-02-20 02:00:00,155.31264999999996
2020-02-20 03:00:00,155.50014999999996
2020-02-20 04:00:00,155.46884999999997
2020-02-20 07:00:00,155.37514999999996
2020-02-20 08:00:00,155.46884999999997
2020-02-20 09:00:00,155.50014999999996
2020-02-20 10:00:00,155.53134999999997
2020-02-20 11:00:00,155.81264999999996
2020-02-20 12:00:00,155.75014999999996
2020-02-20 13:00:00,155.81264999999996
2020-02-20 14:00:00,155.87514999999996
2020-02-20 15:00:00,156.00014999999996
2020-02-20 16:00:00,156.31264999999996
2020-02-20 17:00:00,156.12514999999996
2020-02-20 18:00:00,156.09384999999997
2020-02-20 19:00:00,156.15634999999997
2020-02-20 20:00:00,156.18764999999996
2020-02-20 21:00:00,156.31264999999996
2020-02-20 23:00:00,155.34384999999997
2020-02-21 00:00:00,156.25014999999996
2020-02-21 01:00:00,156.56264999999996
2020-02-21 02:00:00,156.68764999999996
2020-02-21 03:00:00,156.71884999999997
2020-02-21 04:00:00,156.81264999999996
2020-02-21 07:00:00,157.03134999999997
2020-02-21 08:00:00,157.06264999999996
2020-02-21 09:00:00,157.21884999999997
2020-02-21 10:00:00,157.09384999999997
2020-02-21 11:00:00,157.00014999999996
2020-02-21 12:00:00,157.03134999999997
2020-02-21 13:00:00,157.15634999999997
2020-02-21 14:00:00,157.40634999999997
2020-02-21 15:00:00,157.56264999999996
2020-02-21 16:00:00,157.15634999999997
2020-02-21 17:00:00,157.18764999999996
2020-02-21 18:00:00,157.28134999999997
2020-02-21 19:00:00,157.21884999999997
2020-02-21 20:00:00,157.21884999999997
2020-02-21 21:00:00,157.21884999999997
2020-02-21 23:00:00,156.81264999999996
2020-02-23 23:00:00,158.06264999999996
2020-02-24 00:00:00,157.87514999999996
2020-02-24 01:00:00,157.84384999999997
2020-02-24 02:00:00,158.09384999999997
2020-02-24 03:00:00,157.96884999999997
2020-02-24 04:00:00,157.87505
2020-02-24 07:00:00,158.25005
2020-02-24 08:00:00,158.81255
2020-02-24 09:00:00,158.68755
2020-02-24 10:00:00,158.81255
2020-02-24 11:00:00,158.71884999999997
2020-02-24 12:00:00,158.75005
2020-02-24 13:00:00,158.90634999999997
2020-02-24 14:00:00,159.12505
2020-02-24 15:00:00,159.21884999999997
2020-02-24 16:00:00,159.12505
2020-02-24 17:00:00,159.37505
2020-02-24 18:00:00,159.28134999999997
2020-02-24 19:00:00,158.96884999999997
2020-02-24 20:00:00,159.06255
2020-02-24 21:00:00,159.03134999999997
2020-02-24 23:00:00,158.00005
2020-02-25 00:00:00,158.50005
2020-02-25 01:00:00,158.46884999999997
2020-02-25 02:00:00,158.53134999999997
2020-02-25 03:00:00,158.56255
2020-02-25 04:00:00,158.56255
2020-02-25 07:00:00,158.53134999999997
2020-02-25 08:00:00,159.09384999999997
2020-02-25 09:00:00,159.25005
2020-02-25 10:00:00,159.31255
2020-02-25 11:00:00,159.06255
2020-02-25 12:00:00,158.90634999999997
2020-02-25 13:00:00,159.15634999999997
2020-02-25 14:00:00,159.43755
2020-02-25 15:00:00,159.93755
2020-02-25 16:00:00,159.75005
2020-02-25 17:00:00,159.96884999999997
2020-02-25 18:00:00,160.09384999999997
2020-02-25 19:00:00,159.87505
2020-02-25 20:00:00,159.84384999999997
2020-02-25 21:00:00,159.40634999999997
2020-02-25 23:00:00,158.34384999999997
2020-02-26 00:00:00,159.78134999999997
2020-02-26 01:00:00,159.68755
2020-02-26 02:00:00,159.28134999999997
2020-02-26 03:00:00,159.03134999999997
2020-02-26 04:00:00,159.06255
2020-02-26 07:00:00,159.34384999999997
2020-02-26 08:00:00,159.96884999999997
2020-02-26 09:00:00,159.75005
2020-02-26 10:00:00,159.40634999999997
2020-02-26 11:00:00,159.15634999999997
2020-02-26 12:00:00,159.03134999999997
2020-02-26 13:00:00,159.18755
2020-02-26 14:00:00,159.28134999999997
2020-02-26 15:00:00,159.62505
2020-02-26 16:00:00,159.90634999999997
2020-02-26 17:00:00,159.84384999999997
2020-02-26 18:00:00,160.09384999999997
2020-02-26 19:00:00,160.25005
2020-02-26 20:00:00,159.50005
2020-02-26 21:00:00,159.68755
2020-02-26 23:00:00,159.50005
2020-02-27 00:00:00,159.90634999999997
2020-02-27 01:00:00,160.09384999999997
2020-02-27 02:00:00,160.31255
2020-02-27 03:00:00,160.21884999999997
2020-02-27 04:00:00,160.53134999999997
2020-02-27 07:00:00,160.28134999999997
2020-02-27 08:00:00,160.37505
2020-02-27 09:00:00,160.53134999999997
2020-02-27 10:00:00,160.56255
2020-02-27 11:00:00,160.68755
2020-02-27 12:00:00,161.00005
2020-02-27 13:00:00,161.00005
2020-02-27 14:00:00,161.15634999999997
2020-02-27 15:00:00,161.06255
2020-02-27 16:00:00,160.65634999999997
2020-02-27 17:00:00,160.28134999999997
2020-02-27 18:00:00,160.87505
2020-02-27 19:00:00,160.65634999999997
2020-02-27 20:00:00,160.81255
2020-02-27 21:00:00,161.28134999999997
2020-02-27 23:00:00,160.28134999999997
2020-02-28 00:00:00,160.90634999999997
2020-02-28 01:00:00,161.15634999999997
2020-02-28 02:00:00,161.28134999999997
2020-02-28 03:00:00,161.40634999999997
2020-02-28 04:00:00,161.53134999999997
2020-02-28 07:00:00,162.65634999999997
2020-02-28 08:00:00,162.68755
2020-02-28 09:00:00,162.84384999999997
2020-02-28 10:00:00,162.78134999999997
2020-02-28 11:00:00,162.34384999999997
2020-02-28 12:00:00,162.25005
2020-02-28 13:00:00,162.53134999999997
2020-02-28 14:00:00,162.93755
2020-02-28 15:00:00,163.21884999999997
2020-02-28 16:00:00,163.25005
2020-02-28 17:00:00,163.03134999999997
2020-02-28 18:00:00,163.28134999999997
2020-02-28 19:00:00,163.40634999999997
2020-02-28 20:00:00,163.59384999999997
2020-02-28 21:00:00,163.28134999999997
2020-02-28 23:00:00,161.96884999999997
2020-03-01 23:00:00,164.09384999999997
2020-03-02 00:00:00,165.18755
2020-03-02 01:00:00,164.59384999999997
2020-03-02 02:00:00,163.75005
2020-03-02 03:00:00,163.81255
2020-03-02 04:00:00,164.28134999999997
2020-03-02 07:00:00,162.96884999999997
2020-03-02 08:00:00,164.06255
2020-03-02 09:00:00,164.25005
2020-03-02 10:00:00,164.71884999999997
2020-03-02 11:00:00,165.18755
2020-03-02 12:00:00,164.62505
2020-03-02 13:00:00,164.28134999999997
2020-03-02 14:00:00,164.43755
2020-03-02 15:00:00,164.34384999999997
2020-03-02 16:00:00,164.21884999999997
2020-03-02 17:00:00,164.28134999999997
2020-03-02 18:00:00,164.28134999999997
2020-03-02 19:00:00,164.25005
2020-03-02 20:00:00,162.96884999999997
2020-03-02 21:00:00,162.71884999999997
2020-03-02 23:00:00,163.96884999999997
2020-03-03 00:00:00,162.93755
2020-03-03 01:00:00,163.28134999999997
2020-03-03 02:00:00,163.40634999999997
2020-03-03 03:00:00,163.31255
2020-03-03 04:00:00,163.53134999999997
2020-03-03 07:00:00,163.21884999999997
2020-03-03 08:00:00,163.00005
2020-03-03 09:00:00,162.68755
2020-03-03 10:00:00,162.65634999999997
2020-03-03 11:00:00,163.09384999999997
2020-03-03 12:00:00,163.18755
2020-03-03 13:00:00,163.34384999999997
2020-03-03 14:00:00,163.65634999999997
2020-03-03 15:00:00,163.96884999999997
2020-03-03 16:00:00,164.68755
2020-03-03 17:00:00,164.71884999999997
2020-03-03 18:00:00,166.37505
2020-03-03 19:00:00,165.03134999999997
2020-03-03 20:00:00,165.40634999999997
2020-03-03 21:00:00,165.50005
2020-03-03 23:00:00,163.31255
2020-03-04 00:00:00,165.68755
2020-03-04 01:00:00,166.06255
2020-03-04 02:00:00,165.87505
2020-03-04 03:00:00,165.62505
2020-03-04 04:00:00,165.87505
2020-03-04 07:00:00,166.03134999999997
2020-03-04 08:00:00,166.40634999999997
2020-03-04 09:00:00,166.53134999999997
2020-03-04 10:00:00,166.37505
2020-03-04 11:00:00,165.90634999999997
2020-03-04 12:00:00,165.43755
2020-03-04 13:00:00,165.31255
2020-03-04 14:00:00,166.15634999999997
2020-03-04 15:00:00,166.03134999999997
2020-03-04 16:00:00,166.18755
2020-03-04 17:00:00,165.56255
2020-03-04 18:00:00,165.50005
2020-03-04 19:00:00,165.34384999999997
2020-03-04 20:00:00,164.50005
2020-03-04 21:00:00,163.93755
2020-03-04 23:00:00,166.06255
2020-03-05 00:00:00,164.56255
2020-03-05 01:00:00,164.65634999999997
2020-03-05 02:00:00,164.75005
2020-03-05 03:00:00,164.93755
2020-03-05 04:00:00,164.93755
2020-03-05 07:00:00,164.62505
2020-03-05 08:00:00,165.03134999999997
2020-03-05 09:00:00,165.40634999999997
2020-03-05 10:00:00,165.84384999999997
2020-03-05 11:00:00,165.50005
2020-03-05 12:00:00,165.90634999999997
2020-03-05 13:00:00,166.28134999999997
2020-03-05 14:00:00,166.59384999999997
2020-03-05 15:00:00,166.71884999999997
2020-03-05 16:00:00,166.78134999999997
2020-03-05 17:00:00,167.25005
2020-03-05 18:00:00,166.75005
2020-03-05 19:00:00,166.84384999999997
2020-03-05 20:00:00,167.12505
2020-03-05 21:00:00,167.12505
2020-03-05 23:00:00,164.87505
2020-03-06 00:00:00,167.84384999999997
2020-03-06 01:00:00,168.90634999999997
2020-03-06 02:00:00,169.03134999999997
2020-03-06 03:00:00,169.43755
2020-03-06 04:00:00,169.34384999999997
2020-03-06 07:00:00,169.62505
2020-03-06 08:00:00,170.81255
2020-03-06 09:00:00,171.68755
2020-03-06 10:00:00,170.87505
2020-03-06 11:00:00,170.56255
2020-03-06 12:00:00,171.78134999999997
2020-03-06 13:00:00,171.59384999999997
2020-03-06 14:00:00,173.15634999999997
2020-03-06 15:00:00,171.31255
2020-03-06 16:00:00,171.78134999999997
2020-03-06 17:00:00,171.65634999999997
2020-03-06 18:00:00,171.68755
2020-03-06 19:00:00,172.90634999999997
2020-03-06 20:00:00,171.84384999999997
2020-03-06 21:00:00,171.46884999999997
2020-03-06 23:00:00,169.43755
2020-03-08 23:00:00,177.56255
2020-03-09 00:00:00,178.28134999999997
2020-03-09 01:00:00,177.34384999999997
2020-03-09 02:00:00,178.87505
2020-03-09 03:00:00,178.43755
2020-03-09 04:00:00,177.71884999999997
2020-03-09 07:00:00,179.53134999999997
2020-03-09 08:00:00,181.12505
2020-03-09 09:00:00,179.50005
2020-03-09 10:00:00,180.43755
2020-03-09 11:00:00,181.09384999999997
2020-03-09 12:00:00,181.62505
2020-03-09 13:00:00,180.56255
2020-03-09 14:00:00,178.25005
2020-03-09 15:00:00,177.87505
2020-03-09 16:00:00,176.78134999999997
2020-03-09 17:00:00,179.28134999999997
2020-03-09 18:00:00,179.25005
2020-03-09 19:00:00,178.84384999999997
2020-03-09 20:00:00,176.87505
2020-03-09 21:00:00,178.00005
2020-03-09 23:00:00,177.68755
2020-03-10 00:00:00,176.53134999999997
2020-03-10 01:00:00,175.28134999999997
2020-03-10 02:00:00,176.28134999999997
2020-03-10 03:00:00,176.18755
2020-03-10 04:00:00,175.75005
2020-03-10 07:00:00,175.65634999999997
2020-03-10 08:00:00,176.28134999999997
2020-03-10 09:00:00,174.84384999999997
2020-03-10 10:00:00,173.68755
2020-03-10 11:00:00,173.34384999999997
2020-03-10 12:00:00,175.00005
2020-03-10 13:00:00,176.06255
2020-03-10 14:00:00,175.93755
2020-03-10 15:00:00,177.71884999999997
2020-03-10 16:00:00,177.09384999999997
2020-03-10 17:00:00,176.03134999999997
2020-03-10 18:00:00,174.81255
2020-03-10 19:00:00,172.56255
2020-03-10 20:00:00,171.34384999999997
2020-03-10 21:00:00,171.78134999999997
2020-03-10 23:00:00,175.34384999999997
2020-03-11 00:00:00,172.62505
2020-03-11 01:00:00,173.15634999999997
2020-03-11 02:00:00,173.93755
2020-03-11 03:00:00,173.96884999999997
2020-03-11 04:00:00,174.28134999999997
2020-03-11 07:00:00,174.65634999999997
2020-03-11 08:00:00,174.09384999999997
2020-03-11 09:00:00,172.96884999999997
2020-03-11 10:00:00,173.56255
2020-03-11 11:00:00,173.62505
2020-03-11 12:00:00,173.75005
2020-03-11 13:00:00,174.40634999999997
2020-03-11 14:00:00,174.87505
2020-03-11 15:00:00,173.87505
2020-03-11 16:00:00,173.53134999999997
2020-03-11 17:00:00,173.43755
2020-03-11 18:00:00,174.37505
2020-03-11 19:00:00,173.68755
2020-03-11 20:00:00,173.03134999999997
2020-03-11 21:00:00,172.12505
2020-03-11 23:00:00,174.78134999999997
2020-03-12 00:00:00,171.81255
2020-03-12 01:00:00,172.56255
2020-03-12 02:00:00,174.18755
2020-03-12 03:00:00,174.09384999999997
2020-03-12 04:00:00,174.09384999999997
2020-03-12 07:00:00,174.18755
2020-03-12 08:00:00,173.96884999999997
2020-03-12 09:00:00,175.65634999999997
2020-03-12 10:00:00,175.34384999999997
2020-03-12 11:00:00,176.15634999999997
2020-03-12 12:00:00,176.71884999999997
2020-03-12 13:00:00,176.50005
2020-03-12 14:00:00,176.28134999999997
2020-03-12 15:00:00,175.28134999999997
2020-03-12 16:00:00,173.71884999999997
2020-03-12 17:00:00,174.84384999999997
2020-03-12 18:00:00,174.40634999999997
2020-03-12 19:00:00,172.03134999999997
2020-03-12 20:00:00,170.68755
2020-03-12 21:00:00,172.87505
2020-03-12 23:00:00,173.90634999999997
2020-03-13 00:00:00,172.34384999999997
2020-03-13 01:00:00,173.62505
2020-03-13 02:00:00,172.62505
2020-03-13 03:00:00,172.21884999999997
2020-03-13 04:00:00,171.43755
2020-03-13 07:00:00,170.03134999999997
2020-03-13 08:00:00,168.00005
2020-03-13 09:00:00,168.71884999999997
2020-03-13 10:00:00,168.71884999999997
2020-03-13 11:00:00,170.28134999999997
2020-03-13 12:00:00,168.87505
2020-03-13 13:00:00,170.34384999999997
2020-03-13 14:00:00,170.00005
2020-03-13 15:00:00,170.37505
2020-03-13 16:00:00,170.65634999999997
2020-03-13 17:00:00,169.46884999999997
2020-03-13 18:00:00,169.50005
2020-03-13 19:00:00,169.59384999999997
2020-03-13 20:00:00,168.84384999999997
2020-03-13 21:00:00,169.65634999999997
2020-03-13 23:00:00,170.12505
2020-03-15 23:00:00,173.40634999999997
2020-03-16 00:00:00,175.25005
2020-03-16 01:00:00,174.53134999999997
2020-03-16 02:00:00,175.50005
2020-03-16 03:00:00,174.81255
2020-03-16 04:00:00,174.81255
2020-03-16 07:00:00,174.84384999999997
2020-03-16 08:00:00,172.28134999999997
2020-03-16 09:00:00,173.06255
2020-03-16 10:00:00,173.12505
2020-03-16 11:00:00,173.25005
2020-03-16 12:00:00,173.37505
2020-03-16 13:00:00,173.68755
2020-03-16 14:00:00,173.68755
2020-03-16 15:00:00,172.53134999999997
2020-03-16 16:00:00,171.46884999999997
2020-03-16 17:00:00,173.25005
2020-03-16 18:00:00,174.03134999999997
2020-03-16 19:00:00,173.87505
2020-03-16 20:00:00,174.37505
2020-03-16 21:00:00,174.43755
2020-03-16 23:00:00,174.96884999999997
2020-03-17 00:00:00,173.93755
2020-03-17 01:00:00,173.56255
2020-03-17 02:00:00,172.46884999999997
2020-03-17 03:00:00,172.75005
2020-03-17 04:00:00,173.15634999999997
2020-03-17 07:00:00,173.12505
2020-03-17 08:00:00,172.25005
2020-03-17 09:00:00,172.37505
2020-03-17 10:00:00,172.59384999999997
2020-03-17 11:00:00,172.06255
2020-03-17 12:00:00,172.62505
2020-03-17 13:00:00,171.68755
2020-03-17 14:00:00,171.93755
2020-03-17 15:00:00,172.18755
2020-03-17 16:00:00,170.87505
2020-03-17 17:00:00,169.25005
2020-03-17 18:00:00,169.12505
2020-03-17 19:00:00,166.78134999999997
2020-03-17 20:00:00,166.15634999999997
2020-03-17 21:00:00,165.15634999999997
2020-03-17 23:00:00,173.28134999999997
2020-03-18 00:00:00,165.59384999999997
2020-03-18 01:00:00,165.87505
2020-03-18 02:00:00,166.21884999999997
2020-03-18 03:00:00,166.00005
2020-03-18 04:00:00,165.93755
2020-03-18 07:00:00,164.71884999999997
2020-03-18 08:00:00,162.31255
2020-03-18 09:00:00,161.03134999999997
2020-03-18 10:00:00,161.43755
2020-03-18 11:00:00,163.56255
2020-03-18 12:00:00,164.53134999999997
2020-03-18 13:00:00,164.75005
2020-03-18 14:00:00,166.03134999999997
2020-03-18 15:00:00,164.93755
2020-03-18 16:00:00,164.40634999999997
2020-03-18 17:00:00,163.50005
2020-03-18 18:00:00,162.56255
2020-03-18 19:00:00,161.18755
2020-03-18 20:00:00,162.68755
2020-03-18 21:00:00,163.40634999999997
2020-03-18 23:00:00,165.90634999999997
2020-03-19 00:00:00,164.43755
2020-03-19 01:00:00,163.09384999999997
2020-03-19 02:00:00,162.75005
2020-03-19 03:00:00,162.59384999999997
2020-03-19 04:00:00,161.53134999999997
2020-03-19 07:00:00,162.21884999999997
2020-03-19 08:00:00,164.46884999999997
2020-03-19 09:00:00,163.68755
2020-03-19 10:00:00,162.93755
2020-03-19 11:00:00,163.90634999999997
2020-03-19 12:00:00,164.90634999999997
2020-03-19 13:00:00,165.06255
2020-03-19 14:00:00,164.71884999999997
2020-03-19 15:00:00,165.03134999999997
2020-03-19 16:00:00,163.87505
2020-03-19 17:00:00,165.56255
2020-03-19 18:00:00,167.34384999999997
2020-03-19 19:00:00,165.46884999999997
2020-03-19 20:00:00,164.71884999999997
2020-03-19 21:00:00,165.28134999999997
2020-03-19 23:00:00,161.81255
2020-03-20 00:00:00,165.71884999999997
2020-03-20 01:00:00,166.65634999999997
2020-03-20 02:00:00,166.68755
2020-03-20 03:00:00,166.59384999999997
2020-03-20 04:00:00,166.65634999999997
2020-03-20 07:00:00,166.46884999999997
2020-03-20 08:00:00,168.71884999999997
2020-03-20 09:00:00,167.81255
2020-03-20 10:00:00,167.46884999999997
2020-03-20 11:00:00,169.21884999999997
2020-03-20 12:00:00,168.65634999999997
2020-03-20 13:00:00,168.75005
2020-03-20 14:00:00,168.25005
2020-03-20 15:00:00,168.37505
2020-03-20 16:00:00,168.71884999999997
2020-03-20 17:00:00,168.90634999999997
2020-03-20 18:00:00,170.12505
2020-03-20 19:00:00,168.96884999999997
2020-03-20 20:00:00,170.40634999999997
2020-03-20 21:00:00,171.18755
2020-03-20 23:00:00,166.78134999999997
2020-03-22 23:00:00,172.81255
2020-03-23 00:00:00,172.87505
2020-03-23 01:00:00,171.87505
2020-03-23 02:00:00,172.03134999999997
2020-03-23 03:00:00,171.90634999999997
2020-03-23 04:00:00,171.50005
2020-03-23 07:00:00,171.34384999999997
2020-03-23 08:00:00,172.34384999999997
2020-03-23 09:00:00,171.62505
2020-03-23 10:00:00,171.81255
2020-03-23 11:00:00,172.03134999999997
2020-03-23 12:00:00,171.93755
2020-03-23 13:00:00,170.50005
2020-03-23 14:00:00,171.09384999999997
2020-03-23 15:00:00,171.40634999999997
2020-03-23 16:00:00,171.53134999999997
2020-03-23 17:00:00,171.15634999999997
2020-03-23 18:00:00,172.43755
2020-03-23 19:00:00,172.62505
2020-03-23 20:00:00,173.06255
2020-03-23 21:00:00,171.46884999999997
2020-03-23 23:00:00,171.59384999999997
2020-03-24 00:00:00,171.87505
2020-03-24 01:00:00,171.62505
2020-03-24 02:00:00,171.25005
2020-03-24 03:00:00,171.21884999999997
2020-03-24 04:00:00,171.31255
2020-03-24 07:00:00,171.12505
2020-03-24 08:00:00,170.90634999999997
2020-03-24 09:00:00,171.87505
2020-03-24 10:00:00,171.37505
2020-03-24 11:00:00,171.18755
2020-03-24 12:00:00,171.31255
2020-03-24 13:00:00,170.31255
2020-03-24 14:00:00,170.15634999999997
2020-03-24 15:00:00,171.06255
2020-03-24 16:00:00,170.25005
2020-03-24 17:00:00,170.59384999999997
2020-03-24 18:00:00,171.43755
2020-03-24 19:00:00,171.81255
2020-03-24 20:00:00,171.31255
2020-03-24 21:00:00,170.90634999999997
2020-03-24 23:00:00,171.03134999999997
2020-03-25 00:00:00,171.06255
2020-03-25 01:00:00,171.25005
2020-03-25 02:00:00,171.40634999999997
2020-03-25 03:00:00,171.40634999999997
2020-03-25 04:00:00,171.65634999999997
2020-03-25 07:00:00,171.53134999999997
2020-03-25 08:00:00,171.31255
2020-03-25 09:00:00,170.87505
2020-03-25 10:00:00,170.96884999999997
2020-03-25 11:00:00,171.75005
2020-03-25 12:00:00,171.15634999999997
2020-03-25 13:00:00,171.34384999999997
2020-03-25 14:00:00,171.93755
2020-03-25 15:00:00,172.71884999999997
2020-03-25 16:00:00,172.00005
2020-03-25 17:00:00,171.96884999999997
2020-03-25 18:00:00,172.53134999999997
2020-03-25 19:00:00,171.12505
2020-03-25 20:00:00,171.21884999999997
2020-03-25 21:00:00,170.56255
2020-03-25 23:00:00,171.21884999999997
2020-03-26 00:00:00,171.34384999999997
2020-03-26 01:00:00,171.50005
2020-03-26 02:00:00,171.90634999999997
2020-03-26 03:00:00,171.81255
2020-03-26 04:00:00,172.09384999999997
2020-03-26 07:00:00,171.93755
2020-03-26 08:00:00,172.18755
2020-03-26 09:00:00,172.12505
2020-03-26 10:00:00,171.93755
2020-03-26 11:00:00,171.87505
2020-03-26 12:00:00,172.43755
2020-03-26 13:00:00,171.90634999999997
2020-03-26 14:00:00,171.12505
2020-03-26 15:00:00,171.56255
2020-03-26 16:00:00,171.18755
2020-03-26 17:00:00,171.46884999999997
2020-03-26 18:00:00,172.06255
2020-03-26 19:00:00,171.28134999999997
2020-03-26 20:00:00,171.09384999999997
2020-03-26 21:00:00,170.65634999999997
2020-03-26 23:00:00,172.31255
2020-03-27 00:00:00,170.65634999999997
2020-03-27 01:00:00,171.03134999999997
2020-03-27 02:00:00,171.06255
2020-03-27 03:00:00,171.28134999999997
2020-03-27 04:00:00,171.34384999999997
2020-03-27 07:00:00,171.65634999999997
2020-03-27 08:00:00,171.84384999999997
2020-03-27 09:00:00,172.00005
2020-03-27 10:00:00,171.90634999999997
2020-03-27 11:00:00,172.25005
2020-03-27 12:00:00,172.12505
2020-03-27 13:00:00,172.53134999999997
2020-03-27 14:00:00,172.46884999999997
2020-03-27 15:00:00,172.75005
2020-03-27 16:00:00,172.65634999999997
2020-03-27 17:00:00,172.71884999999997
2020-03-27 18:00:00,172.37505
2020-03-27 19:00:00,172.21884999999997
2020-03-27 20:00:00,173.56255
2020-03-27 21:00:00,173.81255
2020-03-27 23:00:00,171.50005
2020-03-29 23:00:00,174.15634999999997
2020-03-30 00:00:00,174.18755
2020-03-30 01:00:00,174.59384999999997
2020-03-30 02:00:00,174.65634999999997
2020-03-30 03:00:00,174.56255
2020-03-30 04:00:00,174.37505
2020-03-30 07:00:00,173.75005
2020-03-30 08:00:00,174.65634999999997
2020-03-30 09:00:00,174.78134999999997
2020-03-30 10:00:00,174.68755
2020-03-30 11:00:00,174.34384999999997
2020-03-30 12:00:00,174.46884999999997
2020-03-30 13:00:00,174.53134999999997
2020-03-30 14:00:00,175.06255
2020-03-30 15:00:00,175.37505
2020-03-30 16:00:00,174.28134999999997
2020-03-30 17:00:00,174.84384999999997
2020-03-30 18:00:00,174.06255
2020-03-30 19:00:00,173.75005
2020-03-30 20:00:00,173.03134999999997
2020-03-30 21:00:00,172.21884999999997
2020-03-30 23:00:00,174.09384999999997
2020-03-31 00:00:00,172.40634999999997
2020-03-31 01:00:00,172.65634999999997
2020-03-31 02:00:00,172.93755
2020-03-31 03:00:00,172.84384999999997
2020-03-31 04:00:00,172.81255
2020-03-31 07:00:00,173.15634999999997
2020-03-31 08:00:00,172.75005
2020-03-31 09:00:00,172.37505
2020-03-31 10:00:00,172.81255
2020-03-31 11:00:00,172.78134999999997
2020-03-31 12:00:00,172.87505
2020-03-31 13:00:00,172.43755
2020-03-31 14:00:00,172.87505
2020-03-31 15:00:00,172.59384999999997
2020-03-31 16:00:00,173.00005
2020-03-31 17:00:00,173.62505
2020-03-31 18:00:00,173.46884999999997
2020-03-31 19:00:00,172.18755
2020-03-31 20:00:00,172.81255
2020-03-31 21:00:00,173.21884999999997
2020-03-31 23:00:00,173.12505
2020-04-01 00:00:00,173.18755
2020-04-01 01:00:00,173.12505
2020-04-01 02:00:00,173.25005
2020-04-01 03:00:00,173.43755
2020-04-01 04:00:00,173.65634999999997
2020-04-01 07:00:00,174.37505
2020-04-01 08:00:00,174.28134999999997
2020-04-01 09:00:00,174.31255
2020-04-01 10:00:00,174.59384999999997
2020-04-01 11:00:00,174.78134999999997
2020-04-01 12:00:00,175.03134999999997
2020-04-01 13:00:00,174.71884999999997
2020-04-01 14:00:00,175.03134999999997
2020-04-01 15:00:00,175.40634999999997
2020-04-01 16:00:00,175.31255
2020-04-01 17:00:00,174.84384999999997
2020-04-01 18:00:00,173.87505
2020-04-01 19:00:00,174.31255
2020-04-01 20:00:00,174.50005
2020-04-01 21:00:00,175.53134999999997
2020-04-01 23:00:00,174.06255
2020-04-02 00:00:00,175.75005
2020-04-02 01:00:00,175.75005
2020-04-02 02:00:00,175.71884999999997
2020-04-02 03:00:00,175.43755
2020-04-02 04:00:00,175.50005
2020-04-02 07:00:00,175.18755
2020-04-02 08:00:00,175.37505
2020-04-02 09:00:00,175.03134999999997
2020-04-02 10:00:00,175.53134999999997
2020-04-02 11:00:00,175.65634999999997
2020-04-02 12:00:00,175.75005
2020-04-02 13:00:00,175.21884999999997
2020-04-02 14:00:00,175.37505
2020-04-02 15:00:00,175.34384999999997
2020-04-02 16:00:00,175.34384999999997
2020-04-02 17:00:00,174.71884999999997
2020-04-02 18:00:00,174.81255
2020-04-02 19:00:00,174.68755
2020-04-02 20:00:00,174.81255
2020-04-02 21:00:00,175.15634999999997
2020-04-02 23:00:00,175.78134999999997
2020-04-03 00:00:00,174.90634999999997
2020-04-03 01:00:00,175.12505
2020-04-03 02:00:00,175.12505
2020-04-03 03:00:00,175.31255
2020-04-03 04:00:00,175.37505
2020-04-03 07:00:00,174.90634999999997
2020-04-03 08:00:00,175.09384999999997
2020-04-03 09:00:00,174.93755
2020-04-03 10:00:00,175.03134999999997
2020-04-03 11:00:00,175.15634999999997
2020-04-03 12:00:00,175.37505
2020-04-03 13:00:00,175.06255
2020-04-03 14:00:00,175.56255
2020-04-03 15:00:00,175.68755
2020-04-03 16:00:00,175.78134999999997
2020-04-03 17:00:00,175.71884999999997
2020-04-03 18:00:00,175.87505
2020-04-03 19:00:00,175.75005
2020-04-03 20:00:00,175.00005
2020-04-03 21:00:00,175.40634999999997
2020-04-03 23:00:00,175.18755
2020-04-05 23:00:00,175.18755
2020-04-06 00:00:00,175.03134999999997
2020-04-06 01:00:00,174.71884999999997
2020-04-06 02:00:00,174.56255
2020-04-06 03:00:00,174.68755
2020-04-06 04:00:00,174.65634999999997
2020-04-06 07:00:00,174.25005
2020-04-06 08:00:00,174.09384999999997
2020-04-06 09:00:00,174.21884999999997
2020-04-06 10:00:00,173.90634999999997
2020-04-06 11:00:00,173.96884999999997
2020-04-06 12:00:00,174.00005
2020-04-06 13:00:00,174.03134999999997
2020-04-06 14:00:00,173.96884999999997
2020-04-06 15:00:00,173.59384999999997
2020-04-06 16:00:00,174.03134999999997
2020-04-06 17:00:00,173.96884999999997
2020-04-06 18:00:00,173.78134999999997
2020-04-06 19:00:00,173.75005
2020-04-06 20:00:00,173.90634999999997
2020-04-06 21:00:00,173.81255
2020-04-06 23:00:00,174.59384999999997
2020-04-07 00:00:00,173.15634999999997
2020-04-07 01:00:00,173.31255
2020-04-07 02:00:00,173.50005
2020-04-07 03:00:00,173.25005
2020-04-07 04:00:00,173.40634999999997
2020-04-07 07:00:00,172.31255
2020-04-07 08:00:00,172.00005
2020-04-07 09:00:00,172.21884999999997
2020-04-07 10:00:00,172.00005
2020-04-07 11:00:00,171.90634999999997
2020-04-07 12:00:00,172.34384999999997
2020-04-07 13:00:00,171.65634999999997
2020-04-07 14:00:00,171.81255
2020-04-07 15:00:00,171.90634999999997
2020-04-07 16:00:00,171.34384999999997
2020-04-07 17:00:00,171.43755
2020-04-07 18:00:00,171.75005
2020-04-07 19:00:00,172.43755
2020-04-07 20:00:00,172.87505
2020-04-07 21:00:00,172.90634999999997
2020-04-07 23:00:00,172.59384999999997
2020-04-08 00:00:00,172.75005
2020-04-08 01:00:00,173.03134999999997
2020-04-08 02:00:00,172.90634999999997
2020-04-08 03:00:00,172.90634999999997
2020-04-08 04:00:00,172.68755
2020-04-08 07:00:00,172.75005
2020-04-08 08:00:00,172.37505
2020-04-08 09:00:00,172.50005
2020-04-08 10:00:00,172.53134999999997
2020-04-08 11:00:00,172.31255
2020-04-08 12:00:00,171.87505
2020-04-08 13:00:00,171.93755
2020-04-08 14:00:00,171.90634999999997
2020-04-08 15:00:00,172.09384999999997
2020-04-08 16:00:00,171.71884999999997
2020-04-08 17:00:00,172.03134999999997
2020-04-08 18:00:00,172.21884999999997
2020-04-08 19:00:00,171.43755
2020-04-08 20:00:00,171.62505
2020-04-08 21:00:00,171.21884999999997
2020-04-08 23:00:00,172.68755
2020-04-09 00:00:00,170.90634999999997
2020-04-09 01:00:00,171.31255
2020-04-09 02:00:00,171.71884999999997
2020-04-09 03:00:00,171.75005
2020-04-09 04:00:00,171.78134999999997
2020-04-09 07:00:00,171.81255
2020-04-09 08:00:00,171.62505
2020-04-09 09:00:00,171.71884999999997
2020-04-09 10:00:00,171.84384999999997
2020-04-09 11:00:00,172.18755
2020-04-09 12:00:00,172.09384999999997
2020-04-09 13:00:00,171.28134999999997
2020-04-09 14:00:00,171.25005
2020-04-09 15:00:00,171.03134999999997
2020-04-09 16:00:00,172.03134999999997
2020-04-09 17:00:00,172.03134999999997
2020-04-09 18:00:00,172.00005
2020-04-09 19:00:00,171.87505
2020-04-09 20:00:00,171.68755
2020-04-09 21:00:00,171.62505
2020-04-09 23:00:00,171.90634999999997
2020-04-12 23:00:00,172.00005
2020-04-13 00:00:00,171.96884999999997
2020-04-13 01:00:00,171.84384999999997
2020-04-13 02:00:00,171.81255
2020-04-13 03:00:00,171.71884999999997
2020-04-13 04:00:00,171.81255
2020-04-13 07:00:00,171.90634999999997
2020-04-13 08:00:00,172.03134999999997
2020-04-13 09:00:00,171.96884999999997
2020-04-13 10:00:00,172.03134999999997
2020-04-13 11:00:00,172.09384999999997
2020-04-13 12:00:00,172.12505
2020-04-13 13:00:00,171.40634999999997
2020-04-13 14:00:00,171.50005
2020-04-13 15:00:00,171.53134999999997
2020-04-13 16:00:00,171.93755
2020-04-13 17:00:00,171.87505
2020-04-13 18:00:00,171.75005
2020-04-13 19:00:00,171.31255
2020-04-13 20:00:00,171.00005
2020-04-13 21:00:00,170.68755
2020-04-13 23:00:00,171.81255
2020-04-14 00:00:00,170.81255
2020-04-14 01:00:00,170.93755
2020-04-14 02:00:00,170.65634999999997
2020-04-14 03:00:00,170.65634999999997
2020-04-14 04:00:00,170.78134999999997
2020-04-14 07:00:00,170.93755
2020-04-14 08:00:00,170.81255
2020-04-14 09:00:00,171.00005
2020-04-14 10:00:00,171.18755
2020-04-14 11:00:00,171.06255
2020-04-14 12:00:00,171.06255
2020-04-14 13:00:00,171.34384999999997
2020-04-14 14:00:00,171.25005
2020-04-14 15:00:00,171.12505
2020-04-14 16:00:00,171.34384999999997
2020-04-14 17:00:00,171.37505
2020-04-14 18:00:00,171.21884999999997
2020-04-14 19:00:00,170.87505
2020-04-14 20:00:00,171.00005
2020-04-14 21:00:00,170.90634999999997
2020-04-14 23:00:00,170.84384999999997
2020-04-15 00:00:00,171.09384999999997
2020-04-15 01:00:00,171.06255
2020-04-15 02:00:00,171.00005
2020-04-15 03:00:00,171.18755
2020-04-15 04:00:00,171.21884999999997
2020-04-15 07:00:00,171.96884999999997
2020-04-15 08:00:00,172.34384999999997
2020-04-15 09:00:00,172.56255
2020-04-15 10:00:00,172.75005
2020-04-15 11:00:00,172.62505
2020-04-15 12:00:00,172.68755
2020-04-15 13:00:00,173.21884999999997
2020-04-15 14:00:00,173.31255
2020-04-15 15:00:00,173.50005
2020-04-15 16:00:00,174.00005
2020-04-15 17:00:00,173.50005
2020-04-15 18:00:00,173.65634999999997
2020-04-15 19:00:00,173.68755
2020-04-15 20:00:00,173.75005
2020-04-15 21:00:00,173.84384999999997
2020-04-15 23:00:00,171.46884999999997
2020-04-16 00:00:00,173.65634999999997
2020-04-16 01:00:00,173.56255
2020-04-16 02:00:00,173.50005
2020-04-16 03:00:00,173.53134999999997
2020-04-16 04:00:00,173.53134999999997
2020-04-16 07:00:00,173.46884999999997
2020-04-16 08:00:00,173.40634999999997
2020-04-16 09:00:00,173.56255
2020-04-16 10:00:00,173.81255
2020-04-16 11:00:00,173.81255
2020-04-16 12:00:00,174.53134999999997
2020-04-16 13:00:00,174.46884999999997
2020-04-16 14:00:00,174.62505
2020-04-16 15:00:00,174.71884999999997
2020-04-16 16:00:00,174.18755
2020-04-16 17:00:00,174.62505
2020-04-16 18:00:00,174.78134999999997
2020-04-16 19:00:00,174.50005
2020-04-16 20:00:00,174.65634999999997
2020-04-16 21:00:00,174.18755
2020-04-16 23:00:00,173.62505
2020-04-17 00:00:00,173.15634999999997
2020-04-17 01:00:00,172.93755
2020-04-17 02:00:00,172.90634999999997
2020-04-17 03:00:00,173.06255
2020-04-17 04:00:00,173.28134999999997
2020-04-17 07:00:00,173.78134999999997
2020-04-17 08:00:00,173.90634999999997
2020-04-17 09:00:00,174.09384999999997
2020-04-17 10:00:00,174.00005
2020-04-17 11:00:00,173.93755
2020-04-17 12:00:00,173.78134999999997
2020-04-17 13:00:00,174.40634999999997
2020-04-17 14:00:00,174.65634999999997
2020-04-17 15:00:00,174.68755
2020-04-17 16:00:00,174.59384999999997
2020-04-17 17:00:00,174.40634999999997
2020-04-17 18:00:00,174.40634999999997
2020-04-17 19:00:00,173.06255
2020-04-17 20:00:00,173.37505
2020-04-17 21:00:00,173.50005
2020-04-17 23:00:00,173.50005
2020-04-19 23:00:00,173.56255
2020-04-20 00:00:00,173.50005
2020-04-20 01:00:00,173.34384999999997
2020-04-20 02:00:00,173.53134999999997
2020-04-20 03:00:00,173.50005
2020-04-20 04:00:00,173.56255
2020-04-20 07:00:00,173.56255
2020-04-20 08:00:00,173.78134999999997
2020-04-20 09:00:00,173.96884999999997
2020-04-20 10:00:00,173.71884999999997
2020-04-20 11:00:00,173.59384999999997
2020-04-20 12:00:00,173.71884999999997
2020-04-20 13:00:00,174.15634999999997
2020-04-20 14:00:00,173.90634999999997
2020-04-20 15:00:00,174.03134999999997
2020-04-20 16:00:00,173.68755
2020-04-20 17:00:00,173.59384999999997
2020-04-20 18:00:00,173.65634999999997
2020-04-20 19:00:00,173.93755
2020-04-20 20:00:00,174.18755
2020-04-20 21:00:00,174.37505
2020-04-20 23:00:00,173.81255
2020-04-21 00:00:00,174.25005
2020-04-21 01:00:00,174.28134999999997
2020-04-21 02:00:00,174.25005
2020-04-21 03:00:00,174.65634999999997
2020-04-21 04:00:00,174.68755
2020-04-21 07:00:00,174.34384999999997
2020-04-21 08:00:00,174.46884999999997
2020-04-21 09:00:00,174.65634999999997
2020-04-21 10:00:00,175.21884999999997
2020-04-21 11:00:00,175.25005
2020-04-21 12:00:00,175.84384999999997
2020-04-21 13:00:00,176.06255
2020-04-21 14:00:00,175.53134999999997
2020-04-21 15:00:00,175.78134999999997
2020-04-21 16:00:00,175.81255
2020-04-21 17:00:00,175.68755
2020-04-21 18:00:00,175.53134999999997
2020-04-21 19:00:00,175.50005
2020-04-21 20:00:00,175.56255
2020-04-21 21:00:00,175.56255
2020-04-21 23:00:00,174.37505
2020-04-22 00:00:00,175.37505
2020-04-22 01:00:00,175.59384999999997
2020-04-22 02:00:00,175.56255
2020-04-22 03:00:00,175.78134999999997
2020-04-22 04:00:00,176.09384999999997
2020-04-22 07:00:00,175.68755
2020-04-22 08:00:00,175.18755
2020-04-22 09:00:00,175.34384999999997
2020-04-22 10:00:00,175.18755
2020-04-22 11:00:00,175.21884999999997
2020-04-22 12:00:00,175.31255
2020-04-22 13:00:00,174.68755
2020-04-22 14:00:00,174.93755
2020-04-22 15:00:00,174.43755
2020-04-22 16:00:00,174.21884999999997
2020-04-22 17:00:00,174.12505
2020-04-22 18:00:00,174.15634999999997
2020-04-22 19:00:00,174.18755
2020-04-22 20:00:00,174.28134999999997
2020-04-22 21:00:00,174.12505
2020-04-22 23:00:00,175.96884999999997
2020-04-23 00:00:00,174.40634999999997
2020-04-23 01:00:00,174.50005
2020-04-23 02:00:00,174.46884999999997
2020-04-23 03:00:00,174.40634999999997
2020-04-23 04:00:00,174.65634999999997
2020-04-23 07:00:00,174.03134999999997
2020-04-23 08:00:00,174.15634999999997
2020-04-23 09:00:00,174.43755
2020-04-23 10:00:00,174.21884999999997
2020-04-23 11:00:00,174.12505
2020-04-23 12:00:00,174.25005
2020-04-23 13:00:00,174.34384999999997
2020-04-23 14:00:00,174.84384999999997
2020-04-23 15:00:00,174.93755
2020-04-23 16:00:00,174.68755
2020-04-23 17:00:00,174.75005
2020-04-23 18:00:00,174.78134999999997
2020-04-23 19:00:00,174.68755
2020-04-23 20:00:00,175.03134999999997
2020-04-23 21:00:00,174.87505
2020-04-23 23:00:00,174.53134999999997
2020-04-24 00:00:00,174.81255
2020-04-24 01:00:00,175.18755
2020-04-24 02:00:00,175.28134999999997
2020-04-24 03:00:00,175.15634999999997
2020-04-24 04:00:00,175.09384999999997
2020-04-24 07:00:00,175.18755
2020-04-24 08:00:00,175.21884999999997
2020-04-24 09:00:00,175.15634999999997
2020-04-24 10:00:00,174.84384999999997
2020-04-24 11:00:00,174.78134999999997
2020-04-24 12:00:00,175.00005
2020-04-24 13:00:00,174.68755
2020-04-24 14:00:00,174.68755
2020-04-24 15:00:00,174.90634999999997
2020-04-24 16:00:00,174.90634999999997
2020-04-24 17:00:00,174.87505
2020-04-24 18:00:00,174.78134999999997
2020-04-24 19:00:00,175.18755
2020-04-24 20:00:00,175.34384999999997
2020-04-24 21:00:00,175.09384999999997
2020-04-24 23:00:00,175.21884999999997
2020-04-26 23:00:00,175.18755
2020-04-27 00:00:00,175.06255
2020-04-27 01:00:00,175.00005
2020-04-27 02:00:00,174.81255
2020-04-27 03:00:00,174.65634999999997
2020-04-27 04:00:00,174.37505
2020-04-27 07:00:00,174.96884999999997
2020-04-27 08:00:00,174.78134999999997
2020-04-27 09:00:00,174.71884999999997
2020-04-27 10:00:00,174.46884999999997
2020-04-27 11:00:00,174.59384999999997
2020-04-27 12:00:00,174.59384999999997
2020-04-27 13:00:00,174.62505
2020-04-27 14:00:00,174.09384999999997
2020-04-27 15:00:00,173.78134999999997
2020-04-27 16:00:00,173.84384999999997
2020-04-27 17:00:00,173.78134999999997
2020-04-27 18:00:00,173.93755
2020-04-27 19:00:00,173.78134999999997
2020-04-27 20:00:00,173.50005
2020-04-27 21:00:00,173.53134999999997
2020-04-27 23:00:00,174.53134999999997
2020-04-28 00:00:00,173.50005
2020-04-28 01:00:00,173.31255
2020-04-28 02:00:00,173.71884999999997
2020-04-28 03:00:00,173.71884999999997
2020-04-28 04:00:00,173.68755
2020-04-28 07:00:00,173.65634999999997
2020-04-28 08:00:00,173.59384999999997
2020-04-28 09:00:00,173.59384999999997
2020-04-28 10:00:00,173.56255
2020-04-28 11:00:00,173.56255
2020-04-28 12:00:00,173.75005
2020-04-28 13:00:00,174.18755
2020-04-28 14:00:00,174.43755
2020-04-28 15:00:00,174.75005
2020-04-28 16:00:00,174.84384999999997
2020-04-28 17:00:00,174.93755
2020-04-28 18:00:00,175.25005
2020-04-28 19:00:00,175.06255
2020-04-28 20:00:00,175.15634999999997
2020-04-28 21:00:00,175.00005
2020-04-28 23:00:00,173.65634999999997
2020-04-29 00:00:00,175.06255
2020-04-29 01:00:00,175.00005
2020-04-29 02:00:00,175.00005
2020-04-29 03:00:00,174.96884999999997
2020-04-29 04:00:00,175.00005
2020-04-29 07:00:00,175.12505
2020-04-29 08:00:00,175.43755
2020-04-29 09:00:00,175.40634999999997
2020-04-29 10:00:00,175.59384999999997
2020-04-29 11:00:00,175.50005
2020-04-29 12:00:00,175.75005
2020-04-29 13:00:00,175.03134999999997
2020-04-29 14:00:00,175.56255
2020-04-29 15:00:00,175.53134999999997
2020-04-29 16:00:00,175.18755
2020-04-29 17:00:00,175.25005
2020-04-29 18:00:00,175.00005
2020-04-29 19:00:00,174.59384999999997
2020-04-29 20:00:00,174.81255
2020-04-29 21:00:00,174.40634999999997
2020-04-29 23:00:00,175.09384999999997
2020-04-30 00:00:00,174.59384999999997
2020-04-30 01:00:00,174.56255
2020-04-30 02:00:00,174.59384999999997
2020-04-30 03:00:00,174.59384999999997
2020-04-30 04:00:00,174.71884999999997
2020-04-30 07:00:00,174.75005
2020-04-30 08:00:00,174.81255
2020-04-30 09:00:00,174.65634999999997
2020-04-30 10:00:00,174.71884999999997
2020-04-30 11:00:00,174.78134999999997
2020-04-30 12:00:00,174.75005
2020-04-30 13:00:00,174.78134999999997
2020-04-30 14:00:00,175.00005
2020-04-30 15:00:00,174.93755
2020-04-30 16:00:00,175.12505
2020-04-30 17:00:00,175.25005
2020-04-30 18:00:00,174.71884999999997
2020-04-30 19:00:00,174.12505
2020-04-30 20:00:00,173.65634999999997
2020-04-30 21:00:00,173.75005
2020-04-30 23:00:00,174.87505
2020-05-01 00:00:00,174.09384999999997
2020-05-01 01:00:00,174.18755
2020-05-01 02:00:00,174.09384999999997
2020-05-01 03:00:00,174.28134999999997
2020-05-01 04:00:00,174.31255
2020-05-01 07:00:00,174.56255
2020-05-01 08:00:00,174.75005
2020-05-01 09:00:00,174.68755
2020-05-01 10:00:00,174.65634999999997
2020-05-01 11:00:00,174.50005
2020-05-01 12:00:00,174.40634999999997
2020-05-01 13:00:00,174.12505
2020-05-01 14:00:00,173.81255
2020-05-01 15:00:00,173.65634999999997
2020-05-01 16:00:00,174.34384999999997
2020-05-01 17:00:00,174.21884999999997
2020-05-01 18:00:00,174.03134999999997
2020-05-01 19:00:00,173.87505
2020-05-01 20:00:00,174.21884999999997
2020-05-01 21:00:00,174.56255
2020-05-01 23:00:00,174.25005
2020-05-03 23:00:00,174.75005
2020-05-04 00:00:00,174.87505
2020-05-04 01:00:00,175.00005
2020-05-04 02:00:00,174.78134999999997
2020-05-04 03:00:00,174.78134999999997
2020-05-04 04:00:00,174.68755
2020-05-04 07:00:00,174.37505
2020-05-04 08:00:00,174.56255
2020-05-04 09:00:00,174.78134999999997
2020-05-04 10:00:00,174.90634999999997
2020-05-04 11:00:00,174.84384999999997
2020-05-04 12:00:00,174.75005
2020-05-04 13:00:00,174.18755
2020-05-04 14:00:00,173.84384999999997
2020-05-04 15:00:00,173.75005
2020-05-04 16:00:00,174.06255
2020-05-04 17:00:00,174.06255
2020-05-04 18:00:00,173.87505
2020-05-04 19:00:00,173.90634999999997
2020-05-04 20:00:00,174.06255
2020-05-04 21:00:00,174.00005
2020-05-04 23:00:00,174.75005
2020-05-05 00:00:00,174.00005
2020-05-05 01:00:00,173.87505
2020-05-05 02:00:00,173.78134999999997
2020-05-05 03:00:00,173.62505
2020-05-05 04:00:00,173.59384999999997
2020-05-05 07:00:00,173.06255
2020-05-05 08:00:00,173.00005
2020-05-05 09:00:00,173.06255
2020-05-05 10:00:00,172.96884999999997
2020-05-05 11:00:00,173.25005
2020-05-05 12:00:00,173.28134999999997
2020-05-05 13:00:00,173.12505
2020-05-05 14:00:00,172.93755
2020-05-05 15:00:00,173.25005
2020-05-05 16:00:00,173.40634999999997
2020-05-05 17:00:00,173.68755
2020-05-05 18:00:00,173.75005
2020-05-05 19:00:00,173.46884999999997
2020-05-05 20:00:00,173.75005
2020-05-05 21:00:00,173.40634999999997
2020-05-05 23:00:00,173.56255
2020-05-06 00:00:00,173.28134999999997
2020-05-06 01:00:00,173.34384999999997
2020-05-06 02:00:00,173.31255
2020-05-06 03:00:00,173.25005
2020-05-06 04:00:00,173.21884999999997
2020-05-06 07:00:00,172.93755
2020-05-06 08:00:00,173.15634999999997
2020-05-06 09:00:00,173.15634999999997
2020-05-06 10:00:00,173.00005
2020-05-06 11:00:00,172.90634999999997
2020-05-06 12:00:00,173.03134999999997
2020-05-06 13:00:00,172.12505
2020-05-06 14:00:00,172.03134999999997
2020-05-06 15:00:00,171.71884999999997
2020-05-06 16:00:00,171.81255
2020-05-06 17:00:00,171.50005
2020-05-06 18:00:00,171.50005
2020-05-06 19:00:00,171.87505
2020-05-06 20:00:00,172.21884999999997
2020-05-06 21:00:00,172.21884999999997
2020-05-06 23:00:00,173.06255
2020-05-07 00:00:00,172.62505
2020-05-07 01:00:00,172.68755
2020-05-07 02:00:00,172.59384999999997
2020-05-07 03:00:00,172.65634999999997
2020-05-07 04:00:00,172.43755
2020-05-07 07:00:00,172.40634999999997
2020-05-07 08:00:00,172.06255
2020-05-07 09:00:00,172.18755
2020-05-07 10:00:00,171.93755
2020-05-07 11:00:00,172.06255
2020-05-07 12:00:00,172.25005
2020-05-07 13:00:00,172.62505
2020-05-07 14:00:00,172.59384999999997
2020-05-07 15:00:00,173.09384999999997
2020-05-07 16:00:00,173.53134999999997
2020-05-07 17:00:00,174.12505
2020-05-07 18:00:00,174.06255
2020-05-07 19:00:00,174.31255
2020-05-07 20:00:00,174.40634999999997
2020-05-07 21:00:00,173.96884999999997
2020-05-07 23:00:00,172.34384999999997
2020-05-08 00:00:00,174.03134999999997
2020-05-08 01:00:00,174.06255
2020-05-08 02:00:00,174.15634999999997
2020-05-08 03:00:00,174.00005
2020-05-08 04:00:00,174.09384999999997
2020-05-08 07:00:00,174.59384999999997
2020-05-08 08:00:00,174.78134999999997
2020-05-08 09:00:00,174.71884999999997
2020-05-08 10:00:00,174.81255
2020-05-08 11:00:00,174.75005
2020-05-08 12:00:00,174.40634999999997
2020-05-08 13:00:00,173.31255
2020-05-08 14:00:00,173.31255
2020-05-08 15:00:00,173.75005
2020-05-08 16:00:00,173.37505
2020-05-08 17:00:00,173.12505
2020-05-08 18:00:00,173.06255
2020-05-08 19:00:00,172.87505
2020-05-08 20:00:00,172.96884999999997
2020-05-08 21:00:00,172.81255
2020-05-08 23:00:00,174.21884999999997
2020-05-10 23:00:00,172.56255
2020-05-11 00:00:00,172.53134999999997
2020-05-11 01:00:00,172.46884999999997
2020-05-11 02:00:00,172.28134999999997
2020-05-11 03:00:00,172.46884999999997
2020-05-11 04:00:00,172.40634999999997
2020-05-11 07:00:00,172.43755
2020-05-11 08:00:00,172.18755
2020-05-11 09:00:00,172.31255
2020-05-11 10:00:00,172.21884999999997
2020-05-11 11:00:00,172.46884999999997
2020-05-11 12:00:00,172.34384999999997
2020-05-11 13:00:00,172.56255
2020-05-11 14:00:00,172.96884999999997
2020-05-11 15:00:00,172.56255
2020-05-11 16:00:00,172.09384999999997
2020-05-11 17:00:00,172.00005
2020-05-11 18:00:00,171.90634999999997
2020-05-11 19:00:00,171.68755
2020-05-11 20:00:00,171.96884999999997
2020-05-11 21:00:00,172.06255
2020-05-11 23:00:00,172.59384999999997
2020-05-12 00:00:00,172.00005
2020-05-12 01:00:00,172.34384999999997
2020-05-12 02:00:00,172.28134999999997
2020-05-12 03:00:00,172.40634999999997
2020-05-12 04:00:00,172.53134999999997
2020-05-12 07:00:00,172.15634999999997
2020-05-12 08:00:00,172.18755
2020-05-12 09:00:00,172.43755
2020-05-12 10:00:00,172.12505
2020-05-12 11:00:00,172.00005
2020-05-12 12:00:00,172.15634999999997
2020-05-12 13:00:00,172.21884999999997
2020-05-12 14:00:00,172.56255
2020-05-12 15:00:00,172.62505
2020-05-12 16:00:00,172.46884999999997
2020-05-12 17:00:00,172.56255
2020-05-12 18:00:00,173.25005
2020-05-12 19:00:00,173.00005
2020-05-12 20:00:00,173.09384999999997
2020-05-12 21:00:00,173.18755
2020-05-12 23:00:00,172.37505
2020-05-13 00:00:00,173.40634999999997
2020-05-13 01:00:00,173.40634999999997
2020-05-13 02:00:00,173.56255
2020-05-13 03:00:00,173.59384999999997
2020-05-13 04:00:00,173.59384999999997
2020-05-13 07:00:00,173.31255
2020-05-13 08:00:00,173.56255
2020-05-13 09:00:00,173.34384999999997
2020-05-13 10:00:00,173.34384999999997
2020-05-13 11:00:00,173.53134999999997
2020-05-13 12:00:00,173.40634999999997
2020-05-13 13:00:00,173.50005
2020-05-13 14:00:00,173.53134999999997
2020-05-13 15:00:00,173.62505
2020-05-13 16:00:00,174.06255
2020-05-13 17:00:00,173.96884999999997
2020-05-13 18:00:00,173.65634999999997
2020-05-13 19:00:00,173.84384999999997
2020-05-13 20:00:00,173.81255
2020-05-13 21:00:00,173.65634999999997
2020-05-13 23:00:00,173.43755
2020-05-14 00:00:00,173.90634999999997
2020-05-14 01:00:00,174.00005
2020-05-14 02:00:00,174.15634999999997
2020-05-14 03:00:00,174.09384999999997
2020-05-14 04:00:00,174.03134999999997
2020-05-14 07:00:00,174.53134999999997
2020-05-14 08:00:00,174.78134999999997
2020-05-14 09:00:00,174.84384999999997
2020-05-14 10:00:00,174.75005
2020-05-14 11:00:00,174.90634999999997
2020-05-14 12:00:00,174.71884999999997
2020-05-14 13:00:00,174.90634999999997
2020-05-14 14:00:00,175.06255
2020-05-14 15:00:00,175.06255
2020-05-14 16:00:00,175.21884999999997
2020-05-14 17:00:00,174.96884999999997
2020-05-14 18:00:00,174.90634999999997
2020-05-14 19:00:00,174.81255
2020-05-14 20:00:00,174.56255
2020-05-14 21:00:00,174.78134999999997
2020-05-14 23:00:00,174.34384999999997
2020-05-15 00:00:00,174.68755
2020-05-15 01:00:00,174.75005
2020-05-15 02:00:00,174.68755
2020-05-15 03:00:00,174.65634999999997
2020-05-15 04:00:00,174.71884999999997
2020-05-15 07:00:00,175.06255
2020-05-15 08:00:00,174.81255
2020-05-15 09:00:00,174.96884999999997
2020-05-15 10:00:00,174.90634999999997
2020-05-15 11:00:00,175.18755
2020-05-15 12:00:00,175.34384999999997
2020-05-15 13:00:00,175.25005
2020-05-15 14:00:00,174.78134999999997
2020-05-15 15:00:00,174.53134999999997
2020-05-15 16:00:00,174.31255
2020-05-15 17:00:00,174.21884999999997
2020-05-15 18:00:00,174.09384999999997
2020-05-15 19:00:00,174.09384999999997
2020-05-15 20:00:00,174.09384999999997
2020-05-15 21:00:00,173.96884999999997
2020-05-15 23:00:00,174.87505
2020-05-17 23:00:00,173.96884999999997
2020-05-18 00:00:00,173.96884999999997
2020-05-18 01:00:00,174.00005
2020-05-18 02:00:00,173.93755
2020-05-18 03:00:00,173.96884999999997
2020-05-18 04:00:00,174.03134999999997
2020-05-18 07:00:00,173.71884999999997
2020-05-18 08:00:00,174.03134999999997
2020-05-18 09:00:00,173.90634999999997
2020-05-18 10:00:00,173.81255
2020-05-18 11:00:00,173.62505
2020-05-18 12:00:00,173.37505
2020-05-18 13:00:00,172.81255
2020-05-18 14:00:00,172.78134999999997
2020-05-18 15:00:00,172.46884999999997
2020-05-18 16:00:00,172.15634999999997
2020-05-18 17:00:00,172.09384999999997
2020-05-18 18:00:00,172.00005
2020-05-18 19:00:00,171.34384999999997
2020-05-18 20:00:00,171.71884999999997
2020-05-18 21:00:00,171.68755
2020-05-18 23:00:00,174.06255
2020-05-19 00:00:00,171.65634999999997
2020-05-19 01:00:00,171.87505
2020-05-19 02:00:00,171.93755
2020-05-19 03:00:00,172.00005
2020-05-19 04:00:00,172.15634999999997
2020-05-19 07:00:00,171.62505
2020-05-19 08:00:00,171.90634999999997
2020-05-19 09:00:00,172.03134999999997
2020-05-19 10:00:00,171.87505
2020-05-19 11:00:00,171.75005
2020-05-19 12:00:00,171.34384999999997
2020-05-19 13:00:00,171.18755
2020-05-19 14:00:00,171.59384999999997
2020-05-19 15:00:00,171.65634999999997
2020-05-19 16:00:00,171.81255
2020-05-19 17:00:00,171.87505
2020-05-19 18:00:00,171.75005
2020-05-19 19:00:00,171.81255
2020-05-19 20:00:00,172.25005
2020-05-19 21:00:00,172.28134999999997
2020-05-19 23:00:00,172.03134999999997
2020-05-20 00:00:00,172.34384999999997
2020-05-20 01:00:00,172.18755
2020-05-20 02:00:00,172.15634999999997
2020-05-20 03:00:00,172.28134999999997
2020-05-20 04:00:00,172.28134999999997
2020-05-20 07:00:00,172.15634999999997
2020-05-20 08:00:00,172.28134999999997
2020-05-20 09:00:00,172.12505
2020-05-20 10:00:00,172.18755
2020-05-20 11:00:00,172.18755
2020-05-20 12:00:00,172.25005
2020-05-20 13:00:00,171.84384999999997
2020-05-20 14:00:00,172.00005
2020-05-20 15:00:00,171.87505
2020-05-20 16:00:00,172.15634999999997
2020-05-20 17:00:00,172.25005
2020-05-20 18:00:00,172.65634999999997
2020-05-20 19:00:00,172.81255
2020-05-20 20:00:00,172.62505
2020-05-20 21:00:00,172.71884999999997
2020-05-20 23:00:00,172.21884999999997
2020-05-21 00:00:00,172.81255
2020-05-21 01:00:00,172.96884999999997
2020-05-21 02:00:00,173.21884999999997
2020-05-21 03:00:00,173.21884999999997
2020-05-21 04:00:00,173.28134999999997
2020-05-21 07:00:00,173.21884999999997
2020-05-21 08:00:00,173.18755
2020-05-21 09:00:00,173.12505
2020-05-21 10:00:00,173.28134999999997
2020-05-21 11:00:00,173.15634999999997
2020-05-21 12:00:00,173.18755
2020-05-21 13:00:00,173.28134999999997
2020-05-21 14:00:00,173.06255
2020-05-21 15:00:00,173.21884999999997
2020-05-21 16:00:00,173.31255
2020-05-21 17:00:00,173.21884999999997
2020-05-21 18:00:00,173.06255
2020-05-21 19:00:00,172.93755
2020-05-21 20:00:00,172.96884999999997
2020-05-21 21:00:00,173.00005
2020-05-21 23:00:00,173.28134999999997
2020-05-22 00:00:00,173.09384999999997
2020-05-22 01:00:00,173.09384999999997
2020-05-22 02:00:00,173.28134999999997
2020-05-22 03:00:00,173.62505
2020-05-22 04:00:00,173.71884999999997
2020-05-22 07:00:00,173.93755
2020-05-22 08:00:00,173.93755
2020-05-22 09:00:00,173.84384999999997
2020-05-22 10:00:00,173.96884999999997
2020-05-22 11:00:00,173.87505
2020-05-22 12:00:00,173.34384999999997
2020-05-22 13:00:00,173.43755
2020-05-22 14:00:00,173.34384999999997
2020-05-22 15:00:00,173.56255
2020-05-22 16:00:00,173.59384999999997
2020-05-22 17:00:00,173.46884999999997
2020-05-22 18:00:00,173.43755
2020-05-22 19:00:00,173.46884999999997
2020-05-22 20:00:00,173.43755
2020-05-22 21:00:00,173.25005
2020-05-22 23:00:00,173.87505
2020-05-24 23:00:00,173.34384999999997
2020-05-25 00:00:00,173.28134999999997
2020-05-25 01:00:00,173.34384999999997
2020-05-25 02:00:00,173.40634999999997
2020-05-25 03:00:00,173.46884999999997
2020-05-25 04:00:00,173.43755
2020-05-25 07:00:00,173.50005
2020-05-25 08:00:00,173.43755
2020-05-25 09:00:00,173.28134999999997
2020-05-25 10:00:00,173.25005
2020-05-25 11:00:00,173.37505
2020-05-25 12:00:00,173.43755
2020-05-25 13:00:00,173.43755
2020-05-25 14:00:00,173.43755
2020-05-25 15:00:00,173.53134999999997
2020-05-25 16:00:00,173.53134999999997
2020-05-25 17:00:00,173.46884999999997
2020-05-25 23:00:00,173.43755
2020-05-26 00:00:00,173.50005
2020-05-26 01:00:00,173.37505
2020-05-26 02:00:00,173.40634999999997
2020-05-26 03:00:00,173.25005
2020-05-26 04:00:00,173.18755
2020-05-26 07:00:00,172.40634999999997
2020-05-26 08:00:00,172.50005
2020-05-26 09:00:00,172.56255
2020-05-26 10:00:00,172.53134999999997
2020-05-26 11:00:00,172.62505
2020-05-26 12:00:00,172.78134999999997
2020-05-26 13:00:00,172.21884999999997
2020-05-26 14:00:00,172.18755
2020-05-26 15:00:00,172.28134999999997
2020-05-26 16:00:00,172.15634999999997
2020-05-26 17:00:00,172.03134999999997
2020-05-26 18:00:00,172.03134999999997
2020-05-26 19:00:00,172.15634999999997
2020-05-26 20:00:00,172.31255
2020-05-26 21:00:00,172.09384999999997
2020-05-26 23:00:00,173.06255
2020-05-27 00:00:00,172.31255
2020-05-27 01:00:00,172.18755
2020-05-27 02:00:00,172.15634999999997
2020-05-27 03:00:00,172.21884999999997
2020-05-27 04:00:00,172.09384999999997
2020-05-27 07:00:00,172.46884999999997
2020-05-27 08:00:00,172.28134999999997
2020-05-27 09:00:00,172.53134999999997
2020-05-27 10:00:00,172.09384999999997
2020-05-27 11:00:00,172.06255
2020-05-27 12:00:00,171.50005
2020-05-27 13:00:00,172.00005
2020-05-27 14:00:00,172.46884999999997
2020-05-27 15:00:00,172.84384999999997
2020-05-27 16:00:00,172.62505
2020-05-27 17:00:00,172.90634999999997
2020-05-27 18:00:00,172.81255
2020-05-27 19:00:00,172.65634999999997
2020-05-27 20:00:00,172.46884999999997
2020-05-27 21:00:00,172.50005
2020-05-27 23:00:00,172.31255
2020-05-28 00:00:00,172.21884999999997
2020-05-28 01:00:00,172.18755
2020-05-28 02:00:00,172.25005
2020-05-28 03:00:00,172.21884999999997
2020-05-28 04:00:00,172.43755
2020-05-28 07:00:00,172.28134999999997
2020-05-28 08:00:00,172.31255
2020-05-28 09:00:00,172.34384999999997
2020-05-28 10:00:00,172.46884999999997
2020-05-28 23:00:00,172.12505
2020-05-29 14:30:00,172.25
2020-05-29 15:00:00,172.78125
2020-05-29 16:00:00,172.875
2020-05-29 17:00:00,172.6875
2020-05-29 18:00:00,172.71875
2020-05-29 19:00:00,173.25
2020-05-29 20:00:00,172.90625
2020-05-29 21:00:00,173.0
2020-06-01 14:30:00,172.125
2020-06-01 15:00:00,171.96875
2020-06-01 16:00:00,172.21875
2020-06-01 17:00:00,172.46875
2020-06-01 18:00:00,172.3125
2020-06-01 19:00:00,172.53125
2020-06-01 20:00:00,172.5
2020-06-01 21:00:00,172.4375
2020-06-01 23:00:00,172.53125
2020-06-02 14:30:00,172.46875
2020-06-02 15:00:00,172.28125
2020-06-02 16:00:00,172.40625
2020-06-02 17:00:00,172.0
2020-06-02 18:00:00,172.0625
2020-06-02 19:00:00,172.125
2020-06-02 20:00:00,172.125
2020-06-02 21:00:00,171.96875
2020-06-03 14:30:00,170.71875
2020-06-03 15:00:00,170.09375
2020-06-03 16:00:00,170.4375
2020-06-03 17:00:00,170.15625
2020-06-03 18:00:00,170.25
2020-06-03 19:00:00,170.28125
2020-06-03 20:00:00,170.34375
2020-06-03 21:00:00,170.5625
2020-06-03 23:00:00,170.28125
2020-06-04 14:30:00,169.125
2020-06-04 15:00:00,168.84375
2020-06-04 16:00:00,169.25
2020-06-04 17:00:00,168.9375
2020-06-04 18:00:00,168.9375
2020-06-04 19:00:00,168.78125
2020-06-04 20:00:00,168.8125
2020-06-04 21:00:00,168.65625
2020-06-04 23:00:00,168.78125
2020-06-05 14:30:00,166.21875
2020-06-05 15:00:00,166.3125
2020-06-05 16:00:00,166.46875
2020-06-05 17:00:00,166.5
2020-06-05 18:00:00,166.8125
2020-06-05 19:00:00,167.25
2020-06-05 20:00:00,167.71875
2020-06-05 21:00:00,167.40625
2020-06-05 23:00:00,167.28125
2020-06-08 14:30:00,167.53125
2020-06-08 15:00:00,167.78125
2020-06-08 16:00:00,167.96875
2020-06-08 17:00:00,168.09375
2020-06-08 18:00:00,167.90625
2020-06-08 19:00:00,167.6875
2020-06-08 20:00:00,167.84375
2020-06-08 21:00:00,167.78125
2020-06-08 23:00:00,167.65625
2020-06-09 14:30:00,169.53125
2020-06-09 15:00:00,169.34375
2020-06-09 16:00:00,169.40625
2020-06-09 17:00:00,169.375
2020-06-09 18:00:00,169.3125
2020-06-09 19:00:00,169.125
2020-06-09 20:00:00,169.09375
2020-06-09 21:00:00,169.125
2020-06-09 23:00:00,169.09375
2020-06-10 14:30:00,169.78125
2020-06-10 15:00:00,170.21875
2020-06-10 16:00:00,170.15625
2020-06-10 17:00:00,170.34375
2020-06-10 18:00:00,170.21875
2020-06-10 19:00:00,170.625
2020-06-10 20:00:00,170.96875
2020-06-10 21:00:00,170.96875
2020-06-10 23:00:00,170.6875
2020-06-11 14:30:00,172.65625
2020-06-11 15:00:00,172.78125
2020-06-11 16:00:00,172.46875
2020-06-11 17:00:00,172.375
2020-06-11 18:00:00,172.71875
2020-06-11 19:00:00,173.09375
2020-06-11 20:00:00,172.78125
2020-06-11 21:00:00,172.78125
2020-06-11 23:00:00,173.125
2020-06-12 14:30:00,171.71875
2020-06-12 15:00:00,172.46875
2020-06-12 16:00:00,171.90625
2020-06-12 17:00:00,172.09375
2020-06-12 18:00:00,172.28125
2020-06-12 19:00:00,172.0
2020-06-12 20:00:00,171.8125
2020-06-12 21:00:00,171.8125
2020-06-12 23:00:00,171.96875
2020-06-15 14:30:00,172.65625
2020-06-15 15:00:00,172.625
2020-06-15 16:00:00,172.5625
2020-06-15 17:00:00,172.25
2020-06-15 18:00:00,172.1875
2020-06-15 19:00:00,172.0625
2020-06-15 20:00:00,171.84375
2020-06-15 21:00:00,171.625
2020-06-15 23:00:00,172.09375
2020-06-16 14:30:00,170.21875
2020-06-16 15:00:00,171.25
2020-06-16 16:00:00,170.4375
2020-06-16 17:00:00,170.40625
2020-06-16 18:00:00,170.53125
2020-06-16 19:00:00,170.5
2020-06-16 20:00:00,170.53125
2020-06-16 21:00:00,170.375
2020-06-16 23:00:00,170.46875
2020-06-17 14:30:00,170.78125
2020-06-17 15:00:00,170.78125
2020-06-17 16:00:00,170.78125
2020-06-17 17:00:00,170.28125
2020-06-17 18:00:00,170.65625
2020-06-17 19:00:00,171.0
2020-06-17 20:00:00,171.03125
2020-06-17 21:00:00,170.84375
2020-06-18 14:30:00,171.9375
2020-06-18 15:00:00,171.78125
2020-06-18 16:00:00,171.90625
2020-06-18 17:00:00,171.9375
2020-06-18 18:00:00,171.9375
2020-06-18 19:00:00,172.21875
2020-06-18 20:00:00,172.03125
2020-06-18 21:00:00,171.6875
2020-06-18 23:00:00,172.1875
2020-06-19 14:30:00,171.53125
2020-06-19 15:00:00,171.75
2020-06-19 16:00:00,171.875
2020-06-19 17:00:00,171.96875
2020-06-19 18:00:00,172.0
2020-06-19 19:00:00,172.09375
2020-06-19 20:00:00,172.21875
2020-06-19 21:00:00,172.21875
2020-06-19 23:00:00,172.0625
2020-06-22 14:30:00,172.59375
2020-06-22 15:00:00,172.65625
2020-06-22 16:00:00,172.5625
2020-06-22 17:00:00,172.125
2020-06-22 18:00:00,172.0625
2020-06-22 19:00:00,172.0625
2020-06-22 20:00:00,172.03125
2020-06-22 21:00:00,172.0
2020-06-22 23:00:00,172.0625
2020-06-23 14:30:00,171.8125
2020-06-23 15:00:00,171.625
2020-06-23 16:00:00,171.46875
2020-06-23 17:00:00,171.5625
2020-06-23 18:00:00,171.65625
2020-06-23 19:00:00,171.71875
2020-06-23 20:00:00,171.59375
2020-06-23 21:00:00,171.625
2020-06-23 23:00:00,171.71875
2020-06-24 14:30:00,172.15625
2020-06-24 15:00:00,172.09375
2020-06-24 16:00:00,172.53125
2020-06-24 17:00:00,172.4375
2020-06-24 18:00:00,172.6875
2020-06-24 19:00:00,172.625
2020-06-24 20:00:00,172.71875
2020-06-24 21:00:00,172.8125
2020-06-24 23:00:00,172.65625
2020-06-25 14:30:00,173.21875
2020-06-25 15:00:00,173.09375
2020-06-25 16:00:00,173.09375
2020-06-25 17:00:00,173.09375
2020-06-25 18:00:00,173.03125
2020-06-25 19:00:00,173.0
2020-06-25 20:00:00,172.84375
2020-06-25 21:00:00,172.6875
2020-06-25 23:00:00,173.0
2020-06-26 14:30:00,173.28125
2020-06-26 15:00:00,173.78125
2020-06-26 16:00:00,173.78125
2020-06-26 17:00:00,173.84375
2020-06-26 18:00:00,173.875
2020-06-26 19:00:00,173.875
2020-06-26 20:00:00,173.875
2020-06-26 21:00:00,173.78125
2020-06-26 23:00:00,173.875
2020-06-29 14:30:00,173.75
2020-06-29 15:00:00,173.875
2020-06-29 16:00:00,173.8125
2020-06-29 17:00:00,173.6875
2020-06-29 18:00:00,173.6875
2020-06-29 19:00:00,173.8125
2020-06-29 20:00:00,173.78125
2020-06-29 21:00:00,174.03125
2020-06-29 23:00:00,173.8125
2020-06-30 14:30:00,174.125
2020-06-30 15:00:00,174.0
2020-06-30 16:00:00,173.5625
2020-06-30 17:00:00,173.34375
2020-06-30 18:00:00,173.0625
2020-06-30 19:00:00,173.34375
2020-06-30 20:00:00,173.28125
2020-06-30 21:00:00,173.25
2020-06-30 23:00:00,173.34375
2020-07-01 14:30:00,172.59375
2020-07-01 15:00:00,172.5625
2020-07-01 16:00:00,173.0
2020-07-01 17:00:00,173.09375
2020-07-01 18:00:00,173.0
2020-07-01 19:00:00,172.90625
2020-07-01 20:00:00,173.03125
2020-07-01 21:00:00,173.0625
2020-07-02 14:30:00,172.4375
2020-07-02 15:00:00,173.15625
2020-07-02 16:00:00,173.125
2020-07-02 17:00:00,173.03125
2020-07-02 18:00:00,173.125
2020-07-02 19:00:00,173.15625
2020-07-02 20:00:00,173.21875
2020-07-02 21:00:00,173.25
2020-07-02 23:00:00,173.0625
2020-07-06 14:30:00,172.3125
2020-07-06 15:00:00,172.28125
2020-07-06 16:00:00,172.5
2020-07-06 17:00:00,172.5
2020-07-06 18:00:00,172.375
2020-07-06 19:00:00,172.75
2020-07-06 20:00:00,172.75
2020-07-06 21:00:00,172.8125
2020-07-07 14:30:00,173.09375
2020-07-07 15:00:00,173.0
2020-07-07 16:00:00,173.1875
2020-07-07 17:00:00,173.5
2020-07-07 18:00:00,173.65625
2020-07-07 19:00:00,173.8125
2020-07-07 20:00:00,174.0625
2020-07-07 21:00:00,174.0
2020-07-08 14:30:00,173.4375
2020-07-08 15:00:00,173.40625
2020-07-08 16:00:00,173.59375
2020-07-08 17:00:00,173.4375
2020-07-08 18:00:00,173.875
2020-07-08 19:00:00,173.71875
2020-07-08 20:00:00,173.625
2020-07-08 21:00:00,173.375
2020-07-08 23:00:00,173.71875
2020-07-09 14:30:00,174.15625
2020-07-09 15:00:00,174.65625
2020-07-09 16:00:00,174.59375
2020-07-09 17:00:00,174.46875
2020-07-09 18:00:00,175.25
2020-07-09 19:00:00,175.125
2020-07-09 20:00:00,175.09375
2020-07-09 21:00:00,174.9375
2020-07-09 23:00:00,175.15625
2020-07-10 14:30:00,175.5
2020-07-10 15:00:00,175.3125
2020-07-10 16:00:00,175.0
2020-07-10 17:00:00,174.75
2020-07-10 18:00:00,174.6875
2020-07-10 19:00:00,174.59375
2020-07-10 20:00:00,174.5
2020-07-10 21:00:00,174.46875
2020-07-10 23:00:00,174.46875
2020-07-13 14:30:00,174.0
2020-07-13 15:00:00,174.0625
2020-07-13 16:00:00,174.25
2020-07-13 17:00:00,174.34375
2020-07-13 18:00:00,174.28125
2020-07-13 19:00:00,174.4375
2020-07-13 20:00:00,174.78125
2020-07-13 21:00:00,174.9375
2020-07-14 14:30:00,175.28125
2020-07-14 15:00:00,175.1875
2020-07-14 16:00:00,175.25
2020-07-14 17:00:00,175.28125
2020-07-14 18:00:00,175.3125
2020-07-14 19:00:00,175.0625
2020-07-14 20:00:00,174.78125
2020-07-14 21:00:00,174.8125
2020-07-15 14:30:00,174.375
2020-07-15 15:00:00,174.34375
2020-07-15 16:00:00,174.6875
2020-07-15 17:00:00,174.65625
2020-07-15 18:00:00,174.53125
2020-07-15 19:00:00,174.53125
2020-07-15 20:00:00,174.40625
2020-07-15 21:00:00,174.40625
2020-07-16 14:30:00,174.875
2020-07-16 15:00:00,175.21875
2020-07-16 16:00:00,175.09375
2020-07-16 17:00:00,175.0625
2020-07-16 18:00:00,174.96875
2020-07-16 19:00:00,175.0
2020-07-16 20:00:00,174.78125
2020-07-16 21:00:00,174.75
2020-07-16 23:00:00,174.75
2020-07-17 14:30:00,174.78125
2020-07-17 15:00:00,174.875
2020-07-17 16:00:00,174.5625
2020-07-17 17:00:00,174.59375
2020-07-17 18:00:00,174.59375
2020-07-17 19:00:00,174.5
2020-07-17 20:00:00,174.625
2020-07-17 21:00:00,174.65625
2020-07-20 14:30:00,175.15625
2020-07-20 15:00:00,175.0625
2020-07-20 16:00:00,174.90625
2020-07-20 17:00:00,174.875
2020-07-20 18:00:00,174.78125
2020-07-20 19:00:00,174.78125
2020-07-20 20:00:00,174.90625
2020-07-20 21:00:00,174.875
2020-07-21 14:30:00,175.09375
2020-07-21 15:00:00,174.96875
2020-07-21 16:00:00,175.21875
2020-07-21 17:00:00,175.21875
2020-07-21 18:00:00,175.15625
2020-07-21 19:00:00,175.0625
2020-07-21 20:00:00,175.125
2020-07-21 21:00:00,175.125
2020-07-22 14:30:00,175.5625
2020-07-22 15:00:00,175.6875
2020-07-22 16:00:00,175.5625
2020-07-22 17:00:00,175.6875
2020-07-22 18:00:00,175.59375
2020-07-22 19:00:00,175.40625
2020-07-22 20:00:00,175.34375
2020-07-22 21:00:00,175.34375
2020-07-23 14:30:00,175.625
2020-07-23 15:00:00,175.96875
2020-07-23 16:00:00,175.78125
2020-07-23 17:00:00,175.8125
2020-07-23 18:00:00,175.78125
2020-07-23 19:00:00,175.875
2020-07-23 20:00:00,175.96875
2020-07-23 21:00:00,176.0
2020-07-24 14:30:00,175.8125
2020-07-24 15:00:00,175.78125
2020-07-24 16:00:00,175.96875
2020-07-24 17:00:00,176.0625
2020-07-24 18:00:00,175.9375
2020-07-24 19:00:00,175.875
2020-07-24 20:00:00,176.0
2020-07-24 21:00:00,175.96875
2020-07-27 14:30:00,175.90625
2020-07-27 15:00:00,176.09375
2020-07-27 16:00:00,176.1875
2020-07-27 17:00:00,176.0
2020-07-27 18:00:00,175.75
2020-07-27 19:00:00,175.4375
2020-07-27 20:00:00,175.375
2020-07-27 21:00:00,175.375
2020-07-28 14:30:00,176.0
2020-07-28 15:00:00,176.03125
2020-07-28 16:00:00,175.90625
2020-07-28 17:00:00,176.0
2020-07-28 18:00:00,176.21875
2020-07-28 19:00:00,176.21875
2020-07-28 20:00:00,176.3125
2020-07-28 21:00:00,176.25
2020-07-29 14:30:00,176.3125
2020-07-29 15:00:00,176.0625
2020-07-29 16:00:00,176.03125
2020-07-29 17:00:00,176.0
2020-07-29 18:00:00,175.875
2020-07-29 19:00:00,176.0625
2020-07-29 20:00:00,176.34375
2020-07-29 21:00:00,176.125
2020-07-30 14:30:00,177.03125
2020-07-30 15:00:00,176.96875
2020-07-30 16:00:00,176.9375
2020-07-30 17:00:00,176.9375
2020-07-30 18:00:00,177.0625
2020-07-30 19:00:00,177.09375
2020-07-30 20:00:00,177.09375
2020-07-30 21:00:00,177.09375
2020-07-31 14:30:00,176.5
2020-07-31 15:00:00,176.78125
2020-07-31 16:00:00,176.71875
2020-07-31 17:00:00,176.6875
2020-07-31 18:00:00,176.625
2020-07-31 19:00:00,177.125
2020-07-31 20:00:00,177.0
2020-07-31 21:00:00,177.0
2020-08-03 14:30:00,176.15625
2020-08-03 15:00:00,176.5625
2020-08-03 16:00:00,176.53125
2020-08-03 17:00:00,176.25
2020-08-03 18:00:00,176.40625
2020-08-03 19:00:00,176.375
2020-08-03 20:00:00,176.71875
2020-08-03 21:00:00,176.5
2020-08-04 14:30:00,177.625
2020-08-04 15:00:00,177.53125
2020-08-04 16:00:00,177.375
2020-08-04 17:00:00,177.625
2020-08-04 18:00:00,177.5625
2020-08-04 19:00:00,177.5625
2020-08-04 20:00:00,177.78125
2020-08-04 21:00:00,177.78125
2020-08-05 14:30:00,176.78125
2020-08-05 15:00:00,176.5625
2020-08-05 16:00:00,176.59375
2020-08-05 17:00:00,176.625
2020-08-05 18:00:00,176.875
2020-08-05 19:00:00,176.875
2020-08-05 20:00:00,176.65625
2020-08-05 21:00:00,176.71875
2020-08-06 14:30:00,177.5625
2020-08-06 15:00:00,177.8125
2020-08-06 16:00:00,177.4375
2020-08-06 17:00:00,177.3125
2020-08-06 18:00:00,177.0
2020-08-06 19:00:00,177.0
2020-08-06 20:00:00,177.03125
2020-08-06 21:00:00,177.03125
2020-08-07 14:30:00,177.25
2020-08-07 15:00:00,176.65625
2020-08-07 16:00:00,176.59375
2020-08-07 17:00:00,176.21875
2020-08-07 18:00:00,176.5
2020-08-07 19:00:00,176.34375
2020-08-07 20:00:00,176.34375
2020-08-07 21:00:00,176.34375
2020-08-10 14:30:00,176.53125
2020-08-10 15:00:00,176.3125
2020-08-10 16:00:00,176.03125
2020-08-10 17:00:00,176.125
2020-08-10 18:00:00,176.03125
2020-08-10 19:00:00,176.0625
2020-08-10 20:00:00,175.9375
2020-08-10 21:00:00,175.90625
2020-08-11 14:30:00,174.25
2020-08-11 15:00:00,174.1875
2020-08-11 16:00:00,174.0625
2020-08-11 17:00:00,174.125
2020-08-11 18:00:00,174.0
2020-08-11 19:00:00,173.90625
2020-08-11 20:00:00,174.6875
2020-08-11 21:00:00,174.34375
2020-08-12 14:30:00,173.5
2020-08-12 15:00:00,173.25
2020-08-12 16:00:00,173.28125
2020-08-12 17:00:00,173.59375
2020-08-12 18:00:00,173.78125
2020-08-12 19:00:00,173.5625
2020-08-12 20:00:00,173.6875
2020-08-12 21:00:00,173.4375
2020-08-13 14:30:00,173.34375
2020-08-13 15:00:00,173.46875
2020-08-13 16:00:00,173.625
2020-08-13 17:00:00,173.375
2020-08-13 18:00:00,172.53125
2020-08-13 19:00:00,172.5625
2020-08-13 20:00:00,172.6875
2020-08-13 21:00:00,172.5
2020-08-14 14:30:00,172.9375
2020-08-14 15:00:00,172.875
2020-08-14 16:00:00,173.0625
2020-08-14 17:00:00,172.9375
2020-08-14 18:00:00,172.78125
2020-08-14 19:00:00,172.65625
2020-08-14 20:00:00,172.5625
2020-08-14 21:00:00,172.53125
2020-08-17 14:30:00,172.9375
2020-08-17 15:00:00,173.21875
2020-08-17 16:00:00,173.375
2020-08-17 17:00:00,173.34375
2020-08-17 18:00:00,173.3125
2020-08-17 19:00:00,173.125
2020-08-17 20:00:00,173.03125
2020-08-17 21:00:00,173.0
2020-08-18 14:30:00,173.3125
2020-08-18 15:00:00,173.5
2020-08-18 16:00:00,173.65625
2020-08-18 17:00:00,173.8125
2020-08-18 18:00:00,173.71875
2020-08-18 19:00:00,173.5625
2020-08-18 20:00:00,173.6875
2020-08-18 21:00:00,173.5625
2020-08-19 14:30:00,173.8125
2020-08-19 15:00:00,173.8125
2020-08-19 16:00:00,173.625
2020-08-19 17:00:00,173.59375
2020-08-19 18:00:00,173.53125
2020-08-19 19:00:00,173.21875
2020-08-19 20:00:00,173.09375
2020-08-19 21:00:00,173.03125
2020-08-20 14:30:00,174.1875
2020-08-20 15:00:00,174.0
2020-08-20 16:00:00,174.125
2020-08-20 17:00:00,174.1875
2020-08-20 18:00:00,173.96875
2020-08-20 19:00:00,174.125
2020-08-20 20:00:00,174.0625
2020-08-20 21:00:00,173.90625
2020-08-20 23:00:00,174.125
2020-08-21 14:30:00,173.90625
2020-08-21 15:00:00,174.34375
2020-08-21 16:00:00,174.46875
2020-08-21 17:00:00,174.46875
2020-08-21 18:00:00,174.40625
2020-08-21 19:00:00,174.375
2020-08-21 20:00:00,174.46875
2020-08-21 21:00:00,174.46875
2020-08-24 14:30:00,174.75
2020-08-24 15:00:00,174.59375
2020-08-24 16:00:00,174.15625
2020-08-24 17:00:00,174.125
2020-08-24 18:00:00,174.1875
2020-08-24 19:00:00,174.21875
2020-08-24 20:00:00,174.0
2020-08-24 21:00:00,174.03125
2020-08-25 14:30:00,172.75
2020-08-25 15:00:00,172.40625
2020-08-25 16:00:00,172.875
2020-08-25 17:00:00,173.1875
2020-08-25 18:00:00,173.1875
2020-08-25 19:00:00,173.3125
2020-08-25 20:00:00,173.1875
2020-08-25 21:00:00,173.1875
2020-08-26 14:30:00,172.5625
2020-08-26 15:00:00,172.25
2020-08-26 16:00:00,172.375
2020-08-26 17:00:00,172.34375
2020-08-26 18:00:00,172.9375
2020-08-26 19:00:00,172.9375
2020-08-26 20:00:00,172.8125
2020-08-26 21:00:00,172.78125
2020-08-27 14:30:00,172.125
2020-08-27 15:00:00,171.25
2020-08-27 16:00:00,171.40625
2020-08-27 17:00:00,171.21875
2020-08-27 18:00:00,171.34375
2020-08-27 19:00:00,171.15625
2020-08-27 20:00:00,171.1875
2020-08-27 21:00:00,171.1875
2020-08-28 14:30:00,171.5625
2020-08-28 15:00:00,171.46875
2020-08-28 16:00:00,171.5625
2020-08-28 17:00:00,171.25
2020-08-28 18:00:00,170.96875
2020-08-28 19:00:00,171.21875
2020-08-28 20:00:00,171.15625
2020-08-28 21:00:00,171.1875
2020-08-31 14:30:00,171.4375
2020-08-31 15:00:00,171.5625
2020-08-31 16:00:00,171.84375
2020-08-31 17:00:00,172.0625
2020-08-31 18:00:00,172.15625
2020-08-31 19:00:00,172.21875
2020-08-31 20:00:00,171.625
2020-08-31 21:00:00,171.59375
2020-09-01 14:30:00,171.5625
2020-09-01 15:00:00,171.6875
2020-09-01 16:00:00,172.15625
2020-09-01 17:00:00,172.0
2020-09-01 18:00:00,172.53125
2020-09-01 19:00:00,172.8125
2020-09-01 20:00:00,172.8125
2020-09-01 21:00:00,172.75
2020-09-01 23:00:00,172.75
2020-09-02 14:30:00,173.0625
2020-09-02 15:00:00,173.28125
2020-09-02 16:00:00,173.625
2020-09-02 17:00:00,173.53125
2020-09-02 18:00:00,173.65625
2020-09-02 19:00:00,173.65625
2020-09-02 20:00:00,173.65625
2020-09-02 21:00:00,173.625
2020-09-03 14:30:00,173.90625
2020-09-03 15:00:00,174.34375
2020-09-03 16:00:00,174.15625
2020-09-03 17:00:00,174.4375
2020-09-03 18:00:00,174.375
2020-09-03 19:00:00,174.34375
2020-09-03 20:00:00,173.9375
2020-09-03 21:00:00,173.90625
2020-09-04 14:30:00,172.96875
2020-09-04 15:00:00,172.96875
2020-09-04 16:00:00,172.625
2020-09-04 17:00:00,172.375
2020-09-04 18:00:00,172.125
2020-09-04 19:00:00,171.78125
2020-09-04 20:00:00,172.03125
2020-09-04 21:00:00,172.0
2020-09-04 23:00:00,171.8125
2020-09-08 14:30:00,173.28125
2020-09-08 15:00:00,173.1875
2020-09-08 16:00:00,172.875
2020-09-08 17:00:00,172.875
2020-09-08 18:00:00,172.71875
2020-09-08 19:00:00,172.6875
2020-09-08 20:00:00,172.59375
2020-09-08 21:00:00,172.625
2020-09-09 14:30:00,172.6875
2020-09-09 15:00:00,172.40625
2020-09-09 16:00:00,172.40625
2020-09-09 17:00:00,172.34375
2020-09-09 18:00:00,172.21875
2020-09-09 19:00:00,172.125
2020-09-09 20:00:00,172.375
2020-09-09 21:00:00,172.3125
2020-09-09 23:00:00,172.3125
2020-09-10 14:30:00,171.875
2020-09-10 15:00:00,171.8125
2020-09-10 16:00:00,171.75
2020-09-10 17:00:00,171.96875
2020-09-10 18:00:00,172.5
2020-09-10 19:00:00,172.65625
2020-09-10 20:00:00,172.78125
2020-09-10 21:00:00,172.8125
2020-09-10 23:00:00,172.6875
2020-09-11 14:30:00,172.96875
2020-09-11 15:00:00,173.0
2020-09-11 16:00:00,172.96875
2020-09-11 17:00:00,172.96875
2020-09-11 18:00:00,173.03125
2020-09-11 19:00:00,173.03125
2020-09-11 20:00:00,173.03125
2020-09-11 21:00:00,173.0625
2020-09-11 23:00:00,173.0625
2020-09-14 14:30:00,173.21875
2020-09-14 15:00:00,173.28125
2020-09-14 16:00:00,173.1875
2020-09-14 17:00:00,173.1875
2020-09-14 18:00:00,173.15625
2020-09-14 19:00:00,173.125
2020-09-14 20:00:00,173.0
2020-09-14 21:00:00,172.9375
2020-09-15 14:30:00,172.875
2020-09-15 15:00:00,172.90625
2020-09-15 16:00:00,172.71875
2020-09-15 17:00:00,172.8125
2020-09-15 18:00:00,172.90625
2020-09-15 19:00:00,172.96875
2020-09-15 20:00:00,172.90625
2020-09-15 21:00:00,172.90625
2020-09-16 14:30:00,173.3125
2020-09-16 15:00:00,173.1875
2020-09-16 16:00:00,173.28125
2020-09-16 17:00:00,173.3125
2020-09-16 18:00:00,173.28125
2020-09-16 19:00:00,172.71875
2020-09-16 20:00:00,172.75
2020-09-16 21:00:00,172.625
2020-09-17 14:30:00,173.25
2020-09-17 15:00:00,173.46875
2020-09-17 16:00:00,172.90625
2020-09-17 17:00:00,172.90625
2020-09-17 18:00:00,172.8125
2020-09-17 19:00:00,172.9375
2020-09-17 20:00:00,172.90625
2020-09-17 21:00:00,172.84375
2020-09-18 14:30:00,172.9375
2020-09-18 15:00:00,172.625
2020-09-18 16:00:00,172.5625
2020-09-18 17:00:00,172.625
2020-09-18 18:00:00,172.625
2020-09-18 19:00:00,172.46875
2020-09-18 20:00:00,172.46875
2020-09-18 21:00:00,172.46875
2020-09-18 23:00:00,172.46875
2020-09-21 14:30:00,173.4375
2020-09-21 15:00:00,173.34375
2020-09-21 16:00:00,173.3125
2020-09-21 17:00:00,173.0625
2020-09-21 18:00:00,173.09375
2020-09-21 19:00:00,172.96875
2020-09-21 20:00:00,172.96875
2020-09-21 21:00:00,172.9375
2020-09-22 14:30:00,173.1875
2020-09-22 15:00:00,173.125
2020-09-22 16:00:00,172.78125
2020-09-22 17:00:00,173.0
2020-09-22 18:00:00,172.96875
2020-09-22 19:00:00,173.125
2020-09-22 20:00:00,172.875
2020-09-22 21:00:00,172.90625
2020-09-23 14:30:00,172.90625
2020-09-23 15:00:00,172.5
2020-09-23 16:00:00,172.75
2020-09-23 17:00:00,172.59375
2020-09-23 18:00:00,172.8125
2020-09-23 19:00:00,172.90625
2020-09-23 20:00:00,173.0625
2020-09-23 21:00:00,172.96875
2020-09-23 23:00:00,172.96875
2020-09-24 14:30:00,173.28125
2020-09-24 15:00:00,173.1875
2020-09-24 16:00:00,173.125
2020-09-24 17:00:00,173.28125
2020-09-24 18:00:00,173.25
2020-09-24 19:00:00,173.40625
2020-09-24 20:00:00,173.40625
2020-09-24 21:00:00,173.40625
2020-09-25 14:30:00,173.59375
2020-09-25 15:00:00,173.5
2020-09-25 16:00:00,173.6875
2020-09-25 17:00:00,173.53125
2020-09-25 18:00:00,173.46875
2020-09-25 19:00:00,173.46875
2020-09-25 20:00:00,173.59375
2020-09-25 21:00:00,173.59375
2020-09-25 23:00:00,173.59375
2020-09-28 14:30:00,173.46875
2020-09-28 15:00:00,173.46875
2020-09-28 16:00:00,173.40625
2020-09-28 17:00:00,173.25
2020-09-28 18:00:00,173.25
2020-09-28 19:00:00,173.28125
2020-09-28 20:00:00,173.375
2020-09-28 21:00:00,173.375
2020-09-29 14:30:00,173.65625
2020-09-29 15:00:00,173.6875
2020-09-29 16:00:00,173.75
2020-09-29 17:00:00,173.6875
2020-09-29 18:00:00,173.625
2020-09-29 19:00:00,173.65625
2020-09-29 20:00:00,173.53125
2020-09-29 21:00:00,173.5
2020-09-30 14:30:00,172.75
2020-09-30 15:00:00,172.5
2020-09-30 16:00:00,172.25
2020-09-30 17:00:00,172.28125
2020-09-30 18:00:00,172.3125
2020-09-30 19:00:00,172.71875
2020-09-30 20:00:00,172.59375
2020-09-30 21:00:00,172.625
2020-09-30 23:00:00,172.71875
2020-10-01 14:30:00,172.03125
2020-10-01 15:00:00,172.5625
2020-10-01 16:00:00,172.71875
2020-10-01 17:00:00,172.53125
2020-10-01 18:00:00,172.625
2020-10-01 19:00:00,172.78125
2020-10-01 20:00:00,172.78125
2020-10-01 21:00:00,172.75
2020-10-02 14:30:00,172.3125
2020-10-02 15:00:00,172.375
2020-10-02 16:00:00,172.46875
2020-10-02 17:00:00,172.125
2020-10-02 18:00:00,172.28125
2020-10-02 19:00:00,172.3125
2020-10-02 20:00:00,172.375
2020-10-02 21:00:00,172.40625
2020-10-02 22:00:00,172.15625
2020-10-05 15:30:00,171.15625
2020-10-05 16:00:00,170.90625
2020-10-05 17:00:00,170.71875
2020-10-05 18:00:00,170.90625
2020-10-05 19:00:00,170.9375
2020-10-05 20:00:00,170.625
2020-10-05 21:00:00,170.375
2020-10-05 22:00:00,170.1875
2020-10-06 15:30:00,170.375
2020-10-06 16:00:00,169.90625
2020-10-06 17:00:00,170.1875
2020-10-06 18:00:00,170.1875
2020-10-06 19:00:00,170.21875
2020-10-06 20:00:00,171.15625
2020-10-06 21:00:00,170.9375
2020-10-06 22:00:00,171.25
2020-10-07 15:30:00,170.21875
2020-10-07 16:00:00,170.34375
2020-10-07 17:00:00,170.5
2020-10-07 18:00:00,170.65625
2020-10-07 19:00:00,170.28125
2020-10-07 20:00:00,170.0625
2020-10-07 21:00:00,170.03125
2020-10-07 22:00:00,170.0
2020-10-07 23:00:00,170.0
2020-10-08 15:30:00,170.40625
2020-10-08 16:00:00,170.34375
2020-10-08 17:00:00,170.59375
2020-10-08 18:00:00,170.5625
2020-10-08 19:00:00,170.6875
2020-10-08 20:00:00,170.65625
2020-10-08 21:00:00,170.65625
2020-10-08 22:00:00,170.09375
2020-10-09 15:30:00,170.5625
2020-10-09 16:00:00,170.6875
2020-10-09 17:00:00,170.09375
2020-10-09 18:00:00,170.09375
2020-10-09 19:00:00,170.25
2020-10-09 20:00:00,170.5
2020-10-09 21:00:00,170.53125
2020-10-09 22:00:00,170.5
2020-10-09 23:00:00,170.5
2020-10-12 15:30:00,170.75
2020-10-12 16:00:00,170.6875
2020-10-12 17:00:00,170.625
2020-10-12 18:00:00,170.59375
2020-10-12 19:00:00,170.625
2020-10-12 20:00:00,170.78125
2020-10-12 21:00:00,170.8125
2020-10-12 22:00:00,170.84375
2020-10-13 15:30:00,171.5
2020-10-13 16:00:00,171.34375
2020-10-13 17:00:00,171.4375
2020-10-13 18:00:00,171.5
2020-10-13 19:00:00,171.625
2020-10-13 20:00:00,171.625
2020-10-13 21:00:00,171.59375
2020-10-13 22:00:00,171.59375
2020-10-14 15:30:00,171.71875
2020-10-14 16:00:00,171.84375
2020-10-14 17:00:00,172.0625
2020-10-14 18:00:00,171.875
2020-10-14 19:00:00,171.8125
2020-10-14 20:00:00,171.8125
2020-10-14 21:00:00,171.78125
2020-10-14 22:00:00,171.71875
2020-10-15 15:30:00,172.03125
2020-10-15 16:00:00,172.25
2020-10-15 17:00:00,172.03125
2020-10-15 18:00:00,171.90625
2020-10-15 19:00:00,171.78125
2020-10-15 20:00:00,171.625
2020-10-15 21:00:00,171.65625
2020-10-15 22:00:00,171.59375
2020-10-16 15:30:00,171.71875
2020-10-16 16:00:00,171.34375
2020-10-16 17:00:00,171.28125
2020-10-16 18:00:00,171.4375
2020-10-16 19:00:00,171.4375
2020-10-16 20:00:00,171.34375
2020-10-16 21:00:00,171.34375
2020-10-16 22:00:00,171.28125
2020-10-19 15:30:00,170.625
2020-10-19 16:00:00,170.5625
2020-10-19 17:00:00,170.84375
2020-10-19 18:00:00,170.96875
2020-10-19 19:00:00,170.875
2020-10-19 20:00:00,170.9375
2020-10-19 21:00:00,170.90625
2020-10-19 22:00:00,170.6875
2020-10-20 15:30:00,169.9375
2020-10-20 16:00:00,170.28125
2020-10-20 17:00:00,170.4375
2020-10-20 18:00:00,170.15625
2020-10-20 19:00:00,170.09375
2020-10-20 20:00:00,169.9375
2020-10-20 21:00:00,170.03125
2020-10-20 22:00:00,170.1875
2020-10-21 15:30:00,169.4375
2020-10-21 16:00:00,169.78125
2020-10-21 17:00:00,169.8125
2020-10-21 18:00:00,169.8125
2020-10-21 19:00:00,169.875
2020-10-21 20:00:00,169.5
2020-10-21 21:00:00,169.65625
2020-10-21 22:00:00,169.28125
2020-10-22 15:30:00,169.28125
2020-10-22 16:00:00,169.03125
2020-10-22 17:00:00,168.875
2020-10-22 18:00:00,168.84375
2020-10-22 19:00:00,168.90625
2020-10-22 20:00:00,168.8125
2020-10-22 21:00:00,168.40625
2020-10-22 22:00:00,168.46875
2020-10-23 15:30:00,168.5625
2020-10-23 16:00:00,168.65625
2020-10-23 17:00:00,168.875
2020-10-23 18:00:00,169.1875
2020-10-23 19:00:00,168.9375
2020-10-23 20:00:00,169.03125
2020-10-23 21:00:00,169.09375
2020-10-23 22:00:00,169.0625
2020-10-26 13:30:00,169.875
2020-10-26 14:00:00,169.90625
2020-10-26 15:00:00,170.0625
2020-10-26 16:00:00,170.03125
2020-10-26 17:00:00,170.125
2020-10-26 18:00:00,170.0
2020-10-26 19:00:00,170.0
2020-10-26 20:00:00,169.96875
2020-10-27 13:30:00,170.375
2020-10-27 14:00:00,170.53125
2020-10-27 15:00:00,170.46875
2020-10-27 16:00:00,170.53125
2020-10-27 17:00:00,170.5
2020-10-27 18:00:00,170.53125
2020-10-27 19:00:00,170.625
2020-10-27 20:00:00,170.8125
2020-10-28 13:30:00,171.09375
2020-10-28 14:00:00,170.9375
2020-10-28 15:00:00,170.59375
2020-10-28 16:00:00,170.8125
2020-10-28 17:00:00,170.71875
2020-10-28 18:00:00,170.4375
2020-10-28 19:00:00,170.6875
2020-10-28 20:00:00,170.6875
2020-10-29 13:30:00,170.53125
2020-10-29 14:00:00,169.90625
2020-10-29 15:00:00,169.8125
2020-10-29 16:00:00,169.8125
2020-10-29 17:00:00,169.21875
2020-10-29 18:00:00,169.25
2020-10-29 19:00:00,169.5
2020-10-29 20:00:00,169.625
2020-10-30 13:30:00,169.1875
2020-10-30 14:00:00,169.1875
2020-10-30 15:00:00,169.0
2020-10-30 16:00:00,168.875
2020-10-30 17:00:00,169.0
2020-10-30 18:00:00,168.96875
2020-10-30 19:00:00,168.46875
2020-10-30 20:00:00,168.53125
2020-11-02 14:30:00,169.3125
2020-11-02 15:00:00,169.5625
2020-11-02 16:00:00,169.40625
2020-11-02 17:00:00,169.25
2020-11-02 18:00:00,169.4375
2020-11-02 19:00:00,169.1875
2020-11-02 20:00:00,169.03125
2020-11-02 21:00:00,169.21875
2020-11-02 23:00:00,169.1875
2020-11-03 14:30:00,168.34375
2020-11-03 15:00:00,168.125
2020-11-03 16:00:00,168.21875
2020-11-03 17:00:00,168.375
2020-11-03 18:00:00,168.5625
2020-11-03 19:00:00,168.46875
2020-11-03 20:00:00,168.4375
2020-11-03 21:00:00,168.25
2020-11-04 14:30:00,171.03125
2020-11-04 15:00:00,170.53125
2020-11-04 16:00:00,171.09375
2020-11-04 17:00:00,170.59375
2020-11-04 18:00:00,170.8125
2020-11-04 19:00:00,170.875
2020-11-04 20:00:00,170.84375
2020-11-04 21:00:00,170.90625
2020-11-05 14:30:00,170.75
2020-11-05 15:00:00,170.75
2020-11-05 16:00:00,170.625
2020-11-05 17:00:00,170.625
2020-11-05 18:00:00,170.875
2020-11-05 19:00:00,170.78125
2020-11-05 20:00:00,170.90625
2020-11-05 21:00:00,170.96875
2020-11-06 14:30:00,169.59375
2020-11-06 15:00:00,169.71875
2020-11-06 16:00:00,169.75
2020-11-06 17:00:00,169.71875
2020-11-06 18:00:00,169.8125
2020-11-06 19:00:00,169.75
2020-11-06 20:00:00,169.65625
2020-11-06 21:00:00,169.625
2020-11-09 14:30:00,167.125
2020-11-09 15:00:00,166.875
2020-11-09 16:00:00,166.84375
2020-11-09 17:00:00,166.59375
2020-11-09 18:00:00,166.78125
2020-11-09 19:00:00,166.625
2020-11-09 20:00:00,167.3125
2020-11-09 21:00:00,167.3125
2020-11-10 14:30:00,166.71875
2020-11-10 15:00:00,166.75
2020-11-10 16:00:00,166.84375
2020-11-10 17:00:00,166.9375
2020-11-10 18:00:00,166.65625
2020-11-10 19:00:00,166.40625
2020-11-10 20:00:00,166.65625
2020-11-10 21:00:00,166.65625
2020-11-11 14:30:00,166.625
2020-11-11 15:00:00,166.6875
2020-11-11 16:00:00,166.78125
2020-11-11 17:00:00,166.75
2020-11-11 18:00:00,166.875
2020-11-11 19:00:00,167.125
2020-11-11 20:00:00,167.09375
2020-11-11 21:00:00,166.96875
2020-11-12 14:30:00,167.9375
2020-11-12 15:00:00,167.84375
2020-11-12 16:00:00,168.375
2020-11-12 17:00:00,168.21875
2020-11-12 18:00:00,168.5625
2020-11-12 19:00:00,168.6875
2020-11-12 20:00:00,168.84375
2020-11-12 21:00:00,168.75
2020-11-13 14:30:00,168.59375
2020-11-13 15:00:00,168.65625
2020-11-13 16:00:00,168.78125
2020-11-13 17:00:00,168.625
2020-11-13 18:00:00,168.59375
2020-11-13 19:00:00,168.625
2020-11-13 20:00:00,168.5625
2020-11-13 21:00:00,168.5625
2020-11-16 14:30:00,168.375
2020-11-16 15:00:00,168.375
2020-11-16 16:00:00,168.375
2020-11-16 17:00:00,168.34375
2020-11-16 18:00:00,168.5
2020-11-16 19:00:00,168.34375
2020-11-16 20:00:00,168.28125
2020-11-16 21:00:00,168.28125
2020-11-17 14:30:00,169.1875
2020-11-17 15:00:00,168.90625
2020-11-17 16:00:00,169.0625
2020-11-17 17:00:00,168.96875
2020-11-17 18:00:00,169.0
2020-11-17 19:00:00,169.03125
2020-11-17 20:00:00,169.03125
2020-11-17 21:00:00,169.34375
2020-11-18 14:30:00,169.3125
2020-11-18 15:00:00,169.25
2020-11-18 16:00:00,169.09375
2020-11-18 17:00:00,169.03125
2020-11-18 18:00:00,168.90625
2020-11-18 19:00:00,168.96875
2020-11-18 20:00:00,169.15625
2020-11-18 21:00:00,169.28125
2020-11-19 14:30:00,169.5625
2020-11-19 15:00:00,169.625
2020-11-19 16:00:00,169.75
2020-11-19 17:00:00,169.84375
2020-11-19 18:00:00,169.78125
2020-11-19 19:00:00,169.71875
2020-11-19 20:00:00,169.71875
2020-11-19 21:00:00,170.34375
2020-11-20 14:30:00,170.0
2020-11-20 15:00:00,170.1875
2020-11-20 16:00:00,170.15625
2020-11-20 17:00:00,170.34375
2020-11-20 18:00:00,170.40625
2020-11-20 19:00:00,170.53125
2020-11-20 20:00:00,170.5
2020-11-20 21:00:00,170.59375
2020-11-23 14:30:00,169.96875
2020-11-23 15:00:00,169.75
2020-11-23 16:00:00,170.0
2020-11-23 17:00:00,170.0625
2020-11-23 18:00:00,170.125
2020-11-23 19:00:00,169.90625
2020-11-23 20:00:00,170.03125
2020-11-23 21:00:00,170.0
2020-11-23 23:00:00,169.90625
2020-11-24 14:30:00,169.5625
2020-11-24 15:00:00,169.40625
2020-11-24 16:00:00,169.21875
2020-11-24 17:00:00,169.1875
2020-11-24 18:00:00,169.53125
2020-11-24 19:00:00,169.34375
2020-11-24 20:00:00,169.375
2020-11-24 21:00:00,169.40625
2020-11-24 23:00:00,169.34375
2020-11-24 23:00:01,169.34375
2020-11-25 14:30:00,169.78125
2020-11-25 15:00:00,169.78125
2020-11-25 16:00:00,169.5625
2020-11-25 17:00:00,169.625
2020-11-25 18:00:00,169.53125
2020-11-25 19:00:00,169.28125
2020-11-25 20:00:00,169.21875
2020-11-25 21:00:00,169.1875
2020-11-25 23:00:00,169.25
2020-11-27 14:30:00,170.0
2020-11-27 15:00:00,169.9375
2020-11-27 16:00:00,170.125
2020-11-27 17:00:00,170.28125
2020-11-27 18:00:00,170.28125
2020-11-30 14:30:00,170.0
2020-11-30 15:00:00,170.03125
2020-11-30 16:00:00,169.96875
2020-11-30 17:00:00,170.0625
2020-11-30 18:00:00,170.28125
2020-11-30 19:00:00,170.1875
2020-11-30 20:00:00,169.9375
2020-11-30 21:00:00,170.0
2020-12-01 14:30:00,168.75
2020-12-01 15:00:00,168.28125
2020-12-01 16:00:00,168.375
2020-12-01 17:00:00,168.1875
2020-12-01 18:00:00,167.9375
2020-12-01 19:00:00,167.90625
2020-12-01 20:00:00,168.28125
2020-12-01 21:00:00,168.0625
2020-12-01 23:00:00,168.0625
2020-12-02 14:30:00,167.25
2020-12-02 15:00:00,167.28125
2020-12-02 16:00:00,167.4375
2020-12-02 17:00:00,167.3125
2020-12-02 18:00:00,167.46875
2020-12-02 19:00:00,167.40625
2020-12-02 20:00:00,167.4375
2020-12-02 21:00:00,167.65625
2020-12-03 14:30:00,168.0
2020-12-03 15:00:00,167.8125
2020-12-03 16:00:00,168.375
2020-12-03 17:00:00,168.0
2020-12-03 18:00:00,168.0625
2020-12-03 19:00:00,168.09375
2020-12-03 20:00:00,168.375
2020-12-03 21:00:00,168.375
2020-12-04 14:30:00,166.75
2020-12-04 15:00:00,166.53125
2020-12-04 16:00:00,166.71875
2020-12-04 17:00:00,166.84375
2020-12-04 18:00:00,166.84375
2020-12-04 19:00:00,166.90625
2020-12-04 20:00:00,166.75
2020-12-04 21:00:00,166.75
2020-12-07 14:30:00,167.6875
2020-12-07 15:00:00,167.53125
2020-12-07 16:00:00,167.59375
2020-12-07 17:00:00,167.625
2020-12-07 18:00:00,167.84375
2020-12-07 19:00:00,167.78125
2020-12-07 20:00:00,167.65625
2020-12-07 21:00:00,167.71875
2020-12-07 23:00:00,167.78125
2020-12-08 14:30:00,168.59375
2020-12-08 15:00:00,168.28125
2020-12-08 16:00:00,168.3125
2020-12-08 17:00:00,168.3125
2020-12-08 18:00:00,168.375
2020-12-08 19:00:00,168.34375
2020-12-08 20:00:00,168.1875
2020-12-08 21:00:00,168.125
2020-12-09 14:30:00,167.28125
2020-12-09 15:00:00,167.6875
2020-12-09 16:00:00,167.5
2020-12-09 17:00:00,167.53125
2020-12-09 18:00:00,168.03125
2020-12-09 19:00:00,167.6875
2020-12-09 20:00:00,167.78125
2020-12-09 21:00:00,167.8125
2020-12-09 23:00:00,167.71875
2020-12-10 14:30:00,168.125
2020-12-10 15:00:00,167.90625
2020-12-10 16:00:00,168.0625
2020-12-10 17:00:00,167.84375
2020-12-10 18:00:00,168.28125
2020-12-10 19:00:00,168.71875
2020-12-10 20:00:00,168.6875
2020-12-10 21:00:00,168.8125
2020-12-10 23:00:00,168.8125
2020-12-11 14:30:00,169.3125
2020-12-11 15:00:00,169.46875
2020-12-11 16:00:00,169.3125
2020-12-11 17:00:00,169.0
2020-12-11 18:00:00,168.90625
2020-12-11 19:00:00,168.9375
2020-12-11 20:00:00,169.0625
2020-12-11 21:00:00,168.96875
2020-12-14 14:30:00,168.21875
2020-12-14 15:00:00,168.65625
2020-12-14 16:00:00,168.78125
2020-12-14 17:00:00,168.84375
2020-12-14 18:00:00,168.78125
2020-12-14 19:00:00,168.9375
2020-12-14 20:00:00,168.8125
2020-12-14 21:00:00,168.84375
2020-12-15 14:30:00,168.59375
2020-12-15 15:00:00,168.75
2020-12-15 16:00:00,168.6875
2020-12-15 17:00:00,168.5
2020-12-15 18:00:00,168.25
2020-12-15 19:00:00,168.1875
2020-12-15 20:00:00,168.46875
2020-12-15 21:00:00,168.5
2020-12-16 14:30:00,167.9375
2020-12-16 15:00:00,168.34375
2020-12-16 16:00:00,168.21875
2020-12-16 17:00:00,168.21875
2020-12-16 18:00:00,168.34375
2020-12-16 19:00:00,168.21875
2020-12-16 20:00:00,168.125
2020-12-16 21:00:00,168.1875
2020-12-17 14:30:00,168.71875
2020-12-17 15:00:00,168.625
2020-12-17 16:00:00,167.65625
2020-12-17 17:00:00,167.6875
2020-12-17 18:00:00,167.71875
2020-12-17 19:00:00,167.90625
2020-12-17 20:00:00,167.78125
2020-12-17 21:00:00,167.8125
2020-12-18 14:30:00,168.125
2020-12-18 15:00:00,167.875
2020-12-18 16:00:00,167.65625
2020-12-18 17:00:00,167.65625
2020-12-18 18:00:00,167.5625
2020-12-18 19:00:00,167.40625
2020-12-18 20:00:00,167.46875
2020-12-18 21:00:00,167.40625
2020-12-21 14:30:00,167.84375
2020-12-21 15:00:00,167.71875
2020-12-21 16:00:00,167.6875
2020-12-21 17:00:00,167.6875
2020-12-21 18:00:00,167.75
2020-12-21 19:00:00,167.65625
2020-12-21 20:00:00,167.8125
2020-12-21 21:00:00,167.90625
2020-12-22 14:30:00,168.09375
2020-12-22 15:00:00,168.0
2020-12-22 16:00:00,168.125
2020-12-22 17:00:00,168.21875
2020-12-22 18:00:00,168.21875
2020-12-22 19:00:00,168.28125
2020-12-22 20:00:00,168.28125
2020-12-22 21:00:00,168.1875
2020-12-23 14:30:00,167.125
2020-12-23 15:00:00,166.96875
2020-12-23 16:00:00,167.34375
2020-12-23 17:00:00,167.28125
2020-12-23 18:00:00,167.21875
2020-12-23 19:00:00,167.3125
2020-12-23 20:00:00,167.5625
2020-12-23 21:00:00,167.59375
2020-12-24 14:30:00,167.84375
2020-12-24 15:00:00,167.875
2020-12-24 16:00:00,167.90625
2020-12-24 17:00:00,168.03125
2020-12-24 18:00:00,168.09375
2020-12-24 23:00:00,168.0
2020-12-28 14:30:00,167.28125
2020-12-28 15:00:00,167.40625
2020-12-28 16:00:00,167.4375
2020-12-28 17:00:00,167.59375
2020-12-28 18:00:00,167.9375
2020-12-28 19:00:00,167.96875
2020-12-28 20:00:00,168.0625
2020-12-28 21:00:00,168.125
2020-12-28 23:00:00,168.125
2020-12-29 14:30:00,167.71875
2020-12-29 15:00:00,167.875
2020-12-29 16:00:00,167.71875
2020-12-29 17:00:00,167.9375
2020-12-29 18:00:00,167.875
2020-12-29 19:00:00,167.90625
2020-12-29 20:00:00,167.96875
2020-12-29 21:00:00,167.96875
2020-12-30 14:30:00,167.78125
2020-12-30 15:00:00,167.8125
2020-12-30 16:00:00,167.84375
2020-12-30 17:00:00,167.96875
2020-12-30 18:00:00,168.09375
2020-12-30 19:00:00,168.125
2020-12-30 20:00:00,168.125
2020-12-30 21:00:00,168.125
2020-12-31 14:30:00,168.21875
2020-12-31 15:00:00,168.34375
2020-12-31 16:00:00,168.34375
2020-12-31 17:00:00,168.46875
2020-12-31 18:00:00,168.3125
2020-12-31 19:00:00,168.25
2020-12-31 20:00:00,168.1875
2020-12-31 21:00:00,168.1875
2020-12-31 23:00:00,168.4375
2021-01-04 14:30:00,167.90625
2021-01-04 15:00:00,168.21875
2021-01-04 16:00:00,168.4375
2021-01-04 17:00:00,168.4375
2021-01-04 18:00:00,168.34375
2021-01-04 19:00:00,168.3125
2021-01-04 20:00:00,168.28125
2021-01-04 21:00:00,168.25
2021-01-05 14:30:00,167.59375
2021-01-05 15:00:00,167.40625
2021-01-05 16:00:00,167.21875
2021-01-05 17:00:00,167.125
2021-01-05 18:00:00,167.09375
2021-01-05 19:00:00,167.25
2021-01-05 20:00:00,167.4375
2021-01-05 21:00:00,167.40625
2021-01-06 14:30:00,164.9375
2021-01-06 15:00:00,164.84375
2021-01-06 16:00:00,164.9375
2021-01-06 17:00:00,164.875
2021-01-06 18:00:00,164.9375
2021-01-06 19:00:00,164.9375
2021-01-06 20:00:00,165.25
2021-01-06 21:00:00,165.1875
2021-01-07 14:30:00,164.40625
2021-01-07 15:00:00,164.03125
2021-01-07 16:00:00,164.25
2021-01-07 17:00:00,164.25
2021-01-07 18:00:00,164.34375
2021-01-07 19:00:00,164.4375
2021-01-07 20:00:00,164.3125
2021-01-07 21:00:00,164.25
2021-01-08 14:30:00,164.0625
2021-01-08 15:00:00,163.9375
2021-01-08 16:00:00,163.6875
2021-01-08 17:00:00,163.71875
2021-01-08 18:00:00,164.125
2021-01-08 19:00:00,164.0
2021-01-08 20:00:00,163.90625
2021-01-08 21:00:00,163.8125
2021-01-11 14:30:00,163.4375
2021-01-11 15:00:00,163.59375
2021-01-11 16:00:00,163.46875
2021-01-11 17:00:00,163.46875
2021-01-11 18:00:00,163.53125
2021-01-11 19:00:00,163.5625
2021-01-11 20:00:00,163.53125
2021-01-11 21:00:00,163.46875
2021-01-12 14:30:00,163.09375
2021-01-12 15:00:00,162.625
2021-01-12 16:00:00,162.6875
2021-01-12 17:00:00,162.8125
2021-01-12 18:00:00,163.28125
2021-01-12 19:00:00,163.40625
2021-01-12 20:00:00,163.46875
2021-01-12 21:00:00,163.4375
2021-01-13 14:30:00,164.09375
2021-01-13 15:00:00,164.28125
2021-01-13 16:00:00,164.21875
2021-01-13 17:00:00,164.40625
2021-01-13 18:00:00,164.5
2021-01-13 19:00:00,164.65625
2021-01-13 20:00:00,164.53125
2021-01-13 21:00:00,164.4375
2021-01-14 14:30:00,164.1875
2021-01-14 15:00:00,164.3125
2021-01-14 16:00:00,164.25
2021-01-14 17:00:00,164.34375
2021-01-14 18:00:00,163.625
2021-01-14 19:00:00,163.5
2021-01-14 20:00:00,163.5625
2021-01-14 21:00:00,163.5625
2021-01-15 14:30:00,163.875
2021-01-15 15:00:00,164.28125
2021-01-15 16:00:00,164.3125
2021-01-15 17:00:00,164.34375
2021-01-15 18:00:00,164.1875
2021-01-15 19:00:00,164.0625
2021-01-15 20:00:00,164.0625
2021-01-15 21:00:00,164.1875
2021-01-15 23:00:00,164.0625
2021-01-19 14:30:00,163.75
2021-01-19 15:00:00,164.0625
2021-01-19 16:00:00,164.125
2021-01-19 17:00:00,164.0625
2021-01-19 18:00:00,164.25
2021-01-19 19:00:00,164.25
2021-01-19 20:00:00,164.28125
2021-01-19 21:00:00,164.28125
2021-01-20 14:30:00,163.96875
2021-01-20 15:00:00,164.15625
2021-01-20 16:00:00,164.09375
2021-01-20 17:00:00,164.21875
2021-01-20 18:00:00,164.21875
2021-01-20 19:00:00,164.25
2021-01-20 20:00:00,164.4375
2021-01-20 21:00:00,164.46875
2021-01-21 14:30:00,163.6875
2021-01-21 15:00:00,163.9375
2021-01-21 16:00:00,163.84375
2021-01-21 17:00:00,163.84375
2021-01-21 18:00:00,163.71875
2021-01-21 19:00:00,163.71875
2021-01-21 20:00:00,163.8125
2021-01-21 21:00:00,163.78125
2021-01-22 14:30:00,164.0
2021-01-22 15:00:00,164.09375
2021-01-22 16:00:00,164.1875
2021-01-22 17:00:00,164.125
2021-01-22 18:00:00,164.125
2021-01-22 19:00:00,164.15625
2021-01-22 20:00:00,164.25
2021-01-22 21:00:00,164.25
2021-01-25 14:30:00,164.9375
2021-01-25 15:00:00,165.28125
2021-01-25 16:00:00,165.21875
2021-01-25 17:00:00,165.15625
2021-01-25 18:00:00,165.3125
2021-01-25 19:00:00,165.21875
2021-01-25 20:00:00,165.3125
2021-01-25 21:00:00,165.4375
2021-01-26 14:30:00,165.28125
2021-01-26 15:00:00,165.1875
2021-01-26 16:00:00,165.3125
2021-01-26 17:00:00,165.09375
2021-01-26 18:00:00,165.15625
2021-01-26 19:00:00,165.15625
2021-01-26 20:00:00,165.1875
2021-01-26 21:00:00,165.25
2021-01-27 14:30:00,165.78125
2021-01-27 15:00:00,165.59375
2021-01-27 16:00:00,165.71875
2021-01-27 17:00:00,165.5625
2021-01-27 18:00:00,165.6875
2021-01-27 19:00:00,165.6875
2021-01-27 20:00:00,165.53125
2021-01-27 21:00:00,165.71875
2021-01-28 14:30:00,165.09375
2021-01-28 15:00:00,165.03125
2021-01-28 16:00:00,164.875
2021-01-28 17:00:00,164.75
2021-01-28 18:00:00,164.5625
2021-01-28 19:00:00,164.8125
2021-01-28 20:00:00,164.78125
2021-01-28 21:00:00,164.96875
2021-01-29 14:30:00,164.09375
2021-01-29 15:00:00,164.0
2021-01-29 16:00:00,164.3125
2021-01-29 17:00:00,164.40625
2021-01-29 18:00:00,164.21875
2021-01-29 19:00:00,163.90625
2021-01-29 20:00:00,164.125
2021-01-29 21:00:00,164.46875
2021-02-01 14:30:00,164.21875
2021-02-01 15:00:00,164.34375
2021-02-01 16:00:00,164.53125
2021-02-01 17:00:00,164.5
2021-02-01 18:00:00,164.40625
2021-02-01 19:00:00,164.28125
2021-02-01 20:00:00,164.5
2021-02-01 21:00:00,164.125
2021-02-02 14:30:00,163.5625
2021-02-02 15:00:00,163.5625
2021-02-02 16:00:00,163.6875
2021-02-02 17:00:00,163.65625
2021-02-02 18:00:00,163.75
2021-02-02 19:00:00,163.6875
2021-02-02 20:00:00,163.6875
2021-02-02 21:00:00,163.8125
2021-02-03 14:30:00,163.25
2021-02-03 15:00:00,163.15625
2021-02-03 16:00:00,163.09375
2021-02-03 17:00:00,163.09375
2021-02-03 18:00:00,163.1875
2021-02-03 19:00:00,163.09375
2021-02-03 20:00:00,163.03125
2021-02-03 21:00:00,162.875
2021-02-04 14:30:00,162.4375
2021-02-04 15:00:00,162.6875
2021-02-04 16:00:00,162.71875
2021-02-04 17:00:00,162.6875
2021-02-04 18:00:00,162.75
2021-02-04 19:00:00,162.75
2021-02-04 20:00:00,162.71875
2021-02-04 21:00:00,162.65625
2021-02-05 14:30:00,162.75
2021-02-05 15:00:00,162.4375
2021-02-05 16:00:00,162.625
2021-02-05 17:00:00,162.28125
2021-02-05 18:00:00,162.28125
2021-02-05 19:00:00,162.0
2021-02-05 20:00:00,161.90625
2021-02-05 21:00:00,162.0625
2021-02-08 14:30:00,161.8125
2021-02-08 15:00:00,162.1875
2021-02-08 16:00:00,162.5625
2021-02-08 17:00:00,162.4375
2021-02-08 18:00:00,162.46875
2021-02-08 19:00:00,162.375
2021-02-08 20:00:00,162.15625
2021-02-08 21:00:00,162.15625
2021-02-09 14:30:00,162.6875
2021-02-09 15:00:00,162.6875
2021-02-09 16:00:00,162.6875
2021-02-09 17:00:00,162.59375
2021-02-09 18:00:00,162.40625
2021-02-09 19:00:00,162.375
2021-02-09 20:00:00,162.25
2021-02-09 21:00:00,162.3125
2021-02-10 14:30:00,162.71875
2021-02-10 15:00:00,162.625
2021-02-10 16:00:00,162.53125
2021-02-10 17:00:00,162.625
2021-02-10 18:00:00,162.6875
2021-02-10 19:00:00,162.8125
2021-02-10 20:00:00,162.90625
2021-02-10 21:00:00,163.0
2021-02-11 14:30:00,162.9375
2021-02-11 15:00:00,162.84375
2021-02-11 16:00:00,162.6875
2021-02-11 17:00:00,162.8125
2021-02-11 18:00:00,162.375
2021-02-11 19:00:00,162.53125
2021-02-11 20:00:00,162.5
2021-02-11 21:00:00,162.46875
2021-02-12 14:30:00,161.5
2021-02-12 15:00:00,161.71875
2021-02-12 16:00:00,161.6875
2021-02-12 17:00:00,161.46875
2021-02-12 18:00:00,161.4375
2021-02-12 19:00:00,161.375
2021-02-12 20:00:00,161.3125
2021-02-12 21:00:00,161.28125
2021-02-12 23:00:00,161.40625
2021-02-16 14:30:00,159.90625
2021-02-16 15:00:00,159.75
2021-02-16 16:00:00,159.46875
2021-02-16 17:00:00,159.53125
2021-02-16 18:00:00,159.53125
2021-02-16 19:00:00,159.34375
2021-02-16 20:00:00,159.4375
2021-02-16 21:00:00,159.34375
2021-02-17 14:30:00,160.03125
2021-02-17 15:00:00,159.9375
2021-02-17 16:00:00,160.0625
2021-02-17 17:00:00,160.0
2021-02-17 18:00:00,159.65625
2021-02-17 19:00:00,159.625
2021-02-17 20:00:00,159.9375
2021-02-17 21:00:00,159.90625
2021-02-18 14:30:00,159.125
2021-02-18 15:00:00,159.78125
2021-02-18 16:00:00,159.8125
2021-02-18 17:00:00,159.71875
2021-02-18 18:00:00,159.8125
2021-02-18 19:00:00,159.75
2021-02-18 20:00:00,159.78125
2021-02-18 21:00:00,159.71875
2021-02-19 14:30:00,158.9375
2021-02-19 15:00:00,158.8125
2021-02-19 16:00:00,158.59375
2021-02-19 17:00:00,158.4375
2021-02-19 18:00:00,158.34375
2021-02-19 19:00:00,158.34375
2021-02-19 20:00:00,158.375
2021-02-19 21:00:00,158.4375
2021-02-22 14:30:00,158.46875
2021-02-22 15:00:00,158.40625
2021-02-22 16:00:00,158.21875
2021-02-22 17:00:00,157.875
2021-02-22 18:00:00,157.71875
2021-02-22 19:00:00,157.65625
2021-02-22 20:00:00,157.65625
2021-02-22 21:00:00,157.6875
2021-02-22 23:00:00,157.625
2021-02-22 23:00:01,157.625
2021-02-23 14:30:00,157.5
2021-02-23 15:00:00,157.75
2021-02-23 16:00:00,157.625
2021-02-23 17:00:00,157.53125
2021-02-23 18:00:00,157.5
2021-02-23 19:00:00,157.4375
2021-02-23 20:00:00,157.46875
2021-02-23 21:00:00,157.59375
2021-02-23 23:00:00,157.59375
2021-02-24 14:30:00,155.9375
2021-02-24 15:00:00,156.625
2021-02-24 16:00:00,156.90625
2021-02-24 17:00:00,157.0625
2021-02-24 18:00:00,156.84375
2021-02-24 19:00:00,156.84375
2021-02-24 20:00:00,157.03125
2021-02-24 21:00:00,157.125
2021-02-25 14:30:00,155.6875
2021-02-25 15:00:00,155.40625
2021-02-25 16:00:00,155.59375
2021-02-25 17:00:00,155.0
2021-02-25 18:00:00,155.53125
2021-02-25 19:00:00,155.0
2021-02-25 20:00:00,154.9375
2021-02-25 21:00:00,154.9375
2021-02-25 23:00:00,155.03125
2021-02-26 14:30:00,155.4375
2021-02-26 15:00:00,155.625
2021-02-26 16:00:00,155.4375
2021-02-26 17:00:00,156.0625
2021-02-26 18:00:00,156.0
2021-02-26 19:00:00,156.09375
2021-02-26 20:00:00,157.8125
2021-02-26 21:00:00,157.09375
2021-02-26 23:00:00,156.03125
2021-03-01 14:30:00,156.28125
2021-03-01 15:00:00,155.96875
2021-03-01 16:00:00,155.96875
2021-03-01 17:00:00,156.0
2021-03-01 18:00:00,155.96875
2021-03-01 19:00:00,156.0
2021-03-01 20:00:00,156.375
2021-03-01 21:00:00,156.28125
2021-03-02 14:30:00,156.125
2021-03-02 15:00:00,156.15625
2021-03-02 16:00:00,156.4375
2021-03-02 17:00:00,156.25
2021-03-02 18:00:00,156.28125
2021-03-02 19:00:00,156.28125
2021-03-02 20:00:00,156.5625
2021-03-02 21:00:00,156.5
2021-03-03 14:30:00,155.0625
2021-03-03 15:00:00,155.03125
2021-03-03 16:00:00,155.09375
2021-03-03 17:00:00,155.25
2021-03-03 18:00:00,155.375
2021-03-03 19:00:00,155.375
2021-03-03 20:00:00,155.28125
2021-03-03 21:00:00,155.375
2021-03-04 14:30:00,155.25
2021-03-04 15:00:00,155.28125
2021-03-04 16:00:00,155.15625
2021-03-04 17:00:00,154.0625
2021-03-04 18:00:00,153.90625
2021-03-04 19:00:00,153.875
2021-03-04 20:00:00,154.125
2021-03-04 21:00:00,153.9375
2021-03-05 14:30:00,153.71875
2021-03-05 15:00:00,153.8125
2021-03-05 16:00:00,153.9375
2021-03-05 17:00:00,154.03125
2021-03-05 18:00:00,154.03125
2021-03-05 19:00:00,154.03125
2021-03-05 20:00:00,154.03125
2021-03-05 21:00:00,153.71875
2021-03-08 14:30:00,153.53125
2021-03-08 15:00:00,153.625
2021-03-08 16:00:00,153.40625
2021-03-08 17:00:00,153.375
2021-03-08 18:00:00,153.46875
2021-03-08 19:00:00,153.59375
2021-03-08 20:00:00,153.375
2021-03-08 21:00:00,153.28125
2021-03-09 14:30:00,154.875
2021-03-09 15:00:00,154.34375
2021-03-09 16:00:00,154.34375
2021-03-09 17:00:00,154.4375
2021-03-09 18:00:00,154.53125
2021-03-09 19:00:00,154.59375
2021-03-09 20:00:00,154.625
2021-03-09 21:00:00,154.71875
2021-03-10 14:30:00,154.53125
2021-03-10 15:00:00,154.6875
2021-03-10 16:00:00,154.8125
2021-03-10 17:00:00,154.875
2021-03-10 18:00:00,155.0
2021-03-10 19:00:00,155.0
2021-03-10 20:00:00,154.96875
2021-03-10 21:00:00,154.9375
2021-03-11 14:30:00,154.625
2021-03-11 15:00:00,154.46875
2021-03-11 16:00:00,154.625
2021-03-11 17:00:00,154.5
2021-03-11 18:00:00,154.75
2021-03-11 19:00:00,154.71875
2021-03-11 20:00:00,154.6875
2021-03-11 21:00:00,154.71875
2021-03-12 14:30:00,152.6875
2021-03-12 15:00:00,152.375
2021-03-12 16:00:00,152.71875
2021-03-12 17:00:00,152.5625
2021-03-12 18:00:00,152.625
2021-03-12 19:00:00,152.375
2021-03-12 20:00:00,152.53125
2021-03-12 21:00:00,152.53125
2021-03-15 13:30:00,153.03125
2021-03-15 14:00:00,152.8125
2021-03-15 15:00:00,153.15625
2021-03-15 16:00:00,152.96875
2021-03-15 17:00:00,152.875
2021-03-15 18:00:00,152.96875
2021-03-15 19:00:00,153.09375
2021-03-15 20:00:00,153.0625
2021-03-16 13:30:00,153.3125
2021-03-16 14:00:00,153.1875
2021-03-16 15:00:00,152.78125
2021-03-16 16:00:00,152.65625
2021-03-16 17:00:00,152.625
2021-03-16 18:00:00,152.6875
2021-03-16 19:00:00,152.9375
2021-03-16 20:00:00,152.78125
2021-03-17 13:30:00,151.84375
2021-03-17 14:00:00,151.90625
2021-03-17 15:00:00,151.59375
2021-03-17 16:00:00,151.90625
2021-03-17 17:00:00,152.0
2021-03-17 18:00:00,151.96875
2021-03-17 19:00:00,152.09375
2021-03-17 20:00:00,152.03125
2021-03-18 13:30:00,150.34375
2021-03-18 14:00:00,150.78125
2021-03-18 15:00:00,150.59375
2021-03-18 16:00:00,150.5625
2021-03-18 17:00:00,150.78125
2021-03-18 18:00:00,150.84375
2021-03-18 19:00:00,151.0
2021-03-18 20:00:00,151.25
2021-03-19 13:30:00,150.65625
2021-03-19 14:00:00,151.0
2021-03-19 15:00:00,151.0625
2021-03-19 16:00:00,151.15625
2021-03-19 17:00:00,151.03125
2021-03-19 18:00:00,150.9375
2021-03-19 19:00:00,151.09375
2021-03-19 20:00:00,151.0625
2021-03-19 23:00:00,151.0625
2021-03-22 13:30:00,151.5625
2021-03-22 14:00:00,151.90625
2021-03-22 15:00:00,152.15625
2021-03-22 16:00:00,152.1875
2021-03-22 17:00:00,152.0625
2021-03-22 18:00:00,152.09375
2021-03-22 19:00:00,152.125
2021-03-22 20:00:00,151.75
2021-03-23 13:30:00,152.40625
2021-03-23 14:00:00,152.5
2021-03-23 15:00:00,152.6875
2021-03-23 16:00:00,152.71875
2021-03-23 17:00:00,152.8125
2021-03-23 18:00:00,152.96875
2021-03-23 19:00:00,153.21875
2021-03-23 20:00:00,153.28125
2021-03-24 13:30:00,152.875
2021-03-24 14:00:00,152.8125
2021-03-24 15:00:00,152.9375
2021-03-24 16:00:00,153.03125
2021-03-24 17:00:00,153.3125
2021-03-24 18:00:00,153.59375
2021-03-24 19:00:00,153.65625
2021-03-24 20:00:00,153.59375
2021-03-24 23:00:00,153.59375
2021-03-25 13:30:00,153.84375
2021-03-25 14:00:00,153.78125
2021-03-25 15:00:00,153.4375
2021-03-25 16:00:00,153.5625
2021-03-25 17:00:00,153.34375
2021-03-25 18:00:00,153.46875
2021-03-25 19:00:00,153.25
2021-03-25 20:00:00,153.0625
2021-03-26 13:30:00,152.59375
2021-03-26 14:00:00,153.0
2021-03-26 15:00:00,153.15625
2021-03-26 16:00:00,152.84375
2021-03-26 17:00:00,152.71875
2021-03-26 18:00:00,152.8125
2021-03-26 19:00:00,152.65625
2021-03-26 20:00:00,152.4375
2021-03-29 15:30:00,152.15625
2021-03-29 16:00:00,152.1875
2021-03-29 17:00:00,152.125
2021-03-29 18:00:00,152.15625
2021-03-29 19:00:00,151.875
2021-03-29 20:00:00,151.625
2021-03-29 21:00:00,151.78125
2021-03-29 22:00:00,151.90625
2021-03-30 15:30:00,151.6875
2021-03-30 16:00:00,151.46875
2021-03-30 17:00:00,152.03125
2021-03-30 18:00:00,151.90625
2021-03-30 19:00:00,151.9375
2021-03-30 20:00:00,151.84375
2021-03-30 21:00:00,152.0
2021-03-30 22:00:00,152.15625
2021-03-31 15:30:00,152.0
2021-03-31 16:00:00,152.1875
2021-03-31 17:00:00,152.15625
2021-03-31 18:00:00,152.03125
2021-03-31 19:00:00,151.71875
2021-03-31 20:00:00,151.5
2021-03-31 21:00:00,151.71875
2021-03-31 22:00:00,151.59375
2021-04-01 15:30:00,152.625
2021-04-01 16:00:00,152.9375
2021-04-01 17:00:00,153.15625
2021-04-01 18:00:00,153.03125
2021-04-01 19:00:00,152.96875
2021-04-01 20:00:00,153.0625
2021-04-01 21:00:00,153.1875
2021-04-01 22:00:00,153.1875
2021-04-01 23:00:00,153.03125
2021-04-05 15:30:00,152.21875
2021-04-05 16:00:00,152.15625
2021-04-05 17:00:00,152.46875
2021-04-05 18:00:00,152.46875
2021-04-05 19:00:00,152.40625
2021-04-05 20:00:00,152.40625
2021-04-05 21:00:00,152.53125
2021-04-05 22:00:00,152.6875
2021-04-06 15:30:00,152.9375
2021-04-06 16:00:00,153.3125
2021-04-06 17:00:00,153.28125
2021-04-06 18:00:00,153.21875
2021-04-06 19:00:00,153.34375
2021-04-06 20:00:00,153.375
2021-04-06 21:00:00,153.34375
2021-04-06 22:00:00,153.25
2021-04-06 23:00:00,153.25
2021-04-07 15:30:00,153.3125
2021-04-07 16:00:00,153.3125
2021-04-07 17:00:00,153.625
2021-04-07 18:00:00,153.375
2021-04-07 19:00:00,153.25
2021-04-07 20:00:00,153.1875
2021-04-07 21:00:00,152.875
2021-04-07 22:00:00,152.75
2021-04-08 15:30:00,153.6875
2021-04-08 16:00:00,153.375
2021-04-08 17:00:00,153.46875
2021-04-08 18:00:00,153.53125
2021-04-08 19:00:00,153.59375
2021-04-08 20:00:00,153.625
2021-04-08 21:00:00,153.71875
2021-04-08 22:00:00,153.84375
2021-04-08 23:00:00,153.84375
2021-04-09 15:30:00,153.34375
2021-04-09 16:00:00,153.5
2021-04-09 17:00:00,153.71875
2021-04-09 18:00:00,153.53125
2021-04-09 19:00:00,153.46875
2021-04-09 20:00:00,153.28125
2021-04-09 21:00:00,153.3125
2021-04-09 22:00:00,153.4375
2021-04-12 15:30:00,153.15625
2021-04-12 16:00:00,153.03125
2021-04-12 17:00:00,153.15625
2021-04-12 18:00:00,153.0625
2021-04-12 19:00:00,153.03125
2021-04-12 20:00:00,153.0625
2021-04-12 21:00:00,153.21875
2021-04-12 22:00:00,153.28125
2021-04-13 15:30:00,153.4375
2021-04-13 16:00:00,153.28125
2021-04-13 17:00:00,153.40625
2021-04-13 18:00:00,153.46875
2021-04-13 19:00:00,153.875
2021-04-13 20:00:00,154.0
2021-04-13 21:00:00,154.03125
2021-04-13 22:00:00,154.125
2021-04-14 15:30:00,153.875
2021-04-14 16:00:00,153.71875
2021-04-14 17:00:00,153.71875
2021-04-14 18:00:00,153.59375
2021-04-14 19:00:00,153.625
2021-04-14 20:00:00,153.71875
2021-04-14 21:00:00,153.78125
2021-04-14 22:00:00,153.78125
2021-04-15 15:30:00,154.75
2021-04-15 16:00:00,155.34375
2021-04-15 17:00:00,155.4375
2021-04-15 18:00:00,155.71875
2021-04-15 19:00:00,155.78125
2021-04-15 20:00:00,155.84375
2021-04-15 21:00:00,155.3125
2021-04-15 22:00:00,154.71875
2021-04-16 15:30:00,154.4375
2021-04-16 16:00:00,154.59375
2021-04-16 17:00:00,154.53125
2021-04-16 18:00:00,154.6875
2021-04-16 19:00:00,154.75
2021-04-16 20:00:00,154.8125
2021-04-16 21:00:00,154.59375
2021-04-16 22:00:00,154.6875
2021-04-19 15:30:00,154.25
2021-04-19 16:00:00,154.59375
2021-04-19 17:00:00,154.53125
2021-04-19 18:00:00,154.4375
2021-04-19 19:00:00,154.3125
2021-04-19 20:00:00,154.3125
2021-04-19 21:00:00,154.28125
2021-04-19 22:00:00,154.125
2021-04-20 15:30:00,154.5
2021-04-20 16:00:00,154.6875
2021-04-20 17:00:00,155.03125
2021-04-20 18:00:00,154.90625
2021-04-20 19:00:00,154.96875
2021-04-20 20:00:00,155.0
2021-04-20 21:00:00,154.90625
2021-04-20 22:00:00,155.0
2021-04-21 15:30:00,155.15625
2021-04-21 16:00:00,154.75
2021-04-21 17:00:00,154.8125
2021-04-21 18:00:00,154.90625
2021-04-21 19:00:00,154.875
2021-04-21 20:00:00,154.96875
2021-04-21 21:00:00,155.09375
2021-04-21 22:00:00,155.09375
2021-04-22 15:30:00,155.28125
2021-04-22 16:00:00,155.1875
2021-04-22 17:00:00,154.6875
2021-04-22 18:00:00,154.8125
2021-04-22 19:00:00,155.28125
2021-04-22 20:00:00,155.25
2021-04-22 21:00:00,155.4375
2021-04-22 22:00:00,155.625
2021-04-23 15:30:00,155.1875
2021-04-23 16:00:00,154.9375
2021-04-23 17:00:00,155.25
2021-04-23 18:00:00,155.1875
2021-04-23 19:00:00,155.15625
2021-04-23 20:00:00,155.125
2021-04-23 21:00:00,155.25
2021-04-23 22:00:00,155.3125
2021-04-26 15:30:00,155.25
2021-04-26 16:00:00,155.3125
2021-04-26 17:00:00,155.21875
2021-04-26 18:00:00,155.15625
2021-04-26 19:00:00,155.21875
2021-04-26 20:00:00,155.25
2021-04-26 21:00:00,155.1875
2021-04-26 22:00:00,155.3125
2021-04-27 15:30:00,154.9375
2021-04-27 16:00:00,154.9375
2021-04-27 17:00:00,154.71875
2021-04-27 18:00:00,154.71875
2021-04-27 19:00:00,154.40625
2021-04-27 20:00:00,154.25
2021-04-27 21:00:00,154.25
2021-04-27 22:00:00,154.28125
2021-04-27 23:00:00,154.28125
2021-04-28 15:30:00,154.21875
2021-04-28 16:00:00,154.0625
2021-04-28 17:00:00,154.125
2021-04-28 18:00:00,154.03125
2021-04-28 19:00:00,154.03125
2021-04-28 20:00:00,154.3125
2021-04-28 21:00:00,154.46875
2021-04-28 22:00:00,154.4375
2021-04-29 15:30:00,153.0625
2021-04-29 16:00:00,153.5625
2021-04-29 17:00:00,153.625
2021-04-29 18:00:00,153.75
2021-04-29 19:00:00,153.78125
2021-04-29 20:00:00,154.0
2021-04-29 21:00:00,154.03125
2021-04-29 22:00:00,154.0625
2021-04-30 15:30:00,153.875
2021-04-30 16:00:00,154.0625
2021-04-30 17:00:00,154.03125
2021-04-30 18:00:00,154.15625
2021-04-30 19:00:00,154.0625
2021-04-30 20:00:00,154.09375
2021-04-30 21:00:00,154.125
2021-04-30 22:00:00,154.125
2021-05-03 15:30:00,154.40625
2021-05-03 16:00:00,154.71875
2021-05-03 17:00:00,154.34375
2021-05-03 18:00:00,154.34375
2021-05-03 19:00:00,154.40625
2021-05-03 20:00:00,154.4375
2021-05-03 21:00:00,154.40625
2021-05-03 22:00:00,154.53125
2021-05-04 15:30:00,155.3125
2021-05-04 16:00:00,155.34375
2021-05-04 17:00:00,154.875
2021-05-04 18:00:00,154.96875
2021-05-04 19:00:00,155.0
2021-05-04 20:00:00,154.78125
2021-05-04 21:00:00,154.78125
2021-05-04 22:00:00,154.78125
2021-05-05 15:30:00,154.5625
2021-05-05 16:00:00,154.8125
2021-05-05 17:00:00,154.625
2021-05-05 18:00:00,154.71875
2021-05-05 19:00:00,154.9375
2021-05-05 20:00:00,154.96875
2021-05-05 21:00:00,155.03125
2021-05-05 22:00:00,155.25
2021-05-06 15:30:00,155.25
2021-05-06 16:00:00,155.4375
2021-05-06 17:00:00,155.21875
2021-05-06 18:00:00,155.25
2021-05-06 19:00:00,155.4375
2021-05-06 20:00:00,155.4375
2021-05-06 21:00:00,155.28125
2021-05-06 22:00:00,155.25
2021-05-07 15:30:00,155.40625
2021-05-07 16:00:00,155.3125
2021-05-07 17:00:00,155.0
2021-05-07 18:00:00,154.875
2021-05-07 19:00:00,154.8125
2021-05-07 20:00:00,154.78125
2021-05-07 21:00:00,154.96875
2021-05-07 22:00:00,154.8125
2021-05-10 15:30:00,154.90625
2021-05-10 16:00:00,154.96875
2021-05-10 17:00:00,154.84375
2021-05-10 18:00:00,154.46875
2021-05-10 19:00:00,154.25
2021-05-10 20:00:00,154.375
2021-05-10 21:00:00,154.28125
2021-05-10 22:00:00,154.25
2021-05-11 15:30:00,153.875
2021-05-11 16:00:00,153.65625
2021-05-11 17:00:00,153.9375
2021-05-11 18:00:00,153.8125
2021-05-11 19:00:00,153.84375
2021-05-11 20:00:00,153.75
2021-05-11 21:00:00,153.71875
2021-05-11 22:00:00,153.78125
2021-05-12 15:30:00,153.03125
2021-05-12 16:00:00,152.875
2021-05-12 17:00:00,152.8125
2021-05-12 18:00:00,152.53125
2021-05-12 19:00:00,152.53125
2021-05-12 20:00:00,152.375
2021-05-12 21:00:00,152.59375
2021-05-12 22:00:00,152.5
2021-05-13 15:30:00,152.84375
2021-05-13 16:00:00,152.9375
2021-05-13 17:00:00,153.03125
2021-05-13 18:00:00,153.0625
2021-05-13 19:00:00,152.9375
2021-05-13 20:00:00,153.03125
2021-05-13 21:00:00,153.03125
2021-05-13 22:00:00,153.03125
2021-05-14 15:30:00,153.625
2021-05-14 16:00:00,153.46875
2021-05-14 17:00:00,153.59375
2021-05-14 18:00:00,153.375
2021-05-14 19:00:00,153.40625
2021-05-14 20:00:00,153.625
2021-05-14 21:00:00,153.75
2021-05-14 22:00:00,153.75
2021-05-17 15:30:00,153.75
2021-05-17 16:00:00,153.71875
2021-05-17 17:00:00,153.625
2021-05-17 18:00:00,153.625
2021-05-17 19:00:00,153.59375
2021-05-17 20:00:00,153.59375
2021-05-17 21:00:00,153.59375
2021-05-17 22:00:00,153.375
2021-05-18 15:30:00,153.25
2021-05-18 16:00:00,153.375
2021-05-18 17:00:00,153.28125
2021-05-18 18:00:00,153.40625
2021-05-18 19:00:00,153.40625
2021-05-18 20:00:00,153.53125
2021-05-18 21:00:00,153.5
2021-05-18 22:00:00,153.5625
2021-05-19 15:30:00,153.71875
2021-05-19 16:00:00,153.96875
2021-05-19 17:00:00,153.625
2021-05-19 18:00:00,153.59375
2021-05-19 19:00:00,153.21875
2021-05-19 20:00:00,152.84375
2021-05-19 21:00:00,153.0
2021-05-19 21:00:01,153.0
2021-05-19 22:00:00,153.09375
2021-05-20 15:30:00,153.6875
2021-05-20 16:00:00,153.71875
2021-05-20 17:00:00,153.78125
2021-05-20 18:00:00,153.875
2021-05-20 19:00:00,153.84375
2021-05-20 20:00:00,153.8125
2021-05-20 21:00:00,153.875
2021-05-20 22:00:00,153.96875
2021-05-21 15:30:00,153.9375
2021-05-21 16:00:00,153.90625
2021-05-21 17:00:00,154.125
2021-05-21 18:00:00,154.125
2021-05-21 19:00:00,154.09375
2021-05-21 20:00:00,154.0625
2021-05-21 21:00:00,154.15625
2021-05-21 22:00:00,154.28125
2021-05-24 15:30:00,154.3125
2021-05-24 16:00:00,154.75
2021-05-24 17:00:00,154.625
2021-05-24 18:00:00,154.53125
2021-05-24 19:00:00,154.53125
2021-05-24 20:00:00,154.5625
2021-05-24 21:00:00,154.53125
2021-05-24 22:00:00,154.5625
2021-05-25 15:30:00,155.09375
2021-05-25 16:00:00,155.09375
2021-05-25 17:00:00,155.125
2021-05-25 18:00:00,155.125
2021-05-25 19:00:00,155.34375
2021-05-25 20:00:00,155.4375
2021-05-25 21:00:00,155.53125
2021-05-25 22:00:00,155.53125
2021-05-26 15:30:00,155.65625
2021-05-26 16:00:00,155.625
2021-05-26 17:00:00,155.53125
2021-05-26 18:00:00,155.59375
2021-05-26 19:00:00,155.1875
2021-05-26 20:00:00,155.34375
2021-05-26 21:00:00,155.25
2021-05-26 22:00:00,155.25
2021-05-27 15:30:00,154.53125
2021-05-27 16:00:00,154.375
2021-05-27 17:00:00,154.40625
2021-05-27 18:00:00,154.34375
2021-05-27 19:00:00,154.5625
2021-05-27 20:00:00,154.59375
2021-05-27 21:00:00,154.71875
2021-05-27 22:00:00,154.625
2021-05-28 15:30:00,154.84375
2021-05-28 16:00:00,155.0
2021-05-28 17:00:00,154.96875
2021-05-28 18:00:00,154.9375
2021-05-28 19:00:00,155.21875
2021-05-28 20:00:00,154.875
2021-05-28 21:00:00,154.53125
2021-05-28 22:00:00,154.71875
2021-05-28 23:00:00,154.71875
2021-06-01 15:30:00,154.0
2021-06-01 16:00:00,154.0625
2021-06-01 17:00:00,154.3125
2021-06-01 18:00:00,154.53125
2021-06-01 19:00:00,154.59375
2021-06-01 20:00:00,154.53125
2021-06-01 21:00:00,154.59375
2021-06-01 22:00:00,154.625
2021-06-02 15:30:00,154.75
2021-06-02 16:00:00,154.84375
2021-06-02 17:00:00,155.0
2021-06-02 18:00:00,154.96875
2021-06-02 19:00:00,154.84375
2021-06-02 20:00:00,154.9375
2021-06-02 21:00:00,154.90625
2021-06-02 22:00:00,155.03125
2021-06-03 15:30:00,154.59375
2021-06-03 16:00:00,154.46875
2021-06-03 17:00:00,154.5
2021-06-03 18:00:00,154.4375
2021-06-03 19:00:00,154.5
2021-06-03 20:00:00,154.4375
2021-06-03 21:00:00,154.40625
2021-06-03 22:00:00,154.46875
2021-06-04 15:30:00,155.375
2021-06-04 16:00:00,155.5
2021-06-04 17:00:00,155.78125
2021-06-04 18:00:00,155.8125
2021-06-04 19:00:00,155.75
2021-06-04 20:00:00,155.875
2021-06-04 21:00:00,155.875
2021-06-04 22:00:00,155.875
2021-06-07 15:30:00,155.65625
2021-06-07 16:00:00,155.6875
2021-06-07 17:00:00,155.71875
2021-06-07 18:00:00,155.59375
2021-06-07 19:00:00,155.65625
2021-06-07 20:00:00,155.625
2021-06-07 21:00:00,155.625
2021-06-07 22:00:00,155.59375
2021-06-07 23:00:00,155.59375
2021-06-08 15:30:00,156.375
2021-06-08 16:00:00,156.3125
2021-06-08 17:00:00,156.4375
2021-06-08 18:00:00,156.40625
2021-06-08 19:00:00,156.4375
2021-06-08 20:00:00,156.4375
2021-06-08 21:00:00,156.3125
2021-06-08 22:00:00,156.28125
2021-06-09 15:30:00,157.375
2021-06-09 16:00:00,157.09375
2021-06-09 17:00:00,157.03125
2021-06-09 18:00:00,156.9375
2021-06-09 19:00:00,157.21875
2021-06-09 20:00:00,157.15625
2021-06-09 21:00:00,157.15625
2021-06-09 22:00:00,157.15625
2021-06-10 15:30:00,157.0625
2021-06-10 16:00:00,157.0
2021-06-10 17:00:00,157.375
2021-06-10 18:00:00,157.5
2021-06-10 19:00:00,157.5625
2021-06-10 20:00:00,157.75
2021-06-10 21:00:00,158.0
2021-06-10 22:00:00,158.1875
2021-06-10 23:00:00,158.1875
2021-06-11 15:30:00,157.75
2021-06-11 16:00:00,157.65625
2021-06-11 17:00:00,157.65625
2021-06-11 18:00:00,157.8125
2021-06-11 19:00:00,157.75
2021-06-11 20:00:00,157.65625
2021-06-11 21:00:00,157.75
2021-06-11 22:00:00,157.84375
2021-06-14 15:30:00,157.3125
2021-06-14 16:00:00,157.34375
2021-06-14 17:00:00,157.09375
2021-06-14 18:00:00,156.9375
2021-06-14 19:00:00,157.0
2021-06-14 20:00:00,156.96875
2021-06-14 21:00:00,157.125
2021-06-14 22:00:00,157.09375
2021-06-15 15:30:00,157.0
2021-06-15 16:00:00,156.90625
2021-06-15 17:00:00,156.96875
2021-06-15 18:00:00,156.8125
2021-06-15 19:00:00,156.96875
2021-06-15 20:00:00,156.90625
2021-06-15 21:00:00,157.03125
2021-06-15 22:00:00,157.03125
2021-06-16 15:30:00,157.28125
2021-06-16 16:00:00,157.1875
2021-06-16 17:00:00,157.3125
2021-06-16 18:00:00,157.21875
2021-06-16 19:00:00,157.25
2021-06-16 20:00:00,156.1875
2021-06-16 21:00:00,156.375
2021-06-16 22:00:00,156.15625
2021-06-16 23:00:00,156.15625
2021-06-17 15:30:00,157.0625
2021-06-17 16:00:00,157.46875
2021-06-17 17:00:00,158.3125
2021-06-17 18:00:00,158.46875
2021-06-17 19:00:00,158.53125
2021-06-17 20:00:00,158.15625
2021-06-17 21:00:00,157.875
2021-06-17 22:00:00,158.1875
2021-06-18 15:30:00,158.4375
2021-06-18 16:00:00,159.125
2021-06-18 17:00:00,159.09375
2021-06-18 18:00:00,159.21875
2021-06-18 19:00:00,159.4375
2021-06-18 20:00:00,159.34375
2021-06-18 21:00:00,159.59375
2021-06-18 22:00:00,159.65625
2021-06-21 15:30:00,158.5625
2021-06-21 16:00:00,158.6875
2021-06-21 17:00:00,158.65625
2021-06-21 18:00:00,158.4375
2021-06-21 19:00:00,158.40625
2021-06-21 20:00:00,158.28125
2021-06-21 21:00:00,158.3125
2021-06-21 22:00:00,158.21875
2021-06-22 15:30:00,157.90625
2021-06-22 16:00:00,158.1875
2021-06-22 17:00:00,158.3125
2021-06-22 18:00:00,158.34375
2021-06-22 19:00:00,158.28125
2021-06-22 20:00:00,158.375
2021-06-22 21:00:00,158.5
2021-06-22 22:00:00,158.59375
2021-06-23 15:30:00,158.28125
2021-06-23 16:00:00,158.21875
2021-06-23 17:00:00,158.0625
2021-06-23 18:00:00,157.9375
2021-06-23 19:00:00,158.15625
2021-06-23 20:00:00,158.15625
2021-06-23 21:00:00,158.15625
2021-06-23 22:00:00,158.15625
2021-06-24 15:30:00,158.40625
2021-06-24 16:00:00,158.34375
2021-06-24 17:00:00,158.3125
2021-06-24 18:00:00,158.25
2021-06-24 19:00:00,158.34375
2021-06-24 20:00:00,158.34375
2021-06-24 21:00:00,158.28125
2021-06-24 22:00:00,158.25
2021-06-25 15:30:00,157.9375
2021-06-25 16:00:00,157.375
2021-06-25 17:00:00,157.40625
2021-06-25 18:00:00,157.21875
2021-06-25 19:00:00,157.0
2021-06-25 20:00:00,157.15625
2021-06-25 21:00:00,157.40625
2021-06-25 22:00:00,157.4375
2021-06-28 15:30:00,158.21875
2021-06-28 16:00:00,158.3125
2021-06-28 17:00:00,158.59375
2021-06-28 18:00:00,158.4375
2021-06-28 19:00:00,158.5
2021-06-28 20:00:00,158.46875
2021-06-28 21:00:00,158.4375
2021-06-28 22:00:00,158.53125
2021-06-29 15:30:00,158.3125
2021-06-29 16:00:00,158.28125
2021-06-29 17:00:00,158.40625
2021-06-29 18:00:00,158.46875
2021-06-29 19:00:00,158.375
2021-06-29 20:00:00,158.5
2021-06-29 21:00:00,158.5625
2021-06-29 22:00:00,158.625
2021-06-30 15:30:00,159.09375
2021-06-30 16:00:00,159.3125
2021-06-30 17:00:00,159.21875
2021-06-30 18:00:00,159.15625
2021-06-30 19:00:00,159.21875
2021-06-30 20:00:00,159.125
2021-06-30 21:00:00,158.96875
2021-06-30 22:00:00,158.65625
2021-06-30 23:00:00,158.65625
2021-07-01 15:30:00,158.875
2021-07-01 16:00:00,158.59375
2021-07-01 17:00:00,158.59375
2021-07-01 18:00:00,158.5625
2021-07-01 19:00:00,158.5625
2021-07-01 20:00:00,158.625
2021-07-01 21:00:00,158.84375
2021-07-01 22:00:00,158.96875
2021-07-02 15:30:00,159.1875
2021-07-02 16:00:00,159.1875
2021-07-02 17:00:00,159.1875
2021-07-02 18:00:00,159.34375
2021-07-02 19:00:00,159.40625
2021-07-02 20:00:00,159.375
2021-07-02 21:00:00,159.4375
2021-07-02 22:00:00,159.46875
2021-07-02 23:00:00,159.46875
2021-07-06 15:30:00,160.28125
2021-07-06 16:00:00,161.03125
2021-07-06 17:00:00,160.625
2021-07-06 18:00:00,160.625
2021-07-06 19:00:00,160.40625
2021-07-06 20:00:00,160.5
2021-07-06 21:00:00,160.84375
2021-07-06 22:00:00,160.96875
2021-07-07 15:30:00,161.90625
2021-07-07 16:00:00,162.03125
2021-07-07 17:00:00,161.875
2021-07-07 18:00:00,161.78125
2021-07-07 19:00:00,161.8125
2021-07-07 20:00:00,161.71875
2021-07-07 21:00:00,161.78125
2021-07-07 22:00:00,161.75
2021-07-07 23:00:00,161.75
2021-07-08 15:30:00,162.59375
2021-07-08 16:00:00,162.6875
2021-07-08 17:00:00,162.0625
2021-07-08 18:00:00,162.09375
2021-07-08 19:00:00,162.1875
2021-07-08 20:00:00,162.375
2021-07-08 21:00:00,162.28125
2021-07-08 22:00:00,162.125
2021-07-09 15:30:00,161.125
2021-07-09 16:00:00,161.15625
2021-07-09 17:00:00,161.1875
2021-07-09 18:00:00,160.96875
2021-07-09 19:00:00,161.0625
2021-07-09 20:00:00,161.03125
2021-07-09 21:00:00,160.90625
2021-07-09 22:00:00,160.90625
2021-07-12 15:30:00,161.03125
2021-07-12 16:00:00,160.9375
2021-07-12 17:00:00,160.75
2021-07-12 18:00:00,160.71875
2021-07-12 19:00:00,160.9375
2021-07-12 20:00:00,160.875
2021-07-12 21:00:00,160.78125
2021-07-12 22:00:00,160.75
2021-07-13 15:30:00,161.4375
2021-07-13 16:00:00,161.1875
2021-07-13 17:00:00,161.09375
2021-07-13 18:00:00,161.125
2021-07-13 19:00:00,159.78125
2021-07-13 20:00:00,159.84375
2021-07-13 21:00:00,159.96875
2021-07-13 22:00:00,159.8125
2021-07-14 15:30:00,160.65625
2021-07-14 16:00:00,160.84375
2021-07-14 17:00:00,160.96875
2021-07-14 18:00:00,160.90625
2021-07-14 19:00:00,160.90625
2021-07-14 20:00:00,161.03125
2021-07-14 21:00:00,161.125
2021-07-14 22:00:00,161.25
2021-07-15 15:30:00,161.78125
2021-07-15 16:00:00,161.34375
2021-07-15 17:00:00,161.6875
2021-07-15 18:00:00,161.96875
2021-07-15 19:00:00,162.25
2021-07-15 20:00:00,162.34375
2021-07-15 21:00:00,162.3125
2021-07-15 22:00:00,162.25
2021-07-16 15:30:00,161.8125
2021-07-16 16:00:00,161.9375
2021-07-16 17:00:00,162.0
2021-07-16 18:00:00,162.03125
2021-07-16 19:00:00,162.15625
2021-07-16 20:00:00,162.21875
2021-07-16 21:00:00,162.15625
2021-07-16 22:00:00,162.34375
2021-07-19 15:30:00,164.0
2021-07-19 16:00:00,164.625
2021-07-19 17:00:00,163.96875
2021-07-19 18:00:00,164.5
2021-07-19 19:00:00,164.53125
2021-07-19 20:00:00,164.59375
2021-07-19 21:00:00,164.40625
2021-07-19 22:00:00,164.375
2021-07-20 15:30:00,164.875
2021-07-20 16:00:00,164.0
2021-07-20 17:00:00,163.71875
2021-07-20 18:00:00,163.78125
2021-07-20 19:00:00,163.875
2021-07-20 20:00:00,163.84375
2021-07-20 21:00:00,163.75
2021-07-20 22:00:00,163.5
2021-07-21 15:30:00,162.5
2021-07-21 16:00:00,162.125
2021-07-21 17:00:00,162.21875
2021-07-21 18:00:00,162.03125
2021-07-21 19:00:00,162.1875
2021-07-21 20:00:00,162.40625
2021-07-21 21:00:00,162.15625
2021-07-21 22:00:00,162.25
2021-07-22 15:30:00,162.5625
2021-07-22 16:00:00,162.8125
2021-07-22 17:00:00,163.25
2021-07-22 18:00:00,163.03125
2021-07-22 19:00:00,162.875
2021-07-22 20:00:00,162.90625
2021-07-22 21:00:00,162.96875
2021-07-22 22:00:00,162.59375
2021-07-23 15:30:00,162.46875
2021-07-23 16:00:00,162.1875
2021-07-23 17:00:00,162.40625
2021-07-23 18:00:00,162.3125
2021-07-23 19:00:00,162.40625
2021-07-23 20:00:00,162.46875
2021-07-23 21:00:00,162.4375
2021-07-23 22:00:00,162.59375
2021-07-26 15:30:00,162.59375
2021-07-26 16:00:00,162.59375
2021-07-26 17:00:00,162.59375
2021-07-26 18:00:00,162.5
2021-07-26 19:00:00,162.59375
2021-07-26 20:00:00,162.5625
2021-07-26 21:00:00,162.21875
2021-07-26 22:00:00,162.1875
2021-07-27 15:30:00,163.34375
2021-07-27 16:00:00,163.21875
2021-07-27 17:00:00,163.25
2021-07-27 18:00:00,163.375
2021-07-27 19:00:00,163.34375
2021-07-27 20:00:00,163.4375
2021-07-27 21:00:00,163.4375
2021-07-27 22:00:00,163.21875
2021-07-28 15:30:00,162.84375
2021-07-28 16:00:00,163.0
2021-07-28 17:00:00,162.90625
2021-07-28 18:00:00,162.9375
2021-07-28 19:00:00,162.875
2021-07-28 20:00:00,162.75
2021-07-28 21:00:00,163.4375
2021-07-28 22:00:00,163.3125
2021-07-29 15:30:00,162.53125
2021-07-29 16:00:00,162.53125
2021-07-29 17:00:00,162.65625
2021-07-29 18:00:00,162.625
2021-07-29 19:00:00,162.65625
2021-07-29 20:00:00,162.5625
2021-07-29 21:00:00,162.5625
2021-07-29 22:00:00,162.53125
2021-07-30 15:30:00,163.0625
2021-07-30 16:00:00,163.34375
2021-07-30 17:00:00,163.3125
2021-07-30 18:00:00,163.25
2021-07-30 19:00:00,163.3125
2021-07-30 20:00:00,163.15625
2021-07-30 21:00:00,163.375
2021-07-30 22:00:00,163.34375
2021-08-02 15:30:00,163.46875
2021-08-02 16:00:00,164.25
2021-08-02 17:00:00,164.71875
2021-08-02 18:00:00,164.5
2021-08-02 19:00:00,164.375
2021-08-02 20:00:00,164.40625
2021-08-02 21:00:00,164.375
2021-08-02 22:00:00,164.375
2021-08-03 15:30:00,164.75
2021-08-03 16:00:00,164.75
2021-08-03 17:00:00,164.46875
2021-08-03 18:00:00,164.4375
2021-08-03 19:00:00,164.34375
2021-08-03 20:00:00,164.4375
2021-08-03 21:00:00,164.46875
2021-08-03 22:00:00,164.53125
2021-08-04 15:30:00,165.0625
2021-08-04 16:00:00,164.09375
2021-08-04 17:00:00,164.71875
2021-08-04 18:00:00,164.625
2021-08-04 19:00:00,164.5625
2021-08-04 20:00:00,164.625
2021-08-04 21:00:00,164.75
2021-08-04 22:00:00,164.59375
2021-08-05 15:30:00,164.34375
2021-08-05 16:00:00,164.21875
2021-08-05 17:00:00,164.09375
2021-08-05 18:00:00,164.1875
2021-08-05 19:00:00,164.125
2021-08-05 20:00:00,164.0625
2021-08-05 21:00:00,164.0625
2021-08-05 22:00:00,163.96875
2021-08-05 23:00:00,163.96875
2021-08-06 15:30:00,162.6875
2021-08-06 16:00:00,162.40625
2021-08-06 17:00:00,162.5
2021-08-06 18:00:00,162.5
2021-08-06 19:00:00,162.625
2021-08-06 20:00:00,162.5625
2021-08-06 21:00:00,162.3125
2021-08-06 22:00:00,162.375
2021-08-09 15:30:00,162.65625
2021-08-09 16:00:00,162.09375
2021-08-09 17:00:00,162.15625
2021-08-09 18:00:00,162.0625
2021-08-09 19:00:00,162.0625
2021-08-09 20:00:00,162.09375
2021-08-09 21:00:00,162.0
2021-08-09 22:00:00,161.9375
2021-08-10 15:30:00,161.90625
2021-08-10 16:00:00,161.53125
2021-08-10 17:00:00,161.65625
2021-08-10 18:00:00,161.59375
2021-08-10 19:00:00,161.65625
2021-08-10 20:00:00,161.625
2021-08-10 21:00:00,161.5
2021-08-10 22:00:00,161.375
2021-08-11 15:30:00,161.21875
2021-08-11 16:00:00,161.1875
2021-08-11 17:00:00,161.3125
2021-08-11 18:00:00,161.28125
2021-08-11 19:00:00,161.75
2021-08-11 20:00:00,161.4375
2021-08-11 21:00:00,161.59375
2021-08-11 22:00:00,161.53125
2021-08-12 15:30:00,161.25
2021-08-12 16:00:00,161.53125
2021-08-12 17:00:00,161.5
2021-08-12 18:00:00,161.25
2021-08-12 19:00:00,161.40625
2021-08-12 20:00:00,161.3125
2021-08-12 21:00:00,161.5
2021-08-12 22:00:00,161.5
2021-08-13 15:30:00,162.03125
2021-08-13 16:00:00,162.625
2021-08-13 17:00:00,162.75
2021-08-13 18:00:00,162.6875
2021-08-13 19:00:00,162.6875
2021-08-13 20:00:00,162.8125
2021-08-13 21:00:00,163.03125
2021-08-13 22:00:00,163.21875
2021-08-16 15:30:00,164.125
2021-08-16 16:00:00,163.9375
2021-08-16 17:00:00,163.71875
2021-08-16 18:00:00,163.65625
2021-08-16 19:00:00,163.6875
2021-08-16 20:00:00,163.53125
2021-08-16 21:00:00,163.46875
2021-08-16 22:00:00,163.375
2021-08-17 15:30:00,163.46875
2021-08-17 16:00:00,163.53125
2021-08-17 17:00:00,163.5
2021-08-17 18:00:00,163.6875
2021-08-17 19:00:00,163.71875
2021-08-17 20:00:00,163.5625
2021-08-17 21:00:00,163.40625
2021-08-17 22:00:00,163.46875
2021-08-18 15:30:00,163.15625
2021-08-18 16:00:00,163.03125
2021-08-18 17:00:00,163.25
2021-08-18 18:00:00,163.21875
2021-08-18 19:00:00,163.03125
2021-08-18 20:00:00,163.46875
2021-08-18 21:00:00,163.4375
2021-08-18 22:00:00,163.71875
2021-08-19 15:30:00,164.03125
2021-08-19 16:00:00,163.9375
2021-08-19 17:00:00,164.21875
2021-08-19 18:00:00,164.125
2021-08-19 19:00:00,164.25
2021-08-19 20:00:00,164.25
2021-08-19 21:00:00,164.28125
2021-08-19 22:00:00,164.1875
2021-08-20 15:30:00,164.125
2021-08-20 16:00:00,164.375
2021-08-20 17:00:00,164.21875
2021-08-20 18:00:00,164.125
2021-08-20 19:00:00,164.125
2021-08-20 20:00:00,164.15625
2021-08-20 21:00:00,164.28125
2021-08-20 22:00:00,164.25
2021-08-20 23:00:00,164.25
2021-08-23 15:30:00,163.96875
2021-08-23 16:00:00,164.09375
2021-08-23 17:00:00,164.1875
2021-08-23 18:00:00,164.1875
2021-08-23 19:00:00,164.1875
2021-08-23 20:00:00,164.1875
2021-08-23 21:00:00,164.1875
2021-08-24 14:30:00,163.625
2021-08-24 15:00:00,163.625
2021-08-24 16:00:00,163.6875
2021-08-24 17:00:00,163.46875
2021-08-24 18:00:00,163.5
2021-08-24 19:00:00,163.4375
2021-08-24 19:00:01,163.4375
2021-08-24 20:00:00,163.40625
2021-08-24 21:00:00,163.25
2021-08-25 14:30:00,163.125
2021-08-25 15:00:00,162.375
2021-08-25 16:00:00,162.5
2021-08-25 17:00:00,162.5625
2021-08-25 18:00:00,162.3125
2021-08-25 19:00:00,162.3125
2021-08-25 20:00:00,162.375
2021-08-25 21:00:00,162.40625
2021-08-26 14:30:00,162.0
2021-08-26 15:00:00,162.15625
2021-08-26 16:00:00,162.1875
2021-08-26 17:00:00,162.21875
2021-08-26 18:00:00,162.40625
2021-08-26 19:00:00,162.4375
2021-08-26 20:00:00,162.53125
2021-08-26 21:00:00,162.28125
2021-08-27 14:30:00,162.5625
2021-08-27 15:00:00,162.78125
2021-08-27 16:00:00,162.8125
2021-08-27 17:00:00,162.8125
2021-08-27 18:00:00,162.78125
2021-08-27 19:00:00,162.90625
2021-08-27 20:00:00,163.15625
2021-08-27 21:00:00,163.0
2021-08-30 14:30:00,163.21875
2021-08-30 15:00:00,163.1875
2021-08-30 16:00:00,163.3125
2021-08-30 17:00:00,163.34375
2021-08-30 18:00:00,163.34375
2021-08-30 19:00:00,163.34375
2021-08-30 20:00:00,163.53125
2021-08-30 21:00:00,163.4375
2021-08-30 23:00:00,163.4375
2021-08-31 14:30:00,163.65625
2021-08-31 15:00:00,163.15625
2021-08-31 16:00:00,162.90625
2021-08-31 17:00:00,163.0
2021-08-31 18:00:00,162.84375
2021-08-31 19:00:00,162.96875
2021-08-31 20:00:00,163.0625
2021-08-31 21:00:00,162.84375
2021-09-01 14:30:00,163.21875
2021-09-01 15:00:00,163.0
2021-09-01 16:00:00,163.15625
2021-09-01 17:00:00,163.03125
2021-09-01 18:00:00,163.15625
2021-09-01 19:00:00,163.21875
2021-09-01 20:00:00,163.15625
2021-09-01 21:00:00,163.3125
2021-09-02 14:30:00,163.21875
2021-09-02 15:00:00,163.1875
2021-09-02 16:00:00,163.28125
2021-09-02 17:00:00,163.34375
2021-09-02 18:00:00,163.3125
2021-09-02 19:00:00,163.34375
2021-09-02 20:00:00,163.5
2021-09-02 21:00:00,163.53125
2021-09-03 14:30:00,162.59375
2021-09-03 15:00:00,162.65625
2021-09-03 16:00:00,162.71875
2021-09-03 17:00:00,162.75
2021-09-03 18:00:00,162.75
2021-09-03 19:00:00,162.78125
2021-09-03 20:00:00,162.78125
2021-09-03 21:00:00,162.75
2021-09-03 23:00:00,162.75
2021-09-07 14:30:00,161.6875
2021-09-07 15:00:00,161.65625
2021-09-07 16:00:00,161.9375
2021-09-07 17:00:00,161.9375
2021-09-07 18:00:00,162.0625
2021-09-07 19:00:00,161.875
2021-09-07 20:00:00,161.8125
2021-09-07 21:00:00,161.78125
2021-09-08 14:30:00,162.21875
2021-09-08 15:00:00,162.21875
2021-09-08 16:00:00,162.21875
2021-09-08 17:00:00,162.25
2021-09-08 18:00:00,162.5
2021-09-08 19:00:00,162.5625
2021-09-08 20:00:00,162.4375
2021-09-08 21:00:00,162.375
2021-09-09 14:30:00,162.53125
2021-09-09 15:00:00,162.625
2021-09-09 16:00:00,162.9375
2021-09-09 17:00:00,163.0625
2021-09-09 18:00:00,163.75
2021-09-09 19:00:00,163.5
2021-09-09 20:00:00,163.5625
2021-09-09 21:00:00,163.5
2021-09-10 14:30:00,163.0
2021-09-10 15:00:00,163.03125
2021-09-10 16:00:00,162.53125
2021-09-10 17:00:00,162.5625
2021-09-10 18:00:00,162.59375
2021-09-10 19:00:00,162.625
2021-09-10 20:00:00,162.65625
2021-09-10 21:00:00,162.59375
2021-09-13 14:30:00,163.0625
2021-09-13 15:00:00,163.15625
2021-09-13 16:00:00,163.15625
2021-09-13 17:00:00,163.0625
2021-09-13 18:00:00,163.125
2021-09-13 19:00:00,163.125
2021-09-13 20:00:00,163.09375
2021-09-13 21:00:00,163.0
2021-09-14 14:30:00,163.84375
2021-09-14 15:00:00,164.40625
2021-09-14 16:00:00,164.15625
2021-09-14 17:00:00,164.15625
2021-09-14 18:00:00,164.125
2021-09-14 19:00:00,164.1875
2021-09-14 20:00:00,164.3125
2021-09-14 21:00:00,164.03125
2021-09-15 14:30:00,164.03125
2021-09-15 15:00:00,164.09375
2021-09-15 16:00:00,163.59375
2021-09-15 17:00:00,163.625
2021-09-15 18:00:00,163.65625
2021-09-15 19:00:00,163.75
2021-09-15 20:00:00,163.84375
2021-09-15 21:00:00,163.875
2021-09-16 14:30:00,163.15625
2021-09-16 15:00:00,163.4375
2021-09-16 16:00:00,163.25
2021-09-16 17:00:00,163.40625
2021-09-16 18:00:00,163.375
2021-09-16 19:00:00,163.34375
2021-09-16 20:00:00,163.28125
2021-09-16 21:00:00,163.25
2021-09-17 14:30:00,162.5625
2021-09-17 15:00:00,162.40625
2021-09-17 16:00:00,162.46875
2021-09-17 17:00:00,162.46875
2021-09-17 18:00:00,162.53125
2021-09-17 19:00:00,162.5625
2021-09-17 20:00:00,162.53125
2021-09-17 21:00:00,162.65625
2021-09-20 14:30:00,163.375
2021-09-20 15:00:00,163.4375
2021-09-20 16:00:00,163.65625
2021-09-20 17:00:00,163.96875
2021-09-20 18:00:00,163.84375
2021-09-20 19:00:00,163.78125
2021-09-20 20:00:00,163.78125
2021-09-20 21:00:00,163.71875
2021-09-21 14:30:00,163.4375
2021-09-21 15:00:00,163.78125
2021-09-21 16:00:00,163.5625
2021-09-21 17:00:00,163.78125
2021-09-21 18:00:00,163.6875
2021-09-21 19:00:00,163.65625
2021-09-21 20:00:00,163.75
2021-09-21 21:00:00,163.65625
2021-09-22 14:30:00,163.75
2021-09-22 15:00:00,163.875
2021-09-22 16:00:00,163.96875
2021-09-22 17:00:00,163.9375
2021-09-22 18:00:00,164.0
2021-09-22 19:00:00,163.75
2021-09-22 20:00:00,163.9375
2021-09-22 21:00:00,164.375
2021-09-22 23:00:00,164.375
2021-09-23 14:30:00,163.25
2021-09-23 15:00:00,162.71875
2021-09-23 16:00:00,162.28125
2021-09-23 17:00:00,162.1875
2021-09-23 18:00:00,162.34375
2021-09-23 19:00:00,162.09375
2021-09-23 20:00:00,162.125
2021-09-23 21:00:00,161.6875
2021-09-24 14:30:00,161.15625
2021-09-24 15:00:00,161.09375
2021-09-24 16:00:00,161.125
2021-09-24 17:00:00,161.09375
2021-09-24 18:00:00,160.90625
2021-09-24 19:00:00,160.875
2021-09-24 20:00:00,160.96875
2021-09-24 21:00:00,160.96875
2021-09-27 14:30:00,160.65625
2021-09-27 15:00:00,160.40625
2021-09-27 16:00:00,160.625
2021-09-27 17:00:00,160.5625
2021-09-27 18:00:00,160.6875
2021-09-27 19:00:00,160.625
2021-09-27 20:00:00,160.6875
2021-09-27 21:00:00,160.5
2021-09-28 14:30:00,158.875
2021-09-28 15:00:00,159.03125
2021-09-28 16:00:00,159.46875
2021-09-28 17:00:00,159.59375
2021-09-28 18:00:00,159.4375
2021-09-28 19:00:00,159.25
2021-09-28 20:00:00,159.03125
2021-09-28 21:00:00,158.9375
2021-09-28 23:00:00,158.9375
2021-09-29 14:30:00,159.75
2021-09-29 15:00:00,159.53125
2021-09-29 16:00:00,159.625
2021-09-29 17:00:00,159.3125
2021-09-29 18:00:00,159.0
2021-09-29 19:00:00,159.03125
2021-09-29 20:00:00,159.03125
2021-09-29 21:00:00,159.46875
2021-09-30 14:30:00,159.09375
2021-09-30 15:00:00,159.3125
2021-09-30 16:00:00,159.3125
2021-09-30 17:00:00,159.4375
2021-09-30 18:00:00,159.3125
2021-09-30 19:00:00,159.15625
2021-09-30 20:00:00,159.34375
2021-09-30 21:00:00,159.9375
2021-10-01 14:30:00,159.875
2021-10-01 15:00:00,160.0
2021-10-01 16:00:00,159.84375
2021-10-01 17:00:00,159.84375
2021-10-01 18:00:00,159.90625
2021-10-01 19:00:00,160.25
2021-10-01 20:00:00,160.21875
2021-10-01 21:00:00,160.28125
2021-10-04 14:30:00,159.46875
2021-10-04 15:00:00,160.03125
2021-10-04 16:00:00,160.09375
2021-10-04 17:00:00,160.21875
2021-10-04 18:00:00,160.0625
2021-10-04 19:00:00,160.09375
2021-10-04 20:00:00,160.0
2021-10-04 21:00:00,160.09375
2021-10-05 14:30:00,159.3125
2021-10-05 15:00:00,159.03125
2021-10-05 16:00:00,159.0625
2021-10-05 17:00:00,159.1875
2021-10-05 18:00:00,159.21875
2021-10-05 19:00:00,159.09375
2021-10-05 20:00:00,159.09375
2021-10-05 21:00:00,159.0
2021-10-06 14:30:00,159.5625
2021-10-06 15:00:00,159.59375
2021-10-06 16:00:00,159.59375
2021-10-06 17:00:00,159.5625
2021-10-06 18:00:00,159.3125
2021-10-06 19:00:00,159.375
2021-10-06 20:00:00,159.5
2021-10-06 21:00:00,159.375
2021-10-07 14:30:00,158.71875
2021-10-07 15:00:00,158.5625
2021-10-07 16:00:00,158.53125
2021-10-07 17:00:00,158.5
2021-10-07 18:00:00,158.40625
2021-10-07 19:00:00,158.34375
2021-10-07 20:00:00,158.40625
2021-10-07 21:00:00,158.34375
2021-10-08 14:30:00,157.8125
2021-10-08 15:00:00,157.6875
2021-10-08 16:00:00,157.6875
2021-10-08 17:00:00,157.65625
2021-10-08 18:00:00,157.8125
2021-10-08 19:00:00,157.6875
2021-10-08 20:00:00,157.6875
2021-10-08 21:00:00,157.59375
2021-10-11 14:30:00,157.53125
2021-10-11 15:00:00,157.375
2021-10-11 16:00:00,157.46875
2021-10-11 17:00:00,157.4375
2021-10-11 18:00:00,157.46875
2021-10-11 19:00:00,157.40625
2021-10-11 20:00:00,157.34375
2021-10-11 21:00:00,157.46875
2021-10-12 14:30:00,158.1875
2021-10-12 15:00:00,158.0
2021-10-12 16:00:00,158.03125
2021-10-12 17:00:00,158.34375
2021-10-12 18:00:00,158.53125
2021-10-12 19:00:00,158.5
2021-10-12 20:00:00,158.8125
2021-10-12 21:00:00,158.5625
2021-10-13 14:30:00,159.6875
2021-10-13 15:00:00,159.6875
2021-10-13 16:00:00,159.40625
2021-10-13 17:00:00,159.25
2021-10-13 18:00:00,159.65625
2021-10-13 19:00:00,159.625
2021-10-13 20:00:00,159.75
2021-10-13 21:00:00,159.8125
2021-10-14 14:30:00,159.78125
2021-10-14 15:00:00,159.90625
2021-10-14 16:00:00,160.15625
2021-10-14 17:00:00,160.125
2021-10-14 18:00:00,160.03125
2021-10-14 19:00:00,160.03125
2021-10-14 20:00:00,160.15625
2021-10-14 21:00:00,160.21875
2021-10-14 23:00:00,160.21875
2021-10-15 14:30:00,159.21875
2021-10-15 15:00:00,159.40625
2021-10-15 16:00:00,159.125
2021-10-15 17:00:00,159.34375
2021-10-15 18:00:00,159.25
2021-10-15 19:00:00,159.28125
2021-10-15 20:00:00,159.375
2021-10-15 21:00:00,159.4375
2021-10-18 14:30:00,159.0625
2021-10-18 15:00:00,159.34375
2021-10-18 16:00:00,159.25
2021-10-18 17:00:00,159.15625
2021-10-18 18:00:00,159.5625
2021-10-18 19:00:00,159.5
2021-10-18 20:00:00,159.46875
2021-10-18 21:00:00,159.09375
2021-10-19 14:30:00,158.71875
2021-10-19 15:00:00,158.625
2021-10-19 16:00:00,158.34375
2021-10-19 17:00:00,158.3125
2021-10-19 18:00:00,158.34375
2021-10-19 19:00:00,158.28125
2021-10-19 20:00:00,158.15625
2021-10-19 21:00:00,158.1875
2021-10-20 14:30:00,157.9375
2021-10-20 15:00:00,157.78125
2021-10-20 16:00:00,158.0625
2021-10-20 17:00:00,158.28125
2021-10-20 18:00:00,157.9375
2021-10-20 19:00:00,158.03125
2021-10-20 20:00:00,157.6875
2021-10-20 21:00:00,157.625
2021-10-21 14:30:00,157.46875
2021-10-21 15:00:00,157.4375
2021-10-21 16:00:00,157.78125
2021-10-21 17:00:00,157.6875
2021-10-21 18:00:00,157.5625
2021-10-21 19:00:00,157.5625
2021-10-21 20:00:00,157.5625
2021-10-21 21:00:00,157.1875
2021-10-22 14:30:00,158.0
2021-10-22 15:00:00,158.34375
2021-10-22 16:00:00,158.59375
2021-10-22 17:00:00,158.4375
2021-10-22 18:00:00,158.15625
2021-10-22 19:00:00,158.21875
2021-10-22 20:00:00,158.4375
2021-10-22 21:00:00,158.53125
2021-10-22 23:00:00,158.53125
2021-10-25 14:30:00,158.5
2021-10-25 15:00:00,158.5625
2021-10-25 16:00:00,158.53125
2021-10-25 17:00:00,158.5625
2021-10-25 18:00:00,158.375
2021-10-25 19:00:00,158.4375
2021-10-25 20:00:00,158.4375
2021-10-25 21:00:00,158.5
2021-10-26 14:30:00,158.6875
2021-10-26 15:00:00,158.46875
2021-10-26 16:00:00,158.59375
2021-10-26 17:00:00,158.875
2021-10-26 18:00:00,158.84375
2021-10-26 19:00:00,158.9375
2021-10-26 20:00:00,159.0625
2021-10-26 21:00:00,159.09375
2021-10-27 14:30:00,160.0625
2021-10-27 15:00:00,160.21875
2021-10-27 16:00:00,160.34375
2021-10-27 17:00:00,160.53125
2021-10-27 18:00:00,160.90625
2021-10-27 19:00:00,161.03125
2021-10-27 20:00:00,160.71875
2021-10-27 21:00:00,160.6875
2021-10-28 14:30:00,160.59375
2021-10-28 15:00:00,160.46875
2021-10-28 16:00:00,160.375
2021-10-28 17:00:00,160.40625
2021-10-28 18:00:00,160.46875
2021-10-28 19:00:00,160.4375
2021-10-28 20:00:00,160.375
2021-10-28 21:00:00,160.09375
2021-10-29 14:30:00,160.21875
2021-10-29 15:00:00,160.75
2021-10-29 16:00:00,160.6875
2021-10-29 17:00:00,160.5
2021-10-29 18:00:00,160.6875
2021-10-29 19:00:00,160.78125
2021-10-29 20:00:00,160.78125
2021-10-29 21:00:00,160.84375
2021-11-01 13:30:00,159.90625
2021-11-01 14:00:00,160.125
2021-11-01 15:00:00,160.0625
2021-11-01 16:00:00,160.0625
2021-11-01 17:00:00,160.34375
2021-11-01 18:00:00,160.34375
2021-11-01 19:00:00,160.4375
2021-11-01 20:00:00,160.5625
2021-11-02 13:30:00,160.59375
2021-11-02 14:00:00,160.75
2021-11-02 15:00:00,160.9375
2021-11-02 16:00:00,160.84375
2021-11-02 17:00:00,160.875
2021-11-02 18:00:00,160.71875
2021-11-02 19:00:00,160.75
2021-11-02 20:00:00,160.65625
2021-11-03 13:30:00,160.9375
2021-11-03 14:00:00,160.65625
2021-11-03 15:00:00,160.75
2021-11-03 16:00:00,160.84375
2021-11-03 17:00:00,160.78125
2021-11-03 18:00:00,160.375
2021-11-03 19:00:00,160.28125
2021-11-03 20:00:00,159.625
2021-11-04 13:30:00,160.6875
2021-11-04 14:00:00,161.0
2021-11-04 15:00:00,160.96875
2021-11-04 16:00:00,161.0625
2021-11-04 17:00:00,161.28125
2021-11-04 18:00:00,161.0625
2021-11-04 19:00:00,161.1875
2021-11-04 20:00:00,161.0
2021-11-05 13:30:00,162.125
2021-11-05 14:00:00,162.53125
2021-11-05 15:00:00,162.59375
2021-11-05 16:00:00,162.65625
2021-11-05 17:00:00,162.65625
2021-11-05 18:00:00,162.8125
2021-11-05 19:00:00,163.03125
2021-11-05 20:00:00,162.6875
2021-11-08 14:30:00,162.25
2021-11-08 15:00:00,162.25
2021-11-08 16:00:00,162.375
2021-11-08 17:00:00,162.15625
2021-11-08 18:00:00,162.3125
2021-11-08 19:00:00,162.21875
2021-11-08 20:00:00,162.15625
2021-11-08 21:00:00,162.25
2021-11-09 14:30:00,163.4375
2021-11-09 15:00:00,163.46875
2021-11-09 16:00:00,163.78125
2021-11-09 17:00:00,163.875
2021-11-09 18:00:00,163.78125
2021-11-09 19:00:00,163.71875
2021-11-09 20:00:00,163.53125
2021-11-09 21:00:00,163.625
2021-11-10 14:30:00,163.03125
2021-11-10 15:00:00,162.65625
2021-11-10 16:00:00,162.53125
2021-11-10 17:00:00,162.34375
2021-11-10 18:00:00,162.21875
2021-11-10 19:00:00,162.125
2021-11-10 20:00:00,161.96875
2021-11-10 21:00:00,162.125
2021-11-11 14:30:00,161.90625
2021-11-11 15:00:00,161.71875
2021-11-11 16:00:00,161.8125
2021-11-11 17:00:00,161.8125
2021-11-11 18:00:00,161.78125
2021-11-11 19:00:00,161.75
2021-11-11 20:00:00,161.6875
2021-11-11 21:00:00,161.71875
2021-11-12 14:30:00,161.65625
2021-11-12 15:00:00,161.71875
2021-11-12 16:00:00,161.5
2021-11-12 17:00:00,161.25
2021-11-12 18:00:00,161.375
2021-11-12 19:00:00,161.3125
2021-11-12 20:00:00,161.4375
2021-11-12 21:00:00,161.6875
2021-11-15 14:30:00,160.78125
2021-11-15 15:00:00,160.59375
2021-11-15 16:00:00,160.3125
2021-11-15 17:00:00,160.1875
2021-11-15 18:00:00,160.3125
2021-11-15 19:00:00,160.15625
2021-11-15 20:00:00,160.125
2021-11-15 21:00:00,160.34375
2021-11-16 14:30:00,160.25
2021-11-16 15:00:00,160.3125
2021-11-16 16:00:00,160.15625
2021-11-16 17:00:00,160.03125
2021-11-16 18:00:00,160.0625
2021-11-16 19:00:00,159.875
2021-11-16 20:00:00,159.90625
2021-11-16 21:00:00,159.84375
2021-11-17 14:30:00,159.90625
2021-11-17 15:00:00,159.84375
2021-11-17 16:00:00,160.03125
2021-11-17 17:00:00,160.15625
2021-11-17 18:00:00,160.40625
2021-11-17 19:00:00,160.375
2021-11-17 20:00:00,160.3125
2021-11-17 21:00:00,160.71875
2021-11-18 14:30:00,160.6875
2021-11-18 15:00:00,160.84375
2021-11-18 16:00:00,160.9375
2021-11-18 17:00:00,160.875
2021-11-18 18:00:00,160.875
2021-11-18 19:00:00,160.875
2021-11-18 20:00:00,161.0
2021-11-18 21:00:00,160.875
2021-11-19 14:30:00,161.8125
2021-11-19 15:00:00,161.875
2021-11-19 16:00:00,161.84375
2021-11-19 17:00:00,161.65625
2021-11-19 18:00:00,161.84375
2021-11-19 19:00:00,161.75
2021-11-19 20:00:00,161.65625
2021-11-19 21:00:00,161.625
2021-11-22 14:30:00,161.0
2021-11-22 15:00:00,160.875
2021-11-22 16:00:00,160.78125
2021-11-22 17:00:00,160.6875
2021-11-22 18:00:00,160.28125
2021-11-22 19:00:00,160.21875
2021-11-22 20:00:00,160.1875
2021-11-22 21:00:00,160.375
2021-11-23 14:30:00,159.75
2021-11-23 15:00:00,159.78125
2021-11-23 16:00:00,159.46875
2021-11-23 17:00:00,159.40625
2021-11-23 18:00:00,159.34375
2021-11-23 19:00:00,159.28125
2021-11-23 20:00:00,159.25
2021-11-23 20:00:01,159.25
2021-11-23 21:00:00,159.21875
2021-11-24 14:30:00,159.15625
2021-11-24 15:00:00,159.5625
2021-11-24 16:00:00,159.71875
2021-11-24 17:00:00,159.78125
2021-11-24 18:00:00,159.75
2021-11-24 19:00:00,159.90625
2021-11-24 20:00:00,160.03125
2021-11-24 21:00:00,160.09375
2021-11-24 23:00:00,159.90625
2021-11-26 14:30:00,162.21875
2021-11-26 15:00:00,162.4375
2021-11-26 16:00:00,162.5625
2021-11-26 17:00:00,162.875
2021-11-26 18:00:00,162.84375
2021-11-26 23:00:00,162.84375
2021-11-29 14:30:00,161.53125
2021-11-29 15:00:00,162.1875
2021-11-29 16:00:00,162.1875
2021-11-29 17:00:00,161.9375
2021-11-29 18:00:00,162.0
2021-11-29 19:00:00,161.875
2021-11-29 20:00:00,162.09375
2021-11-29 21:00:00,162.3125
2021-11-29 23:00:00,161.90625
2021-11-30 14:30:00,163.4375
2021-11-30 15:00:00,163.03125
2021-11-30 16:00:00,163.625
2021-11-30 17:00:00,163.40625
2021-11-30 18:00:00,163.53125
2021-11-30 19:00:00,163.625
2021-11-30 20:00:00,163.53125
2021-11-30 21:00:00,163.46875
2021-12-01 14:30:00,162.875
2021-12-01 15:00:00,162.75
2021-12-01 16:00:00,163.28125
2021-12-01 17:00:00,163.5
2021-12-01 18:00:00,163.78125
2021-12-01 19:00:00,163.84375
2021-12-01 20:00:00,164.0
2021-12-01 21:00:00,164.40625
2021-12-02 14:30:00,163.9375
2021-12-02 15:00:00,163.9375
2021-12-02 16:00:00,163.65625
2021-12-02 17:00:00,163.65625
2021-12-02 18:00:00,163.625
2021-12-02 19:00:00,163.84375
2021-12-02 20:00:00,163.84375
2021-12-02 21:00:00,163.78125
2021-12-03 14:30:00,163.8125
2021-12-03 15:00:00,164.1875
2021-12-03 16:00:00,164.9375
2021-12-03 17:00:00,165.15625
2021-12-03 18:00:00,165.3125
2021-12-03 19:00:00,165.65625
2021-12-03 20:00:00,165.3125
2021-12-03 21:00:00,165.65625
2021-12-06 14:30:00,165.03125
2021-12-06 15:00:00,164.75
2021-12-06 16:00:00,164.84375
2021-12-06 17:00:00,164.21875
2021-12-06 18:00:00,163.875
2021-12-06 19:00:00,164.0
2021-12-06 20:00:00,164.1875
2021-12-06 21:00:00,163.90625
2021-12-07 14:30:00,163.875
2021-12-07 15:00:00,163.84375
2021-12-07 16:00:00,163.90625
2021-12-07 17:00:00,163.5625
2021-12-07 18:00:00,163.5625
2021-12-07 19:00:00,163.40625
2021-12-07 20:00:00,163.3125
2021-12-07 21:00:00,163.375
2021-12-07 23:00:00,163.375
2021-12-08 14:30:00,162.84375
2021-12-08 15:00:00,162.40625
2021-12-08 16:00:00,162.0625
2021-12-08 17:00:00,162.375
2021-12-08 18:00:00,162.25
2021-12-08 19:00:00,162.28125
2021-12-08 20:00:00,162.21875
2021-12-08 21:00:00,162.03125
2021-12-08 23:00:00,162.03125
2021-12-09 14:30:00,162.84375
2021-12-09 15:00:00,162.90625
2021-12-09 16:00:00,162.71875
2021-12-09 17:00:00,162.71875
2021-12-09 18:00:00,162.8125
2021-12-09 19:00:00,162.78125
2021-12-09 20:00:00,162.6875
2021-12-09 21:00:00,162.5
2021-12-10 14:30:00,163.21875
2021-12-10 15:00:00,163.15625
2021-12-10 16:00:00,163.0625
2021-12-10 17:00:00,163.0
2021-12-10 18:00:00,162.90625
2021-12-10 19:00:00,162.78125
2021-12-10 20:00:00,162.75
2021-12-10 21:00:00,162.78125
2021-12-13 14:30:00,163.75
2021-12-13 15:00:00,163.875
2021-12-13 16:00:00,164.03125
2021-12-13 17:00:00,163.90625
2021-12-13 18:00:00,163.875
2021-12-13 19:00:00,163.9375
2021-12-13 20:00:00,163.9375
2021-12-13 21:00:00,164.03125
2021-12-14 14:30:00,163.15625
2021-12-14 15:00:00,163.46875
2021-12-14 16:00:00,163.875
2021-12-14 17:00:00,163.71875
2021-12-14 18:00:00,163.71875
2021-12-14 19:00:00,163.71875
2021-12-14 20:00:00,163.625
2021-12-14 21:00:00,163.59375
2021-12-15 14:30:00,163.53125
2021-12-15 15:00:00,163.625
2021-12-15 16:00:00,163.71875
2021-12-15 17:00:00,163.53125
2021-12-15 18:00:00,163.5625
2021-12-15 19:00:00,163.28125
2021-12-15 20:00:00,163.1875
2021-12-15 21:00:00,163.125
2021-12-16 14:30:00,163.625
2021-12-16 15:00:00,163.46875
2021-12-16 16:00:00,163.40625
2021-12-16 17:00:00,163.53125
2021-12-16 18:00:00,163.53125
2021-12-16 19:00:00,163.59375
2021-12-16 20:00:00,163.3125
2021-12-16 21:00:00,163.65625
2021-12-17 14:30:00,164.375
2021-12-17 15:00:00,163.96875
2021-12-17 16:00:00,164.25
2021-12-17 17:00:00,164.09375
2021-12-17 18:00:00,163.84375
2021-12-17 19:00:00,164.0625
2021-12-17 20:00:00,163.9375
2021-12-17 21:00:00,164.0625
2021-12-17 23:00:00,164.0625
2021-12-20 14:30:00,163.8125
2021-12-20 15:00:00,164.125
2021-12-20 16:00:00,164.0
2021-12-20 17:00:00,163.8125
2021-12-20 18:00:00,163.625
2021-12-20 19:00:00,163.46875
2021-12-20 20:00:00,163.34375
2021-12-20 21:00:00,163.34375
2021-12-21 14:30:00,162.34375
2021-12-21 15:00:00,162.125
2021-12-21 16:00:00,162.09375
2021-12-21 17:00:00,161.9375
2021-12-21 18:00:00,162.3125
2021-12-21 19:00:00,162.25
2021-12-21 20:00:00,162.40625
2021-12-21 21:00:00,162.75
2021-12-22 14:30:00,162.78125
2021-12-22 15:00:00,162.75
2021-12-22 16:00:00,162.84375
2021-12-22 17:00:00,162.8125
2021-12-22 18:00:00,162.75
2021-12-22 19:00:00,162.84375
2021-12-22 20:00:00,162.84375
2021-12-22 21:00:00,162.96875
2021-12-23 14:30:00,162.125
2021-12-23 15:00:00,161.90625
2021-12-23 16:00:00,162.03125
2021-12-23 17:00:00,161.96875
2021-12-23 18:00:00,161.9375
2021-12-23 19:00:00,162.03125
2021-12-23 20:00:00,162.0625
2021-12-23 21:00:00,162.0
2021-12-23 23:00:00,161.9375
2021-12-27 14:30:00,162.1875
2021-12-27 15:00:00,162.28125
2021-12-27 16:00:00,162.28125
2021-12-27 17:00:00,162.21875
2021-12-27 18:00:00,162.15625
2021-12-27 19:00:00,162.21875
2021-12-27 20:00:00,162.21875
2021-12-27 21:00:00,162.21875
2021-12-28 14:30:00,162.65625
2021-12-28 15:00:00,162.5
2021-12-28 16:00:00,162.5
2021-12-28 17:00:00,162.375
2021-12-28 18:00:00,162.09375
2021-12-28 19:00:00,162.15625
2021-12-28 20:00:00,162.125
2021-12-28 21:00:00,162.15625
2021-12-29 14:30:00,161.09375
2021-12-29 15:00:00,160.8125
2021-12-29 16:00:00,160.8125
2021-12-29 17:00:00,160.75
2021-12-29 18:00:00,160.8125
2021-12-29 19:00:00,160.8125
2021-12-29 20:00:00,160.65625
2021-12-29 21:00:00,160.6875
2021-12-30 14:30:00,160.8125
2021-12-30 15:00:00,160.9375
2021-12-30 16:00:00,161.0
2021-12-30 17:00:00,161.21875
2021-12-30 18:00:00,161.28125
2021-12-30 19:00:00,161.375
2021-12-30 20:00:00,161.34375
2021-12-30 21:00:00,161.40625
2021-12-31 14:30:00,161.3125
2021-12-31 15:00:00,161.78125
2021-12-31 16:00:00,161.59375
2021-12-31 17:00:00,161.90625
2021-12-31 18:00:00,161.625
2021-12-31 19:00:00,161.5
2021-12-31 20:00:00,161.5
2021-12-31 21:00:00,161.4375
2022-01-03 14:30:00,160.0625
2022-01-03 15:00:00,160.0
2022-01-03 16:00:00,159.5625
2022-01-03 17:00:00,159.4375
2022-01-03 18:00:00,159.28125
2022-01-03 19:00:00,159.375
2022-01-03 20:00:00,159.28125
2022-01-03 21:00:00,159.25
2022-01-04 14:30:00,158.5
2022-01-04 15:00:00,158.125
2022-01-04 16:00:00,158.0625
2022-01-04 17:00:00,158.0625
2022-01-04 18:00:00,158.25
2022-01-04 19:00:00,158.25
2022-01-04 20:00:00,158.25
2022-01-04 21:00:00,158.53125
2022-01-05 14:30:00,158.59375
2022-01-05 15:00:00,158.46875
2022-01-05 16:00:00,158.15625
2022-01-05 17:00:00,158.09375
2022-01-05 18:00:00,157.96875
2022-01-05 19:00:00,157.875
2022-01-05 20:00:00,157.8125
2022-01-05 21:00:00,157.65625
2022-01-06 14:30:00,157.3125
2022-01-06 15:00:00,157.28125
2022-01-06 16:00:00,157.1875
2022-01-06 17:00:00,157.46875
2022-01-06 18:00:00,157.46875
2022-01-06 19:00:00,157.4375
2022-01-06 20:00:00,157.59375
2022-01-06 21:00:00,157.625
2022-01-07 14:30:00,156.90625
2022-01-07 15:00:00,156.4375
2022-01-07 16:00:00,156.40625
2022-01-07 17:00:00,156.625
2022-01-07 18:00:00,156.75
2022-01-07 19:00:00,156.59375
2022-01-07 20:00:00,156.59375
2022-01-07 21:00:00,156.71875
2022-01-10 14:30:00,156.1875
2022-01-10 15:00:00,156.40625
2022-01-10 16:00:00,156.5
2022-01-10 17:00:00,156.78125
2022-01-10 18:00:00,156.78125
2022-01-10 19:00:00,156.78125
2022-01-10 20:00:00,156.96875
2022-01-10 21:00:00,157.09375
2022-01-11 14:30:00,157.15625
2022-01-11 15:00:00,156.9375
2022-01-11 16:00:00,157.0625
2022-01-11 17:00:00,157.09375
2022-01-11 18:00:00,157.21875
2022-01-11 19:00:00,157.34375
2022-01-11 20:00:00,157.4375
2022-01-11 21:00:00,157.5
2022-01-12 14:30:00,157.46875
2022-01-12 15:00:00,157.53125
2022-01-12 16:00:00,157.59375
2022-01-12 17:00:00,157.75
2022-01-12 18:00:00,157.5625
2022-01-12 19:00:00,157.46875
2022-01-12 20:00:00,157.34375
2022-01-12 21:00:00,157.25
2022-01-13 14:30:00,157.40625
2022-01-13 15:00:00,157.4375
2022-01-13 16:00:00,157.71875
2022-01-13 17:00:00,157.6875
2022-01-13 18:00:00,157.84375
2022-01-13 19:00:00,157.90625
2022-01-13 20:00:00,158.15625
2022-01-13 21:00:00,158.0625
2022-01-14 14:30:00,157.375
2022-01-14 15:00:00,157.3125
2022-01-14 16:00:00,157.15625
2022-01-14 17:00:00,156.875
2022-01-14 18:00:00,156.875
2022-01-14 19:00:00,156.875
2022-01-14 20:00:00,156.625
2022-01-14 21:00:00,156.5625
2022-01-14 23:00:00,156.8125
2022-01-18 14:30:00,155.84375
2022-01-18 15:00:00,155.46875
2022-01-18 16:00:00,155.625
2022-01-18 17:00:00,155.3125
2022-01-18 18:00:00,155.34375
2022-01-18 19:00:00,155.46875
2022-01-18 20:00:00,155.125
2022-01-18 21:00:00,155.15625
2022-01-19 14:30:00,155.375
2022-01-19 15:00:00,155.5
2022-01-19 16:00:00,155.5625
2022-01-19 17:00:00,155.6875
2022-01-19 18:00:00,155.96875
2022-01-19 19:00:00,156.0
2022-01-19 20:00:00,155.65625
2022-01-19 21:00:00,155.3125
2022-01-20 14:30:00,155.90625
2022-01-20 15:00:00,155.84375
2022-01-20 16:00:00,155.75
2022-01-20 17:00:00,155.84375
2022-01-20 18:00:00,155.875
2022-01-20 19:00:00,155.9375
2022-01-20 20:00:00,156.21875
2022-01-20 21:00:00,156.40625
2022-01-21 14:30:00,157.40625
2022-01-21 15:00:00,157.1875
2022-01-21 16:00:00,157.125
2022-01-21 17:00:00,157.40625
2022-01-21 18:00:00,157.25
2022-01-21 19:00:00,157.28125
2022-01-21 20:00:00,157.4375
2022-01-21 21:00:00,157.1875
2022-01-24 14:30:00,157.90625
2022-01-24 15:00:00,157.71875
2022-01-24 16:00:00,157.78125
2022-01-24 17:00:00,157.8125
2022-01-24 18:00:00,157.6875
2022-01-24 19:00:00,157.34375
2022-01-24 20:00:00,157.40625
2022-01-24 21:00:00,156.8125
2022-01-25 14:30:00,157.5625
2022-01-25 15:00:00,157.375
2022-01-25 16:00:00,157.09375
2022-01-25 17:00:00,157.125
2022-01-25 18:00:00,156.6875
2022-01-25 19:00:00,156.75
2022-01-25 20:00:00,156.78125
2022-01-25 21:00:00,156.90625
2022-01-26 14:30:00,156.59375
2022-01-26 15:00:00,156.78125
2022-01-26 16:00:00,156.75
2022-01-26 17:00:00,156.78125
2022-01-26 18:00:00,156.6875
2022-01-26 19:00:00,156.03125
2022-01-26 20:00:00,155.53125
2022-01-26 21:00:00,155.625
2022-01-27 14:30:00,156.96875
2022-01-27 15:00:00,156.8125
2022-01-27 16:00:00,156.875
2022-01-27 17:00:00,157.03125
2022-01-27 18:00:00,157.09375
2022-01-27 19:00:00,156.875
2022-01-27 20:00:00,157.0
2022-01-27 21:00:00,156.96875
2022-01-28 14:30:00,156.84375
2022-01-28 15:00:00,156.875
2022-01-28 16:00:00,157.125
2022-01-28 17:00:00,157.15625
2022-01-28 18:00:00,157.15625
2022-01-28 19:00:00,157.1875
2022-01-28 20:00:00,157.28125
2022-01-28 21:00:00,157.3125
2022-01-31 14:30:00,156.75
2022-01-31 15:00:00,156.9375
2022-01-31 16:00:00,156.875
2022-01-31 17:00:00,156.875
2022-01-31 18:00:00,157.15625
2022-01-31 19:00:00,157.09375
2022-01-31 20:00:00,157.0
2022-01-31 21:00:00,157.0625
2022-02-01 14:30:00,156.71875
2022-02-01 15:00:00,156.28125
2022-02-01 16:00:00,156.4375
2022-02-01 17:00:00,156.75
2022-02-01 18:00:00,156.90625
2022-02-01 19:00:00,156.75
2022-02-01 20:00:00,156.65625
2022-02-01 21:00:00,156.90625
2022-02-02 14:30:00,157.46875
2022-02-02 15:00:00,157.375
2022-02-02 16:00:00,157.78125
2022-02-02 17:00:00,157.90625
2022-02-02 18:00:00,157.625
2022-02-02 19:00:00,157.375
2022-02-02 20:00:00,157.1875
2022-02-02 21:00:00,157.25
2022-02-03 14:30:00,155.90625
2022-02-03 15:00:00,156.0
2022-02-03 16:00:00,156.21875
2022-02-03 17:00:00,156.1875
2022-02-03 18:00:00,156.1875
2022-02-03 19:00:00,156.375
2022-02-03 20:00:00,156.375
2022-02-03 21:00:00,156.28125
2022-02-04 14:30:00,155.0625
2022-02-04 15:00:00,154.65625
2022-02-04 16:00:00,154.84375
2022-02-04 17:00:00,154.84375
2022-02-04 18:00:00,154.78125
2022-02-04 19:00:00,154.84375
2022-02-04 20:00:00,154.8125
2022-02-04 21:00:00,155.0
2022-02-07 14:30:00,154.625
2022-02-07 15:00:00,154.5625
2022-02-07 16:00:00,154.78125
2022-02-07 17:00:00,154.78125
2022-02-07 18:00:00,154.96875
2022-02-07 19:00:00,155.0625
2022-02-07 20:00:00,154.875
2022-02-07 21:00:00,154.90625
2022-02-08 14:30:00,154.15625
2022-02-08 15:00:00,154.0625
2022-02-08 16:00:00,154.1875
2022-02-08 17:00:00,154.28125
2022-02-08 18:00:00,154.34375
2022-02-08 19:00:00,154.375
2022-02-08 20:00:00,154.15625
2022-02-08 21:00:00,154.15625
2022-02-09 14:30:00,154.5
2022-02-09 15:00:00,154.625
2022-02-09 16:00:00,154.78125
2022-02-09 17:00:00,154.71875
2022-02-09 18:00:00,154.8125
2022-02-09 19:00:00,154.6875
2022-02-09 20:00:00,154.40625
2022-02-09 21:00:00,154.4375
2022-02-10 14:30:00,153.6875
2022-02-10 15:00:00,153.25
2022-02-10 16:00:00,153.34375
2022-02-10 17:00:00,152.78125
2022-02-10 18:00:00,153.21875
2022-02-10 19:00:00,153.1875
2022-02-10 20:00:00,152.8125
2022-02-10 21:00:00,153.03125
2022-02-11 14:30:00,153.125
2022-02-11 15:00:00,152.75
2022-02-11 16:00:00,152.53125
2022-02-11 17:00:00,152.9375
2022-02-11 18:00:00,153.78125
2022-02-11 19:00:00,153.84375
2022-02-11 20:00:00,154.5
2022-02-11 21:00:00,154.34375
2022-02-14 14:30:00,153.3125
2022-02-14 15:00:00,152.90625
2022-02-14 16:00:00,152.75
2022-02-14 17:00:00,152.9375
2022-02-14 18:00:00,153.5625
2022-02-14 19:00:00,153.53125
2022-02-14 20:00:00,153.0625
2022-02-14 21:00:00,153.375
2022-02-15 14:30:00,152.15625
2022-02-15 15:00:00,152.34375
2022-02-15 16:00:00,152.53125
2022-02-15 17:00:00,152.375
2022-02-15 18:00:00,152.375
2022-02-15 19:00:00,152.3125
2022-02-15 20:00:00,152.125
2022-02-15 21:00:00,152.25
2022-02-16 14:30:00,152.53125
2022-02-16 15:00:00,152.5
2022-02-16 16:00:00,152.375
2022-02-16 17:00:00,152.40625
2022-02-16 18:00:00,151.9375
2022-02-16 19:00:00,152.1875
2022-02-16 20:00:00,152.59375
2022-02-16 21:00:00,152.40625
2022-02-17 14:30:00,153.71875
2022-02-17 15:00:00,153.96875
2022-02-17 16:00:00,153.5
2022-02-17 17:00:00,153.3125
2022-02-17 18:00:00,153.34375
2022-02-17 19:00:00,153.4375
2022-02-17 20:00:00,153.65625
2022-02-17 21:00:00,153.59375
2022-02-18 14:30:00,153.9375
2022-02-18 15:00:00,154.15625
2022-02-18 16:00:00,154.46875
2022-02-18 17:00:00,154.4375
2022-02-18 18:00:00,154.625
2022-02-18 19:00:00,154.53125
2022-02-18 20:00:00,154.65625
2022-02-18 21:00:00,154.53125
2022-02-18 23:00:00,154.5
2022-02-22 14:30:00,154.15625
2022-02-22 15:00:00,154.5
2022-02-22 16:00:00,154.53125
2022-02-22 17:00:00,154.8125
2022-02-22 18:00:00,154.90625
2022-02-22 19:00:00,154.46875
2022-02-22 20:00:00,154.9375
2022-02-22 21:00:00,154.59375
2022-02-23 14:30:00,153.78125
2022-02-23 15:00:00,154.25
2022-02-23 16:00:00,154.0625
2022-02-23 17:00:00,154.03125
2022-02-23 18:00:00,154.34375
2022-02-23 19:00:00,154.1875
2022-02-23 19:00:01,154.1875
2022-02-23 20:00:00,153.75
2022-02-23 21:00:00,153.6875
2022-02-24 14:30:00,155.28125
2022-02-24 15:00:00,154.78125
2022-02-24 16:00:00,154.375
2022-02-24 17:00:00,154.65625
2022-02-24 18:00:00,154.6875
2022-02-24 19:00:00,154.125
2022-02-24 20:00:00,154.21875
2022-02-24 21:00:00,154.0625
2022-02-24 23:00:00,154.0625
2022-02-25 14:30:00,153.78125
2022-02-25 15:00:00,154.15625
2022-02-25 16:00:00,153.84375
2022-02-25 17:00:00,153.59375
2022-02-25 18:00:00,153.5
2022-02-25 19:00:00,153.65625
2022-02-25 20:00:00,154.09375
2022-02-25 21:00:00,154.15625
2022-02-25 23:00:00,154.15625
2022-02-28 14:30:00,155.84375
2022-02-28 15:00:00,155.84375
2022-02-28 16:00:00,155.875
2022-02-28 17:00:00,156.0625
2022-02-28 18:00:00,156.0625
2022-02-28 19:00:00,156.34375
2022-02-28 20:00:00,156.75
2022-02-28 21:00:00,156.8125
2022-02-28 23:00:00,156.46875
2022-03-01 14:30:00,158.0
2022-03-01 15:00:00,158.875
2022-03-01 16:00:00,159.0
2022-03-01 17:00:00,158.71875
2022-03-01 18:00:00,159.28125
2022-03-01 19:00:00,159.09375
2022-03-01 20:00:00,158.71875
2022-03-01 21:00:00,158.59375
2022-03-01 23:00:00,158.59375
2022-03-02 14:30:00,157.6875
2022-03-02 15:00:00,157.65625
2022-03-02 16:00:00,156.8125
2022-03-02 17:00:00,156.78125
2022-03-02 18:00:00,156.375
2022-03-02 19:00:00,156.34375
2022-03-02 20:00:00,155.40625
2022-03-02 21:00:00,155.96875
2022-03-02 23:00:00,155.96875
2022-03-03 14:30:00,155.8125
2022-03-03 15:00:00,156.125
2022-03-03 16:00:00,156.65625
2022-03-03 17:00:00,156.34375
2022-03-03 18:00:00,156.40625
2022-03-03 19:00:00,156.53125
2022-03-03 20:00:00,156.5625
2022-03-03 21:00:00,156.6875
2022-03-03 23:00:00,156.6875
2022-03-04 14:30:00,159.03125
2022-03-04 15:00:00,159.375
2022-03-04 16:00:00,159.34375
2022-03-04 17:00:00,158.84375
2022-03-04 18:00:00,158.875
2022-03-04 19:00:00,159.0625
2022-03-04 20:00:00,159.03125
2022-03-04 21:00:00,158.78125
2022-03-04 23:00:00,158.78125
2022-03-07 14:30:00,158.5625
2022-03-07 15:00:00,158.90625
2022-03-07 16:00:00,158.9375
2022-03-07 17:00:00,159.34375
2022-03-07 18:00:00,159.46875
2022-03-07 19:00:00,159.5625
2022-03-07 20:00:00,158.9375
2022-03-07 21:00:00,158.65625
2022-03-07 23:00:00,158.65625
2022-03-08 14:30:00,156.90625
2022-03-08 15:00:00,157.34375
2022-03-08 16:00:00,156.9375
2022-03-08 17:00:00,157.0625
2022-03-08 18:00:00,156.78125
2022-03-08 19:00:00,156.96875
2022-03-08 20:00:00,157.03125
2022-03-08 21:00:00,157.25
2022-03-08 23:00:00,157.25
2022-03-09 14:30:00,155.96875
2022-03-09 15:00:00,155.75
2022-03-09 16:00:00,155.90625
2022-03-09 17:00:00,156.21875
2022-03-09 18:00:00,155.71875
2022-03-09 19:00:00,155.4375
2022-03-09 20:00:00,155.53125
2022-03-09 21:00:00,155.03125
2022-03-09 23:00:00,155.03125
2022-03-10 14:30:00,154.53125
2022-03-10 15:00:00,154.5625
2022-03-10 16:00:00,154.4375
2022-03-10 17:00:00,154.375
2022-03-10 18:00:00,154.5
2022-03-10 19:00:00,154.5
2022-03-10 20:00:00,154.6875
2022-03-10 21:00:00,154.96875
2022-03-10 23:00:00,154.96875
2022-03-11 14:30:00,154.71875
2022-03-11 15:00:00,154.75
2022-03-11 16:00:00,155.28125
2022-03-11 17:00:00,155.09375
2022-03-11 18:00:00,155.0
2022-03-11 19:00:00,154.84375
2022-03-11 20:00:00,155.03125
2022-03-11 21:00:00,155.03125
2022-03-11 23:00:00,155.03125
2022-03-14 13:30:00,153.03125
2022-03-14 14:00:00,152.78125
2022-03-14 15:00:00,152.59375
2022-03-14 16:00:00,152.65625
2022-03-14 17:00:00,152.5
2022-03-14 18:00:00,152.25
2022-03-14 19:00:00,152.34375
2022-03-14 20:00:00,152.3125
2022-03-14 23:00:00,152.3125
2022-03-15 13:30:00,153.125
2022-03-15 14:00:00,152.4375
2022-03-15 15:00:00,152.375
2022-03-15 16:00:00,152.3125
2022-03-15 17:00:00,151.875
2022-03-15 18:00:00,151.84375
2022-03-15 19:00:00,152.0
2022-03-15 20:00:00,152.03125
2022-03-15 23:00:00,152.03125
2022-03-16 13:30:00,152.125
2022-03-16 14:00:00,151.875
2022-03-16 15:00:00,151.8125
2022-03-16 16:00:00,151.625
2022-03-16 17:00:00,151.5
2022-03-16 18:00:00,151.59375
2022-03-16 19:00:00,151.6875
2022-03-16 20:00:00,151.5625
2022-03-17 13:30:00,151.53125
2022-03-17 14:00:00,152.34375
2022-03-17 15:00:00,151.84375
2022-03-17 16:00:00,151.8125
2022-03-17 17:00:00,151.65625
2022-03-17 18:00:00,151.21875
2022-03-17 19:00:00,151.09375
2022-03-17 20:00:00,151.5
2022-03-18 13:30:00,152.5625
2022-03-18 14:00:00,152.28125
2022-03-18 15:00:00,152.1875
2022-03-18 16:00:00,152.125
2022-03-18 17:00:00,152.1875
2022-03-18 18:00:00,152.28125
2022-03-18 19:00:00,152.3125
2022-03-18 20:00:00,152.09375
2022-03-18 23:00:00,152.09375
2022-03-21 13:30:00,150.65625
2022-03-21 14:00:00,150.34375
2022-03-21 15:00:00,150.5
2022-03-21 16:00:00,149.9375
2022-03-21 17:00:00,149.5625
2022-03-21 18:00:00,149.34375
2022-03-21 19:00:00,149.4375
2022-03-21 20:00:00,149.5625
2022-03-21 23:00:00,149.5625
2022-03-22 13:30:00,148.09375
2022-03-22 14:00:00,148.21875
2022-03-22 15:00:00,148.25
2022-03-22 16:00:00,148.125
2022-03-22 17:00:00,148.03125
2022-03-22 18:00:00,148.15625
2022-03-22 19:00:00,148.09375
2022-03-22 20:00:00,148.125
2022-03-22 23:00:00,148.125
2022-03-23 13:30:00,148.6875
2022-03-23 14:00:00,148.53125
2022-03-23 15:00:00,148.34375
2022-03-23 16:00:00,149.15625
2022-03-23 17:00:00,149.625
2022-03-23 18:00:00,149.3125
2022-03-23 19:00:00,149.8125
2022-03-23 20:00:00,149.875
2022-03-23 23:00:00,149.875
2022-03-24 13:30:00,148.5
2022-03-24 14:00:00,148.65625
2022-03-24 15:00:00,149.15625
2022-03-24 16:00:00,149.03125
2022-03-24 17:00:00,149.03125
2022-03-24 18:00:00,149.09375
2022-03-24 19:00:00,148.8125
2022-03-24 20:00:00,148.53125
2022-03-25 13:30:00,147.15625
2022-03-25 14:00:00,146.625
2022-03-25 15:00:00,146.75
2022-03-25 16:00:00,146.84375
2022-03-25 17:00:00,146.96875
2022-03-25 18:00:00,146.84375
2022-03-25 19:00:00,146.96875
2022-03-25 20:00:00,147.125
2022-03-28 14:30:00,147.5625
2022-03-28 15:00:00,148.21875
2022-03-28 16:00:00,147.8125
2022-03-28 17:00:00,147.53125
2022-03-28 18:00:00,147.625
2022-03-28 19:00:00,147.375
2022-03-28 20:00:00,147.84375
2022-03-28 21:00:00,147.78125
2022-03-29 14:30:00,148.71875
2022-03-29 15:00:00,148.03125
2022-03-29 16:00:00,148.75
2022-03-29 17:00:00,148.9375
2022-03-29 18:00:00,148.96875
2022-03-29 19:00:00,148.65625
2022-03-29 20:00:00,148.78125
2022-03-29 21:00:00,148.78125
2022-03-30 14:30:00,148.375
2022-03-30 15:00:00,149.09375
2022-03-30 16:00:00,149.34375
2022-03-30 17:00:00,149.3125
2022-03-30 18:00:00,149.0625
2022-03-30 19:00:00,149.21875
2022-03-30 20:00:00,149.3125
2022-03-30 21:00:00,149.3125
2022-03-31 14:30:00,149.34375
2022-03-31 15:00:00,149.90625
2022-03-31 16:00:00,149.8125
2022-03-31 17:00:00,149.78125
2022-03-31 18:00:00,149.875
2022-03-31 19:00:00,149.96875
2022-03-31 20:00:00,150.03125
2022-03-31 21:00:00,149.75
2022-04-01 14:30:00,147.9375
2022-04-01 15:00:00,148.5625
2022-04-01 16:00:00,149.5
2022-04-01 17:00:00,149.53125
2022-04-01 18:00:00,149.71875
2022-04-01 19:00:00,149.65625
2022-04-01 20:00:00,149.28125
2022-04-01 21:00:00,149.34375
2022-04-04 14:30:00,148.5625
2022-04-04 15:00:00,148.53125
2022-04-04 16:00:00,148.78125
2022-04-04 17:00:00,148.71875
2022-04-04 18:00:00,148.84375
2022-04-04 19:00:00,148.71875
2022-04-04 20:00:00,148.65625
2022-04-04 21:00:00,148.9375
2022-04-05 14:30:00,147.78125
2022-04-05 15:00:00,146.5625
2022-04-05 16:00:00,146.15625
2022-04-05 17:00:00,146.15625
2022-04-05 18:00:00,146.09375
2022-04-05 19:00:00,146.09375
2022-04-05 20:00:00,146.1875
2022-04-05 21:00:00,146.40625
2022-04-06 14:30:00,144.96875
2022-04-06 15:00:00,144.625
2022-04-06 16:00:00,145.25
2022-04-06 17:00:00,145.25
2022-04-06 18:00:00,145.34375
2022-04-06 19:00:00,145.15625
2022-04-06 20:00:00,145.28125
2022-04-06 21:00:00,145.28125
2022-04-07 14:30:00,144.625
2022-04-07 15:00:00,144.0
2022-04-07 16:00:00,144.09375
2022-04-07 17:00:00,144.0625
2022-04-07 18:00:00,144.0
2022-04-07 19:00:00,143.9375
2022-04-07 20:00:00,144.21875
2022-04-07 21:00:00,144.0625
2022-04-08 14:30:00,143.4375
2022-04-08 15:00:00,143.15625
2022-04-08 16:00:00,143.34375
2022-04-08 17:00:00,142.875
2022-04-08 18:00:00,142.9375
2022-04-08 19:00:00,142.9375
2022-04-08 20:00:00,142.90625
2022-04-08 21:00:00,143.125
2022-04-11 14:30:00,142.25
2022-04-11 15:00:00,142.28125
2022-04-11 16:00:00,141.90625
2022-04-11 17:00:00,142.03125
2022-04-11 18:00:00,141.8125
2022-04-11 19:00:00,141.84375
2022-04-11 20:00:00,141.96875
2022-04-11 21:00:00,141.8125
2022-04-11 23:00:00,141.84375
2022-04-12 14:30:00,142.5625
2022-04-12 15:00:00,142.71875
2022-04-12 16:00:00,142.6875
2022-04-12 17:00:00,142.84375
2022-04-12 18:00:00,142.1875
2022-04-12 19:00:00,142.375
2022-04-12 20:00:00,142.21875
2022-04-12 21:00:00,142.1875
2022-04-13 14:30:00,142.90625
2022-04-13 15:00:00,143.125
2022-04-13 16:00:00,143.28125
2022-04-13 17:00:00,142.8125
2022-04-13 18:00:00,142.96875
2022-04-13 19:00:00,143.1875
2022-04-13 20:00:00,142.78125
2022-04-13 21:00:00,142.71875
2022-04-14 14:30:00,141.625
2022-04-14 15:00:00,141.5625
2022-04-14 16:00:00,141.09375
2022-04-14 17:00:00,140.875
2022-04-14 18:00:00,140.6875
2022-04-14 19:00:00,140.65625
2022-04-14 20:00:00,140.75
2022-04-14 21:00:00,140.8125
2022-04-14 23:00:00,140.84375
2022-04-18 14:30:00,140.46875
2022-04-18 15:00:00,140.25
2022-04-18 16:00:00,140.1875
2022-04-18 17:00:00,139.84375
2022-04-18 18:00:00,139.96875
2022-04-18 19:00:00,139.9375
2022-04-18 20:00:00,140.0
2022-04-18 21:00:00,140.0625
2022-04-19 14:30:00,138.9375
2022-04-19 15:00:00,139.125
2022-04-19 16:00:00,139.59375
2022-04-19 17:00:00,139.46875
2022-04-19 18:00:00,139.1875
2022-04-19 19:00:00,139.25
2022-04-19 20:00:00,139.0625
2022-04-19 21:00:00,138.9375
2022-04-20 14:30:00,139.875
2022-04-20 15:00:00,140.1875
2022-04-20 16:00:00,140.375
2022-04-20 17:00:00,140.40625
2022-04-20 18:00:00,140.6875
2022-04-20 19:00:00,140.875
2022-04-20 20:00:00,140.875
2022-04-20 21:00:00,140.96875
2022-04-21 14:30:00,139.90625
2022-04-21 15:00:00,139.5625
2022-04-21 16:00:00,139.25
2022-04-21 17:00:00,139.25
2022-04-21 18:00:00,139.78125
2022-04-21 19:00:00,139.71875
2022-04-21 20:00:00,140.125
2022-04-21 21:00:00,139.84375
2022-04-22 14:30:00,140.21875
2022-04-22 15:00:00,140.28125
2022-04-22 16:00:00,140.0
2022-04-22 17:00:00,139.875
2022-04-22 18:00:00,139.78125
2022-04-22 19:00:00,139.8125
2022-04-22 20:00:00,140.0
2022-04-22 21:00:00,139.9375
2022-04-25 14:30:00,142.0
2022-04-25 15:00:00,141.84375
2022-04-25 16:00:00,142.0
2022-04-25 17:00:00,141.71875
2022-04-25 18:00:00,141.5625
2022-04-25 19:00:00,141.46875
2022-04-25 20:00:00,141.1875
2022-04-25 21:00:00,141.34375
2022-04-26 14:30:00,142.53125
2022-04-26 15:00:00,142.84375
2022-04-26 16:00:00,142.78125
2022-04-26 17:00:00,142.25
2022-04-26 18:00:00,142.34375
2022-04-26 19:00:00,142.375
2022-04-26 20:00:00,142.5625
2022-04-26 21:00:00,142.90625
2022-04-27 14:30:00,142.1875
2022-04-27 15:00:00,141.9375
2022-04-27 16:00:00,141.6875
2022-04-27 17:00:00,141.65625
2022-04-27 18:00:00,141.75
2022-04-27 19:00:00,141.625
2022-04-27 20:00:00,141.375
2022-04-27 21:00:00,141.15625
2022-04-28 14:30:00,140.9375
2022-04-28 15:00:00,140.78125
2022-04-28 16:00:00,140.71875
2022-04-28 17:00:00,140.9375
2022-04-28 18:00:00,141.0625
2022-04-28 19:00:00,141.0
2022-04-28 20:00:00,141.1875
2022-04-28 21:00:00,141.5
2022-04-29 14:30:00,141.09375
2022-04-29 15:00:00,140.8125
2022-04-29 16:00:00,140.25
2022-04-29 17:00:00,140.40625
2022-04-29 18:00:00,140.25
2022-04-29 19:00:00,140.4375
2022-04-29 20:00:00,140.28125
2022-04-29 21:00:00,139.6875
2022-05-02 14:30:00,138.875
2022-05-02 15:00:00,139.0625
2022-05-02 16:00:00,138.84375
2022-05-02 17:00:00,138.875
2022-05-02 18:00:00,139.1875
2022-05-02 19:00:00,139.0625
2022-05-02 20:00:00,139.0
2022-05-02 21:00:00,139.125
2022-05-03 14:30:00,140.46875
2022-05-03 15:00:00,140.3125
2022-05-03 16:00:00,140.09375
2022-05-03 17:00:00,140.0
2022-05-03 18:00:00,140.03125
2022-05-03 19:00:00,139.875
2022-05-03 20:00:00,139.375
2022-05-03 21:00:00,139.53125
2022-05-04 14:30:00,138.9375
2022-05-04 15:00:00,139.09375
2022-05-04 16:00:00,139.34375
2022-05-04 17:00:00,139.125
2022-05-04 18:00:00,139.3125
2022-05-04 19:00:00,139.53125
2022-05-04 20:00:00,139.9375
2022-05-04 21:00:00,139.46875
2022-05-05 14:30:00,137.71875
2022-05-05 15:00:00,137.3125
2022-05-05 16:00:00,136.875
2022-05-05 17:00:00,136.65625
2022-05-05 18:00:00,136.59375
2022-05-05 19:00:00,136.875
2022-05-05 20:00:00,137.5
2022-05-05 21:00:00,137.53125
2022-05-06 14:30:00,137.28125
2022-05-06 15:00:00,136.625
2022-05-06 16:00:00,136.84375
2022-05-06 17:00:00,136.625
2022-05-06 18:00:00,136.125
2022-05-06 19:00:00,136.1875
2022-05-06 20:00:00,136.125
2022-05-06 21:00:00,136.21875
2022-05-09 14:30:00,136.25
2022-05-09 15:00:00,136.40625
2022-05-09 16:00:00,136.5625
2022-05-09 17:00:00,136.6875
2022-05-09 18:00:00,136.65625
2022-05-09 19:00:00,136.78125
2022-05-09 20:00:00,137.46875
2022-05-09 21:00:00,137.375
2022-05-10 14:30:00,138.5625
2022-05-10 15:00:00,138.875
2022-05-10 16:00:00,139.09375
2022-05-10 17:00:00,138.875
2022-05-10 18:00:00,138.5
2022-05-10 19:00:00,138.59375
2022-05-10 20:00:00,138.3125
2022-05-10 21:00:00,138.25
2022-05-11 14:30:00,137.9375
2022-05-11 15:00:00,138.5625
2022-05-11 16:00:00,139.0
2022-05-11 17:00:00,139.34375
2022-05-11 18:00:00,139.375
2022-05-11 19:00:00,139.25
2022-05-11 20:00:00,139.625
2022-05-11 21:00:00,139.3125
2022-05-12 14:30:00,140.03125
2022-05-12 15:00:00,140.03125
2022-05-12 16:00:00,140.5625
2022-05-12 17:00:00,140.03125
2022-05-12 18:00:00,140.34375
2022-05-12 19:00:00,140.28125
2022-05-12 20:00:00,139.875
2022-05-12 21:00:00,140.375
2022-05-13 14:30:00,138.90625
2022-05-13 15:00:00,139.40625
2022-05-13 16:00:00,139.28125
2022-05-13 17:00:00,138.78125
2022-05-13 18:00:00,138.90625
2022-05-13 19:00:00,139.03125
2022-05-13 20:00:00,138.8125
2022-05-13 21:00:00,139.0
2022-05-16 14:30:00,139.78125
2022-05-16 15:00:00,140.03125
2022-05-16 16:00:00,139.96875
2022-05-16 17:00:00,139.96875
2022-05-16 18:00:00,139.53125
2022-05-16 19:00:00,139.53125
2022-05-16 20:00:00,139.34375
2022-05-16 21:00:00,139.4375
2022-05-17 14:30:00,138.21875
2022-05-17 15:00:00,138.5625
2022-05-17 16:00:00,138.46875
2022-05-17 17:00:00,138.25
2022-05-17 18:00:00,138.53125
2022-05-17 19:00:00,138.375
2022-05-17 20:00:00,138.21875
2022-05-17 21:00:00,138.1875
2022-05-18 14:30:00,138.78125
2022-05-18 15:00:00,138.9375
2022-05-18 16:00:00,139.21875
2022-05-18 17:00:00,139.40625
2022-05-18 18:00:00,140.0
2022-05-18 19:00:00,139.9375
2022-05-18 20:00:00,140.03125
2022-05-18 21:00:00,140.0625
2022-05-19 14:30:00,141.28125
2022-05-19 15:00:00,141.25
2022-05-19 16:00:00,140.90625
2022-05-19 17:00:00,140.71875
2022-05-19 18:00:00,140.46875
2022-05-19 19:00:00,140.4375
2022-05-19 20:00:00,140.375
2022-05-19 21:00:00,140.59375
2022-05-20 14:30:00,140.46875
2022-05-20 15:00:00,141.09375
2022-05-20 16:00:00,141.09375
2022-05-20 17:00:00,141.5625
2022-05-20 18:00:00,141.375
2022-05-20 19:00:00,141.5625
2022-05-20 20:00:00,141.4375
2022-05-20 21:00:00,141.53125
2022-05-23 14:30:00,140.96875
2022-05-23 15:00:00,140.5625
2022-05-23 16:00:00,140.15625
2022-05-23 17:00:00,140.125
2022-05-23 18:00:00,140.09375
2022-05-23 19:00:00,139.96875
2022-05-23 19:00:01,139.96875
2022-05-23 20:00:00,139.90625
2022-05-23 21:00:00,140.15625
2022-05-24 14:30:00,141.4375
2022-05-24 15:00:00,142.09375
2022-05-24 16:00:00,142.0
2022-05-24 17:00:00,142.0
2022-05-24 18:00:00,141.65625
2022-05-24 19:00:00,141.6875
2022-05-24 20:00:00,141.625
2022-05-24 21:00:00,141.78125
2022-05-24 23:00:00,141.78125
2022-05-25 14:30:00,141.5
2022-05-25 15:00:00,141.5625
2022-05-25 16:00:00,141.625
2022-05-25 17:00:00,141.375
2022-05-25 18:00:00,141.4375
2022-05-25 19:00:00,141.5
2022-05-25 20:00:00,141.6875
2022-05-25 21:00:00,141.59375
2022-05-25 23:00:00,141.59375
2022-05-26 14:30:00,141.4375
2022-05-26 15:00:00,141.0625
2022-05-26 16:00:00,140.9375
2022-05-26 17:00:00,140.78125
2022-05-26 18:00:00,141.375
2022-05-26 19:00:00,141.34375
2022-05-26 20:00:00,141.59375
2022-05-26 21:00:00,141.53125
2022-05-26 23:00:00,141.53125
2022-05-27 14:30:00,142.25
2022-05-27 15:00:00,142.125
2022-05-27 16:00:00,142.03125
2022-05-27 17:00:00,141.65625
2022-05-27 18:00:00,141.71875
2022-05-27 19:00:00,141.6875
2022-05-27 20:00:00,141.71875
2022-05-27 21:00:00,141.71875
2022-05-27 23:00:00,141.65625
2022-05-31 14:30:00,139.78125
2022-05-31 15:00:00,139.625
2022-05-31 16:00:00,139.9375
2022-05-31 17:00:00,139.96875
2022-05-31 18:00:00,139.9375
2022-05-31 19:00:00,140.0625
2022-05-31 20:00:00,140.0625
2022-05-31 21:00:00,140.25
2022-05-31 23:00:00,140.25
2022-06-01 14:30:00,140.5
2022-06-01 15:00:00,139.46875
2022-06-01 16:00:00,139.28125
2022-06-01 17:00:00,139.03125
2022-06-01 18:00:00,139.15625
2022-06-01 19:00:00,139.25
2022-06-01 20:00:00,139.375
2022-06-01 21:00:00,139.59375
2022-06-01 23:00:00,139.59375
2022-06-02 14:30:00,139.03125
2022-06-02 15:00:00,139.34375
2022-06-02 16:00:00,139.25
2022-06-02 17:00:00,139.375
2022-06-02 18:00:00,139.46875
2022-06-02 19:00:00,139.40625
2022-06-02 20:00:00,139.5
2022-06-02 21:00:00,139.5
2022-06-02 23:00:00,139.5
2022-06-03 14:30:00,138.875
2022-06-03 15:00:00,138.8125
2022-06-03 16:00:00,138.65625
2022-06-03 17:00:00,138.75
2022-06-03 18:00:00,138.78125
2022-06-03 19:00:00,138.75
2022-06-03 20:00:00,139.09375
2022-06-03 21:00:00,139.125
2022-06-03 23:00:00,139.125
2022-06-06 14:30:00,138.40625
2022-06-06 15:00:00,137.71875
2022-06-06 16:00:00,137.6875
2022-06-06 17:00:00,137.5625
2022-06-06 18:00:00,137.4375
2022-06-06 19:00:00,137.46875
2022-06-06 20:00:00,137.375
2022-06-06 21:00:00,137.28125
2022-06-06 23:00:00,137.28125
2022-06-07 14:30:00,138.25
2022-06-07 15:00:00,138.5
2022-06-07 16:00:00,138.5
2022-06-07 17:00:00,138.46875
2022-06-07 18:00:00,138.75
2022-06-07 19:00:00,138.71875
2022-06-07 20:00:00,138.34375
2022-06-07 21:00:00,138.46875
2022-06-07 23:00:00,138.46875
2022-06-08 14:30:00,137.75
2022-06-08 15:00:00,138.125
2022-06-08 16:00:00,138.0
2022-06-08 17:00:00,137.90625
2022-06-08 18:00:00,137.71875
2022-06-08 19:00:00,137.65625
2022-06-08 20:00:00,137.53125
2022-06-08 21:00:00,137.65625
2022-06-08 23:00:00,137.65625
2022-06-09 14:30:00,137.6875
2022-06-09 15:00:00,137.25
2022-06-09 16:00:00,137.59375
2022-06-09 17:00:00,137.46875
2022-06-09 18:00:00,137.90625
2022-06-09 19:00:00,137.75
2022-06-09 20:00:00,137.71875
2022-06-09 21:00:00,137.78125
2022-06-09 23:00:00,137.78125
2022-06-10 14:30:00,136.875
2022-06-10 15:00:00,136.4375
2022-06-10 16:00:00,136.15625
2022-06-10 17:00:00,135.96875
2022-06-10 18:00:00,136.4375
2022-06-10 19:00:00,136.40625
2022-06-10 20:00:00,136.40625
2022-06-10 21:00:00,136.40625
2022-06-10 23:00:00,136.40625
2022-06-13 14:30:00,134.5
2022-06-13 15:00:00,134.125
2022-06-13 16:00:00,133.34375
2022-06-13 17:00:00,133.40625
2022-06-13 18:00:00,133.40625
2022-06-13 19:00:00,133.46875
2022-06-13 20:00:00,133.34375
2022-06-13 21:00:00,133.40625
2022-06-13 23:00:00,133.40625
2022-06-14 14:30:00,133.53125
2022-06-14 15:00:00,133.03125
2022-06-14 16:00:00,132.46875
2022-06-14 17:00:00,132.34375
2022-06-14 18:00:00,132.1875
2022-06-14 19:00:00,132.03125
2022-06-14 20:00:00,132.03125
2022-06-14 21:00:00,132.125
2022-06-14 23:00:00,132.125
2022-06-15 14:30:00,133.1875
2022-06-15 15:00:00,132.84375
2022-06-15 16:00:00,133.09375
2022-06-15 17:00:00,132.9375
2022-06-15 18:00:00,133.15625
2022-06-15 19:00:00,133.15625
2022-06-15 20:00:00,133.1875
2022-06-15 21:00:00,134.46875
2022-06-15 23:00:00,134.46875
2022-06-16 14:30:00,132.4375
2022-06-16 15:00:00,133.8125
2022-06-16 16:00:00,134.0
2022-06-16 17:00:00,133.96875
2022-06-16 18:00:00,133.90625
2022-06-16 19:00:00,134.1875
2022-06-16 20:00:00,134.5
2022-06-16 21:00:00,135.78125
2022-06-16 23:00:00,135.78125
2022-06-17 14:30:00,134.96875
2022-06-17 15:00:00,135.15625
2022-06-17 16:00:00,135.53125
2022-06-17 17:00:00,135.78125
2022-06-17 18:00:00,135.625
2022-06-17 19:00:00,135.46875
2022-06-17 20:00:00,135.5625
2022-06-17 21:00:00,135.5625
2022-06-17 23:00:00,135.375
2022-06-21 14:30:00,134.71875
2022-06-21 15:00:00,134.5625
2022-06-21 16:00:00,134.34375
2022-06-21 17:00:00,134.28125
2022-06-21 18:00:00,134.375
2022-06-21 19:00:00,134.21875
2022-06-21 20:00:00,134.21875
2022-06-21 21:00:00,134.625
2022-06-21 23:00:00,134.625
2022-06-22 14:30:00,136.6875
2022-06-22 15:00:00,136.71875
2022-06-22 16:00:00,136.34375
2022-06-22 17:00:00,136.71875
2022-06-22 18:00:00,136.90625
2022-06-22 19:00:00,136.78125
2022-06-22 20:00:00,136.875
2022-06-22 21:00:00,136.59375
2022-06-22 23:00:00,136.59375
2022-06-23 14:30:00,137.9375
2022-06-23 15:00:00,138.53125
2022-06-23 16:00:00,138.09375
2022-06-23 17:00:00,138.21875
2022-06-23 18:00:00,137.90625
2022-06-23 19:00:00,137.71875
2022-06-23 20:00:00,137.75
2022-06-23 21:00:00,137.53125
2022-06-24 14:30:00,137.40625
2022-06-24 15:00:00,136.5625
2022-06-24 16:00:00,136.84375
2022-06-24 17:00:00,136.78125
2022-06-24 18:00:00,136.75
2022-06-24 19:00:00,136.78125
2022-06-24 20:00:00,136.625
2022-06-24 21:00:00,136.6875
2022-06-27 14:30:00,136.375
2022-06-27 15:00:00,136.0
2022-06-27 16:00:00,135.96875
2022-06-27 17:00:00,136.03125
2022-06-27 18:00:00,135.90625
2022-06-27 19:00:00,135.9375
2022-06-27 20:00:00,135.875
2022-06-27 21:00:00,135.875
2022-06-28 14:30:00,135.53125
2022-06-28 15:00:00,135.25
2022-06-28 16:00:00,135.875
2022-06-28 17:00:00,136.09375
2022-06-28 18:00:00,135.9375
2022-06-28 19:00:00,136.0
2022-06-28 20:00:00,136.15625
2022-06-28 21:00:00,136.34375
2022-06-29 14:30:00,136.90625
2022-06-29 15:00:00,137.21875
2022-06-29 16:00:00,137.4375
2022-06-29 17:00:00,137.34375
2022-06-29 18:00:00,137.3125
2022-06-29 19:00:00,137.46875
2022-06-29 20:00:00,137.65625
2022-06-29 21:00:00,137.5625
2022-06-30 14:30:00,138.65625
2022-06-30 15:00:00,138.9375
2022-06-30 16:00:00,139.125
2022-06-30 17:00:00,139.1875
2022-06-30 18:00:00,139.125
2022-06-30 19:00:00,139.28125
2022-06-30 20:00:00,138.84375
2022-06-30 21:00:00,138.625
2022-07-01 14:30:00,140.6875
2022-07-01 15:00:00,140.90625
2022-07-01 16:00:00,140.5
2022-07-01 17:00:00,140.125
2022-07-01 18:00:00,140.46875
2022-07-01 19:00:00,140.5625
2022-07-01 20:00:00,140.3125
2022-07-01 21:00:00,140.21875
2022-07-01 23:00:00,140.0625
2022-07-05 14:30:00,141.46875
2022-07-05 15:00:00,141.375
2022-07-05 16:00:00,142.15625
2022-07-05 17:00:00,142.125
2022-07-05 18:00:00,142.09375
2022-07-05 19:00:00,141.78125
2022-07-05 20:00:00,141.53125
2022-07-05 21:00:00,141.875
2022-07-06 14:30:00,142.03125
2022-07-06 15:00:00,141.0625
2022-07-06 16:00:00,140.6875
2022-07-06 17:00:00,140.53125
2022-07-06 18:00:00,140.625
2022-07-06 19:00:00,140.46875
2022-07-06 20:00:00,140.125
2022-07-06 21:00:00,140.21875
2022-07-07 14:30:00,139.84375
2022-07-07 15:00:00,139.5
2022-07-07 16:00:00,139.28125
2022-07-07 17:00:00,139.09375
2022-07-07 18:00:00,139.15625
2022-07-07 19:00:00,139.125
2022-07-07 20:00:00,139.1875
2022-07-07 21:00:00,139.1875
2022-07-07 23:00:00,139.1875
2022-07-08 14:30:00,138.125
2022-07-08 15:00:00,137.8125
2022-07-08 16:00:00,137.59375
2022-07-08 17:00:00,137.59375
2022-07-08 18:00:00,137.625
2022-07-08 19:00:00,137.53125
2022-07-08 20:00:00,137.5625
2022-07-08 21:00:00,137.75
2022-07-11 14:30:00,139.09375
2022-07-11 15:00:00,139.59375
2022-07-11 16:00:00,139.46875
2022-07-11 17:00:00,139.5
2022-07-11 18:00:00,139.34375
2022-07-11 19:00:00,139.4375
2022-07-11 20:00:00,139.5
2022-07-11 21:00:00,139.40625
2022-07-12 14:30:00,140.9375
2022-07-12 15:00:00,140.9375
2022-07-12 16:00:00,140.84375
2022-07-12 17:00:00,140.46875
2022-07-12 18:00:00,140.0
2022-07-12 19:00:00,139.96875
2022-07-12 20:00:00,139.96875
2022-07-12 21:00:00,139.71875
2022-07-13 14:30:00,138.90625
2022-07-13 15:00:00,140.5
2022-07-13 16:00:00,140.09375
2022-07-13 17:00:00,140.4375
2022-07-13 18:00:00,140.75
2022-07-13 19:00:00,141.0625
2022-07-13 20:00:00,141.03125
2022-07-13 21:00:00,140.4375
2022-07-14 14:30:00,139.96875
2022-07-14 15:00:00,140.1875
2022-07-14 16:00:00,140.03125
2022-07-14 17:00:00,140.0
2022-07-14 18:00:00,140.28125
2022-07-14 19:00:00,140.3125
2022-07-14 20:00:00,140.0625
2022-07-14 21:00:00,140.21875
2022-07-15 14:30:00,140.625
2022-07-15 15:00:00,141.09375
2022-07-15 16:00:00,140.9375
2022-07-15 17:00:00,140.96875
2022-07-15 18:00:00,140.84375
2022-07-15 19:00:00,140.6875
2022-07-15 20:00:00,140.71875
2022-07-15 21:00:00,140.90625
2022-07-18 14:30:00,139.8125
2022-07-18 15:00:00,139.53125
2022-07-18 16:00:00,139.21875
2022-07-18 17:00:00,139.46875
2022-07-18 18:00:00,139.8125
2022-07-18 19:00:00,139.84375
2022-07-18 20:00:00,139.75
2022-07-18 21:00:00,139.53125
2022-07-19 14:30:00,139.78125
2022-07-19 15:00:00,139.15625
2022-07-19 16:00:00,139.4375
2022-07-19 17:00:00,139.34375
2022-07-19 18:00:00,139.375
2022-07-19 19:00:00,139.40625
2022-07-19 20:00:00,139.1875
2022-07-19 21:00:00,139.15625
2022-07-20 14:30:00,139.9375
2022-07-20 15:00:00,139.53125
2022-07-20 16:00:00,139.1875
2022-07-20 17:00:00,139.09375
2022-07-20 18:00:00,139.21875
2022-07-20 19:00:00,139.1875
2022-07-20 20:00:00,139.375
2022-07-20 21:00:00,139.34375
2022-07-21 14:30:00,140.0
2022-07-21 15:00:00,141.09375
2022-07-21 16:00:00,140.53125
2022-07-21 17:00:00,140.375
2022-07-21 18:00:00,140.75
2022-07-21 19:00:00,140.9375
2022-07-21 20:00:00,141.125
2022-07-21 21:00:00,141.46875
2022-07-22 14:30:00,143.3125
2022-07-22 15:00:00,142.6875
2022-07-22 16:00:00,142.6875
2022-07-22 17:00:00,143.0625
2022-07-22 18:00:00,142.875
2022-07-22 19:00:00,142.59375
2022-07-22 20:00:00,143.1875
2022-07-22 21:00:00,143.40625
2022-07-25 14:30:00,142.03125
2022-07-25 15:00:00,142.125
2022-07-25 16:00:00,142.28125
2022-07-25 17:00:00,142.15625
2022-07-25 18:00:00,142.09375
2022-07-25 19:00:00,142.125
2022-07-25 20:00:00,142.3125
2022-07-25 21:00:00,142.5
2022-07-26 14:30:00,143.65625
2022-07-26 15:00:00,143.21875
2022-07-26 16:00:00,143.1875
2022-07-26 17:00:00,142.9375
2022-07-26 18:00:00,142.8125
2022-07-26 19:00:00,142.875
2022-07-26 20:00:00,142.5625
2022-07-26 21:00:00,142.53125
2022-07-27 14:30:00,143.25
2022-07-27 15:00:00,143.125
2022-07-27 16:00:00,143.125
2022-07-27 17:00:00,143.28125
2022-07-27 18:00:00,143.34375
2022-07-27 19:00:00,143.53125
2022-07-27 20:00:00,142.5625
2022-07-27 21:00:00,142.5625
2022-07-28 14:30:00,144.46875
2022-07-28 15:00:00,144.1875
2022-07-28 16:00:00,143.90625
2022-07-28 17:00:00,143.78125
2022-07-28 18:00:00,144.03125
2022-07-28 19:00:00,143.875
2022-07-28 20:00:00,144.0
2022-07-28 21:00:00,143.90625
2022-07-29 14:30:00,143.65625
2022-07-29 15:00:00,144.28125
2022-07-29 16:00:00,144.84375
2022-07-29 17:00:00,144.71875
2022-07-29 18:00:00,144.78125
2022-07-29 19:00:00,144.6875
2022-07-29 20:00:00,144.09375
2022-07-29 21:00:00,144.34375
2022-07-29 23:00:00,144.34375
2022-08-01 14:30:00,145.15625
2022-08-01 15:00:00,145.46875
2022-08-01 16:00:00,145.34375
2022-08-01 17:00:00,145.34375
2022-08-01 18:00:00,145.21875
2022-08-01 19:00:00,145.40625
2022-08-01 20:00:00,145.5
2022-08-01 21:00:00,145.65625
2022-08-02 14:30:00,145.3125
2022-08-02 15:00:00,144.5625
2022-08-02 16:00:00,143.84375
2022-08-02 17:00:00,144.0
2022-08-02 18:00:00,143.8125
2022-08-02 19:00:00,143.71875
2022-08-02 20:00:00,143.0625
2022-08-02 21:00:00,143.40625
2022-08-03 14:30:00,143.28125
2022-08-03 15:00:00,142.40625
2022-08-03 16:00:00,142.96875
2022-08-03 17:00:00,143.0625
2022-08-03 18:00:00,143.5
2022-08-03 19:00:00,143.59375
2022-08-03 20:00:00,144.15625
2022-08-03 21:00:00,144.1875
2022-08-04 14:30:00,144.59375
2022-08-04 15:00:00,144.71875
2022-08-04 16:00:00,144.25
2022-08-04 17:00:00,144.21875
2022-08-04 18:00:00,144.15625
2022-08-04 19:00:00,144.4375
2022-08-04 20:00:00,144.59375
2022-08-04 21:00:00,144.21875
2022-08-05 14:30:00,142.0625
2022-08-05 15:00:00,141.75
2022-08-05 16:00:00,141.5
2022-08-05 17:00:00,141.8125
2022-08-05 18:00:00,142.0625
2022-08-05 19:00:00,141.9375
2022-08-05 20:00:00,141.90625
2022-08-05 21:00:00,142.09375
2022-08-08 14:30:00,143.15625
2022-08-08 15:00:00,142.9375
2022-08-08 16:00:00,143.125
2022-08-08 17:00:00,143.28125
2022-08-08 18:00:00,143.15625
2022-08-08 19:00:00,143.28125
2022-08-08 20:00:00,143.3125
2022-08-08 21:00:00,143.3125
2022-08-09 14:30:00,142.78125
2022-08-09 15:00:00,143.21875
2022-08-09 16:00:00,143.34375
2022-08-09 17:00:00,143.15625
2022-08-09 18:00:00,143.09375
2022-08-09 19:00:00,143.0625
2022-08-09 20:00:00,143.0625
2022-08-09 21:00:00,143.34375
2022-08-10 14:30:00,144.0625
2022-08-10 15:00:00,143.5
2022-08-10 16:00:00,143.03125
2022-08-10 17:00:00,142.9375
2022-08-10 18:00:00,142.59375
2022-08-10 19:00:00,142.625
2022-08-10 20:00:00,142.5625
2022-08-10 21:00:00,142.78125
2022-08-11 14:30:00,142.25
2022-08-11 15:00:00,141.375
2022-08-11 16:00:00,141.5
2022-08-11 17:00:00,141.46875
2022-08-11 18:00:00,140.90625
2022-08-11 19:00:00,140.71875
2022-08-11 20:00:00,140.65625
2022-08-11 21:00:00,140.53125
2022-08-12 14:30:00,141.3125
2022-08-12 15:00:00,141.0625
2022-08-12 16:00:00,141.125
2022-08-12 17:00:00,141.15625
2022-08-12 18:00:00,141.21875
2022-08-12 19:00:00,141.3125
2022-08-12 20:00:00,141.5
2022-08-12 21:00:00,141.53125
2022-08-12 23:00:00,141.53125
2022-08-15 14:30:00,142.5
2022-08-15 15:00:00,142.3125
2022-08-15 16:00:00,142.40625
2022-08-15 17:00:00,142.28125
2022-08-15 18:00:00,142.25
2022-08-15 19:00:00,142.21875
2022-08-15 20:00:00,142.09375
2022-08-15 21:00:00,142.21875
2022-08-16 14:30:00,140.84375
2022-08-16 15:00:00,141.1875
2022-08-16 16:00:00,141.5625
2022-08-16 17:00:00,141.71875
2022-08-16 18:00:00,141.875
2022-08-16 19:00:00,141.9375
2022-08-16 20:00:00,142.15625
2022-08-16 21:00:00,142.1875
2022-08-17 14:30:00,140.96875
2022-08-17 15:00:00,140.9375
2022-08-17 16:00:00,140.6875
2022-08-17 17:00:00,141.0625
2022-08-17 18:00:00,140.71875
2022-08-17 19:00:00,141.03125
2022-08-17 20:00:00,141.0
2022-08-17 21:00:00,140.875
2022-08-18 14:30:00,141.65625
2022-08-18 15:00:00,141.65625
2022-08-18 16:00:00,141.53125
2022-08-18 17:00:00,141.125
2022-08-18 18:00:00,141.0625
2022-08-18 19:00:00,141.15625
2022-08-18 20:00:00,141.1875
2022-08-18 21:00:00,141.125
2022-08-19 14:30:00,139.4375
2022-08-19 15:00:00,139.0
2022-08-19 16:00:00,139.1875
2022-08-19 17:00:00,139.1875
2022-08-19 18:00:00,139.3125
2022-08-19 19:00:00,139.1875
2022-08-19 20:00:00,139.3125
2022-08-19 21:00:00,139.34375
2022-08-22 14:30:00,139.0
2022-08-22 15:00:00,138.84375
2022-08-22 16:00:00,138.65625
2022-08-22 17:00:00,138.59375
2022-08-22 18:00:00,138.75
2022-08-22 19:00:00,138.625
2022-08-22 20:00:00,138.65625
2022-08-22 21:00:00,138.90625
2022-08-23 14:30:00,138.375
2022-08-23 15:00:00,138.9375
2022-08-23 16:00:00,138.96875
2022-08-23 17:00:00,138.90625
2022-08-23 18:00:00,138.28125
2022-08-23 19:00:00,138.1875
2022-08-23 20:00:00,138.0
2022-08-23 21:00:00,138.25
2022-08-24 14:30:00,137.4375
2022-08-24 15:00:00,136.96875
2022-08-24 16:00:00,137.21875
2022-08-24 17:00:00,137.03125
2022-08-24 18:00:00,137.15625
2022-08-24 19:00:00,137.15625
2022-08-24 20:00:00,137.1875
2022-08-24 21:00:00,137.1875
2022-08-25 14:30:00,137.15625
2022-08-25 15:00:00,137.375
2022-08-25 16:00:00,137.8125
2022-08-25 17:00:00,138.03125
2022-08-25 18:00:00,138.4375
2022-08-25 19:00:00,138.5
2022-08-25 20:00:00,138.46875
2022-08-25 21:00:00,138.4375
2022-08-26 14:30:00,138.0625
2022-08-26 15:00:00,138.1875
2022-08-26 16:00:00,138.625
2022-08-26 17:00:00,138.28125
2022-08-26 18:00:00,138.46875
2022-08-26 19:00:00,138.4375
2022-08-26 20:00:00,138.4375
2022-08-26 21:00:00,138.40625
2022-08-29 14:30:00,137.375
2022-08-29 15:00:00,137.15625
2022-08-29 16:00:00,137.21875
2022-08-29 17:00:00,137.15625
2022-08-29 18:00:00,137.1875
2022-08-29 18:00:01,137.1875
2022-08-29 19:00:00,137.3125
2022-08-29 20:00:00,137.375
2022-08-29 21:00:00,137.375
2022-08-29 23:00:00,137.375
2022-08-30 14:00:00,137.96875
2022-08-30 14:30:00,137.96875
2022-08-30 15:00:00,137.125
2022-08-30 16:00:00,137.28125
2022-08-30 17:00:00,137.53125
2022-08-30 18:00:00,137.53125
2022-08-30 19:00:00,137.5
2022-08-30 20:00:00,137.46875
2022-08-30 21:00:00,137.5
2022-08-30 23:00:00,137.5
2022-08-31 14:30:00,137.53125
2022-08-31 15:00:00,137.4375
2022-08-31 16:00:00,137.15625
2022-08-31 17:00:00,137.25
2022-08-31 18:00:00,137.1875
2022-08-31 19:00:00,137.09375
2022-08-31 20:00:00,136.71875
2022-08-31 21:00:00,136.25
2022-08-31 23:00:00,136.25
2022-09-01 14:30:00,135.1875
2022-09-01 15:00:00,134.71875
2022-09-01 16:00:00,134.90625
2022-09-01 17:00:00,134.8125
2022-09-01 18:00:00,134.84375
2022-09-01 19:00:00,134.78125
2022-09-01 20:00:00,134.78125
2022-09-01 21:00:00,134.96875
2022-09-01 23:00:00,134.96875
2022-09-02 14:30:00,135.65625
2022-09-02 15:00:00,135.40625
2022-09-02 16:00:00,135.125
2022-09-02 17:00:00,135.4375
2022-09-02 18:00:00,135.78125
2022-09-02 19:00:00,135.875
2022-09-02 20:00:00,135.6875
2022-09-02 21:00:00,135.875
2022-09-02 23:00:00,135.875
2022-09-06 14:30:00,133.84375
2022-09-06 15:00:00,133.8125
2022-09-06 16:00:00,133.625
2022-09-06 17:00:00,133.625
2022-09-06 18:00:00,133.75
2022-09-06 19:00:00,133.65625
2022-09-06 20:00:00,133.59375
2022-09-06 21:00:00,133.46875
2022-09-06 23:00:00,133.46875
2022-09-07 14:30:00,134.40625
2022-09-07 15:00:00,134.28125
2022-09-07 16:00:00,134.625
2022-09-07 17:00:00,134.65625
2022-09-07 18:00:00,135.125
2022-09-07 19:00:00,135.03125
2022-09-07 20:00:00,134.90625
2022-09-07 21:00:00,134.8125
2022-09-07 23:00:00,134.8125
2022-09-08 14:30:00,135.15625
2022-09-08 15:00:00,135.03125
2022-09-08 16:00:00,134.59375
2022-09-08 17:00:00,134.46875
2022-09-08 18:00:00,134.59375
2022-09-08 19:00:00,134.59375
2022-09-08 20:00:00,134.1875
2022-09-08 21:00:00,134.0625
2022-09-08 23:00:00,134.0625
2022-09-09 14:30:00,134.5
2022-09-09 15:00:00,134.6875
2022-09-09 16:00:00,134.5
2022-09-09 17:00:00,134.375
2022-09-09 18:00:00,134.46875
2022-09-09 19:00:00,134.1875
2022-09-09 20:00:00,134.25
2022-09-09 21:00:00,134.28125
2022-09-09 23:00:00,134.28125
2022-09-12 14:30:00,134.65625
2022-09-12 15:00:00,134.65625
2022-09-12 16:00:00,134.375
2022-09-12 17:00:00,134.40625
2022-09-12 18:00:00,133.96875
2022-09-12 19:00:00,133.78125
2022-09-12 20:00:00,133.625
2022-09-12 21:00:00,133.59375
2022-09-12 23:00:00,133.59375
2022-09-13 14:30:00,132.625
2022-09-13 15:00:00,132.65625
2022-09-13 16:00:00,132.71875
2022-09-13 17:00:00,132.9375
2022-09-13 18:00:00,132.84375
2022-09-13 19:00:00,133.15625
2022-09-13 20:00:00,133.125
2022-09-13 21:00:00,133.375
2022-09-13 23:00:00,133.375
2022-09-14 14:30:00,132.875
2022-09-14 15:00:00,133.53125
2022-09-14 16:00:00,133.4375
2022-09-14 17:00:00,133.28125
2022-09-14 18:00:00,133.1875
2022-09-14 19:00:00,133.15625
2022-09-14 20:00:00,133.28125
2022-09-14 21:00:00,133.375
2022-09-14 23:00:00,133.375
2022-09-15 14:30:00,132.96875
2022-09-15 15:00:00,132.8125
2022-09-15 16:00:00,132.59375
2022-09-15 17:00:00,132.625
2022-09-15 18:00:00,132.78125
2022-09-15 19:00:00,132.71875
2022-09-15 20:00:00,132.71875
2022-09-15 21:00:00,132.75
2022-09-15 23:00:00,132.75
2022-09-16 14:30:00,132.1875
2022-09-16 15:00:00,132.59375
2022-09-16 16:00:00,132.125
2022-09-16 17:00:00,132.3125
2022-09-16 18:00:00,132.3125
2022-09-16 19:00:00,132.4375
2022-09-16 20:00:00,132.34375
2022-09-16 21:00:00,132.375
2022-09-16 23:00:00,132.375
2022-09-19 14:30:00,131.96875
2022-09-19 15:00:00,132.1875
2022-09-19 16:00:00,132.21875
2022-09-19 17:00:00,132.4375
2022-09-19 18:00:00,132.34375
2022-09-19 19:00:00,132.3125
2022-09-19 20:00:00,132.21875
2022-09-19 21:00:00,132.125
2022-09-19 23:00:00,132.125
2022-09-20 14:30:00,130.84375
2022-09-20 15:00:00,130.59375
2022-09-20 16:00:00,130.96875
2022-09-20 17:00:00,131.28125
2022-09-20 18:00:00,131.5625
2022-09-20 19:00:00,131.5625
2022-09-20 20:00:00,131.1875
2022-09-20 21:00:00,131.21875
2022-09-20 23:00:00,131.21875
2022-09-21 14:30:00,131.65625
2022-09-21 15:00:00,131.375
2022-09-21 16:00:00,131.375
2022-09-21 17:00:00,131.0625
2022-09-21 18:00:00,131.0625
2022-09-21 19:00:00,131.03125
2022-09-21 20:00:00,132.125
2022-09-21 21:00:00,131.8125
2022-09-21 23:00:00,131.8125
2022-09-22 14:30:00,129.875
2022-09-22 15:00:00,129.5
2022-09-22 16:00:00,129.875
2022-09-22 17:00:00,129.75
2022-09-22 18:00:00,129.75
2022-09-22 19:00:00,129.53125
2022-09-22 20:00:00,129.65625
2022-09-22 21:00:00,129.4375
2022-09-22 23:00:00,129.4375
2022-09-23 14:30:00,129.6875
2022-09-23 15:00:00,129.75
2022-09-23 16:00:00,129.5
2022-09-23 17:00:00,130.5
2022-09-23 18:00:00,130.28125
2022-09-23 19:00:00,130.21875
2022-09-23 20:00:00,130.375
2022-09-23 21:00:00,130.15625
2022-09-23 23:00:00,130.15625
2022-09-26 14:30:00,129.0
2022-09-26 15:00:00,129.21875
2022-09-26 16:00:00,128.6875
2022-09-26 17:00:00,127.96875
2022-09-26 18:00:00,127.5625
2022-09-26 19:00:00,127.5625
2022-09-26 20:00:00,127.59375
2022-09-26 21:00:00,127.0625
2022-09-26 23:00:00,127.0625
2022-09-27 14:30:00,126.6875
2022-09-27 15:00:00,126.6875
2022-09-27 16:00:00,126.21875
2022-09-27 17:00:00,126.125
2022-09-27 18:00:00,125.9375
2022-09-27 19:00:00,126.0625
2022-09-27 20:00:00,125.78125
2022-09-27 21:00:00,126.25
2022-09-27 23:00:00,126.25
2022-09-28 14:30:00,127.375
2022-09-28 15:00:00,128.0
2022-09-28 16:00:00,128.5
2022-09-28 17:00:00,128.375
2022-09-28 18:00:00,128.625
2022-09-28 19:00:00,128.65625
2022-09-28 20:00:00,128.875
2022-09-28 21:00:00,128.46875
2022-09-28 23:00:00,128.46875
2022-09-29 14:30:00,127.90625
2022-09-29 15:00:00,128.0625
2022-09-29 16:00:00,128.59375
2022-09-29 17:00:00,128.0625
2022-09-29 18:00:00,128.15625
2022-09-29 19:00:00,128.125
2022-09-29 20:00:00,128.125
2022-09-29 21:00:00,127.8125
2022-09-29 23:00:00,127.8125
2022-09-30 14:30:00,128.96875
2022-09-30 15:00:00,128.4375
2022-09-30 16:00:00,128.5
2022-09-30 17:00:00,128.53125
2022-09-30 18:00:00,128.3125
2022-09-30 19:00:00,128.4375
2022-09-30 20:00:00,127.78125
2022-09-30 21:00:00,127.375
2022-09-30 23:00:00,127.375
2022-10-03 14:30:00,129.03125
2022-10-03 15:00:00,130.0
2022-10-03 16:00:00,130.03125
2022-10-03 17:00:00,129.71875
2022-10-03 18:00:00,129.53125
2022-10-03 19:00:00,129.5
2022-10-03 20:00:00,129.5625
2022-10-03 21:00:00,129.71875
2022-10-03 23:00:00,129.71875
2022-10-04 14:30:00,129.78125
2022-10-04 15:00:00,130.21875
2022-10-04 16:00:00,129.90625
2022-10-04 17:00:00,129.8125
2022-10-04 18:00:00,129.8125
2022-10-04 19:00:00,129.875
2022-10-04 20:00:00,129.90625
2022-10-04 21:00:00,129.6875
2022-10-04 23:00:00,129.6875
2022-10-05 14:30:00,128.3125
2022-10-05 15:00:00,127.6875
2022-10-05 16:00:00,127.875
2022-10-05 17:00:00,127.8125
2022-10-05 18:00:00,127.84375
2022-10-05 19:00:00,128.0625
2022-10-05 20:00:00,128.125
2022-10-05 21:00:00,128.125
2022-10-05 23:00:00,128.125
2022-10-06 14:30:00,127.6875
2022-10-06 15:00:00,127.4375
2022-10-06 16:00:00,127.65625
2022-10-06 17:00:00,127.65625
2022-10-06 18:00:00,127.8125
2022-10-06 19:00:00,127.53125
2022-10-06 20:00:00,127.5625
2022-10-06 21:00:00,127.5
2022-10-06 23:00:00,127.5
2022-10-07 14:30:00,126.5
2022-10-07 15:00:00,126.65625
2022-10-07 16:00:00,127.0
2022-10-07 17:00:00,126.9375
2022-10-07 18:00:00,126.875
2022-10-07 19:00:00,126.75
2022-10-07 20:00:00,126.65625
2022-10-07 21:00:00,126.8125
2022-10-07 23:00:00,126.8125
2022-10-10 14:30:00,126.125
2022-10-10 15:00:00,125.34375
2022-10-10 16:00:00,125.09375
2022-10-10 17:00:00,125.0
2022-10-10 18:00:00,125.34375
2022-10-10 19:00:00,125.40625
2022-10-10 20:00:00,125.53125
2022-10-10 21:00:00,125.5625
2022-10-10 23:00:00,125.5625
2022-10-11 14:30:00,125.75
2022-10-11 15:00:00,126.09375
2022-10-11 16:00:00,126.375
2022-10-11 17:00:00,126.5625
2022-10-11 18:00:00,126.53125
2022-10-11 19:00:00,125.90625
2022-10-11 20:00:00,125.90625
2022-10-11 21:00:00,125.625
2022-10-11 23:00:00,125.625
2022-10-12 14:30:00,125.6875
2022-10-12 15:00:00,125.65625
2022-10-12 16:00:00,126.03125
2022-10-12 17:00:00,126.09375
2022-10-12 18:00:00,126.0625
2022-10-12 19:00:00,126.375
2022-10-12 20:00:00,126.28125
2022-10-12 21:00:00,126.4375
2022-10-12 23:00:00,126.4375
2022-10-13 14:30:00,125.25
2022-10-13 15:00:00,125.21875
2022-10-13 16:00:00,125.75
2022-10-13 17:00:00,125.78125
2022-10-13 18:00:00,126.34375
2022-10-13 19:00:00,125.8125
2022-10-13 20:00:00,125.78125
2022-10-13 21:00:00,125.90625
2022-10-13 23:00:00,125.90625
2022-10-14 14:30:00,125.625
2022-10-14 15:00:00,125.3125
2022-10-14 16:00:00,124.9375
2022-10-14 17:00:00,124.75
2022-10-14 18:00:00,124.75
2022-10-14 19:00:00,125.03125
2022-10-14 20:00:00,124.8125
2022-10-14 21:00:00,124.71875
2022-10-14 23:00:00,124.71875
2022-10-17 14:30:00,125.46875
2022-10-17 15:00:00,125.25
2022-10-17 16:00:00,125.4375
2022-10-17 17:00:00,124.84375
2022-10-17 18:00:00,124.78125
2022-10-17 19:00:00,124.625
2022-10-17 20:00:00,124.46875
2022-10-17 21:00:00,124.59375
2022-10-17 23:00:00,124.59375
2022-10-18 14:30:00,124.84375
2022-10-18 15:00:00,124.75
2022-10-18 16:00:00,123.875
2022-10-18 17:00:00,124.375
2022-10-18 18:00:00,124.46875
2022-10-18 19:00:00,124.78125
2022-10-18 20:00:00,124.84375
2022-10-18 21:00:00,124.5625
2022-10-18 23:00:00,124.5625
2022-10-19 14:30:00,123.6875
2022-10-19 15:00:00,123.53125
2022-10-19 16:00:00,123.46875
2022-10-19 17:00:00,123.5
2022-10-19 18:00:00,123.28125
2022-10-19 19:00:00,123.125
2022-10-19 20:00:00,123.15625
2022-10-19 21:00:00,123.0625
2022-10-19 23:00:00,123.03125
2022-10-20 14:30:00,122.375
2022-10-20 15:00:00,122.75
2022-10-20 16:00:00,122.5
2022-10-20 17:00:00,122.15625
2022-10-20 18:00:00,121.8125
2022-10-20 19:00:00,121.6875
2022-10-20 20:00:00,121.625
2022-10-20 21:00:00,121.65625
2022-10-20 23:00:00,121.65625
2022-10-21 14:30:00,120.3125
2022-10-21 15:00:00,119.9375
2022-10-21 16:00:00,120.28125
2022-10-21 17:00:00,120.03125
2022-10-21 18:00:00,120.1875
2022-10-21 19:00:00,120.375
2022-10-21 20:00:00,120.21875
2022-10-21 21:00:00,120.28125
2022-10-21 23:00:00,120.21875
2022-10-24 14:30:00,119.6875
2022-10-24 15:00:00,119.375
2022-10-24 16:00:00,120.0
2022-10-24 17:00:00,119.875
2022-10-24 18:00:00,119.75
2022-10-24 19:00:00,119.59375
2022-10-24 20:00:00,119.375
2022-10-24 21:00:00,119.3125
2022-10-24 23:00:00,119.46875
2022-10-25 14:30:00,121.5625
2022-10-25 15:00:00,121.28125
2022-10-25 16:00:00,121.5625
2022-10-25 17:00:00,121.5
2022-10-25 18:00:00,121.5
2022-10-25 19:00:00,121.3125
2022-10-25 20:00:00,121.65625
2022-10-25 21:00:00,121.875
2022-10-25 23:00:00,121.40625
2022-10-26 14:30:00,122.53125
2022-10-26 15:00:00,122.59375
2022-10-26 16:00:00,122.84375
2022-10-26 17:00:00,122.65625
2022-10-26 18:00:00,122.65625
2022-10-26 19:00:00,122.71875
2022-10-26 20:00:00,122.8125
2022-10-26 21:00:00,122.8125
2022-10-26 23:00:00,122.90625
2022-10-27 14:30:00,122.875
2022-10-27 15:00:00,123.5625
2022-10-27 16:00:00,123.6875
2022-10-27 17:00:00,123.40625
2022-10-27 18:00:00,123.375
2022-10-27 19:00:00,123.5625
2022-10-27 20:00:00,123.625
2022-10-27 21:00:00,123.6875
2022-10-27 23:00:00,123.6875
2022-10-28 14:30:00,123.28125
2022-10-28 15:00:00,123.21875
2022-10-28 16:00:00,122.84375
2022-10-28 17:00:00,122.625
2022-10-28 18:00:00,122.46875
2022-10-28 19:00:00,122.5
2022-10-28 20:00:00,122.625
2022-10-28 21:00:00,122.40625
2022-10-28 23:00:00,122.3125
2022-10-31 13:30:00,122.125
2022-10-31 14:00:00,122.15625
2022-10-31 15:00:00,122.21875
2022-10-31 16:00:00,122.28125
2022-10-31 17:00:00,122.03125
2022-10-31 18:00:00,121.78125
2022-10-31 19:00:00,122.1875
2022-10-31 20:00:00,122.25
2022-10-31 23:00:00,122.25
2022-11-01 13:30:00,123.40625
2022-11-01 14:00:00,122.34375
2022-11-01 15:00:00,122.59375
2022-11-01 16:00:00,122.375
2022-11-01 17:00:00,122.34375
2022-11-01 18:00:00,122.3125
2022-11-01 19:00:00,122.375
2022-11-01 20:00:00,122.53125
2022-11-01 23:00:00,122.53125
2022-11-02 13:30:00,122.65625
2022-11-02 14:00:00,122.84375
2022-11-02 15:00:00,122.34375
2022-11-02 16:00:00,122.5625
2022-11-02 17:00:00,122.625
2022-11-02 18:00:00,121.96875
2022-11-02 19:00:00,121.84375
2022-11-02 20:00:00,121.5625
2022-11-02 23:00:00,121.5625
2022-11-03 13:30:00,120.84375
2022-11-03 14:00:00,121.53125
2022-11-03 15:00:00,121.0
2022-11-03 16:00:00,121.25
2022-11-03 17:00:00,121.53125
2022-11-03 18:00:00,121.5625
2022-11-03 19:00:00,121.40625
2022-11-03 20:00:00,121.1875
2022-11-03 23:00:00,121.1875
2022-11-04 13:30:00,120.9375
2022-11-04 14:00:00,121.1875
2022-11-04 15:00:00,120.5625
2022-11-04 16:00:00,120.5
2022-11-04 17:00:00,120.65625
2022-11-04 18:00:00,120.6875
2022-11-04 19:00:00,120.46875
2022-11-04 20:00:00,120.65625
2022-11-04 23:00:00,120.65625
2022-11-07 14:30:00,120.0
2022-11-07 15:00:00,120.21875
2022-11-07 16:00:00,119.84375
2022-11-07 17:00:00,119.90625
2022-11-07 18:00:00,119.96875
2022-11-07 19:00:00,119.8125
2022-11-07 20:00:00,119.59375
2022-11-07 21:00:00,119.75
2022-11-07 23:00:00,119.75
2022-11-08 14:30:00,120.71875
2022-11-08 15:00:00,121.0
2022-11-08 16:00:00,120.9375
2022-11-08 17:00:00,121.0
2022-11-08 18:00:00,121.09375
2022-11-08 19:00:00,121.1875
2022-11-08 20:00:00,120.96875
2022-11-08 21:00:00,121.125
2022-11-08 23:00:00,121.125
2022-11-09 14:30:00,120.96875
2022-11-09 15:00:00,121.53125
2022-11-09 16:00:00,121.53125
2022-11-09 17:00:00,121.4375
2022-11-09 18:00:00,120.84375
2022-11-09 19:00:00,120.875
2022-11-09 20:00:00,121.4375
2022-11-09 21:00:00,121.46875
2022-11-09 23:00:00,121.5625
2022-11-10 14:30:00,124.5625
2022-11-10 15:00:00,125.03125
2022-11-10 16:00:00,125.0625
2022-11-10 17:00:00,124.65625
2022-11-10 18:00:00,125.03125
2022-11-10 19:00:00,125.375
2022-11-10 20:00:00,125.40625
2022-11-10 21:00:00,125.3125
2022-11-10 23:00:00,125.3125
2022-11-11 14:30:00,124.6875
2022-11-11 15:00:00,124.78125
2022-11-11 16:00:00,124.875
2022-11-11 17:00:00,125.25
2022-11-11 18:00:00,125.1875
2022-11-11 19:00:00,125.125
2022-11-11 20:00:00,125.0
2022-11-11 21:00:00,124.8125
2022-11-11 23:00:00,124.8125
2022-11-14 14:30:00,124.84375
2022-11-14 15:00:00,124.65625
2022-11-14 16:00:00,124.78125
2022-11-14 17:00:00,124.75
2022-11-14 18:00:00,124.90625
2022-11-14 19:00:00,124.90625
2022-11-14 20:00:00,124.875
2022-11-14 21:00:00,125.0625
2022-11-14 23:00:00,125.0625
2022-11-15 14:30:00,125.65625
2022-11-15 15:00:00,125.78125
2022-11-15 16:00:00,125.625
2022-11-15 17:00:00,125.375
2022-11-15 18:00:00,125.875
2022-11-15 19:00:00,125.8125
2022-11-15 20:00:00,126.09375
2022-11-15 21:00:00,126.125
2022-11-15 23:00:00,126.125
2022-11-16 14:30:00,126.875
2022-11-16 15:00:00,126.6875
2022-11-16 16:00:00,127.0625
2022-11-16 17:00:00,127.25
2022-11-16 18:00:00,127.25
2022-11-16 19:00:00,127.65625
2022-11-16 20:00:00,127.875
2022-11-16 21:00:00,127.75
2022-11-16 23:00:00,127.75
2022-11-17 14:30:00,126.6875
2022-11-17 15:00:00,127.0
2022-11-17 16:00:00,127.25
2022-11-17 17:00:00,127.15625
2022-11-17 18:00:00,127.0625
2022-11-17 19:00:00,127.09375
2022-11-17 20:00:00,127.0625
2022-11-17 21:00:00,127.21875
2022-11-17 23:00:00,127.21875
2022-11-18 14:30:00,127.15625
2022-11-18 15:00:00,127.15625
2022-11-18 16:00:00,126.78125
2022-11-18 17:00:00,126.75
2022-11-18 18:00:00,126.65625
2022-11-18 19:00:00,126.71875
2022-11-18 20:00:00,126.625
2022-11-18 21:00:00,126.59375
2022-11-18 23:00:00,126.59375
2022-11-21 14:30:00,127.34375
2022-11-21 15:00:00,127.3125
2022-11-21 16:00:00,127.03125
2022-11-21 17:00:00,126.8125
2022-11-21 18:00:00,126.78125
2022-11-21 19:00:00,126.6875
2022-11-21 20:00:00,126.75
2022-11-21 21:00:00,126.65625
2022-11-21 23:00:00,126.65625
2022-11-22 14:30:00,127.53125
2022-11-22 15:00:00,127.5
2022-11-22 16:00:00,127.75
2022-11-22 17:00:00,127.9375
2022-11-22 18:00:00,128.0
2022-11-22 19:00:00,127.875
2022-11-22 20:00:00,127.875
2022-11-22 21:00:00,127.9375
2022-11-22 23:00:00,127.9375
2022-11-23 14:30:00,128.59375
2022-11-23 15:00:00,128.65625
2022-11-23 16:00:00,128.5625
2022-11-23 17:00:00,128.53125
2022-11-23 18:00:00,128.4375
2022-11-23 19:00:00,128.875
2022-11-23 20:00:00,129.0
2022-11-23 21:00:00,128.96875
2022-11-23 21:00:01,128.96875
2022-11-23 23:00:00,128.96875
2022-11-25 14:30:00,128.5625
2022-11-25 15:00:00,128.6875
2022-11-25 16:00:00,128.75
2022-11-25 17:00:00,128.875
2022-11-25 18:00:00,128.96875
2022-11-25 23:00:00,128.96875
2022-11-28 14:30:00,129.3125
2022-11-28 15:00:00,129.21875
2022-11-28 16:00:00,129.0625
2022-11-28 17:00:00,128.84375
2022-11-28 18:00:00,128.75
2022-11-28 19:00:00,128.84375
2022-11-28 20:00:00,128.9375
2022-11-28 21:00:00,129.0625
2022-11-28 23:00:00,129.0625
2022-11-29 14:30:00,128.25
2022-11-29 15:00:00,128.53125
2022-11-29 16:00:00,128.5625
2022-11-29 17:00:00,128.4375
2022-11-29 18:00:00,128.28125
2022-11-29 19:00:00,128.125
2022-11-29 20:00:00,128.0
2022-11-29 21:00:00,128.0625
2022-11-29 23:00:00,128.0625
2022-11-30 14:30:00,128.0625
2022-11-30 15:00:00,128.0625
2022-11-30 16:00:00,128.03125
2022-11-30 17:00:00,128.03125
2022-11-30 18:00:00,128.625
2022-11-30 19:00:00,128.46875
2022-11-30 20:00:00,129.125
2022-11-30 21:00:00,129.59375
2022-11-30 23:00:00,129.59375
2022-12-01 14:30:00,129.9375
2022-12-01 15:00:00,129.875
2022-12-01 16:00:00,130.40625
2022-12-01 17:00:00,130.625
2022-12-01 18:00:00,130.53125
2022-12-01 19:00:00,130.96875
2022-12-01 20:00:00,131.15625
2022-12-01 21:00:00,131.1875
2022-12-01 23:00:00,131.1875
2022-12-02 14:30:00,129.84375
2022-12-02 15:00:00,130.03125
2022-12-02 16:00:00,130.5
2022-12-02 17:00:00,130.71875
2022-12-02 18:00:00,131.0
2022-12-02 19:00:00,131.28125
2022-12-02 20:00:00,131.59375
2022-12-02 21:00:00,131.53125
2022-12-02 23:00:00,131.53125
2022-12-05 14:30:00,130.5625
2022-12-05 15:00:00,130.53125
2022-12-05 16:00:00,130.4375
2022-12-05 17:00:00,130.3125
2022-12-05 18:00:00,130.125
2022-12-05 19:00:00,130.28125
2022-12-05 20:00:00,130.25
2022-12-05 21:00:00,130.4375
2022-12-05 23:00:00,130.625
2022-12-06 14:30:00,130.78125
2022-12-06 15:00:00,130.875
2022-12-06 16:00:00,131.09375
2022-12-06 17:00:00,130.96875
2022-12-06 18:00:00,131.15625
2022-12-06 19:00:00,131.84375
2022-12-06 20:00:00,131.625
2022-12-06 21:00:00,131.5
2022-12-06 23:00:00,131.53125
2022-12-07 14:30:00,132.65625
2022-12-07 15:00:00,132.75
2022-12-07 16:00:00,132.78125
2022-12-07 17:00:00,133.0
2022-12-07 18:00:00,133.0
2022-12-07 19:00:00,133.375
2022-12-07 20:00:00,133.1875
2022-12-07 21:00:00,133.125
2022-12-07 23:00:00,133.125
2022-12-08 14:30:00,132.59375
2022-12-08 15:00:00,132.9375
2022-12-08 16:00:00,132.6875
2022-12-08 17:00:00,132.46875
2022-12-08 18:00:00,132.53125
2022-12-08 19:00:00,132.4375
2022-12-08 20:00:00,132.59375
2022-12-08 21:00:00,132.625
2022-12-08 23:00:00,132.625
2022-12-09 14:30:00,131.9375
2022-12-09 15:00:00,131.71875
2022-12-09 16:00:00,131.59375
2022-12-09 17:00:00,131.34375
2022-12-09 18:00:00,131.4375
2022-12-09 19:00:00,131.375
2022-12-09 20:00:00,130.90625
2022-12-09 21:00:00,131.125
2022-12-09 23:00:00,131.125
2022-12-12 14:30:00,131.75
2022-12-12 15:00:00,131.625
2022-12-12 16:00:00,131.34375
2022-12-12 17:00:00,131.34375
2022-12-12 18:00:00,131.125
2022-12-12 19:00:00,131.0625
2022-12-12 20:00:00,131.125
2022-12-12 21:00:00,131.0625
2022-12-12 23:00:00,131.0625
2022-12-13 14:30:00,133.5625
2022-12-13 15:00:00,133.21875
2022-12-13 16:00:00,132.875
2022-12-13 17:00:00,133.03125
2022-12-13 18:00:00,132.53125
2022-12-13 19:00:00,132.65625
2022-12-13 20:00:00,132.5
2022-12-13 21:00:00,132.53125
2022-12-13 23:00:00,132.53125
2022-12-14 14:30:00,132.75
2022-12-14 15:00:00,132.84375
2022-12-14 16:00:00,132.53125
2022-12-14 17:00:00,132.375
2022-12-14 18:00:00,132.375
2022-12-14 19:00:00,132.4375
2022-12-14 20:00:00,132.90625
2022-12-14 21:00:00,132.71875
2022-12-14 23:00:00,132.71875
2022-12-15 14:30:00,133.21875
2022-12-15 15:00:00,133.5625
2022-12-15 16:00:00,133.5625
2022-12-15 17:00:00,133.875
2022-12-15 18:00:00,133.65625
2022-12-15 19:00:00,133.46875
2022-12-15 20:00:00,133.5625
2022-12-15 21:00:00,133.46875
2022-12-15 23:00:00,133.46875
2022-12-16 14:30:00,132.15625
2022-12-16 15:00:00,132.375
2022-12-16 16:00:00,132.53125
2022-12-16 17:00:00,132.84375
2022-12-16 18:00:00,132.75
2022-12-16 19:00:00,132.59375
2022-12-16 20:00:00,132.625
2022-12-16 21:00:00,132.53125
2022-12-16 23:00:00,132.53125
2022-12-19 14:30:00,130.875
2022-12-19 15:00:00,131.09375
2022-12-19 16:00:00,130.84375
2022-12-19 17:00:00,131.0
2022-12-19 18:00:00,131.1875
2022-12-19 19:00:00,131.21875
2022-12-19 20:00:00,131.1875
2022-12-19 21:00:00,131.125
2022-12-19 23:00:00,131.125
2022-12-20 14:30:00,129.40625
2022-12-20 15:00:00,129.65625
2022-12-20 16:00:00,129.46875
2022-12-20 17:00:00,129.46875
2022-12-20 18:00:00,129.375
2022-12-20 19:00:00,129.59375
2022-12-20 20:00:00,129.53125
2022-12-20 21:00:00,129.5
2022-12-20 23:00:00,129.5
2022-12-21 14:30:00,129.96875
2022-12-21 15:00:00,129.65625
2022-12-21 16:00:00,129.46875
2022-12-21 17:00:00,129.65625
2022-12-21 18:00:00,129.75
2022-12-21 19:00:00,129.59375
2022-12-21 20:00:00,129.625
2022-12-21 21:00:00,129.8125
2022-12-21 23:00:00,129.8125
2022-12-22 14:30:00,129.71875
2022-12-22 15:00:00,129.9375
2022-12-22 16:00:00,129.875
2022-12-22 17:00:00,129.90625
2022-12-22 18:00:00,129.90625
2022-12-22 19:00:00,129.875
2022-12-22 20:00:00,129.8125
2022-12-22 21:00:00,129.6875
2022-12-22 23:00:00,129.6875
2022-12-23 14:30:00,128.78125
2022-12-23 15:00:00,129.03125
2022-12-23 16:00:00,128.8125
2022-12-23 17:00:00,128.59375
2022-12-23 18:00:00,128.5625
2022-12-23 19:00:00,128.65625
2022-12-23 20:00:00,128.6875
2022-12-23 21:00:00,128.8125
2022-12-23 23:00:00,128.8125
2022-12-27 14:30:00,127.5
2022-12-27 15:00:00,127.25
2022-12-27 16:00:00,126.90625
2022-12-27 17:00:00,126.875
2022-12-27 18:00:00,126.75
2022-12-27 19:00:00,126.78125
2022-12-27 20:00:00,126.78125
2022-12-27 21:00:00,126.9375
2022-12-27 23:00:00,126.9375
2022-12-28 14:30:00,126.9375
2022-12-28 15:00:00,126.1875
2022-12-28 16:00:00,126.59375
2022-12-28 17:00:00,126.53125
2022-12-28 18:00:00,126.5
2022-12-28 19:00:00,126.40625
2022-12-28 20:00:00,126.3125
2022-12-28 21:00:00,126.3125
2022-12-28 23:00:00,126.3125
2022-12-29 14:30:00,126.6875
2022-12-29 15:00:00,126.6875
2022-12-29 16:00:00,127.03125
2022-12-29 17:00:00,126.96875
2022-12-29 18:00:00,127.03125
2022-12-29 19:00:00,126.9375
2022-12-29 20:00:00,126.9375
2022-12-29 21:00:00,127.125
2022-12-29 23:00:00,127.125
2022-12-30 14:30:00,126.0
2022-12-30 15:00:00,126.21875
2022-12-30 16:00:00,126.125
2022-12-30 17:00:00,126.96875
2022-12-30 18:00:00,126.3125
2022-12-30 19:00:00,126.15625
2022-12-30 20:00:00,126.125
2022-12-30 21:00:00,126.1875
2022-12-30 23:00:00,126.1875
2023-01-03 14:30:00,128.53125
2023-01-03 15:00:00,127.8125
2023-01-03 16:00:00,127.53125
2023-01-03 17:00:00,127.71875
2023-01-03 18:00:00,127.6875
2023-01-03 19:00:00,127.6875
2023-01-03 20:00:00,127.78125
2023-01-03 21:00:00,128.25
2023-01-03 23:00:00,128.25
2023-01-04 14:30:00,129.4375
2023-01-04 15:00:00,129.125
2023-01-04 16:00:00,128.90625
2023-01-04 17:00:00,128.75
2023-01-04 18:00:00,128.90625
2023-01-04 19:00:00,128.90625
2023-01-04 20:00:00,129.0
2023-01-04 21:00:00,129.0625
2023-01-04 23:00:00,129.0625
2023-01-05 14:30:00,128.21875
2023-01-05 15:00:00,128.4375
2023-01-05 16:00:00,128.96875
2023-01-05 17:00:00,129.0625
2023-01-05 18:00:00,129.03125
2023-01-05 19:00:00,128.9375
2023-01-05 20:00:00,129.09375
2023-01-05 21:00:00,128.90625
2023-01-05 23:00:00,128.90625
2023-01-06 14:30:00,128.9375
2023-01-06 15:00:00,130.6875
2023-01-06 16:00:00,130.65625
2023-01-06 17:00:00,130.65625
2023-01-06 18:00:00,130.90625
2023-01-06 19:00:00,130.625
2023-01-06 20:00:00,130.78125
2023-01-06 21:00:00,130.75
2023-01-06 23:00:00,130.75
2023-01-09 14:30:00,130.3125
2023-01-09 15:00:00,130.75
2023-01-09 16:00:00,131.28125
2023-01-09 17:00:00,131.15625
2023-01-09 18:00:00,131.21875
2023-01-09 19:00:00,131.3125
2023-01-09 20:00:00,131.21875
2023-01-09 21:00:00,131.0625
2023-01-09 23:00:00,131.0625
2023-01-10 14:30:00,130.21875
2023-01-10 15:00:00,129.78125
2023-01-10 16:00:00,129.4375
2023-01-10 17:00:00,129.46875
2023-01-10 18:00:00,129.625
2023-01-10 19:00:00,129.65625
2023-01-10 20:00:00,129.71875
2023-01-10 21:00:00,129.625
2023-01-10 23:00:00,129.625
2023-01-11 14:30:00,130.46875
2023-01-11 15:00:00,130.21875
2023-01-11 16:00:00,130.28125
2023-01-11 17:00:00,130.21875
2023-01-11 18:00:00,130.46875
2023-01-11 19:00:00,130.53125
2023-01-11 20:00:00,130.78125
2023-01-11 21:00:00,130.65625
2023-01-11 23:00:00,130.65625
2023-01-12 14:30:00,130.09375
2023-01-12 15:00:00,130.75
2023-01-12 16:00:00,131.15625
2023-01-12 17:00:00,131.65625
2023-01-12 18:00:00,132.0625
2023-01-12 19:00:00,132.09375
2023-01-12 20:00:00,132.34375
2023-01-12 21:00:00,132.0
2023-01-12 23:00:00,132.0
2023-01-13 14:30:00,132.5
2023-01-13 15:00:00,132.34375
2023-01-13 16:00:00,131.84375
2023-01-13 17:00:00,131.75
2023-01-13 18:00:00,131.40625
2023-01-13 19:00:00,131.4375
2023-01-13 20:00:00,131.59375
2023-01-13 21:00:00,131.5
2023-01-13 23:00:00,131.5
2023-01-17 14:30:00,131.0625
2023-01-17 15:00:00,131.46875
2023-01-17 16:00:00,131.3125
2023-01-17 17:00:00,131.1875
2023-01-17 18:00:00,131.21875
2023-01-17 19:00:00,131.15625
2023-01-17 20:00:00,131.21875
2023-01-17 21:00:00,130.96875
2023-01-17 23:00:00,130.96875
2023-01-18 14:30:00,133.34375
2023-01-18 15:00:00,133.125
2023-01-18 16:00:00,132.78125
2023-01-18 17:00:00,133.09375
2023-01-18 18:00:00,133.34375
2023-01-18 19:00:00,133.5
2023-01-18 20:00:00,133.59375
2023-01-18 21:00:00,133.5625
2023-01-18 23:00:00,133.5625
2023-01-19 14:30:00,133.21875
2023-01-19 15:00:00,133.125
2023-01-19 16:00:00,133.25
2023-01-19 17:00:00,132.8125
2023-01-19 18:00:00,133.15625
2023-01-19 19:00:00,133.1875
2023-01-19 20:00:00,133.125
2023-01-19 21:00:00,133.21875
2023-01-19 23:00:00,133.21875
2023-01-20 14:30:00,132.3125
2023-01-20 15:00:00,131.9375
2023-01-20 16:00:00,131.5625
2023-01-20 17:00:00,131.6875
2023-01-20 18:00:00,131.9375
2023-01-20 19:00:00,131.90625
2023-01-20 20:00:00,131.875
2023-01-20 21:00:00,132.03125
2023-01-20 23:00:00,132.03125
2023-01-23 14:30:00,131.59375
2023-01-23 15:00:00,131.53125
2023-01-23 16:00:00,131.34375
2023-01-23 17:00:00,131.28125
2023-01-23 18:00:00,131.25
2023-01-23 19:00:00,131.3125
2023-01-23 20:00:00,131.25
2023-01-23 21:00:00,131.46875
2023-01-23 23:00:00,131.46875
2023-01-24 14:30:00,131.125
2023-01-24 15:00:00,132.125
2023-01-24 16:00:00,132.15625
2023-01-24 17:00:00,132.0625
2023-01-24 18:00:00,132.34375
2023-01-24 19:00:00,132.34375
2023-01-24 20:00:00,132.40625
2023-01-24 21:00:00,132.46875
2023-01-24 23:00:00,132.46875
2023-01-25 14:30:00,132.71875
2023-01-25 15:00:00,132.28125
2023-01-25 16:00:00,132.28125
2023-01-25 17:00:00,132.25
2023-01-25 18:00:00,132.5
2023-01-25 19:00:00,132.25
2023-01-25 20:00:00,132.53125
2023-01-25 21:00:00,132.5625
2023-01-25 23:00:00,132.5625
2023-01-26 14:30:00,132.0
2023-01-26 15:00:00,131.71875
2023-01-26 16:00:00,131.5625
2023-01-26 17:00:00,131.78125
2023-01-26 18:00:00,132.21875
2023-01-26 19:00:00,131.84375
2023-01-26 20:00:00,131.8125
2023-01-26 21:00:00,131.75
2023-01-26 23:00:00,131.75
2023-01-27 14:30:00,131.21875
2023-01-27 15:00:00,131.3125
2023-01-27 16:00:00,131.46875
2023-01-27 17:00:00,131.3125
2023-01-27 18:00:00,131.46875
2023-01-27 19:00:00,131.625
2023-01-27 20:00:00,131.53125
2023-01-27 21:00:00,131.78125
2023-01-27 23:00:00,131.78125
2023-01-30 14:30:00,131.46875
2023-01-30 15:00:00,131.40625
2023-01-30 16:00:00,131.28125
2023-01-30 17:00:00,131.15625
2023-01-30 18:00:00,131.375
2023-01-30 19:00:00,131.21875
2023-01-30 20:00:00,131.1875
2023-01-30 21:00:00,131.3125
2023-01-30 23:00:00,131.3125
2023-01-31 14:30:00,131.625
2023-01-31 15:00:00,131.28125
2023-01-31 16:00:00,131.5
2023-01-31 17:00:00,131.28125
2023-01-31 18:00:00,131.4375
2023-01-31 19:00:00,131.34375
2023-01-31 20:00:00,132.03125
2023-01-31 21:00:00,131.5625
2023-01-31 23:00:00,131.5625
2023-02-01 14:30:00,131.875
2023-02-01 15:00:00,131.625
2023-02-01 16:00:00,132.03125
2023-02-01 17:00:00,132.40625
2023-02-01 18:00:00,132.15625
2023-02-01 19:00:00,133.0625
2023-02-01 20:00:00,133.03125
2023-02-01 21:00:00,132.90625
2023-02-01 23:00:00,132.84375
2023-02-02 14:30:00,133.34375
2023-02-02 15:00:00,133.875
2023-02-02 16:00:00,133.53125
2023-02-02 17:00:00,133.40625
2023-02-02 18:00:00,133.1875
2023-02-02 19:00:00,133.1875
2023-02-02 20:00:00,133.125
2023-02-02 21:00:00,133.15625
2023-02-02 23:00:00,133.25
2023-02-03 14:30:00,131.84375
2023-02-03 15:00:00,131.34375
2023-02-03 16:00:00,131.5625
2023-02-03 17:00:00,131.59375
2023-02-03 18:00:00,131.53125
2023-02-03 19:00:00,131.5
2023-02-03 20:00:00,131.5
2023-02-03 21:00:00,131.625
2023-02-03 23:00:00,131.59375
2023-02-06 14:30:00,130.5625
2023-02-06 15:00:00,130.59375
2023-02-06 16:00:00,130.5625
2023-02-06 17:00:00,130.4375
2023-02-06 18:00:00,130.46875
2023-02-06 19:00:00,130.4375
2023-02-06 20:00:00,130.5
2023-02-06 21:00:00,130.40625
2023-02-06 23:00:00,130.4375
2023-02-07 14:30:00,130.34375
2023-02-07 15:00:00,130.5
2023-02-07 16:00:00,130.25
2023-02-07 17:00:00,130.625
2023-02-07 18:00:00,130.0
2023-02-07 19:00:00,129.8125
2023-02-07 20:00:00,129.75
2023-02-07 21:00:00,129.71875
2023-02-07 23:00:00,129.75
2023-02-08 14:30:00,129.625
2023-02-08 15:00:00,129.5
2023-02-08 16:00:00,129.46875
2023-02-08 17:00:00,129.78125
2023-02-08 18:00:00,129.84375
2023-02-08 19:00:00,129.78125
2023-02-08 20:00:00,130.15625
2023-02-08 21:00:00,130.3125
2023-02-08 23:00:00,130.3125
2023-02-09 14:30:00,130.53125
2023-02-09 15:00:00,130.34375
2023-02-09 16:00:00,130.78125
2023-02-09 17:00:00,130.5625
2023-02-09 18:00:00,129.75
2023-02-09 19:00:00,129.34375
2023-02-09 20:00:00,129.34375
2023-02-09 21:00:00,129.5
2023-02-09 23:00:00,129.5
2023-02-10 14:30:00,129.03125
2023-02-10 15:00:00,128.59375
2023-02-10 16:00:00,128.4375
2023-02-10 17:00:00,128.5
2023-02-10 18:00:00,128.40625
2023-02-10 19:00:00,128.375
2023-02-10 20:00:00,128.375
2023-02-10 21:00:00,128.34375
2023-02-10 23:00:00,128.375
2023-02-13 14:30:00,128.96875
2023-02-13 15:00:00,128.5
2023-02-13 16:00:00,128.6875
2023-02-13 17:00:00,128.71875
2023-02-13 18:00:00,128.84375
2023-02-13 19:00:00,128.78125
2023-02-13 20:00:00,128.96875
2023-02-13 21:00:00,129.03125
2023-02-13 23:00:00,129.03125
2023-02-14 14:30:00,128.875
2023-02-14 15:00:00,128.34375
2023-02-14 16:00:00,128.03125
2023-02-14 17:00:00,128.34375
2023-02-14 18:00:00,128.5
2023-02-14 19:00:00,128.4375
2023-02-14 20:00:00,128.5625
2023-02-14 21:00:00,128.625
2023-02-14 23:00:00,128.6875
2023-02-15 14:30:00,128.1875
2023-02-15 15:00:00,127.84375
2023-02-15 16:00:00,127.78125
2023-02-15 17:00:00,127.90625
2023-02-15 18:00:00,127.53125
2023-02-15 19:00:00,127.6875
2023-02-15 20:00:00,127.78125
2023-02-15 21:00:00,127.75
2023-02-15 23:00:00,127.65625
2023-02-16 14:30:00,126.8125
2023-02-16 15:00:00,127.09375
2023-02-16 16:00:00,127.15625
2023-02-16 17:00:00,127.09375
2023-02-16 18:00:00,127.15625
2023-02-16 19:00:00,127.03125
2023-02-16 20:00:00,126.875
2023-02-16 21:00:00,126.71875
2023-02-16 23:00:00,126.71875
2023-02-17 14:30:00,126.5625
2023-02-17 15:00:00,126.96875
2023-02-17 16:00:00,127.125
2023-02-17 17:00:00,127.0625
2023-02-17 18:00:00,127.1875
2023-02-17 19:00:00,127.1875
2023-02-17 20:00:00,127.34375
2023-02-17 21:00:00,127.28125
2023-02-17 23:00:00,127.28125
2023-02-21 14:30:00,125.59375
2023-02-21 15:00:00,125.96875
2023-02-21 16:00:00,126.125
2023-02-21 17:00:00,125.96875
2023-02-21 18:00:00,125.5625
2023-02-21 19:00:00,125.5625
2023-02-21 20:00:00,125.53125
2023-02-21 21:00:00,125.5
2023-02-21 23:00:00,125.5625
2023-02-22 14:30:00,126.25
2023-02-22 15:00:00,126.3125
2023-02-22 16:00:00,126.03125
2023-02-22 17:00:00,126.0625
2023-02-22 18:00:00,126.21875
2023-02-22 19:00:00,126.0
2023-02-22 20:00:00,126.0625
2023-02-22 21:00:00,126.03125
2023-02-22 21:00:01,126.03125
2023-02-22 23:00:00,126.0625
2023-02-23 14:30:00,126.46875
2023-02-23 15:00:00,126.21875
2023-02-23 16:00:00,126.4375
2023-02-23 17:00:00,126.53125
2023-02-23 18:00:00,126.8125
2023-02-23 19:00:00,126.65625
2023-02-23 20:00:00,126.71875
2023-02-23 21:00:00,126.53125
2023-02-23 23:00:00,126.5625
2023-02-24 14:30:00,125.84375
2023-02-24 15:00:00,125.5625
2023-02-24 16:00:00,125.375
2023-02-24 17:00:00,125.15625
2023-02-24 18:00:00,125.3125
2023-02-24 19:00:00,125.40625
2023-02-24 20:00:00,125.34375
2023-02-24 21:00:00,125.4375
2023-02-24 23:00:00,125.4375
2023-02-27 14:30:00,126.0
2023-02-27 15:00:00,125.71875
2023-02-27 16:00:00,125.6875
2023-02-27 17:00:00,125.625
2023-02-27 18:00:00,125.78125
2023-02-27 19:00:00,125.71875
2023-02-27 20:00:00,125.625
2023-02-27 21:00:00,125.53125
2023-02-27 23:00:00,125.625
2023-02-28 14:30:00,124.78125
2023-02-28 15:00:00,125.21875
2023-02-28 16:00:00,125.40625
2023-02-28 17:00:00,125.53125
2023-02-28 18:00:00,125.46875
2023-02-28 19:00:00,125.625
2023-02-28 20:00:00,125.875
2023-02-28 21:00:00,125.53125
2023-02-28 23:00:00,125.5625
2023-03-01 14:30:00,125.09375
2023-03-01 15:00:00,124.4375
2023-03-01 16:00:00,124.8125
2023-03-01 17:00:00,124.59375
2023-03-01 18:00:00,124.46875
2023-03-01 19:00:00,124.5
2023-03-01 20:00:00,124.4375
2023-03-01 21:00:00,124.46875
2023-03-01 23:00:00,124.46875
2023-03-02 14:30:00,123.6875
2023-03-02 15:00:00,123.4375
2023-03-02 16:00:00,123.25
2023-03-02 17:00:00,123.28125
2023-03-02 18:00:00,123.53125
2023-03-02 19:00:00,123.4375
2023-03-02 20:00:00,123.46875
2023-03-02 21:00:00,123.5625
2023-03-02 23:00:00,123.5625
2023-03-03 14:30:00,124.96875
2023-03-03 15:00:00,124.5
2023-03-03 16:00:00,125.0625
2023-03-03 17:00:00,125.03125
2023-03-03 18:00:00,125.28125
2023-03-03 19:00:00,125.3125
2023-03-03 20:00:00,125.375
2023-03-03 21:00:00,125.375
2023-03-03 23:00:00,125.375
2023-03-06 14:30:00,125.53125
2023-03-06 15:00:00,125.34375
2023-03-06 16:00:00,125.21875
2023-03-06 17:00:00,125.28125
2023-03-06 18:00:00,125.03125
2023-03-06 19:00:00,125.0625
2023-03-06 20:00:00,125.0
2023-03-06 21:00:00,125.25
2023-03-06 23:00:00,125.25
2023-03-07 14:30:00,125.59375
2023-03-07 15:00:00,125.53125
2023-03-07 16:00:00,125.59375
2023-03-07 17:00:00,125.96875
2023-03-07 18:00:00,125.59375
2023-03-07 19:00:00,125.46875
2023-03-07 20:00:00,125.5625
2023-03-07 21:00:00,125.625
2023-03-07 23:00:00,125.625
2023-03-08 14:30:00,126.5625
2023-03-08 15:00:00,126.5
2023-03-08 16:00:00,126.1875
2023-03-08 17:00:00,126.03125
2023-03-08 18:00:00,125.4375
2023-03-08 19:00:00,125.78125
2023-03-08 20:00:00,125.6875
2023-03-08 21:00:00,125.46875
2023-03-08 23:00:00,125.4375
2023-03-09 14:30:00,125.90625
2023-03-09 15:00:00,125.53125
2023-03-09 16:00:00,125.4375
2023-03-09 17:00:00,126.0
2023-03-09 18:00:00,126.46875
2023-03-09 19:00:00,126.25
2023-03-09 20:00:00,126.375
2023-03-09 21:00:00,126.53125
2023-03-09 23:00:00,126.5625
2023-03-10 14:30:00,129.15625
2023-03-10 15:00:00,129.90625
2023-03-10 16:00:00,128.9375
2023-03-10 17:00:00,129.59375
2023-03-10 18:00:00,129.5625
2023-03-10 19:00:00,129.75
2023-03-10 20:00:00,129.84375
2023-03-10 21:00:00,129.59375
2023-03-10 23:00:00,129.59375
2023-03-13 13:30:00,131.84375
2023-03-13 14:00:00,133.09375
2023-03-13 15:00:00,132.03125
2023-03-13 16:00:00,132.0625
2023-03-13 17:00:00,131.9375
2023-03-13 18:00:00,131.875
2023-03-13 19:00:00,131.625
2023-03-13 20:00:00,131.1875
2023-03-13 23:00:00,131.1875
2023-03-14 13:30:00,130.125
2023-03-14 14:00:00,130.46875
2023-03-14 15:00:00,130.25
2023-03-14 16:00:00,130.65625
2023-03-14 17:00:00,130.625
2023-03-14 18:00:00,130.375
2023-03-14 19:00:00,129.96875
2023-03-14 20:00:00,129.75
2023-03-14 23:00:00,129.75
2023-03-15 13:30:00,133.125
2023-03-15 14:00:00,132.90625
2023-03-15 15:00:00,133.15625
2023-03-15 16:00:00,132.96875
2023-03-15 17:00:00,132.59375
2023-03-15 18:00:00,132.0625
2023-03-15 19:00:00,132.21875
2023-03-15 20:00:00,132.625
2023-03-15 23:00:00,132.625
2023-03-16 13:30:00,132.75
2023-03-16 14:00:00,132.875
2023-03-16 15:00:00,132.09375
2023-03-16 16:00:00,131.125
2023-03-16 17:00:00,131.03125
2023-03-16 18:00:00,130.96875
2023-03-16 19:00:00,131.0
2023-03-16 20:00:00,131.0625
2023-03-16 23:00:00,131.0625
2023-03-17 13:30:00,132.4375
2023-03-17 14:00:00,133.03125
2023-03-17 15:00:00,133.1875
2023-03-17 16:00:00,133.03125
2023-03-17 17:00:00,133.03125
2023-03-17 18:00:00,133.125
2023-03-17 19:00:00,132.53125
2023-03-17 20:00:00,132.59375
2023-03-17 23:00:00,132.59375
2023-03-20 13:30:00,132.03125
2023-03-20 14:00:00,132.5625
2023-03-20 15:00:00,132.125
2023-03-20 16:00:00,131.96875
2023-03-20 17:00:00,131.78125
2023-03-20 18:00:00,131.8125
2023-03-20 19:00:00,131.78125
2023-03-20 20:00:00,131.6875
2023-03-20 23:00:00,131.6875
2023-03-21 13:30:00,130.65625
2023-03-21 14:00:00,131.15625
2023-03-21 15:00:00,130.71875
2023-03-21 16:00:00,130.6875
2023-03-21 17:00:00,130.5
2023-03-21 18:00:00,130.4375
2023-03-21 19:00:00,130.4375
2023-03-21 20:00:00,130.3125
2023-03-21 23:00:00,130.3125
2023-03-22 13:30:00,130.03125
2023-03-22 14:00:00,130.5
2023-03-22 15:00:00,130.40625
2023-03-22 16:00:00,130.84375
2023-03-22 17:00:00,131.25
2023-03-22 18:00:00,131.375
2023-03-22 19:00:00,132.03125
2023-03-22 20:00:00,132.1875
2023-03-22 23:00:00,132.1875
2023-03-23 13:30:00,131.28125
2023-03-23 14:00:00,131.375
2023-03-23 15:00:00,131.3125
2023-03-23 16:00:00,131.5625
2023-03-23 17:00:00,131.6875
2023-03-23 18:00:00,132.21875
2023-03-23 19:00:00,132.5
2023-03-23 20:00:00,131.71875
2023-03-23 23:00:00,131.71875
2023-03-24 13:30:00,132.71875
2023-03-24 14:00:00,133.0
2023-03-24 15:00:00,132.6875
2023-03-24 16:00:00,132.8125
2023-03-24 17:00:00,132.9375
2023-03-24 18:00:00,132.78125
2023-03-24 19:00:00,132.78125
2023-03-24 20:00:00,132.75
2023-03-24 23:00:00,132.75
2023-03-27 14:30:00,131.28125
2023-03-27 15:00:00,131.53125
2023-03-27 16:00:00,131.40625
2023-03-27 17:00:00,131.0625
2023-03-27 18:00:00,130.96875
2023-03-27 19:00:00,130.71875
2023-03-27 20:00:00,130.71875
2023-03-27 21:00:00,130.75
2023-03-27 23:00:00,130.75
2023-03-28 14:30:00,130.71875
2023-03-28 15:00:00,130.4375
2023-03-28 16:00:00,130.46875
2023-03-28 17:00:00,130.3125
2023-03-28 18:00:00,130.78125
2023-03-28 19:00:00,130.34375
2023-03-28 20:00:00,130.5
2023-03-28 21:00:00,130.3125
2023-03-28 23:00:00,130.3125
2023-03-29 14:30:00,129.84375
2023-03-29 15:00:00,130.25
2023-03-29 16:00:00,130.25
2023-03-29 17:00:00,130.25
2023-03-29 18:00:00,130.34375
2023-03-29 19:00:00,130.1875
2023-03-29 20:00:00,130.25
2023-03-29 21:00:00,130.25
2023-03-29 23:00:00,130.25
2023-03-30 14:30:00,130.125
2023-03-30 15:00:00,130.46875
2023-03-30 16:00:00,130.21875
2023-03-30 17:00:00,130.46875
2023-03-30 18:00:00,130.46875
2023-03-30 19:00:00,130.5625
2023-03-30 20:00:00,130.65625
2023-03-30 21:00:00,130.625
2023-03-30 23:00:00,130.625
2023-03-31 14:30:00,131.0625
2023-03-31 15:00:00,130.9375
2023-03-31 16:00:00,131.21875
2023-03-31 17:00:00,131.4375
2023-03-31 18:00:00,131.4375
2023-03-31 19:00:00,131.59375
2023-03-31 20:00:00,131.6875
2023-03-31 21:00:00,131.875
2023-03-31 23:00:00,131.875
2023-04-03 14:30:00,131.84375
2023-04-03 15:00:00,132.34375
2023-04-03 16:00:00,132.53125
2023-04-03 17:00:00,132.46875
2023-04-03 18:00:00,132.34375
2023-04-03 19:00:00,132.34375
2023-04-03 20:00:00,132.46875
2023-04-03 21:00:00,132.53125
2023-04-03 23:00:00,132.53125
2023-04-04 14:30:00,131.84375
2023-04-04 15:00:00,133.1875
2023-04-04 16:00:00,133.4375
2023-04-04 17:00:00,133.46875
2023-04-04 18:00:00,133.375
2023-04-04 19:00:00,133.53125
2023-04-04 20:00:00,133.40625
2023-04-04 21:00:00,133.46875
2023-04-04 23:00:00,133.46875
2023-04-05 14:30:00,133.875
2023-04-05 15:00:00,134.4375
2023-04-05 16:00:00,134.46875
2023-04-05 17:00:00,134.4375
2023-04-05 18:00:00,134.4375
2023-04-05 19:00:00,134.46875
2023-04-05 20:00:00,134.3125
2023-04-05 21:00:00,134.09375
2023-04-05 23:00:00,134.09375
2023-04-06 14:30:00,134.46875
2023-04-06 15:00:00,134.8125
2023-04-06 16:00:00,134.5
2023-04-06 17:00:00,134.65625
2023-04-06 18:00:00,134.5
2023-04-06 19:00:00,134.5
2023-04-06 20:00:00,134.40625
2023-04-06 21:00:00,134.25
2023-04-06 23:00:00,134.25
2023-04-10 14:30:00,133.0
2023-04-10 15:00:00,132.75
2023-04-10 16:00:00,133.0
2023-04-10 17:00:00,132.96875
2023-04-10 18:00:00,133.03125
2023-04-10 19:00:00,132.96875
2023-04-10 20:00:00,133.03125
2023-04-10 21:00:00,132.96875
2023-04-10 23:00:00,132.96875
2023-04-11 14:30:00,132.875
2023-04-11 15:00:00,132.84375
2023-04-11 16:00:00,132.59375
2023-04-11 17:00:00,132.59375
2023-04-11 18:00:00,132.65625
2023-04-11 19:00:00,132.78125
2023-04-11 20:00:00,132.78125
2023-04-11 21:00:00,132.8125
2023-04-11 23:00:00,132.8125
2023-04-12 14:30:00,132.96875
2023-04-12 15:00:00,132.5625
2023-04-12 16:00:00,132.6875
2023-04-12 17:00:00,132.40625
2023-04-12 18:00:00,132.34375
2023-04-12 19:00:00,132.5625
2023-04-12 20:00:00,132.78125
2023-04-12 21:00:00,133.0
2023-04-12 23:00:00,133.0
2023-04-13 14:30:00,133.25
2023-04-13 15:00:00,132.625
2023-04-13 16:00:00,132.6875
2023-04-13 17:00:00,132.6875
2023-04-13 18:00:00,132.65625
2023-04-13 19:00:00,132.25
2023-04-13 20:00:00,132.1875
2023-04-13 21:00:00,132.21875
2023-04-13 23:00:00,132.21875
2023-04-14 14:30:00,131.59375
2023-04-14 15:00:00,131.3125
2023-04-14 16:00:00,131.0
2023-04-14 17:00:00,131.0625
2023-04-14 18:00:00,131.0
2023-04-14 19:00:00,131.125
2023-04-14 20:00:00,131.125
2023-04-14 21:00:00,131.21875
2023-04-14 23:00:00,131.21875
2023-04-17 14:30:00,130.5625
2023-04-17 15:00:00,130.125
2023-04-17 16:00:00,130.15625
2023-04-17 17:00:00,130.0625
2023-04-17 18:00:00,130.15625
2023-04-17 19:00:00,130.125
2023-04-17 20:00:00,130.0625
2023-04-17 21:00:00,130.0
2023-04-17 23:00:00,130.0
2023-04-18 14:30:00,130.375
2023-04-18 15:00:00,130.625
2023-04-18 16:00:00,130.34375
2023-04-18 17:00:00,130.40625
2023-04-18 18:00:00,130.375
2023-04-18 19:00:00,130.40625
2023-04-18 20:00:00,130.3125
2023-04-18 21:00:00,130.3125
2023-04-18 23:00:00,130.3125
2023-04-19 14:30:00,129.875
2023-04-19 15:00:00,129.6875
2023-04-19 16:00:00,129.65625
2023-04-19 17:00:00,130.0625
2023-04-19 18:00:00,129.875
2023-04-19 19:00:00,130.125
2023-04-19 20:00:00,130.09375
2023-04-19 21:00:00,130.125
2023-04-19 23:00:00,130.125
2023-04-20 14:30:00,130.78125
2023-04-20 15:00:00,130.875
2023-04-20 16:00:00,130.96875
2023-04-20 17:00:00,130.96875
2023-04-20 18:00:00,130.78125
2023-04-20 19:00:00,130.6875
2023-04-20 20:00:00,130.8125
2023-04-20 21:00:00,130.875
2023-04-20 23:00:00,130.875
2023-04-21 14:30:00,130.46875
2023-04-21 15:00:00,130.25
2023-04-21 16:00:00,130.40625
2023-04-21 17:00:00,130.5
2023-04-21 18:00:00,130.4375
2023-04-21 19:00:00,130.28125
2023-04-21 20:00:00,130.3125
2023-04-21 21:00:00,130.21875
2023-04-21 23:00:00,130.21875
2023-04-24 14:30:00,130.9375
2023-04-24 15:00:00,131.15625
2023-04-24 16:00:00,131.09375
2023-04-24 17:00:00,131.09375
2023-04-24 18:00:00,131.1875
2023-04-24 19:00:00,131.15625
2023-04-24 20:00:00,131.125
2023-04-24 21:00:00,131.40625
2023-04-24 23:00:00,131.40625
2023-04-25 14:30:00,132.625
2023-04-25 15:00:00,132.75
2023-04-25 16:00:00,132.59375
2023-04-25 17:00:00,132.6875
2023-04-25 18:00:00,132.875
2023-04-25 19:00:00,132.75
2023-04-25 20:00:00,132.78125
2023-04-25 21:00:00,132.65625
2023-04-25 23:00:00,132.65625
2023-04-26 14:30:00,132.75
2023-04-26 15:00:00,132.75
2023-04-26 16:00:00,132.1875
2023-04-26 17:00:00,131.90625
2023-04-26 18:00:00,132.03125
2023-04-26 19:00:00,132.15625
2023-04-26 20:00:00,132.09375
2023-04-26 21:00:00,131.84375
2023-04-26 23:00:00,131.84375
2023-04-27 14:30:00,130.96875
2023-04-27 15:00:00,130.90625
2023-04-27 16:00:00,130.90625
2023-04-27 17:00:00,130.84375
2023-04-27 18:00:00,130.8125
2023-04-27 19:00:00,130.8125
2023-04-27 20:00:00,130.78125
2023-04-27 21:00:00,130.84375
2023-04-27 23:00:00,130.84375
2023-04-28 14:30:00,131.8125
2023-04-28 15:00:00,132.0625
2023-04-28 16:00:00,132.25
2023-04-28 17:00:00,132.21875
2023-04-28 18:00:00,132.25
2023-04-28 19:00:00,132.0625
2023-04-28 20:00:00,132.25
2023-04-28 21:00:00,132.25
2023-04-28 23:00:00,132.25
2023-05-01 14:30:00,131.53125
2023-05-01 15:00:00,130.65625
2023-05-01 16:00:00,130.375
2023-05-01 17:00:00,130.3125
2023-05-01 18:00:00,130.3125
2023-05-01 19:00:00,130.09375
2023-05-01 20:00:00,129.875
2023-05-01 21:00:00,130.03125
2023-05-01 23:00:00,130.03125
2023-05-02 14:30:00,130.75
2023-05-02 15:00:00,132.125
2023-05-02 16:00:00,132.03125
2023-05-02 17:00:00,131.90625
2023-05-02 18:00:00,131.78125
2023-05-02 19:00:00,131.875
2023-05-02 20:00:00,132.125
2023-05-02 21:00:00,132.03125
2023-05-02 23:00:00,132.03125
2023-05-03 14:30:00,132.53125
2023-05-03 15:00:00,132.9375
2023-05-03 16:00:00,132.875
2023-05-03 17:00:00,132.71875
2023-05-03 18:00:00,132.75
2023-05-03 19:00:00,132.3125
2023-05-03 20:00:00,132.59375
2023-05-03 21:00:00,132.9375
2023-05-03 23:00:00,132.9375
2023-05-04 14:30:00,132.53125
2023-05-04 15:00:00,133.1875
2023-05-04 16:00:00,133.03125
2023-05-04 17:00:00,132.78125
2023-05-04 18:00:00,132.46875
2023-05-04 19:00:00,132.53125
2023-05-04 20:00:00,132.375
2023-05-04 21:00:00,132.21875
2023-05-04 23:00:00,132.21875
2023-05-05 14:30:00,131.28125
2023-05-05 15:00:00,131.34375
2023-05-05 16:00:00,131.1875
2023-05-05 17:00:00,131.34375
2023-05-05 18:00:00,131.375
2023-05-05 19:00:00,131.40625
2023-05-05 20:00:00,131.53125
2023-05-05 21:00:00,131.5
2023-05-05 23:00:00,131.5
2023-05-08 14:30:00,130.59375
2023-05-08 15:00:00,130.625
2023-05-08 16:00:00,130.59375
2023-05-08 17:00:00,130.59375
2023-05-08 18:00:00,130.53125
2023-05-08 19:00:00,130.28125
2023-05-08 20:00:00,130.375
2023-05-08 21:00:00,130.46875
2023-05-08 23:00:00,130.46875
2023-05-09 14:30:00,130.5
2023-05-09 15:00:00,130.4375
2023-05-09 16:00:00,130.25
2023-05-09 17:00:00,130.0625
2023-05-09 18:00:00,130.1875
2023-05-09 19:00:00,130.09375
2023-05-09 20:00:00,130.03125
2023-05-09 21:00:00,130.125
2023-05-09 23:00:00,130.125
2023-05-10 14:30:00,131.09375
2023-05-10 15:00:00,131.0625
2023-05-10 16:00:00,130.90625
2023-05-10 17:00:00,131.0
2023-05-10 18:00:00,131.0625
2023-05-10 19:00:00,131.0625
2023-05-10 20:00:00,130.96875
2023-05-10 21:00:00,131.03125
2023-05-10 23:00:00,131.03125
2023-05-11 14:30:00,132.21875
2023-05-11 15:00:00,132.1875
2023-05-11 16:00:00,131.875
2023-05-11 17:00:00,131.875
2023-05-11 18:00:00,132.0625
2023-05-11 19:00:00,131.90625
2023-05-11 20:00:00,132.0
2023-05-11 21:00:00,131.96875
2023-05-11 23:00:00,131.96875
2023-05-12 14:30:00,132.0
2023-05-12 15:00:00,131.53125
2023-05-12 16:00:00,131.3125
2023-05-12 17:00:00,131.34375
2023-05-12 18:00:00,131.375
2023-05-12 19:00:00,131.15625
2023-05-12 20:00:00,131.15625
2023-05-12 21:00:00,130.96875
2023-05-12 23:00:00,130.96875
2023-05-15 14:30:00,130.25
2023-05-15 15:00:00,130.25
2023-05-15 16:00:00,130.1875
2023-05-15 17:00:00,130.1875
2023-05-15 18:00:00,130.21875
2023-05-15 19:00:00,130.15625
2023-05-15 20:00:00,130.21875
2023-05-15 21:00:00,130.15625
2023-05-15 23:00:00,130.15625
2023-05-16 14:30:00,129.21875
2023-05-16 15:00:00,129.4375
2023-05-16 16:00:00,129.25
2023-05-16 17:00:00,129.40625
2023-05-16 18:00:00,129.46875
2023-05-16 19:00:00,129.5
2023-05-16 20:00:00,129.59375
2023-05-16 21:00:00,129.71875
2023-05-16 23:00:00,129.71875
2023-05-17 14:30:00,129.5625
2023-05-17 15:00:00,129.625
2023-05-17 16:00:00,129.4375
2023-05-17 17:00:00,129.53125
2023-05-17 18:00:00,129.25
2023-05-17 19:00:00,129.1875
2023-05-17 20:00:00,129.25
2023-05-17 21:00:00,129.40625
2023-05-17 23:00:00,129.40625
2023-05-18 14:30:00,128.46875
2023-05-18 15:00:00,128.34375
2023-05-18 16:00:00,128.40625
2023-05-18 17:00:00,128.46875
2023-05-18 18:00:00,128.5
2023-05-18 19:00:00,128.3125
2023-05-18 20:00:00,128.28125
2023-05-18 21:00:00,128.28125
2023-05-18 23:00:00,128.28125
2023-05-19 14:30:00,127.4375
2023-05-19 15:00:00,127.5
2023-05-19 16:00:00,127.96875
2023-05-19 17:00:00,127.84375
2023-05-19 18:00:00,127.84375
2023-05-19 19:00:00,127.53125
2023-05-19 20:00:00,127.53125
2023-05-19 21:00:00,127.78125
2023-05-19 23:00:00,127.78125
2023-05-22 14:30:00,127.4375
2023-05-22 15:00:00,127.125
2023-05-22 16:00:00,127.0625
2023-05-22 17:00:00,127.21875
2023-05-22 18:00:00,127.34375
2023-05-22 19:00:00,127.1875
2023-05-22 20:00:00,127.125
2023-05-22 21:00:00,127.1875
2023-05-22 23:00:00,127.1875
2023-05-23 14:30:00,126.8125
2023-05-23 15:00:00,127.0
2023-05-23 16:00:00,126.90625
2023-05-23 17:00:00,127.0625
2023-05-23 18:00:00,127.1875
2023-05-23 19:00:00,127.34375
2023-05-23 20:00:00,127.28125
2023-05-23 20:00:01,127.28125
2023-05-23 21:00:00,127.375
2023-05-23 23:00:00,127.375
2023-05-24 14:30:00,127.4375
2023-05-24 15:00:00,127.3125
2023-05-24 16:00:00,127.03125
2023-05-24 17:00:00,126.90625
2023-05-24 18:00:00,127.0625
2023-05-24 19:00:00,127.0625
2023-05-24 20:00:00,126.96875
2023-05-24 21:00:00,126.6875
2023-05-24 23:00:00,126.6875
2023-05-25 14:30:00,126.4375
2023-05-25 15:00:00,126.40625
2023-05-25 16:00:00,126.375
2023-05-25 17:00:00,126.28125
2023-05-25 18:00:00,126.25
2023-05-25 19:00:00,126.0
2023-05-25 20:00:00,125.9375
2023-05-25 21:00:00,125.96875
2023-05-25 23:00:00,125.96875
2023-05-26 14:30:00,125.75
2023-05-26 15:00:00,125.78125
2023-05-26 16:00:00,125.90625
2023-05-26 17:00:00,126.125
2023-05-26 18:00:00,126.34375
2023-05-26 19:00:00,126.40625
2023-05-26 20:00:00,126.53125
2023-05-26 21:00:00,126.5
2023-05-26 23:00:00,126.5
2023-05-30 14:30:00,127.3125
2023-05-30 15:00:00,127.53125
2023-05-30 16:00:00,127.78125
2023-05-30 17:00:00,127.71875
2023-05-30 18:00:00,128.0
2023-05-30 19:00:00,127.8125
2023-05-30 20:00:00,127.90625
2023-05-30 21:00:00,127.78125
2023-05-30 23:00:00,127.78125
2023-05-31 14:30:00,128.21875
2023-05-31 15:00:00,128.3125
2023-05-31 16:00:00,128.3125
2023-05-31 17:00:00,128.40625
2023-05-31 18:00:00,128.4375
2023-05-31 19:00:00,128.53125
2023-05-31 20:00:00,128.6875
2023-05-31 21:00:00,128.53125
2023-05-31 23:00:00,128.53125
2023-06-01 14:30:00,129.28125
2023-06-01 15:00:00,129.09375
2023-06-01 16:00:00,129.125
2023-06-01 17:00:00,128.90625
2023-06-01 18:00:00,129.03125
2023-06-01 19:00:00,129.09375
2023-06-01 20:00:00,129.1875
2023-06-01 21:00:00,129.28125
2023-06-01 23:00:00,129.28125
2023-06-02 14:30:00,128.59375
2023-06-02 15:00:00,128.5
2023-06-02 16:00:00,128.375
2023-06-02 17:00:00,128.1875
2023-06-02 18:00:00,128.09375
2023-06-02 19:00:00,128.15625
2023-06-02 20:00:00,128.09375
2023-06-02 21:00:00,128.09375
2023-06-02 23:00:00,128.09375
2023-06-05 14:30:00,127.46875
2023-06-05 15:00:00,127.96875
2023-06-05 16:00:00,128.15625
2023-06-05 17:00:00,127.96875
2023-06-05 18:00:00,127.90625
2023-06-05 19:00:00,128.125
2023-06-05 20:00:00,128.15625
2023-06-05 21:00:00,128.15625
2023-06-05 23:00:00,128.15625
2023-06-06 14:30:00,127.53125
2023-06-06 15:00:00,127.78125
2023-06-06 16:00:00,127.9375
2023-06-06 17:00:00,128.0625
2023-06-06 18:00:00,128.09375
2023-06-06 19:00:00,128.09375
2023-06-06 20:00:00,128.1875
2023-06-06 21:00:00,128.53125
2023-06-06 23:00:00,128.53125
2023-06-07 14:30:00,128.125
2023-06-07 15:00:00,127.3125
2023-06-07 16:00:00,126.90625
2023-06-07 17:00:00,126.75
2023-06-07 18:00:00,126.65625
2023-06-07 19:00:00,126.71875
2023-06-07 20:00:00,126.6875
2023-06-07 21:00:00,126.59375
2023-06-07 23:00:00,126.59375
2023-06-08 14:30:00,127.125
2023-06-08 15:00:00,127.3125
2023-06-08 16:00:00,127.65625
2023-06-08 17:00:00,127.53125
2023-06-08 18:00:00,127.6875
2023-06-08 19:00:00,127.84375
2023-06-08 20:00:00,127.71875
2023-06-08 21:00:00,127.75
2023-06-08 23:00:00,127.75
2023-06-09 14:30:00,127.21875
2023-06-09 15:00:00,127.5
2023-06-09 16:00:00,127.59375
2023-06-09 17:00:00,127.6875
2023-06-09 18:00:00,127.84375
2023-06-09 19:00:00,127.71875
2023-06-09 20:00:00,127.71875
2023-06-09 21:00:00,127.6875
2023-06-09 23:00:00,127.6875
2023-06-12 14:30:00,127.09375
2023-06-12 15:00:00,127.125
2023-06-12 16:00:00,127.09375
2023-06-12 17:00:00,127.15625
2023-06-12 18:00:00,127.1875
2023-06-12 19:00:00,127.34375
2023-06-12 20:00:00,127.78125
2023-06-12 21:00:00,127.65625
2023-06-12 23:00:00,127.65625
2023-06-13 14:30:00,127.0625
2023-06-13 15:00:00,127.0
2023-06-13 16:00:00,127.0625
2023-06-13 17:00:00,127.0625
2023-06-13 18:00:00,126.78125
2023-06-13 19:00:00,126.46875
2023-06-13 20:00:00,126.4375
2023-06-13 21:00:00,126.6875
2023-06-13 23:00:00,126.6875
2023-06-14 14:30:00,127.0
2023-06-14 15:00:00,127.09375
2023-06-14 16:00:00,127.15625
2023-06-14 17:00:00,127.1875
2023-06-14 18:00:00,127.25
2023-06-14 19:00:00,127.21875
2023-06-14 20:00:00,126.96875
2023-06-14 21:00:00,127.1875
2023-06-14 23:00:00,127.1875
2023-06-15 14:30:00,128.125
2023-06-15 15:00:00,128.03125
2023-06-15 16:00:00,127.96875
2023-06-15 17:00:00,128.1875
2023-06-15 18:00:00,128.0625
2023-06-15 19:00:00,128.0
2023-06-15 20:00:00,128.09375
2023-06-15 21:00:00,128.09375
2023-06-15 23:00:00,128.09375
2023-06-16 14:30:00,127.59375
2023-06-16 15:00:00,127.59375
2023-06-16 16:00:00,127.375
2023-06-16 17:00:00,127.5
2023-06-16 18:00:00,127.5625
2023-06-16 19:00:00,127.5625
2023-06-16 20:00:00,127.5625
2023-06-16 21:00:00,127.59375
2023-06-16 23:00:00,127.59375
2023-06-20 14:30:00,128.3125
2023-06-20 15:00:00,128.53125
2023-06-20 16:00:00,128.34375
2023-06-20 17:00:00,128.4375
2023-06-20 18:00:00,128.375
2023-06-20 19:00:00,128.28125
2023-06-20 20:00:00,128.15625
2023-06-20 21:00:00,128.3125
2023-06-20 23:00:00,128.3125
2023-06-21 14:30:00,127.375
2023-06-21 15:00:00,127.625
2023-06-21 16:00:00,127.46875
2023-06-21 17:00:00,127.875
2023-06-21 18:00:00,128.1875
2023-06-21 19:00:00,128.375
2023-06-21 20:00:00,128.40625
2023-06-21 21:00:00,128.375
2023-06-21 23:00:00,128.375
2023-06-22 14:30:00,127.84375
2023-06-22 15:00:00,127.375
2023-06-22 16:00:00,127.25
2023-06-22 17:00:00,127.25
2023-06-22 18:00:00,127.3125
2023-06-22 19:00:00,127.21875
2023-06-22 20:00:00,127.21875
2023-06-22 21:00:00,127.25
2023-06-22 23:00:00,127.25
2023-06-23 14:30:00,128.5
2023-06-23 15:00:00,128.125
2023-06-23 16:00:00,128.09375
2023-06-23 17:00:00,127.90625
2023-06-23 18:00:00,128.125
2023-06-23 19:00:00,128.125
2023-06-23 20:00:00,128.09375
2023-06-23 21:00:00,128.09375
2023-06-23 23:00:00,128.09375
2023-06-26 14:30:00,128.28125
2023-06-26 15:00:00,128.1875
2023-06-26 16:00:00,128.3125
2023-06-26 17:00:00,128.3125
2023-06-26 18:00:00,128.3125
2023-06-26 19:00:00,128.34375
2023-06-26 20:00:00,128.25
2023-06-26 21:00:00,128.25
2023-06-26 23:00:00,128.25
2023-06-27 14:30:00,128.4375
2023-06-27 15:00:00,127.8125
2023-06-27 16:00:00,127.84375
2023-06-27 17:00:00,127.96875
2023-06-27 18:00:00,127.8125
2023-06-27 19:00:00,127.78125
2023-06-27 20:00:00,127.84375
2023-06-27 21:00:00,127.78125
2023-06-27 23:00:00,127.78125
2023-06-28 14:30:00,128.125
2023-06-28 15:00:00,127.875
2023-06-28 16:00:00,128.125
2023-06-28 17:00:00,128.28125
2023-06-28 18:00:00,128.46875
2023-06-28 19:00:00,128.46875
2023-06-28 20:00:00,128.46875
2023-06-28 21:00:00,128.46875
2023-06-28 23:00:00,128.46875
2023-06-29 14:30:00,126.4375
2023-06-29 15:00:00,126.625
2023-06-29 16:00:00,126.5
2023-06-29 17:00:00,126.3125
2023-06-29 18:00:00,126.4375
2023-06-29 19:00:00,126.375
2023-06-29 20:00:00,126.40625
2023-06-29 21:00:00,126.5625
2023-06-29 23:00:00,126.5625
2023-06-30 14:30:00,126.46875
2023-06-30 15:00:00,126.90625
2023-06-30 16:00:00,127.0625
2023-06-30 17:00:00,127.21875
2023-06-30 18:00:00,127.1875
2023-06-30 19:00:00,127.15625
2023-06-30 20:00:00,127.375
2023-06-30 21:00:00,126.96875
2023-06-30 23:00:00,126.96875
2023-07-03 14:30:00,127.40625
2023-07-03 15:00:00,127.1875
2023-07-03 16:00:00,127.03125
2023-07-03 17:00:00,126.875
2023-07-03 23:00:00,126.875
2023-07-05 14:30:00,126.71875
2023-07-05 15:00:00,126.4375
2023-07-05 16:00:00,126.03125
2023-07-05 17:00:00,125.65625
2023-07-05 18:00:00,125.46875
2023-07-05 19:00:00,125.46875
2023-07-05 20:00:00,125.65625
2023-07-05 21:00:00,125.625
2023-07-05 23:00:00,125.625
2023-07-06 14:30:00,124.5625
2023-07-06 15:00:00,124.125
2023-07-06 16:00:00,123.96875
2023-07-06 17:00:00,124.125
2023-07-06 18:00:00,124.125
2023-07-06 19:00:00,124.25
2023-07-06 20:00:00,124.21875
2023-07-06 21:00:00,124.3125
2023-07-06 23:00:00,124.3125
2023-07-07 14:30:00,123.875
2023-07-07 15:00:00,124.28125
2023-07-07 16:00:00,124.0625
2023-07-07 17:00:00,123.9375
2023-07-07 18:00:00,124.0
2023-07-07 19:00:00,123.9375
2023-07-07 20:00:00,123.78125
2023-07-07 21:00:00,123.71875
2023-07-07 23:00:00,123.71875
2023-07-10 14:30:00,123.9375
2023-07-10 15:00:00,123.84375
2023-07-10 16:00:00,124.21875
2023-07-10 17:00:00,124.34375
2023-07-10 18:00:00,124.5
2023-07-10 19:00:00,124.28125
2023-07-10 20:00:00,124.3125
2023-07-10 21:00:00,124.3125
2023-07-10 23:00:00,124.3125
2023-07-11 14:30:00,124.375
2023-07-11 15:00:00,124.5
2023-07-11 16:00:00,124.5
2023-07-11 17:00:00,124.8125
2023-07-11 18:00:00,124.71875
2023-07-11 19:00:00,124.53125
2023-07-11 20:00:00,124.53125
2023-07-11 21:00:00,124.65625
2023-07-11 23:00:00,124.65625
2023-07-12 14:30:00,125.375
2023-07-12 15:00:00,125.625
2023-07-12 16:00:00,125.9375
2023-07-12 17:00:00,126.125
2023-07-12 18:00:00,126.03125
2023-07-12 19:00:00,126.0
2023-07-12 20:00:00,125.96875
2023-07-12 21:00:00,125.9375
2023-07-12 23:00:00,125.9375
2023-07-13 14:30:00,126.53125
2023-07-13 15:00:00,126.5
2023-07-13 16:00:00,126.78125
2023-07-13 17:00:00,127.1875
2023-07-13 18:00:00,127.0625
2023-07-13 19:00:00,127.21875
2023-07-13 20:00:00,127.125
2023-07-13 21:00:00,127.09375
2023-07-13 23:00:00,127.09375
2023-07-14 14:30:00,126.96875
2023-07-14 15:00:00,127.03125
2023-07-14 16:00:00,126.78125
2023-07-14 17:00:00,126.71875
2023-07-14 18:00:00,126.6875
2023-07-14 19:00:00,126.625
2023-07-14 20:00:00,126.5625
2023-07-14 21:00:00,126.4375
2023-07-14 23:00:00,126.4375
2023-07-17 14:30:00,126.4375
2023-07-17 15:00:00,126.46875
2023-07-17 16:00:00,126.53125
2023-07-17 17:00:00,126.59375
2023-07-17 18:00:00,126.625
2023-07-17 19:00:00,126.78125
2023-07-17 20:00:00,126.59375
2023-07-17 21:00:00,126.625
2023-07-17 23:00:00,126.625
2023-07-18 14:30:00,127.21875
2023-07-18 15:00:00,127.34375
2023-07-18 16:00:00,127.1875
2023-07-18 17:00:00,127.0625
2023-07-18 18:00:00,127.09375
2023-07-18 19:00:00,127.03125
2023-07-18 20:00:00,126.90625
2023-07-18 21:00:00,127.03125
2023-07-18 23:00:00,127.03125
2023-07-19 14:30:00,127.21875
2023-07-19 15:00:00,127.25
2023-07-19 16:00:00,127.21875
2023-07-19 17:00:00,127.6875
2023-07-19 18:00:00,127.78125
2023-07-19 19:00:00,127.90625
2023-07-19 20:00:00,127.90625
2023-07-19 21:00:00,127.78125
2023-07-19 23:00:00,127.78125
2023-07-20 14:30:00,126.84375
2023-07-20 15:00:00,126.5625
2023-07-20 16:00:00,126.375
2023-07-20 17:00:00,126.1875
2023-07-20 18:00:00,126.40625
2023-07-20 19:00:00,126.375
2023-07-20 20:00:00,126.46875
2023-07-20 21:00:00,126.40625
2023-07-20 23:00:00,126.40625
2023-07-21 14:30:00,127.0
2023-07-21 15:00:00,126.8125
2023-07-21 16:00:00,126.75
2023-07-21 17:00:00,126.6875
2023-07-21 18:00:00,126.75
2023-07-21 19:00:00,126.59375
2023-07-21 20:00:00,126.53125
2023-07-21 21:00:00,126.5625
2023-07-21 23:00:00,126.5625
2023-07-24 14:30:00,126.90625
2023-07-24 15:00:00,126.5625
2023-07-24 16:00:00,126.5
2023-07-24 17:00:00,126.4375
2023-07-24 18:00:00,126.34375
2023-07-24 19:00:00,126.34375
2023-07-24 20:00:00,126.21875
2023-07-24 21:00:00,126.1875
2023-07-24 23:00:00,126.1875
2023-07-25 14:30:00,125.9375
2023-07-25 15:00:00,125.96875
2023-07-25 16:00:00,126.09375
2023-07-25 17:00:00,125.9375
2023-07-25 18:00:00,125.84375
2023-07-25 19:00:00,125.75
2023-07-25 20:00:00,125.84375
2023-07-25 21:00:00,126.0625
2023-07-25 23:00:00,126.0625
2023-07-26 14:30:00,126.0625
2023-07-26 15:00:00,126.1875
2023-07-26 16:00:00,126.1875
2023-07-26 17:00:00,125.9375
2023-07-26 18:00:00,125.96875
2023-07-26 19:00:00,126.375
2023-07-26 20:00:00,126.28125
2023-07-26 21:00:00,126.15625
2023-07-26 23:00:00,126.15625
2023-07-27 14:30:00,125.53125
2023-07-27 15:00:00,124.84375
2023-07-27 16:00:00,125.0625
2023-07-27 17:00:00,124.96875
2023-07-27 18:00:00,124.5
2023-07-27 19:00:00,124.0625
2023-07-27 20:00:00,124.125
2023-07-27 21:00:00,124.21875
2023-07-27 23:00:00,124.21875
2023-07-28 14:30:00,124.3125
2023-07-28 15:00:00,124.53125
2023-07-28 16:00:00,124.5
2023-07-28 17:00:00,124.4375
2023-07-28 18:00:00,124.46875
2023-07-28 19:00:00,124.46875
2023-07-28 20:00:00,124.5625
2023-07-28 21:00:00,124.65625
2023-07-28 23:00:00,124.65625
2023-07-31 14:30:00,124.875
2023-07-31 15:00:00,124.71875
2023-07-31 16:00:00,124.84375
2023-07-31 17:00:00,125.0625
2023-07-31 18:00:00,125.0
2023-07-31 19:00:00,124.65625
2023-07-31 20:00:00,124.9375
2023-07-31 21:00:00,124.71875
2023-07-31 23:00:00,124.71875
2023-08-01 14:30:00,123.71875
2023-08-01 15:00:00,123.5
2023-08-01 16:00:00,123.28125
2023-08-01 17:00:00,123.15625
2023-08-01 18:00:00,123.15625
2023-08-01 19:00:00,123.21875
2023-08-01 20:00:00,123.3125
2023-08-01 21:00:00,123.4375
2023-08-01 23:00:00,123.4375
2023-08-02 14:30:00,122.40625
2023-08-02 15:00:00,121.96875
2023-08-02 16:00:00,122.21875
2023-08-02 17:00:00,122.28125
2023-08-02 18:00:00,122.53125
2023-08-02 19:00:00,122.46875
2023-08-02 20:00:00,122.53125
2023-08-02 21:00:00,122.34375
2023-08-02 23:00:00,122.34375
2023-08-03 14:30:00,120.59375
2023-08-03 15:00:00,120.46875
2023-08-03 16:00:00,120.375
2023-08-03 17:00:00,120.8125
2023-08-03 18:00:00,120.53125
2023-08-03 19:00:00,120.53125
2023-08-03 20:00:00,120.625
2023-08-03 21:00:00,120.78125
2023-08-03 23:00:00,120.78125
2023-08-04 14:30:00,121.40625
2023-08-04 15:00:00,121.59375
2023-08-04 16:00:00,121.96875
2023-08-04 17:00:00,122.1875
2023-08-04 18:00:00,122.125
2023-08-04 19:00:00,122.1875
2023-08-04 20:00:00,122.3125
2023-08-04 21:00:00,122.40625
2023-08-04 23:00:00,122.40625
2023-08-07 14:30:00,121.9375
2023-08-07 15:00:00,121.65625
2023-08-07 16:00:00,121.5
2023-08-07 17:00:00,121.65625
2023-08-07 18:00:00,121.71875
2023-08-07 19:00:00,121.78125
2023-08-07 20:00:00,121.65625
2023-08-07 21:00:00,121.625
2023-08-07 23:00:00,121.625
2023-08-08 14:30:00,123.1875
2023-08-08 15:00:00,123.03125
2023-08-08 16:00:00,122.96875
2023-08-08 17:00:00,122.84375
2023-08-08 18:00:00,122.65625
2023-08-08 19:00:00,122.65625
2023-08-08 20:00:00,122.71875
2023-08-08 21:00:00,122.59375
2023-08-08 23:00:00,122.59375
2023-08-09 14:30:00,122.84375
2023-08-09 15:00:00,122.96875
2023-08-09 16:00:00,123.0625
2023-08-09 17:00:00,123.0
2023-08-09 18:00:00,123.0
2023-08-09 19:00:00,122.9375
2023-08-09 20:00:00,123.03125
2023-08-09 21:00:00,123.0
2023-08-09 23:00:00,123.0
2023-08-10 14:30:00,123.125
2023-08-10 15:00:00,122.78125
2023-08-10 16:00:00,122.71875
2023-08-10 17:00:00,122.78125
2023-08-10 18:00:00,121.75
2023-08-10 19:00:00,121.90625
2023-08-10 20:00:00,121.625
2023-08-10 21:00:00,121.59375
2023-08-10 23:00:00,121.59375
2023-08-11 14:30:00,121.21875
2023-08-11 15:00:00,121.5
2023-08-11 16:00:00,121.21875
2023-08-11 17:00:00,121.0
2023-08-11 18:00:00,120.9375
2023-08-11 19:00:00,120.96875
2023-08-11 20:00:00,120.9375
2023-08-11 21:00:00,121.125
2023-08-11 23:00:00,121.125
2023-08-14 14:30:00,120.46875
2023-08-14 15:00:00,120.84375
2023-08-14 16:00:00,121.125
2023-08-14 17:00:00,121.25
2023-08-14 18:00:00,121.0625
2023-08-14 19:00:00,120.90625
2023-08-14 20:00:00,120.8125
2023-08-14 21:00:00,120.78125
2023-08-14 23:00:00,120.78125
2023-08-15 14:30:00,120.75
2023-08-15 15:00:00,120.78125
2023-08-15 16:00:00,120.8125
2023-08-15 17:00:00,120.53125
2023-08-15 18:00:00,120.59375
2023-08-15 19:00:00,120.28125
2023-08-15 20:00:00,120.25
2023-08-15 21:00:00,120.375
2023-08-15 23:00:00,120.375
2023-08-16 14:30:00,120.15625
2023-08-16 15:00:00,120.4375
2023-08-16 16:00:00,120.0
2023-08-16 17:00:00,119.875
2023-08-16 18:00:00,119.78125
2023-08-16 19:00:00,119.59375
2023-08-16 20:00:00,119.46875
2023-08-16 21:00:00,119.65625
2023-08-16 23:00:00,119.65625
2023-08-17 14:30:00,118.96875
2023-08-17 15:00:00,119.03125
2023-08-17 16:00:00,118.78125
2023-08-17 17:00:00,118.875
2023-08-17 18:00:00,118.75
2023-08-17 19:00:00,118.84375
2023-08-17 20:00:00,119.0625
2023-08-17 21:00:00,119.21875
2023-08-17 23:00:00,119.21875
2023-08-18 14:30:00,119.46875
2023-08-18 15:00:00,119.875
2023-08-18 16:00:00,119.71875
2023-08-18 17:00:00,119.65625
2023-08-18 18:00:00,119.4375
2023-08-18 19:00:00,119.46875
2023-08-18 20:00:00,119.46875
2023-08-18 21:00:00,119.40625
2023-08-18 23:00:00,119.40625
2023-08-21 14:30:00,118.375
2023-08-21 15:00:00,118.0
2023-08-21 16:00:00,118.0625
2023-08-21 17:00:00,118.09375
2023-08-21 18:00:00,118.125
2023-08-21 19:00:00,118.09375
2023-08-21 20:00:00,118.125
2023-08-21 20:00:01,118.125
2023-08-21 21:00:00,118.15625
2023-08-21 23:00:00,118.15625
2023-08-22 14:30:00,117.96875
2023-08-22 15:00:00,118.4375
2023-08-22 16:00:00,118.5
2023-08-22 17:00:00,118.53125
2023-08-22 18:00:00,118.6875
2023-08-22 19:00:00,118.5625
2023-08-22 20:00:00,118.53125
2023-08-22 21:00:00,118.65625
2023-08-22 23:00:00,118.65625
2023-08-23 14:30:00,120.15625
2023-08-23 15:00:00,119.8125
2023-08-23 16:00:00,120.125
2023-08-23 17:00:00,120.28125
2023-08-23 18:00:00,120.375
2023-08-23 19:00:00,120.46875
2023-08-23 20:00:00,120.5625
2023-08-23 21:00:00,120.59375
2023-08-23 23:00:00,120.59375
2023-08-24 14:30:00,120.5
2023-08-24 15:00:00,120.34375
2023-08-24 16:00:00,120.375
2023-08-24 17:00:00,120.28125
2023-08-24 18:00:00,120.21875
2023-08-24 19:00:00,120.125
2023-08-24 20:00:00,120.15625
2023-08-24 21:00:00,120.03125
2023-08-24 23:00:00,120.03125
2023-08-25 14:30:00,120.09375
2023-08-25 15:00:00,119.53125
2023-08-25 16:00:00,120.0
2023-08-25 17:00:00,120.125
2023-08-25 18:00:00,120.09375
2023-08-25 19:00:00,120.03125
2023-08-25 20:00:00,120.125
2023-08-25 21:00:00,120.125
2023-08-25 23:00:00,120.125
2023-08-28 14:30:00,120.34375
2023-08-28 15:00:00,120.3125
2023-08-28 16:00:00,120.28125
2023-08-28 17:00:00,120.15625
2023-08-28 18:00:00,120.3125
2023-08-28 19:00:00,120.25
2023-08-28 20:00:00,120.375
2023-08-28 21:00:00,120.375
2023-08-28 23:00:00,120.375
2023-08-29 14:30:00,120.3125
2023-08-29 15:00:00,120.875
2023-08-29 16:00:00,121.34375
2023-08-29 17:00:00,121.375
2023-08-29 18:00:00,121.4375
2023-08-29 19:00:00,121.34375
2023-08-29 20:00:00,121.4375
2023-08-29 21:00:00,121.3125
2023-08-29 23:00:00,121.3125
2023-08-30 14:30:00,121.40625
2023-08-30 15:00:00,121.3125
2023-08-30 16:00:00,121.46875
2023-08-30 17:00:00,121.40625
2023-08-30 18:00:00,121.46875
2023-08-30 19:00:00,121.34375
2023-08-30 20:00:00,121.34375
2023-08-30 21:00:00,121.375
2023-08-30 23:00:00,121.375
2023-08-31 14:30:00,121.65625
2023-08-31 15:00:00,121.84375
2023-08-31 16:00:00,121.90625
2023-08-31 17:00:00,121.96875
2023-08-31 18:00:00,121.875
2023-08-31 19:00:00,121.8125
2023-08-31 20:00:00,121.84375
2023-08-31 21:00:00,121.53125
2023-08-31 23:00:00,121.53125
2023-09-01 14:30:00,120.46875
2023-09-01 15:00:00,120.375
2023-09-01 16:00:00,120.0625
2023-09-01 17:00:00,120.375
2023-09-01 18:00:00,120.25
2023-09-01 19:00:00,120.4375
2023-09-01 20:00:00,120.34375
2023-09-01 21:00:00,120.34375
2023-09-01 23:00:00,120.34375
2023-09-05 14:30:00,119.3125
2023-09-05 15:00:00,119.28125
2023-09-05 16:00:00,119.28125
2023-09-05 17:00:00,119.40625
2023-09-05 18:00:00,119.21875
2023-09-05 19:00:00,119.1875
2023-09-05 20:00:00,119.15625
2023-09-05 21:00:00,119.1875
2023-09-05 23:00:00,119.1875
2023-09-06 14:30:00,119.5
2023-09-06 15:00:00,119.3125
2023-09-06 16:00:00,119.125
2023-09-06 17:00:00,119.15625
2023-09-06 18:00:00,119.3125
2023-09-06 19:00:00,119.28125
2023-09-06 20:00:00,119.1875
2023-09-06 21:00:00,119.3125
2023-09-06 23:00:00,119.3125
2023-09-07 14:30:00,119.1875
2023-09-07 15:00:00,119.125
2023-09-07 16:00:00,119.34375
2023-09-07 17:00:00,119.375
2023-09-07 18:00:00,119.34375
2023-09-07 19:00:00,119.40625
2023-09-07 20:00:00,119.34375
2023-09-07 21:00:00,119.625
2023-09-07 23:00:00,119.625
2023-09-08 14:30:00,120.1875
2023-09-08 15:00:00,120.03125
2023-09-08 16:00:00,119.6875
2023-09-08 17:00:00,119.59375
2023-09-08 18:00:00,119.6875
2023-09-08 19:00:00,119.65625
2023-09-08 20:00:00,119.71875
2023-09-08 21:00:00,119.5625
2023-09-08 23:00:00,119.5625
2023-09-11 14:30:00,119.3125
2023-09-11 15:00:00,119.0625
2023-09-11 16:00:00,119.09375
2023-09-11 17:00:00,119.15625
2023-09-11 18:00:00,119.1875
2023-09-11 19:00:00,119.15625
2023-09-11 20:00:00,119.28125
2023-09-11 21:00:00,119.125
2023-09-11 23:00:00,119.125
2023-09-12 14:30:00,119.09375
2023-09-12 15:00:00,119.125
2023-09-12 16:00:00,119.25
2023-09-12 17:00:00,119.1875
2023-09-12 18:00:00,119.3125
2023-09-12 19:00:00,119.5625
2023-09-12 20:00:00,119.53125
2023-09-12 21:00:00,119.375
2023-09-12 23:00:00,119.375
2023-09-13 14:30:00,119.375
2023-09-13 15:00:00,119.3125
2023-09-13 16:00:00,119.4375
2023-09-13 17:00:00,119.75
2023-09-13 18:00:00,119.90625
2023-09-13 19:00:00,119.78125
2023-09-13 20:00:00,119.71875
2023-09-13 21:00:00,119.71875
2023-09-13 23:00:00,119.71875
2023-09-14 14:30:00,119.3125
2023-09-14 15:00:00,119.5
2023-09-14 16:00:00,119.1875
2023-09-14 17:00:00,119.0625
2023-09-14 18:00:00,119.03125
2023-09-14 19:00:00,119.15625
2023-09-14 20:00:00,119.15625
2023-09-14 21:00:00,119.15625
2023-09-14 23:00:00,119.15625
2023-09-15 14:30:00,118.4375
2023-09-15 15:00:00,118.71875
2023-09-15 16:00:00,118.5625
2023-09-15 17:00:00,118.65625
2023-09-15 18:00:00,118.78125
2023-09-15 19:00:00,118.6875
2023-09-15 20:00:00,118.59375
2023-09-15 21:00:00,118.5
2023-09-15 23:00:00,118.5
2023-09-18 14:30:00,118.5
2023-09-18 15:00:00,118.5625
2023-09-18 16:00:00,118.71875
2023-09-18 17:00:00,118.84375
2023-09-18 18:00:00,118.9375
2023-09-18 19:00:00,118.84375
2023-09-18 20:00:00,118.90625
2023-09-18 21:00:00,119.03125
2023-09-18 23:00:00,119.03125
2023-09-19 14:30:00,118.53125
2023-09-19 15:00:00,118.65625
2023-09-19 16:00:00,118.625
2023-09-19 17:00:00,118.625
2023-09-19 18:00:00,118.625
2023-09-19 19:00:00,118.28125
2023-09-19 20:00:00,118.28125
2023-09-19 21:00:00,118.3125
2023-09-19 23:00:00,118.3125
2023-09-20 14:30:00,118.71875
2023-09-20 15:00:00,118.78125
2023-09-20 16:00:00,118.8125
2023-09-20 17:00:00,118.9375
2023-09-20 18:00:00,118.875
2023-09-20 19:00:00,118.6875
2023-09-20 20:00:00,118.625
2023-09-20 21:00:00,117.875
2023-09-20 23:00:00,117.875
2023-09-21 14:30:00,116.375
2023-09-21 15:00:00,116.5
2023-09-21 16:00:00,116.46875
2023-09-21 17:00:00,116.5
2023-09-21 18:00:00,116.40625
2023-09-21 19:00:00,116.34375
2023-09-21 20:00:00,116.3125
2023-09-21 21:00:00,116.03125
2023-09-21 23:00:00,116.03125
2023-09-22 14:30:00,116.53125
2023-09-22 15:00:00,116.90625
2023-09-22 16:00:00,116.9375
2023-09-22 17:00:00,116.96875
2023-09-22 18:00:00,117.125
2023-09-22 19:00:00,116.96875
2023-09-22 20:00:00,117.0
2023-09-22 21:00:00,116.96875
2023-09-22 23:00:00,116.96875
2023-09-25 14:30:00,115.53125
2023-09-25 15:00:00,115.28125
2023-09-25 16:00:00,115.1875
2023-09-25 17:00:00,115.21875
2023-09-25 18:00:00,115.15625
2023-09-25 19:00:00,114.9375
2023-09-25 20:00:00,114.84375
2023-09-25 21:00:00,115.0625
2023-09-25 23:00:00,115.0625
2023-09-26 14:30:00,115.125
2023-09-26 15:00:00,114.9375
2023-09-26 16:00:00,114.75
2023-09-26 17:00:00,114.6875
2023-09-26 18:00:00,114.8125
2023-09-26 19:00:00,114.46875
2023-09-26 20:00:00,114.59375
2023-09-26 21:00:00,114.75
2023-09-26 23:00:00,114.75
2023-09-27 14:30:00,115.03125
2023-09-27 15:00:00,114.4375
2023-09-27 16:00:00,114.21875
2023-09-27 17:00:00,114.0625
2023-09-27 18:00:00,113.71875
2023-09-27 19:00:00,113.625
2023-09-27 20:00:00,113.71875
2023-09-27 21:00:00,113.78125
2023-09-27 23:00:00,113.78125
2023-09-28 14:30:00,112.8125
2023-09-28 15:00:00,112.96875
2023-09-28 16:00:00,113.75
2023-09-28 17:00:00,113.5
2023-09-28 18:00:00,113.375
2023-09-28 19:00:00,113.625
2023-09-28 20:00:00,113.8125
2023-09-28 21:00:00,113.9375
2023-09-28 23:00:00,113.9375
2023-09-29 14:30:00,114.71875
2023-09-29 15:00:00,114.625
2023-09-29 16:00:00,114.1875
2023-09-29 17:00:00,114.03125
2023-09-29 18:00:00,113.96875
2023-09-29 19:00:00,113.90625
2023-09-29 20:00:00,113.6875
2023-09-29 21:00:00,114.03125
2023-09-29 23:00:00,114.03125
2023-10-02 14:30:00,113.125
2023-10-02 15:00:00,112.5
2023-10-02 16:00:00,112.21875
2023-10-02 17:00:00,112.3125
2023-10-02 18:00:00,112.5625
2023-10-02 19:00:00,112.46875
2023-10-02 20:00:00,112.5
2023-10-02 21:00:00,112.625
2023-10-02 23:00:00,112.625
2023-10-03 14:30:00,112.09375
2023-10-03 15:00:00,111.4375
2023-10-03 16:00:00,110.8125
2023-10-03 17:00:00,110.96875
2023-10-03 18:00:00,110.78125
2023-10-03 19:00:00,110.71875
2023-10-03 20:00:00,110.65625
2023-10-03 21:00:00,110.90625
2023-10-03 23:00:00,110.90625
2023-10-04 14:30:00,111.5625
2023-10-04 15:00:00,111.1875
2023-10-04 16:00:00,111.71875
2023-10-04 17:00:00,111.78125
2023-10-04 18:00:00,111.4375
2023-10-04 19:00:00,111.5625
2023-10-04 20:00:00,111.6875
2023-10-04 21:00:00,111.6875
2023-10-04 23:00:00,111.6875
2023-10-05 14:30:00,111.5625
2023-10-05 15:00:00,111.28125
2023-10-05 16:00:00,111.53125
2023-10-05 17:00:00,111.5
2023-10-05 18:00:00,111.5
2023-10-05 19:00:00,111.5
2023-10-05 20:00:00,111.46875
2023-10-05 21:00:00,111.40625
2023-10-05 23:00:00,111.40625
2023-10-06 14:30:00,109.625
2023-10-06 15:00:00,109.96875
2023-10-06 16:00:00,110.90625
2023-10-06 17:00:00,110.46875
2023-10-06 18:00:00,110.6875
2023-10-06 19:00:00,110.59375
2023-10-06 20:00:00,110.53125
2023-10-06 21:00:00,110.09375
2023-10-06 23:00:00,110.09375
2023-10-09 14:30:00,111.125
2023-10-09 15:00:00,111.5
2023-10-09 16:00:00,111.5625
2023-10-09 17:00:00,111.53125
2023-10-09 18:00:00,111.96875
2023-10-09 19:00:00,112.09375
2023-10-09 20:00:00,112.09375
2023-10-09 21:00:00,112.125
2023-10-09 23:00:00,112.125
2023-10-10 14:30:00,111.375
2023-10-10 15:00:00,111.9375
2023-10-10 16:00:00,112.375
2023-10-10 17:00:00,112.5
2023-10-10 18:00:00,112.0625
2023-10-10 19:00:00,112.1875
2023-10-10 20:00:00,112.125
2023-10-10 21:00:00,112.125
2023-10-10 23:00:00,112.125
2023-10-11 14:30:00,113.28125
2023-10-11 15:00:00,113.375
2023-10-11 16:00:00,113.71875
2023-10-11 17:00:00,113.4375
2023-10-11 18:00:00,113.15625
2023-10-11 19:00:00,113.46875
2023-10-11 20:00:00,113.6875
2023-10-11 21:00:00,113.96875
2023-10-11 23:00:00,113.96875
2023-10-12 14:30:00,112.6875
2023-10-12 15:00:00,112.78125
2023-10-12 16:00:00,112.625
2023-10-12 17:00:00,112.46875
2023-10-12 18:00:00,111.5
2023-10-12 19:00:00,111.5625
2023-10-12 20:00:00,111.78125
2023-10-12 21:00:00,111.75
2023-10-12 23:00:00,111.75
2023-10-13 14:30:00,113.0625
2023-10-13 15:00:00,112.90625
2023-10-13 16:00:00,112.78125
2023-10-13 17:00:00,112.75
2023-10-13 18:00:00,112.875
2023-10-13 19:00:00,112.90625
2023-10-13 20:00:00,112.875
2023-10-13 21:00:00,113.0625
2023-10-13 23:00:00,113.0625
2023-10-16 14:30:00,111.46875
2023-10-16 15:00:00,111.5625
2023-10-16 16:00:00,111.46875
2023-10-16 17:00:00,111.4375
2023-10-16 18:00:00,111.4375
2023-10-16 19:00:00,111.46875
2023-10-16 20:00:00,111.5
2023-10-16 21:00:00,111.5625
2023-10-16 23:00:00,111.5625
2023-10-17 14:30:00,109.875
2023-10-17 15:00:00,110.34375
2023-10-17 16:00:00,110.5625
2023-10-17 17:00:00,110.4375
2023-10-17 18:00:00,110.0625
2023-10-17 19:00:00,110.09375
2023-10-17 20:00:00,110.375
2023-10-17 21:00:00,110.3125
2023-10-17 23:00:00,110.3125
2023-10-18 14:30:00,109.6875
2023-10-18 15:00:00,109.09375
2023-10-18 16:00:00,109.0625
2023-10-18 17:00:00,109.0
2023-10-18 18:00:00,109.71875
2023-10-18 19:00:00,109.34375
2023-10-18 20:00:00,109.46875
2023-10-18 21:00:00,109.21875
2023-10-18 23:00:00,109.21875
2023-10-19 14:30:00,109.0625
2023-10-19 15:00:00,108.90625
2023-10-19 16:00:00,109.03125
2023-10-19 17:00:00,108.40625
2023-10-19 18:00:00,108.3125
2023-10-19 19:00:00,107.9375
2023-10-19 20:00:00,108.09375
2023-10-19 21:00:00,107.875
2023-10-19 23:00:00,107.875
2023-10-20 14:30:00,108.5
2023-10-20 15:00:00,108.5625
2023-10-20 16:00:00,108.71875
2023-10-20 17:00:00,108.75
2023-10-20 18:00:00,108.65625
2023-10-20 19:00:00,108.5625
2023-10-20 20:00:00,108.5625
2023-10-20 21:00:00,108.59375
2023-10-20 23:00:00,108.59375
2023-10-23 14:30:00,108.75
2023-10-23 15:00:00,109.3125
2023-10-23 16:00:00,109.78125
2023-10-23 17:00:00,110.15625
2023-10-23 18:00:00,110.125
2023-10-23 19:00:00,110.0625
2023-10-23 20:00:00,109.8125
2023-10-23 21:00:00,109.8125
2023-10-23 23:00:00,109.8125
2023-10-24 14:30:00,109.875
2023-10-24 15:00:00,109.6875
2023-10-24 16:00:00,110.0625
2023-10-24 17:00:00,110.03125
2023-10-24 18:00:00,110.0
2023-10-24 19:00:00,110.09375
2023-10-24 20:00:00,110.46875
2023-10-24 21:00:00,110.375
2023-10-24 23:00:00,110.375
2023-10-25 14:30:00,109.25
2023-10-25 15:00:00,109.09375
2023-10-25 16:00:00,109.03125
2023-10-25 17:00:00,108.875
2023-10-25 18:00:00,108.5625
2023-10-25 19:00:00,108.5
2023-10-25 20:00:00,108.71875
2023-10-25 21:00:00,108.5
2023-10-25 23:00:00,108.5
2023-10-26 14:30:00,108.96875
2023-10-26 15:00:00,109.15625
2023-10-26 16:00:00,109.1875
2023-10-26 17:00:00,109.21875
2023-10-26 18:00:00,109.875
2023-10-26 19:00:00,109.96875
2023-10-26 20:00:00,109.9375
2023-10-26 21:00:00,109.90625
2023-10-26 23:00:00,109.90625
2023-10-27 14:30:00,109.6875
2023-10-27 15:00:00,109.46875
2023-10-27 16:00:00,109.46875
2023-10-27 17:00:00,109.1875
2023-10-27 18:00:00,109.625
2023-10-27 19:00:00,109.625
2023-10-27 20:00:00,109.6875
2023-10-27 21:00:00,109.71875
2023-10-27 23:00:00,109.71875
2023-10-30 13:30:00,109.4375
2023-10-30 14:00:00,109.0
2023-10-30 15:00:00,109.125
2023-10-30 16:00:00,109.0625
2023-10-30 17:00:00,109.1875
2023-10-30 18:00:00,109.375
2023-10-30 19:00:00,109.3125
2023-10-30 20:00:00,109.25
2023-10-30 23:00:00,109.15625
2023-10-31 13:30:00,109.71875
2023-10-31 14:00:00,109.90625
2023-10-31 15:00:00,109.65625
2023-10-31 16:00:00,109.78125
2023-10-31 17:00:00,109.71875
2023-10-31 18:00:00,109.53125
2023-10-31 19:00:00,109.03125
2023-10-31 20:00:00,108.875
2023-10-31 23:00:00,108.6875
2023-11-01 13:30:00,110.25
2023-11-01 14:00:00,110.59375
2023-11-01 15:00:00,110.65625
2023-11-01 16:00:00,110.25
2023-11-01 17:00:00,110.40625
2023-11-01 18:00:00,110.53125
2023-11-01 19:00:00,110.90625
2023-11-01 20:00:00,111.03125
2023-11-01 23:00:00,111.1875
2023-11-02 13:30:00,112.46875
2023-11-02 14:00:00,112.9375
2023-11-02 15:00:00,112.4375
2023-11-02 16:00:00,112.09375
2023-11-02 17:00:00,112.5625
2023-11-02 18:00:00,112.625
2023-11-02 19:00:00,112.65625
2023-11-02 20:00:00,112.6875
2023-11-02 23:00:00,112.75
2023-11-03 13:30:00,114.4375
2023-11-03 14:00:00,114.375
2023-11-03 15:00:00,114.09375
2023-11-03 16:00:00,114.125
2023-11-03 17:00:00,113.875
2023-11-03 18:00:00,113.71875
2023-11-03 19:00:00,113.53125
2023-11-03 20:00:00,113.53125
2023-11-03 23:00:00,113.5
2023-11-06 14:30:00,112.78125
2023-11-06 15:00:00,112.8125
2023-11-06 16:00:00,112.875
2023-11-06 17:00:00,112.84375
2023-11-06 18:00:00,112.78125
2023-11-06 19:00:00,112.59375
2023-11-06 20:00:00,112.65625
2023-11-06 21:00:00,112.84375
2023-11-06 23:00:00,112.84375
2023-11-07 14:30:00,113.625
2023-11-07 15:00:00,113.84375
2023-11-07 16:00:00,113.875
2023-11-07 17:00:00,113.84375
2023-11-07 18:00:00,114.40625
2023-11-07 19:00:00,114.0625
2023-11-07 20:00:00,114.0
2023-11-07 21:00:00,114.09375
2023-11-07 23:00:00,114.09375
2023-11-08 14:30:00,114.46875
2023-11-08 15:00:00,114.625
2023-11-08 16:00:00,114.8125
2023-11-08 17:00:00,114.8125
2023-11-08 18:00:00,115.15625
2023-11-08 19:00:00,114.90625
2023-11-08 20:00:00,115.09375
2023-11-08 21:00:00,115.34375
2023-11-08 23:00:00,115.34375
2023-11-09 14:30:00,114.375
2023-11-09 15:00:00,114.15625
2023-11-09 16:00:00,114.1875
2023-11-09 17:00:00,113.875
2023-11-09 18:00:00,113.28125
2023-11-09 19:00:00,113.0625
2023-11-09 20:00:00,113.0625
2023-11-09 21:00:00,113.1875
2023-11-09 23:00:00,113.1875
2023-11-10 14:30:00,113.78125
2023-11-10 15:00:00,113.875
2023-11-10 16:00:00,113.59375
2023-11-10 17:00:00,113.5
2023-11-10 18:00:00,113.5
2023-11-10 19:00:00,113.46875
2023-11-10 20:00:00,113.5625
2023-11-10 21:00:00,113.09375
2023-11-10 23:00:00,113.09375
2023-11-13 14:30:00,112.53125
2023-11-13 15:00:00,112.9375
2023-11-13 16:00:00,113.28125
2023-11-13 17:00:00,113.15625
2023-11-13 18:00:00,113.3125
2023-11-13 19:00:00,113.40625
2023-11-13 20:00:00,113.34375
2023-11-13 21:00:00,113.1875
2023-11-13 23:00:00,113.1875
2023-11-14 14:30:00,115.375
2023-11-14 15:00:00,115.46875
2023-11-14 16:00:00,115.375
2023-11-14 17:00:00,115.15625
2023-11-14 18:00:00,115.3125
2023-11-14 19:00:00,115.5
2023-11-14 20:00:00,115.5625
2023-11-14 21:00:00,115.4375
2023-11-14 23:00:00,115.4375
2023-11-15 14:30:00,114.4375
2023-11-15 15:00:00,114.40625
2023-11-15 16:00:00,114.15625
2023-11-15 17:00:00,114.28125
2023-11-15 18:00:00,114.09375
2023-11-15 19:00:00,114.34375
2023-11-15 20:00:00,114.4375
2023-11-15 21:00:00,114.3125
2023-11-15 23:00:00,114.3125
2023-11-16 14:30:00,115.40625
2023-11-16 15:00:00,115.46875
2023-11-16 16:00:00,114.96875
2023-11-16 17:00:00,115.5
2023-11-16 18:00:00,115.375
2023-11-16 19:00:00,115.40625
2023-11-16 20:00:00,115.28125
2023-11-16 21:00:00,115.375
2023-11-16 23:00:00,115.375
2023-11-17 14:30:00,115.3125
2023-11-17 15:00:00,115.3125
2023-11-17 16:00:00,115.34375
2023-11-17 17:00:00,115.5625
2023-11-17 18:00:00,115.65625
2023-11-17 19:00:00,115.5
2023-11-17 20:00:00,115.5
2023-11-17 21:00:00,115.5625
2023-11-17 23:00:00,115.5625
2023-11-20 14:30:00,115.40625
2023-11-20 15:00:00,115.3125
2023-11-20 16:00:00,115.4375
2023-11-20 17:00:00,115.46875
2023-11-20 18:00:00,115.96875
2023-11-20 19:00:00,115.90625
2023-11-20 20:00:00,115.90625
2023-11-20 20:00:01,115.90625
2023-11-20 21:00:00,115.78125
2023-11-20 23:00:00,115.78125
2023-11-21 14:30:00,115.96875
2023-11-21 15:00:00,115.8125
2023-11-21 16:00:00,116.0
2023-11-21 17:00:00,115.78125
2023-11-21 18:00:00,115.4375
2023-11-21 19:00:00,115.71875
2023-11-21 20:00:00,115.90625
2023-11-21 21:00:00,116.15625
2023-11-21 23:00:00,116.15625
2023-11-22 14:30:00,116.375
2023-11-22 15:00:00,115.65625
2023-11-22 16:00:00,115.9375
2023-11-22 17:00:00,115.78125
2023-11-22 18:00:00,115.875
2023-11-22 19:00:00,115.9375
2023-11-22 20:00:00,115.9375
2023-11-22 21:00:00,116.09375
2023-11-22 23:00:00,116.09375
2023-11-24 14:30:00,115.09375
2023-11-24 15:00:00,115.0625
2023-11-24 16:00:00,115.0
2023-11-24 17:00:00,114.90625
2023-11-24 18:00:00,115.09375
2023-11-24 23:00:00,115.09375
2023-11-27 14:30:00,115.40625
2023-11-27 15:00:00,115.59375
2023-11-27 16:00:00,115.65625
2023-11-27 17:00:00,115.84375
2023-11-27 18:00:00,115.96875
2023-11-27 19:00:00,116.15625
2023-11-27 20:00:00,116.125
2023-11-27 21:00:00,116.09375
2023-11-27 23:00:00,116.09375
2023-11-28 14:30:00,115.96875
2023-11-28 15:00:00,116.28125
2023-11-28 16:00:00,116.53125
2023-11-28 17:00:00,116.25
2023-11-28 18:00:00,116.1875
2023-11-28 19:00:00,116.4375
2023-11-28 20:00:00,116.3125
2023-11-28 21:00:00,116.6875
2023-11-28 23:00:00,116.6875
2023-11-29 14:30:00,117.53125
2023-11-29 15:00:00,117.21875
2023-11-29 16:00:00,116.8125
2023-11-29 17:00:00,117.3125
2023-11-29 18:00:00,117.375
2023-11-29 19:00:00,117.46875
2023-11-29 20:00:00,117.4375
2023-11-29 21:00:00,117.5625
2023-11-29 23:00:00,117.5625
2023-11-30 14:30:00,116.59375
2023-11-30 15:00:00,116.875
2023-11-30 16:00:00,116.78125
2023-11-30 17:00:00,116.5
2023-11-30 18:00:00,116.5
2023-11-30 19:00:00,116.5
2023-11-30 20:00:00,116.25
2023-11-30 21:00:00,116.75
2023-11-30 23:00:00,116.75
2023-12-01 14:30:00,116.5625
2023-12-01 15:00:00,117.125
2023-12-01 16:00:00,117.75
2023-12-01 17:00:00,117.9375
2023-12-01 18:00:00,118.28125
2023-12-01 19:00:00,118.1875
2023-12-01 20:00:00,118.3125
2023-12-01 21:00:00,118.53125
2023-12-01 23:00:00,118.53125
2023-12-04 14:30:00,117.90625
2023-12-04 15:00:00,117.46875
2023-12-04 16:00:00,117.46875
2023-12-04 17:00:00,117.53125
2023-12-04 18:00:00,117.46875
2023-12-04 19:00:00,117.625
2023-12-04 20:00:00,117.625
2023-12-04 21:00:00,117.96875
2023-12-04 23:00:00,117.96875
2023-12-05 14:30:00,118.8125
2023-12-05 15:00:00,119.34375
2023-12-05 16:00:00,119.40625
2023-12-05 17:00:00,119.3125
2023-12-05 18:00:00,119.34375
2023-12-05 19:00:00,119.4375
2023-12-05 20:00:00,119.40625
2023-12-05 21:00:00,119.5
2023-12-05 23:00:00,119.5
2023-12-06 14:30:00,119.96875
2023-12-06 15:00:00,120.40625
2023-12-06 16:00:00,120.625
2023-12-06 17:00:00,120.59375
2023-12-06 18:00:00,120.65625
2023-12-06 19:00:00,120.59375
2023-12-06 20:00:00,120.53125
2023-12-06 21:00:00,120.75
2023-12-06 23:00:00,120.75
2023-12-07 14:30:00,120.0
2023-12-07 15:00:00,120.03125
2023-12-07 16:00:00,120.34375
2023-12-07 17:00:00,120.65625
2023-12-07 18:00:00,120.5
2023-12-07 19:00:00,120.28125
2023-12-07 20:00:00,120.25
2023-12-07 21:00:00,120.0625
2023-12-07 23:00:00,120.0625
2023-12-08 14:30:00,119.125
2023-12-08 15:00:00,118.90625
2023-12-08 16:00:00,118.75
2023-12-08 17:00:00,119.09375
2023-12-08 18:00:00,119.03125
2023-12-08 19:00:00,119.03125
2023-12-08 20:00:00,119.1875
2023-12-08 21:00:00,119.25
2023-12-08 23:00:00,119.25
2023-12-11 14:30:00,118.59375
2023-12-11 15:00:00,118.75
2023-12-11 16:00:00,118.5625
2023-12-11 17:00:00,118.46875
2023-12-11 18:00:00,118.90625
2023-12-11 19:00:00,119.03125
2023-12-11 20:00:00,119.0625
2023-12-11 21:00:00,119.03125
2023-12-11 23:00:00,119.03125
2023-12-12 14:30:00,118.9375
2023-12-12 15:00:00,119.28125
2023-12-12 16:00:00,119.1875
2023-12-12 17:00:00,119.0
2023-12-12 18:00:00,119.53125
2023-12-12 19:00:00,119.5625
2023-12-12 20:00:00,119.53125
2023-12-12 21:00:00,119.5
2023-12-12 23:00:00,119.5
2023-12-13 14:30:00,120.0
2023-12-13 15:00:00,120.15625
2023-12-13 16:00:00,120.1875
2023-12-13 17:00:00,120.125
2023-12-13 18:00:00,120.15625
2023-12-13 19:00:00,121.65625
2023-12-13 20:00:00,121.34375
2023-12-13 21:00:00,121.8125
2023-12-13 23:00:00,121.8125
2023-12-14 14:30:00,122.71875
2023-12-14 15:00:00,123.3125
2023-12-14 16:00:00,123.6875
2023-12-14 17:00:00,123.5
2023-12-14 18:00:00,123.28125
2023-12-14 19:00:00,123.4375
2023-12-14 20:00:00,123.625
2023-12-14 21:00:00,123.65625
2023-12-14 23:00:00,123.65625
2023-12-15 14:30:00,123.9375
2023-12-15 15:00:00,124.0625
2023-12-15 16:00:00,123.9375
2023-12-15 17:00:00,123.8125
2023-12-15 18:00:00,123.78125
2023-12-15 19:00:00,123.8125
2023-12-15 20:00:00,124.09375
2023-12-15 21:00:00,123.96875
2023-12-15 23:00:00,123.96875
2023-12-18 14:30:00,123.15625
2023-12-18 15:00:00,123.3125
2023-12-18 16:00:00,123.25
2023-12-18 17:00:00,123.28125
2023-12-18 18:00:00,123.25
2023-12-18 19:00:00,123.28125
2023-12-18 20:00:00,123.375
2023-12-18 21:00:00,123.5625
2023-12-18 23:00:00,123.5625
2023-12-19 14:30:00,124.03125
2023-12-19 15:00:00,123.96875
2023-12-19 16:00:00,124.03125
2023-12-19 17:00:00,123.78125
2023-12-19 18:00:00,123.78125
2023-12-19 19:00:00,123.65625
2023-12-19 20:00:00,123.5625
2023-12-19 21:00:00,123.5625
2023-12-19 23:00:00,123.5625
2023-12-20 14:30:00,124.0625
2023-12-20 15:00:00,123.84375
2023-12-20 16:00:00,123.9375
2023-12-20 17:00:00,124.1875
2023-12-20 18:00:00,124.3125
2023-12-20 19:00:00,124.40625
2023-12-20 20:00:00,124.5
2023-12-20 21:00:00,124.71875
2023-12-20 23:00:00,124.71875
2023-12-21 14:30:00,124.625
2023-12-21 15:00:00,124.28125
2023-12-21 16:00:00,124.3125
2023-12-21 17:00:00,124.25
2023-12-21 18:00:00,124.03125
2023-12-21 19:00:00,124.03125
2023-12-21 20:00:00,124.09375
2023-12-21 21:00:00,124.125
2023-12-21 23:00:00,124.125
2023-12-22 14:30:00,124.3125
2023-12-22 15:00:00,123.9375
2023-12-22 16:00:00,123.75
2023-12-22 17:00:00,123.84375
2023-12-22 18:00:00,123.9375
2023-12-22 19:00:00,123.9375
2023-12-22 20:00:00,123.90625
2023-12-22 21:00:00,124.0
2023-12-22 23:00:00,124.0
2023-12-26 14:30:00,124.125
2023-12-26 15:00:00,124.0
2023-12-26 16:00:00,124.03125
2023-12-26 17:00:00,124.03125
2023-12-26 18:00:00,124.125
2023-12-26 19:00:00,124.28125
2023-12-26 20:00:00,124.125
2023-12-26 21:00:00,124.09375
2023-12-26 23:00:00,124.09375
2023-12-27 14:30:00,125.0625
2023-12-27 15:00:00,125.21875
2023-12-27 16:00:00,125.4375
2023-12-27 17:00:00,125.46875
2023-12-27 18:00:00,125.6875
2023-12-27 19:00:00,125.90625
2023-12-27 20:00:00,125.84375
2023-12-27 21:00:00,125.78125
2023-12-27 23:00:00,125.78125
2023-12-28 14:30:00,125.375
2023-12-28 15:00:00,125.75
2023-12-28 16:00:00,125.375
2023-12-28 17:00:00,125.375
2023-12-28 18:00:00,125.1875
2023-12-28 19:00:00,125.15625
2023-12-28 20:00:00,125.25
2023-12-28 21:00:00,125.125
2023-12-28 23:00:00,125.125
2023-12-29 14:30:00,124.65625
2023-12-29 15:00:00,124.96875
2023-12-29 16:00:00,125.0625
2023-12-29 17:00:00,124.90625
2023-12-29 18:00:00,124.625
2023-12-29 19:00:00,124.625
2023-12-29 20:00:00,124.6875
2023-12-29 21:00:00,124.53125
2023-12-29 23:00:00,124.53125
2024-01-02 14:30:00,124.21875
2024-01-02 15:00:00,123.84375
2024-01-02 16:00:00,124.03125
2024-01-02 17:00:00,123.8125
2024-01-02 18:00:00,123.75
2024-01-02 19:00:00,123.84375
2024-01-02 20:00:00,123.9375
2024-01-02 21:00:00,124.0
2024-01-02 23:00:00,124.0
2024-01-03 14:30:00,123.25
2024-01-03 15:00:00,123.15625
2024-01-03 16:00:00,123.53125
2024-01-03 17:00:00,123.9375
2024-01-03 18:00:00,124.0625
2024-01-03 19:00:00,124.15625
2024-01-03 20:00:00,124.1875
2024-01-03 21:00:00,124.0
2024-01-03 23:00:00,124.0
2024-01-04 14:30:00,122.84375
2024-01-04 15:00:00,122.9375
2024-01-04 16:00:00,122.8125
2024-01-04 17:00:00,122.71875
2024-01-04 18:00:00,122.8125
2024-01-04 19:00:00,122.90625
2024-01-04 20:00:00,122.8125
2024-01-04 21:00:00,122.75
2024-01-04 23:00:00,122.75
2024-01-05 14:30:00,122.0625
2024-01-05 15:00:00,122.71875
2024-01-05 16:00:00,122.5
2024-01-05 17:00:00,122.0
2024-01-05 18:00:00,122.125
2024-01-05 19:00:00,122.0625
2024-01-05 20:00:00,121.9375
2024-01-05 21:00:00,122.0
2024-01-05 23:00:00,122.0
2024-01-08 14:30:00,122.40625
2024-01-08 15:00:00,122.6875
2024-01-08 16:00:00,122.875
2024-01-08 17:00:00,122.875
2024-01-08 18:00:00,122.5625
2024-01-08 19:00:00,122.53125
2024-01-08 20:00:00,122.40625
2024-01-08 21:00:00,122.1875
2024-01-08 23:00:00,122.1875
2024-01-09 14:30:00,122.65625
2024-01-09 15:00:00,122.53125
2024-01-09 16:00:00,122.5
2024-01-09 17:00:00,122.5
2024-01-09 18:00:00,122.40625
2024-01-09 19:00:00,122.4375
2024-01-09 20:00:00,122.46875
2024-01-09 21:00:00,122.46875
2024-01-09 23:00:00,122.46875
2024-01-10 14:30:00,122.53125
2024-01-10 15:00:00,122.46875
2024-01-10 16:00:00,122.375
2024-01-10 17:00:00,122.3125
2024-01-10 18:00:00,122.15625
2024-01-10 19:00:00,122.1875
2024-01-10 20:00:00,122.15625
2024-01-10 21:00:00,122.15625
2024-01-10 23:00:00,122.15625
2024-01-11 14:30:00,121.96875
2024-01-11 15:00:00,122.0
2024-01-11 16:00:00,121.875
2024-01-11 17:00:00,121.84375
2024-01-11 18:00:00,122.25
2024-01-11 19:00:00,122.75
2024-01-11 20:00:00,122.6875
2024-01-11 21:00:00,122.90625
2024-01-11 23:00:00,122.90625
2024-01-12 14:30:00,123.25
2024-01-12 15:00:00,122.90625
2024-01-12 16:00:00,122.78125
2024-01-12 17:00:00,122.59375
2024-01-12 18:00:00,122.71875
2024-01-12 19:00:00,122.90625
2024-01-12 20:00:00,122.8125
2024-01-12 21:00:00,123.15625
2024-01-12 23:00:00,123.15625
2024-01-16 14:30:00,121.875
2024-01-16 15:00:00,121.9375
2024-01-16 16:00:00,121.40625
2024-01-16 17:00:00,120.875
2024-01-16 18:00:00,120.96875
2024-01-16 19:00:00,121.09375
2024-01-16 20:00:00,121.0625
2024-01-16 21:00:00,121.1875
2024-01-16 23:00:00,121.1875
2024-01-17 14:30:00,120.59375
2024-01-17 15:00:00,120.84375
2024-01-17 16:00:00,120.9375
2024-01-17 17:00:00,121.0625
2024-01-17 18:00:00,120.78125
2024-01-17 19:00:00,120.8125
2024-01-17 20:00:00,120.8125
2024-01-17 21:00:00,120.75
2024-01-17 23:00:00,120.75
2024-01-18 14:30:00,120.5
2024-01-18 15:00:00,120.28125
2024-01-18 16:00:00,120.03125
2024-01-18 17:00:00,119.8125
2024-01-18 18:00:00,119.9375
2024-01-18 19:00:00,119.9375
2024-01-18 20:00:00,120.0
2024-01-18 21:00:00,120.0
2024-01-18 23:00:00,120.0
2024-01-19 14:30:00,119.6875
2024-01-19 15:00:00,119.78125
2024-01-19 16:00:00,119.8125
2024-01-19 17:00:00,120.0
2024-01-19 18:00:00,119.9375
2024-01-19 19:00:00,120.03125
2024-01-19 20:00:00,120.0
2024-01-19 21:00:00,120.34375
2024-01-19 23:00:00,120.34375
2024-01-22 14:30:00,120.9375
2024-01-22 15:00:00,120.8125
2024-01-22 16:00:00,120.875
2024-01-22 17:00:00,120.75
2024-01-22 18:00:00,120.5625
2024-01-22 19:00:00,120.75
2024-01-22 20:00:00,120.6875
2024-01-22 21:00:00,120.59375
2024-01-22 23:00:00,120.59375
2024-01-23 14:30:00,120.0
2024-01-23 15:00:00,119.78125
2024-01-23 16:00:00,119.78125
2024-01-23 17:00:00,119.75
2024-01-23 18:00:00,119.75
2024-01-23 19:00:00,119.84375
2024-01-23 20:00:00,119.90625
2024-01-23 21:00:00,120.09375
2024-01-23 23:00:00,120.09375
2024-01-24 14:30:00,120.1875
2024-01-24 15:00:00,119.90625
2024-01-24 16:00:00,119.71875
2024-01-24 17:00:00,119.78125
2024-01-24 18:00:00,119.28125
2024-01-24 19:00:00,119.28125
2024-01-24 20:00:00,119.28125
2024-01-24 21:00:00,119.3125
2024-01-24 23:00:00,119.3125
2024-01-25 14:30:00,119.9375
2024-01-25 15:00:00,120.0
2024-01-25 16:00:00,119.78125
2024-01-25 17:00:00,119.6875
2024-01-25 18:00:00,119.9375
2024-01-25 19:00:00,119.84375
2024-01-25 20:00:00,119.78125
2024-01-25 21:00:00,119.96875
2024-01-25 23:00:00,119.96875
2024-01-26 14:30:00,119.59375
2024-01-26 15:00:00,119.6875
2024-01-26 16:00:00,119.9375
2024-01-26 17:00:00,119.84375
2024-01-26 18:00:00,119.625
2024-01-26 19:00:00,119.59375
2024-01-26 20:00:00,119.75
2024-01-26 21:00:00,119.875
2024-01-26 23:00:00,119.875
2024-01-29 14:30:00,120.25
2024-01-29 15:00:00,120.3125
2024-01-29 16:00:00,120.5
2024-01-29 17:00:00,120.53125
2024-01-29 18:00:00,120.53125
2024-01-29 19:00:00,120.53125
2024-01-29 20:00:00,121.03125
2024-01-29 21:00:00,120.8125
2024-01-29 23:00:00,120.8125
2024-01-30 14:30:00,121.375
2024-01-30 15:00:00,120.75
2024-01-30 16:00:00,121.15625
2024-01-30 17:00:00,120.90625
2024-01-30 18:00:00,120.96875
2024-01-30 19:00:00,121.28125
2024-01-30 20:00:00,121.25
2024-01-30 21:00:00,121.5625
2024-01-30 23:00:00,121.5625
2024-01-31 14:30:00,122.625
2024-01-31 15:00:00,122.5
2024-01-31 16:00:00,122.5
2024-01-31 17:00:00,122.5625
2024-01-31 18:00:00,122.4375
2024-01-31 19:00:00,122.34375
2024-01-31 20:00:00,122.21875
2024-01-31 21:00:00,123.09375
2024-01-31 23:00:00,123.09375
2024-02-01 14:30:00,123.8125
2024-02-01 15:00:00,124.34375
2024-02-01 16:00:00,124.375
2024-02-01 17:00:00,124.0625
2024-02-01 18:00:00,123.90625
2024-02-01 19:00:00,124.03125
2024-02-01 20:00:00,124.09375
2024-02-01 21:00:00,123.78125
2024-02-01 23:00:00,123.78125
2024-02-02 14:30:00,122.40625
2024-02-02 15:00:00,121.84375
2024-02-02 16:00:00,121.625
2024-02-02 17:00:00,121.65625
2024-02-02 18:00:00,121.90625
2024-02-02 19:00:00,121.96875
2024-02-02 20:00:00,121.96875
2024-02-02 21:00:00,122.03125
2024-02-02 23:00:00,122.03125
2024-02-05 14:30:00,120.71875
2024-02-05 15:00:00,120.125
2024-02-05 16:00:00,120.125
2024-02-05 17:00:00,120.3125
2024-02-05 18:00:00,120.1875
2024-02-05 19:00:00,120.15625
2024-02-05 20:00:00,120.1875
2024-02-05 21:00:00,120.21875
2024-02-05 23:00:00,120.21875
2024-02-06 14:30:00,120.53125
2024-02-06 15:00:00,120.84375
2024-02-06 16:00:00,120.9375
2024-02-06 17:00:00,120.9375
2024-02-06 18:00:00,121.03125
2024-02-06 19:00:00,121.0
2024-02-06 20:00:00,121.03125
2024-02-06 21:00:00,120.90625
2024-02-06 23:00:00,120.90625
2024-02-07 14:30:00,121.125
2024-02-07 15:00:00,121.0625
2024-02-07 16:00:00,120.84375
2024-02-07 17:00:00,120.6875
2024-02-07 18:00:00,120.875
2024-02-07 19:00:00,120.875
2024-02-07 20:00:00,120.9375
2024-02-07 21:00:00,120.65625
2024-02-07 23:00:00,120.65625
2024-02-08 14:30:00,120.03125
2024-02-08 15:00:00,119.875
2024-02-08 16:00:00,119.90625
2024-02-08 17:00:00,119.8125
2024-02-08 18:00:00,119.96875
2024-02-08 19:00:00,119.71875
2024-02-08 20:00:00,119.8125
2024-02-08 21:00:00,120.03125
2024-02-08 23:00:00,120.03125
2024-02-09 14:30:00,119.78125
2024-02-09 15:00:00,119.625
2024-02-09 16:00:00,119.65625
2024-02-09 17:00:00,119.71875
2024-02-09 18:00:00,119.71875
2024-02-09 19:00:00,119.65625
2024-02-09 20:00:00,119.71875
2024-02-09 21:00:00,119.78125
2024-02-09 23:00:00,119.78125
2024-02-12 14:30:00,119.71875
2024-02-12 15:00:00,119.4375
2024-02-12 16:00:00,119.65625
2024-02-12 17:00:00,119.875
2024-02-12 18:00:00,120.03125
2024-02-12 19:00:00,119.875
2024-02-12 20:00:00,119.84375
2024-02-12 21:00:00,119.71875
2024-02-12 23:00:00,119.71875
2024-02-13 14:30:00,118.5
2024-02-13 15:00:00,118.34375
2024-02-13 16:00:00,118.46875
2024-02-13 17:00:00,118.40625
2024-02-13 18:00:00,118.3125
2024-02-13 19:00:00,118.0
2024-02-13 20:00:00,118.0625
2024-02-13 21:00:00,118.125
2024-02-13 23:00:00,118.125
2024-02-14 14:30:00,118.15625
2024-02-14 15:00:00,118.28125
2024-02-14 16:00:00,118.59375
2024-02-14 17:00:00,118.75
2024-02-14 18:00:00,118.6875
2024-02-14 19:00:00,118.5625
2024-02-14 20:00:00,118.4375
2024-02-14 21:00:00,118.65625
2024-02-14 23:00:00,118.65625
2024-02-15 14:30:00,119.28125
2024-02-15 15:00:00,118.96875
2024-02-15 16:00:00,118.78125
2024-02-15 17:00:00,118.8125
2024-02-15 18:00:00,119.0625
2024-02-15 19:00:00,118.90625
2024-02-15 20:00:00,118.84375
2024-02-15 21:00:00,119.0625
2024-02-15 23:00:00,119.0625
2024-02-16 14:30:00,118.0625
2024-02-16 15:00:00,118.1875
2024-02-16 16:00:00,118.03125
2024-02-16 17:00:00,118.25
2024-02-16 18:00:00,118.21875
2024-02-16 19:00:00,118.21875
2024-02-16 20:00:00,118.21875
2024-02-16 21:00:00,118.4375
2024-02-16 23:00:00,118.4375
2024-02-20 14:30:00,118.4375
2024-02-20 15:00:00,118.625
2024-02-20 16:00:00,118.625
2024-02-20 17:00:00,118.65625
2024-02-20 18:00:00,118.59375
2024-02-20 19:00:00,118.34375
2024-02-20 20:00:00,118.40625
2024-02-20 21:00:00,118.34375
2024-02-20 23:00:00,118.34375
2024-02-21 14:30:00,118.4375
2024-02-21 15:00:00,118.15625
2024-02-21 16:00:00,118.15625
2024-02-21 17:00:00,118.15625
2024-02-21 18:00:00,117.8125
2024-02-21 19:00:00,117.75
2024-02-21 20:00:00,117.75
2024-02-21 21:00:00,117.875
2024-02-21 23:00:00,117.875
2024-02-22 14:30:00,118.15625
2024-02-22 15:00:00,118.15625
2024-02-22 16:00:00,117.96875
2024-02-22 17:00:00,117.96875
2024-02-22 18:00:00,118.0625
2024-02-22 19:00:00,118.09375
2024-02-22 20:00:00,118.03125
2024-02-22 21:00:00,118.125
2024-02-22 23:00:00,118.125
2024-02-23 14:30:00,118.5
2024-02-23 15:00:00,118.5
2024-02-23 16:00:00,119.125
2024-02-23 17:00:00,119.09375
2024-02-23 18:00:00,119.21875
2024-02-23 19:00:00,119.09375
2024-02-23 20:00:00,119.09375
2024-02-23 20:00:01,119.09375
2024-02-23 21:00:00,119.15625
2024-02-23 23:00:00,119.15625
2024-02-26 14:30:00,119.125
2024-02-26 15:00:00,118.84375
2024-02-26 16:00:00,118.59375
2024-02-26 17:00:00,118.46875
2024-02-26 18:00:00,118.65625
2024-02-26 19:00:00,118.65625
2024-02-26 20:00:00,118.84375
2024-02-26 21:00:00,118.9375
2024-02-26 23:00:00,118.9375
2024-02-27 14:30:00,118.65625
2024-02-27 15:00:00,118.71875
2024-02-27 16:00:00,118.625
2024-02-27 17:00:00,118.5
2024-02-27 18:00:00,118.5625
2024-02-27 19:00:00,118.28125
2024-02-27 20:00:00,118.3125
2024-02-27 21:00:00,118.46875
2024-02-27 23:00:00,118.46875
2024-02-28 14:30:00,118.34375
2024-02-28 15:00:00,118.53125
2024-02-28 16:00:00,118.5625
2024-02-28 17:00:00,118.59375
2024-02-28 18:00:00,118.625
2024-02-28 19:00:00,118.75
2024-02-28 20:00:00,118.8125
2024-02-28 21:00:00,118.78125
2024-02-28 23:00:00,118.78125
2024-02-29 14:30:00,119.4375
2024-02-29 15:00:00,119.5
2024-02-29 16:00:00,119.4375
2024-02-29 17:00:00,119.1875
2024-02-29 18:00:00,119.375
2024-02-29 19:00:00,119.25
2024-02-29 20:00:00,119.25
2024-02-29 21:00:00,119.125
2024-02-29 23:00:00,119.125
2024-03-01 14:30:00,118.59375
2024-03-01 15:00:00,119.9375
2024-03-01 16:00:00,119.59375
2024-03-01 17:00:00,119.71875
2024-03-01 18:00:00,119.875
2024-03-01 19:00:00,120.03125
2024-03-01 20:00:00,120.0
2024-03-01 21:00:00,120.03125
2024-03-01 23:00:00,120.03125
2024-03-04 14:30:00,119.59375
2024-03-04 15:00:00,119.4375
2024-03-04 16:00:00,119.625
2024-03-04 17:00:00,119.46875
2024-03-04 18:00:00,119.53125
2024-03-04 19:00:00,119.59375
2024-03-04 20:00:00,119.53125
2024-03-04 21:00:00,119.625
2024-03-04 23:00:00,119.625
2024-03-05 14:30:00,120.59375
2024-03-05 15:00:00,120.78125
2024-03-05 16:00:00,120.71875
2024-03-05 17:00:00,120.65625
2024-03-05 18:00:00,120.78125
2024-03-05 19:00:00,120.84375
2024-03-05 20:00:00,120.875
2024-03-05 21:00:00,120.59375
2024-03-05 23:00:00,120.59375
2024-03-06 14:30:00,121.25
2024-03-06 15:00:00,121.3125
2024-03-06 16:00:00,121.4375
2024-03-06 17:00:00,121.46875
2024-03-06 18:00:00,121.5625
2024-03-06 19:00:00,121.59375
2024-03-06 20:00:00,121.46875
2024-03-06 21:00:00,121.53125
2024-03-06 23:00:00,121.53125
2024-03-07 14:30:00,121.65625
2024-03-07 15:00:00,121.59375
2024-03-07 16:00:00,121.40625
2024-03-07 17:00:00,121.34375
2024-03-07 18:00:00,121.4375
2024-03-07 19:00:00,121.71875
2024-03-07 20:00:00,121.71875
2024-03-07 21:00:00,121.78125
2024-03-07 23:00:00,121.78125
2024-03-08 14:30:00,121.6875
2024-03-08 15:00:00,121.65625
2024-03-08 16:00:00,121.5625
2024-03-08 17:00:00,121.78125
2024-03-08 18:00:00,121.5625
2024-03-08 19:00:00,121.53125
2024-03-08 20:00:00,121.53125
2024-03-08 21:00:00,121.65625
2024-03-08 23:00:00,121.65625
2024-03-11 13:30:00,121.75
2024-03-11 14:00:00,121.59375
2024-03-11 15:00:00,121.5
2024-03-11 16:00:00,121.5625
2024-03-11 17:00:00,121.46875
2024-03-11 18:00:00,121.4375
2024-03-11 19:00:00,121.53125
2024-03-11 20:00:00,121.5625
2024-03-11 23:00:00,121.5625
2024-03-12 13:30:00,120.8125
2024-03-12 14:00:00,120.8125
2024-03-12 15:00:00,120.75
2024-03-12 16:00:00,120.71875
2024-03-12 17:00:00,120.65625
2024-03-12 18:00:00,120.75
2024-03-12 19:00:00,120.71875
2024-03-12 20:00:00,120.78125
2024-03-12 23:00:00,120.78125
2024-03-13 13:30:00,120.375
2024-03-13 14:00:00,120.46875
2024-03-13 15:00:00,120.28125
2024-03-13 16:00:00,120.21875
2024-03-13 17:00:00,120.3125
2024-03-13 18:00:00,120.28125
2024-03-13 19:00:00,120.3125
2024-03-13 20:00:00,120.34375
2024-03-13 23:00:00,120.34375
2024-03-14 13:30:00,119.1875
2024-03-14 14:00:00,118.84375
2024-03-14 15:00:00,118.75
2024-03-14 16:00:00,118.84375
2024-03-14 17:00:00,118.78125
2024-03-14 18:00:00,118.75
2024-03-14 19:00:00,118.8125
2024-03-14 20:00:00,118.84375
2024-03-14 23:00:00,118.875
2024-03-15 13:30:00,118.53125
2024-03-15 14:00:00,118.59375
2024-03-15 15:00:00,118.65625
2024-03-15 16:00:00,118.625
2024-03-15 17:00:00,118.59375
2024-03-15 18:00:00,118.71875
2024-03-15 19:00:00,118.59375
2024-03-15 20:00:00,118.625
2024-03-15 23:00:00,118.625
2024-03-18 13:30:00,118.5
2024-03-18 14:00:00,118.3125
2024-03-18 15:00:00,118.3125
2024-03-18 16:00:00,118.28125
2024-03-18 17:00:00,118.15625
2024-03-18 18:00:00,118.21875
2024-03-18 19:00:00,118.3125
2024-03-18 20:00:00,118.375
2024-03-18 23:00:00,118.4375
2024-03-19 13:30:00,118.46875
2024-03-19 14:00:00,118.59375
2024-03-19 15:00:00,118.625
2024-03-19 16:00:00,118.65625
2024-03-19 17:00:00,118.78125
2024-03-19 18:00:00,118.75
2024-03-19 19:00:00,118.65625
2024-03-19 20:00:00,118.8125
2024-03-19 23:00:00,118.71875
2024-03-20 13:30:00,118.8125
2024-03-20 14:00:00,118.96875
2024-03-20 15:00:00,118.96875
2024-03-20 16:00:00,119.03125
2024-03-20 17:00:00,118.96875
2024-03-20 18:00:00,118.84375
2024-03-20 19:00:00,118.84375
2024-03-20 20:00:00,118.71875
2024-03-20 23:00:00,118.84375
2024-03-21 13:30:00,118.875
2024-03-21 14:00:00,118.65625
2024-03-21 15:00:00,118.875
2024-03-21 16:00:00,118.90625
2024-03-21 17:00:00,118.90625
2024-03-21 18:00:00,119.0
2024-03-21 19:00:00,118.96875
2024-03-21 20:00:00,119.03125
2024-03-21 23:00:00,119.09375
2024-03-22 13:30:00,119.9375
2024-03-22 14:00:00,119.8125
2024-03-22 15:00:00,119.875
2024-03-22 16:00:00,119.8125
2024-03-22 17:00:00,119.8125
2024-03-22 18:00:00,119.78125
2024-03-22 19:00:00,119.84375
2024-03-22 20:00:00,119.96875
2024-03-22 23:00:00,119.96875
2024-03-25 13:30:00,119.4375
2024-03-25 14:00:00,119.4375
2024-03-25 15:00:00,119.375
2024-03-25 16:00:00,119.34375
2024-03-25 17:00:00,119.3125
2024-03-25 18:00:00,119.28125
2024-03-25 19:00:00,119.40625
2024-03-25 20:00:00,119.4375
2024-03-25 23:00:00,119.4375
2024-03-26 13:30:00,119.25
2024-03-26 14:00:00,119.21875
2024-03-26 15:00:00,119.25
2024-03-26 16:00:00,119.40625
2024-03-26 17:00:00,119.4375
2024-03-26 18:00:00,119.65625
2024-03-26 19:00:00,119.59375
2024-03-26 20:00:00,119.65625
2024-03-26 23:00:00,119.59375
2024-03-27 13:30:00,119.75
2024-03-27 14:00:00,120.0
2024-03-27 15:00:00,120.21875
2024-03-27 16:00:00,120.25
2024-03-27 17:00:00,120.25
2024-03-27 18:00:00,120.21875
2024-03-27 19:00:00,120.3125
2024-03-27 20:00:00,120.34375
2024-03-27 23:00:00,120.28125
2024-03-28 13:30:00,120.21875
2024-03-28 14:00:00,120.375
2024-03-28 15:00:00,120.59375
2024-03-28 16:00:00,120.4375
2024-03-28 17:00:00,120.28125
2024-03-28 18:00:00,120.3125
2024-03-28 19:00:00,120.28125
2024-03-28 20:00:00,120.21875
2024-03-28 23:00:00,120.21875
2024-04-01 23:00:00,118.71875
2024-04-02 23:00:00,117.90625
2024-04-03 23:00:00,117.8125
2024-04-04 23:00:00,118.34375
2024-04-05 23:00:00,117.21875
2024-04-08 23:00:00,117.09375
2024-04-09 23:00:00,118.03125
2024-04-10 23:00:00,115.78125
2024-04-11 23:00:00,115.0
2024-04-12 23:00:00,115.8125
2024-04-15 23:00:00,114.53125
2024-04-16 23:00:00,113.84375
2024-04-17 23:00:00,114.75
2024-04-18 23:00:00,114.375
2024-04-19 23:00:00,114.5625
2024-04-22 23:00:00,114.625
2024-04-23 23:00:00,114.6875
2024-04-24 23:00:00,114.03125
2024-04-25 23:00:00,113.34375
2024-04-26 23:00:00,113.96875
2024-04-29 23:00:00,114.625
2024-04-30 23:00:00,113.9375
2024-05-01 23:00:00,114.5
2024-05-02 23:00:00,114.90625
2024-05-03 23:00:00,115.8125
2024-05-06 23:00:00,116.1875
2024-05-07 23:00:00,116.75
2024-05-08 23:00:00,116.25
2024-05-09 23:00:00,116.65625
2024-05-10 23:00:00,116.125
2024-05-13 23:00:00,116.25
2024-05-14 23:00:00,116.84375
2024-05-15 23:00:00,118.25
2024-05-16 14:30:00,118.03125
2024-05-16 15:00:00,118.25
2024-05-16 16:00:00,118.03125
2024-05-16 17:00:00,118.0
2024-05-16 18:00:00,117.96875
2024-05-16 19:00:00,117.90625
2024-05-16 20:00:00,117.875
2024-05-16 21:00:00,117.96875
2024-05-16 23:00:00,117.96875
2024-05-17 14:30:00,117.4375
2024-05-17 15:00:00,117.65625
2024-05-17 16:00:00,117.375
2024-05-17 17:00:00,117.25
2024-05-17 18:00:00,117.21875
2024-05-17 19:00:00,117.3125
2024-05-17 20:00:00,117.28125
2024-05-17 21:00:00,117.3125
2024-05-17 23:00:00,117.3125
2024-05-20 14:30:00,117.09375
2024-05-20 15:00:00,117.0
2024-05-20 16:00:00,116.9375
2024-05-20 17:00:00,117.0
2024-05-20 18:00:00,117.0625
2024-05-20 19:00:00,117.0625
2024-05-20 20:00:00,117.03125
2024-05-20 21:00:00,116.96875
2024-05-20 23:00:00,116.96875
2024-05-21 14:30:00,117.53125
2024-05-21 15:00:00,117.34375
2024-05-21 16:00:00,117.46875
2024-05-21 17:00:00,117.46875
2024-05-21 18:00:00,117.375
2024-05-21 19:00:00,117.3125
2024-05-21 20:00:00,117.375
2024-05-21 21:00:00,117.375
2024-05-21 23:00:00,117.375
2024-05-22 14:30:00,117.21875
2024-05-22 15:00:00,117.40625
2024-05-22 16:00:00,117.375
2024-05-22 17:00:00,117.4375
2024-05-22 18:00:00,117.46875
2024-05-22 19:00:00,117.25
2024-05-22 20:00:00,117.4375
2024-05-22 21:00:00,117.4375
2024-05-22 23:00:00,117.4375
2024-05-23 14:30:00,116.84375
2024-05-23 15:00:00,116.59375
2024-05-23 16:00:00,116.59375
2024-05-23 17:00:00,116.71875
2024-05-23 18:00:00,116.78125
2024-05-23 19:00:00,116.8125
2024-05-23 20:00:00,116.78125
2024-05-23 21:00:00,116.78125
2024-05-23 23:00:00,116.78125
2024-05-24 14:30:00,116.59375
2024-05-24 15:00:00,116.75
2024-05-24 16:00:00,116.78125
2024-05-24 17:00:00,116.84375
2024-05-24 18:00:00,116.90625
2024-05-24 19:00:00,116.9375
2024-05-24 20:00:00,116.9375
2024-05-24 21:00:00,117.03125
2024-05-24 23:00:00,117.03125
2024-05-28 14:30:00,116.6875
2024-05-28 15:00:00,116.4375
2024-05-28 16:00:00,116.21875
2024-05-28 17:00:00,116.1875
2024-05-28 18:00:00,115.8125
2024-05-28 19:00:00,115.75
2024-05-28 20:00:00,115.78125
2024-05-28 21:00:00,115.65625
2024-05-28 23:00:00,115.65625
2024-05-29 14:30:00,114.96875
2024-05-29 15:00:00,114.6875
2024-05-29 16:00:00,114.65625
2024-05-29 17:00:00,114.5625
2024-05-29 18:00:00,114.65625
2024-05-29 19:00:00,114.5625
2024-05-29 20:00:00,114.71875
2024-05-29 21:00:00,114.71875
2024-05-29 23:00:00,114.71875
2024-05-30 14:30:00,115.25
2024-05-30 15:00:00,115.3125
2024-05-30 16:00:00,115.5625
2024-05-30 17:00:00,115.5
2024-05-30 18:00:00,115.53125
2024-05-30 19:00:00,115.4375
2024-05-30 20:00:00,115.5
2024-05-30 21:00:00,115.5
2024-05-30 23:00:00,115.5
2024-05-31 14:30:00,116.25
2024-05-31 15:00:00,116.3125
2024-05-31 16:00:00,116.09375
2024-05-31 17:00:00,115.96875
2024-05-31 18:00:00,116.03125
2024-05-31 19:00:00,115.96875
2024-05-31 20:00:00,116.34375
2024-05-31 21:00:00,116.03125
2024-05-31 23:00:00,116.03125
2024-06-03 14:30:00,116.84375
2024-06-03 15:00:00,117.34375
2024-06-03 16:00:00,117.46875
2024-06-03 17:00:00,117.46875
2024-06-03 18:00:00,117.53125
2024-06-03 19:00:00,117.5
2024-06-03 20:00:00,117.46875
2024-06-03 21:00:00,117.53125
2024-06-03 23:00:00,117.53125
2024-06-04 14:30:00,118.21875
2024-06-04 15:00:00,118.15625
2024-06-04 16:00:00,118.375
2024-06-04 17:00:00,118.5
2024-06-04 18:00:00,118.6875
2024-06-04 19:00:00,118.40625
2024-06-04 20:00:00,118.375
2024-06-04 21:00:00,118.375
2024-06-04 23:00:00,118.375
2024-06-05 14:30:00,118.96875
2024-06-05 15:00:00,118.78125
2024-06-05 16:00:00,119.03125
2024-06-05 17:00:00,119.09375
2024-06-05 18:00:00,119.09375
2024-06-05 19:00:00,119.0625
2024-06-05 20:00:00,119.1875
2024-06-05 21:00:00,119.1875
2024-06-05 23:00:00,119.1875
2024-06-06 14:30:00,119.03125
2024-06-06 15:00:00,119.03125
2024-06-06 16:00:00,119.03125
2024-06-06 17:00:00,119.03125
2024-06-06 18:00:00,119.03125
2024-06-06 19:00:00,119.25
2024-06-06 20:00:00,119.34375
2024-06-06 21:00:00,119.34375
2024-06-06 23:00:00,119.34375
2024-06-07 14:30:00,117.46875
2024-06-07 15:00:00,117.46875
2024-06-07 16:00:00,117.5
2024-06-07 17:00:00,117.53125
2024-06-07 18:00:00,117.375
2024-06-07 19:00:00,117.40625
2024-06-07 20:00:00,117.375
2024-06-07 21:00:00,117.375
2024-06-07 23:00:00,117.375
2024-06-10 14:30:00,116.875
2024-06-10 15:00:00,116.875
2024-06-10 16:00:00,116.875
2024-06-10 17:00:00,116.875
2024-06-10 18:00:00,116.6875
2024-06-10 19:00:00,116.78125
2024-06-10 20:00:00,116.78125
2024-06-10 21:00:00,116.8125
2024-06-10 23:00:00,116.8125
2024-06-11 14:30:00,116.96875
2024-06-11 15:00:00,116.96875
2024-06-11 16:00:00,116.9375
2024-06-11 17:00:00,116.9375
2024-06-11 18:00:00,117.3125
2024-06-11 19:00:00,117.3125
2024-06-11 20:00:00,117.3125
2024-06-11 21:00:00,117.3125
2024-06-11 23:00:00,117.3125
2024-06-12 14:30:00,119.0625
2024-06-12 15:00:00,119.25
2024-06-12 16:00:00,119.21875
2024-06-12 17:00:00,119.4375
2024-06-12 18:00:00,119.4375
2024-06-12 19:00:00,118.96875
2024-06-12 20:00:00,118.46875
2024-06-12 21:00:00,118.46875
2024-06-12 23:00:00,118.46875
2024-06-13 14:30:00,119.1875
2024-06-13 15:00:00,119.21875
2024-06-13 16:00:00,119.46875
2024-06-13 17:00:00,119.46875
2024-06-13 18:00:00,119.46875
2024-06-13 19:00:00,119.46875
2024-06-13 20:00:00,119.6875
2024-06-13 21:00:00,119.5625
2024-06-13 23:00:00,119.5625
2024-06-14 14:30:00,119.5625
2024-06-14 15:00:00,119.5625
2024-06-14 16:00:00,119.5625
2024-06-14 17:00:00,119.5625
2024-06-14 18:00:00,119.5625
2024-06-14 19:00:00,119.5625
2024-06-14 20:00:00,119.5625
2024-06-14 21:00:00,120.21875
2024-06-14 23:00:00,120.21875
2024-06-17 14:30:00,119.28125
2024-06-17 15:00:00,119.21875
2024-06-17 16:00:00,119.21875
2024-06-17 17:00:00,119.4375
2024-06-17 18:00:00,119.4375
2024-06-17 19:00:00,119.4375
2024-06-17 20:00:00,119.65625
2024-06-17 21:00:00,119.5
2024-06-17 23:00:00,119.5
2024-06-18 14:30:00,119.5
2024-06-18 15:00:00,119.5
2024-06-18 16:00:00,119.5
2024-06-18 17:00:00,119.5
2024-06-18 18:00:00,119.5
2024-06-18 19:00:00,119.5
2024-06-18 20:00:00,119.5
2024-06-18 21:00:00,119.5
2024-06-18 23:00:00,119.5
2024-06-20 14:30:00,119.5
2024-06-20 15:00:00,119.5
2024-06-20 16:00:00,119.5
2024-06-20 17:00:00,119.5
2024-06-20 18:00:00,119.5
2024-06-20 19:00:00,119.5
2024-06-20 20:00:00,119.5
2024-06-20 21:00:00,119.5
2024-06-20 23:00:00,119.5
2024-06-21 14:30:00,119.5
2024-06-21 15:00:00,119.5
2024-06-21 16:00:00,119.5
2024-06-21 17:00:00,119.5
2024-06-21 18:00:00,119.5
2024-06-21 19:00:00,119.5
2024-06-21 20:00:00,119.5
2024-06-21 21:00:00,119.5
2024-06-21 23:00:00,119.5
2024-06-24 14:30:00,119.5
2024-06-24 15:00:00,119.5
2024-06-24 16:00:00,119.5
2024-06-24 17:00:00,119.5
2024-06-24 18:00:00,119.5
2024-06-24 19:00:00,119.5
2024-06-24 20:00:00,119.5
2024-06-24 21:00:00,119.5
2024-06-24 23:00:00,119.5
2024-06-25 14:30:00,119.5
2024-06-25 15:00:00,119.5
2024-06-25 16:00:00,119.5
2024-06-25 17:00:00,119.5
2024-06-25 18:00:00,119.5
2024-06-25 19:00:00,119.5
2024-06-25 20:00:00,119.5
2024-06-25 21:00:00,119.5
2024-06-25 23:00:00,119.5
2024-06-26 14:30:00,119.5
2024-06-26 15:00:00,119.5
2024-06-26 16:00:00,119.5
2024-06-26 17:00:00,119.5
2024-06-26 18:00:00,119.5
2024-06-26 19:00:00,119.5
2024-06-26 20:00:00,119.5
2024-06-26 21:00:00,119.5
2024-06-26 23:00:00,119.5
2024-06-27 14:30:00,119.5
2024-06-27 15:00:00,119.5
2024-06-27 16:00:00,119.5
2024-06-27 17:00:00,119.5
2024-06-27 18:00:00,119.5
2024-06-27 19:00:00,119.5
2024-06-27 20:00:00,119.5
2024-06-27 21:00:00,119.5
2024-06-27 23:00:00,119.5
2024-06-28 23:00:00,119.5
2024-07-01 23:00:00,119.5
2024-07-02 23:00:00,119.5
2024-07-03 23:00:00,119.5
2024-07-05 23:00:00,119.5
